gauge_id,p_mean_z,pet_mean_z,p_seasonality_z,frac_snow_z,aridity_z,high_prec_freq_z,high_prec_dur_z,low_prec_freq_z,low_prec_dur_z,glim_1st_class_frac_z,glim_2nd_class_frac_z,carbonate_rocks_frac_z,geol_porostiy_z,geol_permeability_z,q_mean_z,runoff_ratio_z,slope_fdc_z,baseflow_index_z,stream_elas_z,q5_z,q95_z,high_q_freq_z,high_q_dur_z,low_q_freq_z,low_q_dur_z,zero_q_freq_z,hfd_mean_z,soil_depth_pelletier_z,soil_depth_statsgo_z,soil_porosity_z,soil_conductivity_z,max_water_content_z,sand_frac_z,silt_frac_z,clay_frac_z,water_frac_z,organic_frac_z,other_frac_z,gauge_lat_z,gauge_lon_z,elev_mean_z,slope_mean_z,area_gages2_z,area_geospa_fabric_z,frac_forest_z,lai_max_z,lai_diff_z,gvf_max_z,gvf_diff_z,dom_land_cover_frac_z,root_depth_50_z,root_depth_99_z
01013500,-0.0929092607715207,-1.470002465480191,0.4345976215945523,0.6681985072552684,-0.6921079392568464,-1.7559100498627087,-0.004595250350164755,-1.4935712386472921,-0.7897229892503942,0.1501614546145275,0.16908130025054752,-0.455193183532494,0.6472628165656709,-0.6891283765625841,0.13298398754771368,0.6701226589012125,0.5734490927683012,0.5775485054392137,0.016873933812749712,0.25709916150044915,0.26661125735463953,-0.6756790697318172,0.17894437746589065,-0.8058173539172778,-0.09756241733889445,-0.29841459198804116,0.7374515453951336,-0.21355963293948355,-0.1657460387244766,0.7856580925429639,-0.4164462188407763,0.20458360479444315,-0.5519879375010834,1.6072059289553127,-0.38735497160780197,5.628303754750983,-0.04770510096249919,-0.5838681799918696,1.5349322042268092,1.678058851595827,-0.6477275438798152,-0.5210817095827431,0.8578874922571427,0.8748542987993584,0.715878194747044,0.6258226486576479,0.6688685116434484,0.4899223354871689,0.32914573213178966,0.39948009636079274,,
01022500,0.2484356052109869,-1.2038604858913802,-0.13888127315708257,0.3328045395930376,-0.7623042696779118,-0.08382398660144773,-0.7559570942148113,-0.5979522108069384,-0.7162390759506475,-0.9639775365686539,0.06395072186519225,-0.455193183532494,-0.7959834247585212,-0.27701680520339106,0.44012750132619355,0.9223707156608566,1.0622832944643907,0.388186070281404,-0.16586386563056027,0.12216750242583659,0.4185022933060875,-0.7513479623846293,-0.4589062513706977,-0.5164156828236363,-0.23729625945246108,-0.29841459198804116,-0.4852286220072013,0.40272465615941144,0.7356105349336524,-1.1325778843435421,0.41676149534274576,0.6691349191943433,1.466734315558819,-0.4359919148689025,-0.8420880165970381,1.2006106603543218,-0.15419534225054646,-0.5625646681949684,1.029984286657303,1.7179884972222348,-0.8482753943525173,-0.6028035807907929,-0.12868651523129815,-0.10977418275359019,0.7612309903374134,1.0889980407833055,0.9732292692022696,0.8426361365060424,0.10072191222826278,0.05721579766689896,1.8954286155040554,1.3521840868075303
01030500,0.011828311251092799,-1.340195896471263,0.16805584534758788,0.48903361670353523,-0.7025836701573156,-0.8318624885867489,-0.7430514769223162,-1.1119720344164261,-0.7624857540977085,-1.0498097336685954,0.9154439474796282,-0.2553170595112317,-0.12323517681059099,-0.5117371838918879,0.21137466424942958,0.7233816314201952,1.2491582638734493,0.10465682564152702,-0.5828674250151892,-0.23985301235019976,0.36419559512575683,-0.4641501198160015,0.029082875010174668,-0.22336609150612527,-0.13305273978286894,-0.29841459198804116,0.07094174682337316,0.5011650589117164,0.6227461212927579,0.6984123530367369,-0.2960548400819288,0.8516933700958905,-0.27084718393266655,1.3523150081825803,-0.5481829936127017,1.635328276381478,0.19240551590175708,-0.5825597936125908,1.2014740031687656,1.6951236250773136,-0.7832369745329112,-0.7088877290557413,1.694263230712012,1.677344319813075,0.6404691085879088,0.96651359892596,0.9123895801001617,0.810353769204225,0.19280929225180068,0.8985700115359113,,
01031500,0.1880509212871296,-1.2902292080182935,0.2756197569672194,0.5619258585926524,-0.7613392549770962,-0.4468426713884324,-1.0505953356372952,-0.7773607919005548,-0.7751812505728345,-1.6650201766912691,2.0066863172436107,-0.35453469423963463,-0.7427960632754583,-0.8065729976977275,0.3475647479936711,0.8109793616667411,0.5060552455903767,-0.2854933502743073,-0.23520616205455874,-0.22428614929261065,0.5982238638864188,-0.23542369429727408,-0.36026663728006764,-0.1558795673645408,-0.35029626426361965,-0.29841459198804116,-0.045361976417336906,-0.22293223834570428,-0.05230168975719431,0.3229742622863341,-0.24121783102980207,0.21186043823174971,-0.07673422968020653,1.2815357851601683,-0.7759417401305618,0.6113031773989082,-0.15419534225054646,-0.5838681799918696,1.1388773760757347,1.632907636925966,-0.6509209404711144,-0.3530279011848932,-0.01384767909073731,-0.02429900050458158,0.8460326672992875,1.109961286334623,1.1562775208587146,0.882635973791775,0.510691228091523,1.0330762608124098,2.3017214394770344,1.8865832595001222
01047000,0.04638528487698343,-1.2565335143975636,0.3584459768708169,0.5042816098581218,-0.6947553151495784,-0.18282908245244325,-0.965453977376378,-0.5338777175592184,-0.7070249247624639,-2.3596796775913664,0.9265930001273415,-0.455193183532494,-1.0662327209427325,-0.5033784365932686,0.4464837767324266,1.156473668134091,0.35218835789491176,-0.11074597163844407,-0.4127052796643544,0.09146414836751272,0.6153657169961717,-0.3712837515602776,-0.4307433439117973,-0.4385933847144218,-0.438998714493408,-0.29841459198804116,0.06795960007361154,-0.3394950345741346,0.3688033322769005,-0.8424265201601793,0.5745044434813078,0.2258847745995735,1.1962545447480997,0.024663769140837743,-1.0281432068025054,-0.10846742647487503,-0.15419534225054646,-0.5750806383625208,1.0801503097752079,1.5934097298219325,-0.5713023115135447,0.07907150564585469,0.06844026668304401,0.056649476916460426,0.9421054532244489,1.2307081651333973,1.3887954392547468,1.0057017167700444,0.8260678118175695,0.22007002977730675,2.0115875144599005,1.688708950999935
01052500,0.33545259797614607,-1.2450025674733143,0.36663889505910807,0.861313812045461,-0.8036431617107335,-1.6349038216003804,-1.1511521699470157,-1.7413259458718093,-0.9555059879334648,-1.4249731813765072,1.5210721691573184,-0.455193183532494,-0.7945459285022223,-1.0808074545251536,0.5905161615892407,1.10409323683595,0.12581098781149994,-0.1955194025573233,-1.0340650596852214,0.49771336033200303,0.7315824063748432,-0.4005194600852277,-0.43667749090895125,-0.5924140208209161,-0.6911303213548188,-0.29841459198804116,0.4377457970440731,-0.589400960130422,0.7465773882697765,0.41157395106629857,-0.31366638839861266,0.5962850997908157,-0.3782061655100174,1.4153604198316247,-0.9380456674263984,-0.10846742647487503,-0.15419534225054646,-0.24657950703013798,1.081723099000548,1.5254176970105406,-0.1828529699775082,0.29406382040615936,-0.24019387937944678,-0.24094335055932162,0.9673312685232343,1.0425794395826358,1.2563436348632184,0.9382778185882318,1.0404844001268578,-1.176319616654874,1.5132641394274196,1.3488473052510674
01054200,0.5738699960172726,-1.187464875639944,0.2772674370134233,0.6003201167619496,-0.866375209734592,-0.7548585251470854,-0.8121176404152999,-0.9781275374100771,-0.8407991638458056,0.42487150839218163,-0.3557230981181687,-0.455193183532494,-1.4026068449166975,-0.2777766913214471,0.8022123178829628,1.2199068087600664,0.16243046285560142,-0.335013075405347,-0.6081187606243292,0.31551019543819847,1.0204858661739749,-0.3334493052338715,-0.4992311013351044,-0.3090922167670569,-0.5689038150356072,-0.29841459198804116,0.027700618951826666,-0.6132070622580114,0.6822805385298423,-1.0242339280420751,0.7741802734379675,0.45310501965861816,1.40185106635115,-0.15259330801440063,-1.0766800378298282,-0.10846742647487503,-0.15419534225054646,-0.5838681799918696,0.9882103134963411,1.5302192461486557,-0.36528370194021054,0.9325860780952148,-0.3593747927729048,-0.36655063685162115,0.9673312685232343,1.186643958845279,1.3757298207374933,0.9779490497800846,0.890760844617112,-1.2450052114164827,1.4887526160961346,1.332130195284706
01055000,0.16765061153730215,-1.2507468893673443,0.3953294216111399,0.6318386166050199,-0.7432833968542002,-0.39183984036010144,-0.952560654311021,-0.8485546732869104,-0.8048681547693914,-0.5178930925192464,0.09000469933349022,-0.455193183532494,0.27495128618423076,-0.3985985840923958,0.5093683760807642,1.137673194915354,0.22089218109810854,-0.32835042110914436,-0.5968643414266998,0.050682046056770215,0.6855236811255351,-0.3265703149927068,-0.4824679184293352,-0.2920685890556663,-0.6161187825509734,-0.29841459198804116,0.10523643444563395,-0.5385546918114723,0.2831915084436619,-0.7882877703342588,0.5317084261161986,0.12939440607205904,1.1129980046027028,0.06609585076257965,-1.0235614870548808,-0.10846742647487503,-0.15419534225054646,-0.5376317589391383,1.0366633598266966,1.554326291699378,-0.42786664151232384,0.5648828606260816,-0.3184452797232682,-0.32571086965046986,0.9447890505966602,1.193357647215575,1.4024761496430698,0.9746932243420922,1.0007947494633191,-1.553273671705446,1.3787422189692895,1.257101977684695
01057000,0.2217586503708942,-1.1795568778301742,0.22830777149568657,0.3618209234256548,-0.7461092612893091,-0.12782625142411233,-0.9428480348470007,-0.43705403887377464,-0.6894778543156869,-1.6542235535556835,1.7658141615158909,-0.1583565268916862,-1.4557942063997604,-0.08831175255274502,0.2136061419498252,0.529872030098751,0.583329181779821,-0.10327839021099176,-0.706995680988751,-0.34736181897830803,0.36646580967953707,-0.40911819788668363,-0.44542362291832094,-0.2999724162073833,-0.3905944653041302,-0.29841459198804116,-0.13333530553530945,-0.4380525660171335,0.7658035338928006,-1.6323497194881986,1.5041090531498,0.6069304141990262,2.0820825331771595,-0.8236866448217791,-1.294889174525695,-0.10846742647487503,-0.15419534225054646,-0.5838681799918696,0.9716086494510826,1.5573546290491718,-0.6919007429435228,-0.28672809391339943,-0.3535344344652191,-0.3569767146250303,0.8103408222488785,1.4123618875153345,1.6032926342200158,1.0896360064290682,0.9153811328091658,-1.506891693898347,0.9820439218871205,0.8053901899495103
01073000,0.17391949210603092,-1.044645763278737,0.1358464832200672,-0.012650193490401572,-0.6926864536573072,-0.017820589367450436,-0.6451352276223566,-0.16082177909471532,-0.605624782815373,0.7806718676010896,-0.6873713129695347,-0.455193183532494,-1.6728561411009089,-0.18093342716471716,0.13560204359471387,0.4247373915651697,1.0698259307980096,0.0643237682668804,0.572573167665536,-0.39319338924640107,0.14737410753414024,-0.6154879051216258,-0.4671374924330383,-0.14128788646906307,-0.4532793548380818,-0.29841459198804116,-0.41067495326315645,0.5564429758407716,0.04608704362800202,-1.1117580718628262,0.7935758696304716,-0.12245079279102883,1.2863389799515557,-0.3549371619184808,-1.0642331269865173,-0.10846742647487503,-0.15419534225054646,-0.3316407421271063,0.749749349799876,1.5311184958138293,-0.9182629427538582,-0.8795452708021202,-0.4473209528830054,-0.45382129504660623,0.7011184091998823,1.1367289132721246,1.1894490620260492,0.7088713843591585,0.379602021295156,-1.1826046189914907,1.3792378717175058,0.6732355793400137
01078000,0.21636230790887875,-1.0869382188324466,0.28773795300658067,0.30555007689695646,-0.7205949414566986,0.11418620510054335,-0.9292990358421716,-0.5737462911355777,-0.730675589156164,-1.2360665827170283,2.1105375759184977,-0.455193183532494,-1.6584811785379188,-0.18608376640932087,0.16969864646580488,0.4530219837387203,0.5168386548260822,-0.001591890235708445,-0.3916599115831363,-0.09879913702119539,0.3158764855772543,-0.47102911005716624,-0.3837456431082912,-0.46291285287355133,-0.4554907925817451,-0.29841459198804116,-0.05430841666662262,-0.44540270737062054,0.7658035338928006,-1.641902615615444,1.5008303229118294,0.6197069570234296,2.091723536643589,-0.8340259738071876,-1.2915936222015427,-0.10846742647487503,-0.15419534225054646,-0.5838681799918696,0.8299750429351825,1.482837793626075,-0.5248135818537557,0.07590093133441742,-0.33500275428167703,-0.34284684529122217,0.9332495818961517,1.4312670927080442,1.5419808385956177,1.0488809666403645,0.6876645323303837,-0.013727830817284872,1.9281531096972993,1.6318058323918265
01118300,0.45355194098338597,-0.8600937560892195,0.006704742038662892,-0.3264914358742509,-0.7536093952302008,0.1251867713062097,-0.2858210116909942,-0.28612301033470133,-0.6106659942604966,-0.12850056973108206,0.5914015838047968,-0.455193183532494,-1.6728561411009089,-0.18093342716471716,0.4119431613139848,0.682845866617827,1.9324875352430901,0.4170921128128009,-1.858000740252243,-0.4183318287627315,0.3150819130500376,-0.7651059428669588,-0.5504650894541346,-0.2203261579862341,-0.4851982332435057,-0.29841459198804116,-0.8087915443563556,0.12606256669292804,0.7658035338928006,-1.2010655245975723,1.0053022156894225,0.4342750262876536,1.5446518855951454,-0.38546961606572455,-1.1386840082895116,-0.10846742647487503,-0.15419534225054646,-0.502278676203637,0.428301190030328,1.477510140259982,-0.919497044225396,-0.7943395878205395,-0.45962448436821046,-0.4645824538107647,0.7875302445850834,1.556541260006067,1.7686019947502651,1.1240412331308876,0.9858142873290453,1.0330762608119102,0.3616753380904343,0.563451947822153
01121000,0.3274638758889404,-0.8756414536258822,0.0860357038651977,-0.11499441162281664,-0.7113335901636244,0.1251867713062097,-0.7952143813196075,-0.36870791274287396,-0.6977675721468616,1.0607559662739108,-1.0813163331807125,-0.455193183532494,-1.6728561411009089,-0.18093342716471716,0.3009646744069035,0.5974733872180907,1.385009366338481,0.276271225655982,-0.8539589723120978,-0.3401946564311673,0.1961359223792524,-0.6825580599729818,-0.5402864739437948,-0.2750449613442756,-0.5725941354264523,-0.29841459198804116,-0.780461150233619,-0.11765038484423081,0.7658035338928006,-1.074715110398342,0.8721010907254853,0.2557206098246608,1.2378989952456647,-0.34587748434170207,-1.1501352748315146,-0.10846742647487503,-0.15419534225054646,-0.24274104813647973,0.49914199800783465,1.45686502088938,-0.7861123037346387,-0.6197147959953111,-0.42443544422260704,-0.4172158098809172,0.873942079970284,1.4595527522077965,1.7803162965336246,1.107759505450051,1.1771205665340962,0.9124497242420396,0.40472279477667,0.5928107541870398
01123000,0.40166164361124496,-0.8667669709872816,0.07600905158859107,-0.2043937412874495,-0.7367520883917444,0.048182807866546065,-0.6097552489752018,-0.3857944442755991,-0.6483838272771204,1.0607559662739108,-1.0813163331807125,-0.455193183532494,-1.6728561411009089,-0.18093342716471716,0.15772927384927737,0.2879132437301639,1.1265801476465787,0.579492766268381,-1.1140813810851058,0.16709488861616872,-0.005716171082444944,-0.7289912441008439,-0.5477378049154787,-0.602141808084568,-0.6064939477240592,-0.29841459198804116,-0.6984521146151697,-0.11008589744927823,0.7658035338928006,-1.0809671690133915,0.8794851519973427,0.039645457440239104,1.0416436673191038,-0.47721646907635995,-1.2013474799963186,-0.10846742647487503,-0.15419534225054646,0.07133481537333541,0.4661230261635113,1.4640608685187173,-0.8133897630643013,-0.6164236804382984,-0.41996997911813905,-0.42335084006765755,0.7368102542502915,1.4387726931163907,1.7675337140663419,1.1009048072106378,1.2394692972211985,1.0330762608111979,0.36167533808965796,0.563451947821293
01134500,0.14867023866191642,-1.2535167704577304,0.5118251420185158,0.506563907834258,-0.736488632204728,-1.1178772099340697,-1.030770064819136,-1.5248965464572883,-0.9724789055828427,-0.806870303785413,1.488178291122116,-0.455193183532494,-1.6599186747942178,-0.19765092176195553,0.37824422731197654,0.9090954376575333,0.3368707996946614,-0.023703725166696974,-0.9285323326605123,0.24641251752967644,0.4131481997429152,-0.5742139636746373,-0.472751394819485,-0.747450630335367,-0.7109272363761104,-0.29841459198804116,0.14996863569206084,-0.4186596681172536,-0.5528471536183113,-0.1437708257439044,0.010134786271258358,-0.34932919317706307,0.3914653918487836,0.7151348788988307,-0.768422253494655,-0.10846742647487503,-0.15419534225054646,-0.5187292750328231,1.011500652598816,1.4773207920794547,-0.3929810102241078,0.028612261142386422,-0.351060801821823,-0.3500755367219286,0.9574019582460527,1.1279143201688733,1.3682740494351948,0.9750068824287975,1.0368910324203848,-1.1207835757263047,1.1211624898804193,1.075634522678147
01137500,0.5150653922243822,-1.1591915314138685,0.4037071564399233,0.6110115653410205,-0.842275456747624,-1.1948811733737328,-0.36002119906659935,-1.4323445006550262,-0.9264221071752705,0.029844622007782942,0.2972129289330634,-0.455193183532494,-1.6728561411009089,-0.18093342716471716,0.5738978622951302,0.9007490226478612,0.30214429320438796,0.3095520337094403,-0.5455669293445947,1.1497066924071804,0.49522555720491673,-0.6017299246392963,-0.5261143346447096,-1.0982589585308107,-0.7029308641857299,-0.29841459198804116,0.19768298368824935,-0.5734059727283118,-0.35207541347403726,-0.9666651669949516,0.6812663531576619,-0.35638133716545073,1.1090673553999693,-0.2665574618864257,-1.1971939839659924,-0.10846742647487503,-0.15419534225054646,-0.16141558288996158,0.9648258758932051,1.49008483310878,0.032351425806654545,1.3568384196154066,-0.3314245065861231,-0.33322028696198036,0.9598171958810428,0.871961374396001,0.9069012800483691,0.8536610035005865,0.47651901879097197,0.5525586321209935,2.1302412461767846,1.7696320113178792
01139000,-0.08733045205359576,-1.2133666542525448,0.5184409264874253,0.339217444074822,-0.6208517087057168,-0.5018455024167633,-0.9442141322673582,-0.9966379465705297,-0.8520292714002752,-1.3051713544241923,0.9143430172338216,1.5446330689722112,-1.283294655643881,0.8136730695800681,0.13189399126439388,0.6619730618655592,0.5318423730771679,0.4971407089754224,0.42408422901340154,0.35748877587841943,0.05811344102473396,-0.7427492245831733,-0.5185407529447985,-0.8812077052105796,-0.7227480297161395,-0.29841459198804116,0.02620954557694628,-0.4386157875050824,0.21667785619073401,-0.2402086165257785,0.09605678073982388,0.24259184536293749,0.5111632160694841,0.6386831300202347,-0.7072753322153402,-0.10846742647487503,-0.15419534225054646,-0.5838681799918696,0.942102048172263,1.4632720205614087,-0.49120022012382625,-0.06551984062685672,-0.32097766848645987,-0.320833257471498,0.8967526576340794,1.2193033102127104,1.4551633426774542,0.9386192441275588,0.9732605475200296,-1.9441581751162442,1.1008662009062753,0.8628550092325582
01139800,0.03246738003791067,-1.1895725831498687,0.505960343587563,0.4167741750382934,-0.6704050519377432,-0.32583644312610416,-0.968313072388782,-0.8286203864987304,-0.8362235697187593,1.0607559662739108,-1.0813163331807125,3.378250725317895,-0.9541080129514108,1.760997763423574,0.20591449902902026,0.6914455405135019,0.6036996543787045,0.7127135560168857,-0.10838847759168359,0.278235868379012,0.10599507370809483,-0.8115391269948208,-0.5010859936145012,-0.8556722636434935,-0.6982097802934085,-0.29841459198804116,0.22899552456074765,-0.5149342963615156,-0.23307693543237923,-0.2888029507150635,0.1285670498227485,-0.06896606517579833,0.5660772432423957,0.6008582151054042,-0.7282965482763388,-0.10846742647487503,-0.15419534225054646,-0.5838681799918696,0.9310598771762846,1.4465847099023403,-0.3069628653883571,-0.11027735688230723,-0.452315223065634,-0.4580263348028182,0.9673312685232343,1.3138028841154903,1.6378140472770686,1.051151736267563,1.3682796841875509,1.0330762608120405,0.3616753380905958,0.5634519478223183
01142500,0.040376515779448216,-1.1537844259481613,0.4093424327841187,0.36747901195632,-0.6641902195476789,-0.24883247968644054,-1.159006680509176,-0.8514024285423645,-0.8587928394689839,-0.10409410763535404,-0.3998095098928678,2.4754801102487156,-0.9756704567958957,1.114672404121254,0.14844911738729685,0.5688391818302607,0.4512794011662674,0.49478968510281574,-0.41750010909549673,0.0253901961258268,0.0613431185153018,-0.6877173026538554,-0.4752483134872446,-0.8039933938053432,-0.5983557353250926,-0.29841459198804116,-0.04088875629269405,-0.4923857539053322,0.6029046373750815,-0.194945577820703,0.02503870926890911,0.6435846098293599,0.44397433249207097,0.6089731555074417,-0.5844758821044846,-0.10846742647487503,-0.15419534225054646,-0.5838681799918696,0.9006545391972703,1.4267105521788348,-0.5251952627212417,0.015501490701537507,-0.41743171474296786,-0.42586567608319464,0.9133909613417889,1.0987995158864785,1.3408686747360017,0.966708865404797,1.1486935481333977,-1.1144491748750485,0.16606396621176303,-0.4371152456636941
01144000,0.11566422821125308,-1.1345157790871152,0.44068355984903357,0.3485819079107213,-0.6917813234607637,-0.4138409727714334,-1.1290763867534486,-0.8400114075205474,-0.8244831495007836,-0.6038308376674411,1.170747036280463,0.7857183690015574,-1.4241692887611823,0.4268066036985225,0.2364224617184349,0.6697864616622351,0.5562332535678455,0.4391208659408573,-0.1322194079211875,0.24480319185353652,0.18763805678949977,-0.6859975550935643,-0.5067554845712169,-0.7979135267655608,-0.5616610290221361,-0.29841459198804116,-0.030451242668527945,-0.5398022413634251,0.20591830288270457,-0.27937867698898344,0.08939823037994708,0.2633545331823829,0.543343163186059,0.5583346386189572,-0.7299897497518288,-0.10846742647487503,-0.15419534225054646,-0.552202510270294,0.8583543825836298,1.4414963630315054,-0.38119979411437477,0.29917366567194165,0.5861639406502674,0.5688046041643519,0.9171479976628845,1.2815087551482378,1.5343204588554717,1.0403906768520528,1.1456163990236763,-0.42845395128316294,0.5566442627052215,0.4895879767552608
01162500,0.3727999465261945,-0.9547770547976018,0.16822261182887788,0.24185040315600298,-0.7471846836376292,0.03718224166088051,-1.0620845814253814,-0.4043048534360517,-0.7247734152247568,0.051969230136857864,0.3375664703750523,-0.455193183532494,-1.6728561411009089,-0.18093342716471716,0.22159784460421242,0.42054660683704176,1.2439381411451382,0.10548450492252327,-0.8698942233902756,-0.3087017272525237,0.2617443740019152,-0.6636408368097789,-0.42527239248290416,-0.2732210012323408,-0.3736625984667665,-0.29841459198804116,-0.4285678337617271,-0.09543193747869337,0.7658035338928006,-1.4354563883379974,1.2595200939517224,0.5203687928537832,1.856845568711436,-0.6239943617516471,-1.1920981099729882,-0.10846742647487503,-0.15419534225054646,-0.5838681799918696,0.6602386311401247,1.460188790742341,-0.5716967150766136,-0.5886463510507675,-0.4365039512286296,-0.4270236703415117,0.8768940370797166,1.4384997112950828,1.2753862206821214,0.9646480570550712,0.06856619739612833,1.033076260812448,2.301721439477099,1.886583259500156
01169000,0.4703805708303003,-0.9637393503602633,0.1992828675145454,0.3018808071323191,-0.783273972777844,-0.2928347445091051,-1.168254109200591,-0.7545787498569207,-0.7853291437415919,0.5383780285640288,-0.4835776823716721,-0.3797055220234708,-1.5233565304458132,-0.3167841787150023,0.48154199477854065,0.7860884944975949,0.506926325755468,0.12588849441704072,-0.9623281002733707,0.14969785562204888,0.48403646862791405,-0.6017299246392963,-0.5212441836828243,-0.515807696119658,-0.5957950705775307,-0.29841459198804116,-0.2526211755257811,-0.4259543331676346,-0.3332007882656501,-0.11350553303907973,-0.024347582876836932,-0.09995724025383489,0.3864595185811994,0.5119858063978782,-0.771372401854584,-0.10846742647487503,-0.15419534225054646,-0.5838681799918696,0.6517563234376496,1.4225652455947284,-0.48922820230848213,0.07105805946112433,-0.3301965036823944,-0.33581700135941867,0.9592804764066005,1.4223461138909888,1.6181171367901708,1.0815079258966154,0.8948006671876183,0.9720976051517082,2.2799602572943924,1.8717419103669624
01170100,0.45153219482089585,-0.9812700906545271,0.20248869149749704,0.2806356550020208,-0.7809616567308706,-0.21583078106944228,-1.2629246604291449,-0.805838344455097,-0.8065369683079707,-1.2222647924655081,1.136430246681657,0.7668094425315054,-1.218607324110426,0.1487727162808163,0.43928408976458444,0.7310028127122742,0.7057652452418006,0.28052127813906197,-0.510549919155147,0.1431095414019623,0.4347356457775652,-0.655042099008323,-0.5183097636095876,-0.5528948850623306,-0.6038248186322234,-0.29841459198804116,-0.2466568820262579,-0.4445240316543441,-0.39561403608335105,-0.45466005993949293,0.19856824005807128,-0.24728058151404406,0.7655674458626971,0.4637979290021966,-0.8776761996882189,-0.10846742647487503,-0.15419534225054646,-0.5838681799918696,0.6642387776070164,1.4259229377601619,-0.5517984191850126,0.06654391714662765,-0.4028484458096922,-0.40870045816319184,0.9592804764066005,1.426252225597369,1.6279284465945512,1.0557822752027992,0.9022727444148766,0.26230719258694574,2.026660503275493,1.698988883754158
01181000,0.3951258576149888,-0.9392656910916031,0.2525678055593887,0.19656404353956805,-0.7515204367956917,-0.11682568521844676,-0.9974919316600027,-0.6705699698210215,-0.7811930719932013,0.1914673431965114,0.06832915561821352,-0.44371134434697734,-1.6556061860253208,-0.18608376640932087,0.4261045200129647,0.7580084839680149,0.49018455658719445,-0.0014485592402113732,-0.7280489917221472,-0.0782401503651325,0.4528190201976831,-0.5742139636746373,-0.5318073731829127,-0.41123398303540104,-0.5006426505573227,-0.29841459198804116,-0.43304105388636993,-0.35994876487826033,-0.4004618758453235,-0.43515467615926784,0.19637242548027325,-0.29798720390840977,0.7230192231830895,0.36430645515683857,-0.826801372968582,-0.10846742647487503,-0.15419534225054646,-0.5655810782324918,0.5747280589472653,1.4120456281124294,-0.4344697205198308,-0.2739959248494986,-0.32264046667667623,-0.32889242963291665,0.9523031232388514,1.4275193127925963,1.690385926345704,1.075573476791059,1.0712333803124199,-0.05657094706418807,0.7505329005991482,0.8286567882484479
01187300,0.4912545163933404,-0.9131399895226573,0.24390435981769804,0.11641293698980136,-0.7786804929653511,0.048182807866546065,-0.8799693943662297,-0.5153673083987658,-0.732970167581357,-0.37625097442867483,-0.08215696333065717,-0.455193183532494,0.16282657819290905,-0.8398391233104143,0.3294430480227334,0.5131574442595411,0.6743469693702866,-0.28775723504263945,-1.4941421079234045,-0.4016939345716508,0.3635098841450783,-0.47962784785862217,-0.5262344205588386,-0.18627890256345275,-0.5028037141345594,-0.29841459198804116,-0.7118717749890974,-0.24116176151246368,-0.19805660120134239,-0.36611359791096043,0.07773076678926556,-0.1417056329329922,0.6747412635456748,-0.12838274086380774,-0.8988076621526078,-0.10846742647487503,-0.15419534225054646,-0.5838681799918696,0.5363224280344687,1.4093725498896175,-0.5729308165481514,-0.1682422039073687,-0.4340303185852336,-0.4408903591620658,0.9490828063921979,1.4348929895666518,1.5645219607347949,1.0049935453742174,0.6171973011865445,0.31138900855355134,0.619220664484899,0.7391004982795025
01195100,0.30115379469105796,-0.7808894092379013,0.07394314351678352,-0.3520197899925256,-0.6780006880246211,0.36719922783086617,-0.3628371258634688,-0.052607079387454514,-0.5516249296471671,1.0607559662739108,-1.0813163331807125,-0.455193183532494,-1.6728561411009089,-0.18093342716471716,0.08320879336210367,0.22902075467492086,1.749047665704369,0.16288475313321046,-0.8314414536893473,-0.48445176204568313,-0.022399025280283723,-0.6705198270509436,-0.5335097490683126,-0.067113508583718,-0.47104360290913805,-0.2840612994571644,-0.8132647644809985,0.21966246837024272,0.7658035338928006,-1.084551329121408,0.8864607982686188,0.4529805886336035,1.4346326639174851,-0.24755342976351216,-1.1101214399185704,-0.10846742647487503,-0.15419534225054646,-0.5294681312678007,0.39586793334318165,1.4345237858951672,-0.9417999295821586,-0.8120534209665472,-0.4569922102013662,-0.4632665512444953,0.7448610463669251,1.4825075441520545,1.7865177438192728,1.0988891880620195,1.1732304411903773,0.9213133680590537,0.35502795017777244,0.5294500480262312
01333000,0.3168633628727395,-1.0354513061314525,0.3556761770067226,0.21959512333069453,-0.746175121850059,-0.4248415389770997,-0.7302676139810365,-0.7616981379955563,-0.7953470238657488,-0.604378809484499,1.0918256036569687,0.7422317962820414,-1.3824818973285116,0.4299305799616431,0.3720939183353538,0.7336041982315449,0.6481979973077429,0.37789372089915535,-0.32299957409136265,0.1718722868301031,0.3189024422595108,-0.7272714965405528,-0.5369883438415736,-0.6933398136813037,-0.566310209379807,-0.29841459198804116,-0.4956661356313674,-0.49478571427623036,-1.4769856243424893,0.1060544475621278,-0.13033481603015268,-0.9789662015124279,0.12628121035672238,1.0042359081835415,-0.5987540860405592,-0.10846742647487503,-0.15419534225054646,-0.5838681799918696,0.6653045871553239,1.3934734704185405,-0.347980835947514,0.6067796445041443,-0.3998107544162581,-0.40739040405277255,0.9254671495167395,1.1805490244019659,1.4811389560573338,1.0266549676577443,1.321969569636146,1.03307626081216,0.36167533809072505,0.5634519478224835
01350000,0.43395914147247355,-0.9754777183177736,0.29027404346351776,0.2634477783417322,-0.7736188488102614,-0.11682568521844676,-0.9278209632234313,-0.5338777175592184,-0.757943271034308,1.0580344679170257,-1.0774884802955003,-0.455193183532494,0.9103246314683873,-1.1138202847651542,0.3976480417578025,0.6751376193055656,0.7761736017177383,-0.22671785552718857,-0.3434431836150741,-0.29653597489893546,0.432024032605405,-0.4951055759012429,-0.4988901907677724,-0.14554379339691065,-0.28037427359203954,-0.29841459198804116,-0.6656485003677901,-0.5510533425244435,-0.877893123600796,0.448225671536818,-0.3121792942914722,-0.5044868695026739,-0.21202775488841114,0.71250288872749,-0.7619603919789918,-0.10846742647487503,-0.15419534225054646,-0.5838681799918696,0.5905174032827326,1.3170082607209026,-0.18656799708770486,0.8925226671406129,-0.10582450901881812,-0.11335928618969297,0.9582070374577162,1.2081925229981032,1.4167119472389877,0.9782359707644145,0.9600155316388926,1.0330762608123338,0.3616753380909189,0.5634519478226819
01350080,0.1666878108678186,-0.9880356324556113,0.3533063130630595,0.2142411761190329,-0.6750812831274985,-0.20483021486377595,-0.9604161273282311,-0.5381493504423999,-0.7764880943487807,1.0491430390401284,-1.0649824717601564,-0.455193183532494,0.7737624871199825,-1.2594651240592756,0.02632089619183943,0.22384012182441543,1.3092337231909528,0.00526111304791297,-0.6326671982390912,-0.3775368393917811,0.003084164230432071,-0.5742139636746373,-0.4913668662601301,-0.011178731817719948,-0.12493432192534527,-0.29841459198804116,-0.3868177792650618,-0.4814257641644523,-0.3039527111657106,0.39297433286709355,-0.31031503759546053,-0.02096435874859066,-0.19958861990493773,0.9330249515455266,-0.6520441479065043,-0.011161377036482404,-0.15419534225054646,-0.49078504464413447,0.601559574278711,1.3184650698492553,-0.21892181195493068,0.29303561207022133,-0.4164504875423808,-0.42021606773201137,0.9512296842899669,1.1823745810335875,1.2714052996385397,0.923367140503746,0.716541597753584,1.0330762608125021,0.36167533809111274,0.5634519478228802
01350140,0.17278296026736276,-0.9853899474530562,0.37687051392626353,0.20785833086983846,-0.6769572580138258,-0.5568483334450943,-0.8908312484577183,-0.7759369142728274,-0.8345321810626408,1.050334182136715,-1.0666578431699665,-0.455193183532494,0.44457584442751236,-1.6191445532725854,0.0036851963031686035,0.17644687512610358,1.1907453046011893,-0.19892627726189602,-0.8370593341808946,-0.51290781102918,0.01764114196719009,-0.5037043137026987,-0.4806990390393934,-0.005098864777937561,-0.4178593316844938,-0.29841459198804116,-0.47926432850767803,-0.4711157533652613,-1.40213427381226,0.8142526921152577,-0.4466496190213927,-1.1184668813629173,-0.8758232322774163,1.1705039082494821,-0.675892640452804,-0.10846742647487503,-0.15419534225054646,0.2500646353209499,0.6115340153488181,1.3147638371738755,-0.22860378329349104,0.3316898788864066,-0.4399999403564697,-0.4447795823023731,0.9431788921733333,1.20383402352931,1.364729471977723,0.9775523277631534,0.9231739237764828,0.9802929507513471,0.35853591382917077,0.5473935515589485
01365000,0.6761811550623584,-0.8728559586082701,0.3099054593814307,0.12133638865473786,-0.8281471638446884,-0.3368370093317705,-0.9289105394136445,-0.6976236447478362,-0.7912275705857422,1.0607559662739108,-1.0813163331807125,-0.455193183532494,0.9146371202372842,-1.1096831270112912,0.7940912097789413,1.1084722727041485,0.6376608273315032,0.39062860847658765,-0.6694778963132703,0.3653486707777956,0.5971836199358075,-0.7031950306964762,-0.531958515798972,-0.7298190159199981,-0.5294427700096894,-0.29841459198804116,-0.5001393557560102,-0.6101310872117717,-2.2248831281267902,0.8625803912399617,-0.4377454391528832,-1.5442613688720817,-0.6558629537637887,0.6086508431108527,-0.7397802172421614,-0.10846742647487503,-0.15419534225054646,-0.5838681799918696,0.5035146977222426,1.3138898750507275,-0.3743677065863762,0.1204854878801076,-0.40720814989852805,-0.41261307512689943,0.9673312685232343,1.3315171769999534,1.6375175376763869,1.068998651837372,1.207139961127937,1.0330762608129862,0.3616753380916629,0.5634519478234759
01411300,-0.05833093471141967,-0.45483580421327796,0.17033864816558575,-0.6370746129439976,-0.4195656022613151,0.4222020588591971,-0.07101424784425507,0.2008431383479707,-0.3976364830677546,1.0607559662739108,-1.0813163331807125,-0.455193183532494,1.345885997126983,0.747816272681857,-0.19817899040649514,-0.05559730058863682,0.19720707882456778,1.4336252681944128,-1.0022477253379467,0.6213336842099852,-0.41186528450226456,-0.8528130684418092,-0.4980622651042523,-1.2611993951969787,-0.803885942197924,-0.29841459198804116,-0.2198175612784016,2.366056003149507,0.7658035338928006,-1.4732842686034078,1.1293800829352159,-1.1081413808424385,0.2061134998120886,-1.491124438246699,-1.507331364102872,-0.10846742647487503,-0.15419534225054646,1.8128674090013959,0.011986378573586764,1.293323085383471,-0.9467872262506417,-0.9372231957074317,-0.41910626415714336,-0.4261814926990993,0.5613029861076783,1.4064744816051087,1.5937153709128804,1.0200972752711206,0.7924702291881759,0.6233884304862201,2.155511423859425,1.7868375476151583
01413500,0.40754909205990797,-0.9957249119514253,0.35622868003032426,0.1933419684783807,-0.7692169547690373,-0.490844936211097,-1.0224358586311304,-0.8556740614255459,-0.8637290801564035,1.0602903934198893,-1.0806614937654948,-0.455193183532494,0.9146371202372842,-1.1095142634295014,0.30161243175950303,0.5320594178101151,1.0902763471257892,0.2375374854560003,-0.7942807254730712,-0.14512464640842404,0.19099218733613094,-0.6963160404553114,-0.4806289624535197,-0.4574409725377471,-0.23086767098905056,-0.29841459198804116,-0.5970591251232685,-0.5775221751651928,-1.389434391925898,0.5076169029973796,-0.3282241811802496,-0.9044719043712754,-0.3229263108554539,1.008594317630546,-0.6180506591971697,-0.10846742647487503,-0.15419534225054646,-0.5027917904142502,0.556964566475473,1.3036274503738998,-0.04441731934035336,0.4977927442022591,-0.21652691432576657,-0.21877770288749523,0.960353915355485,1.0828559028026363,1.3946243376292535,0.954903133440679,1.3517292540741106,1.0330762608126658,0.36167533809130753,0.5634519478230793
01414500,0.5120731397405024,-1.0047691744653808,0.37046841790775903,0.19196692490449735,-0.8063610059942645,-0.3478375755374361,-0.9814310565832266,-0.8784561034691792,-0.875677509722252,1.0607559662739108,-1.0813163331807125,-0.455193183532494,0.9146371202372842,-1.1096831270112912,0.4832368602492777,0.7527651396939062,1.003328745493661,0.23927481369588316,-0.8603450738878738,-0.03179913585361522,0.33515276241125724,-0.6980357880156026,-0.5176220089049227,-0.5845101936691991,-0.42463157723568,-0.29841459198804116,-0.6820503074914794,-0.6040390587111023,-2.1081472020572027,0.8296956021630484,-0.4279041120021658,-1.5704384193576757,-0.730254193140299,0.7184852492818579,-0.7633353685248859,0.6687527973419664,-0.15419534225054646,-0.22598322068260648,0.5495499886988691,1.2988820272436936,0.020557487001338644,0.28396254891514255,-0.4278432991707536,-0.4333692449388551,0.9673312685232343,1.2327000217795616,1.5773714625736448,0.9892398159305227,1.3606428510960353,1.0330762608113664,0.36167533808981955,0.5634519478214913
01415000,0.36541782768337105,-0.9907769003460135,0.3585330151590342,0.1763421444907656,-0.7531129702818329,-0.5788494658564262,-0.8847756741856049,-1.1133959120441528,-0.9018650251953422,1.0607559662739108,-1.0813163331807125,-0.455193183532494,0.9146371202372842,-1.1096831270112912,0.20474486432941033,0.3967385330950589,1.0498911975589915,0.11327571942673048,-0.7300860910719151,-0.2557749921452871,0.12163789593484259,-0.6928765453347291,-0.494978955736659,-0.3802266611325109,-0.494809406024176,-0.29841459198804116,-0.6462645464943383,-0.5351826717116422,-1.2638754293360581,0.5225759190851864,-0.3231424217318194,-0.7137584178251813,-0.3306653146318223,1.4017959727336904,-0.5070176737345304,-0.10846742647487503,-0.15419534225054646,-0.5838681799918696,0.552217393135984,1.2934507566322304,-0.19730595215964292,0.3891555832889445,-0.41539875299803897,-0.42190627147268633,0.9673312685232343,1.0189096580772972,1.3287093695826424,0.9183379293243173,1.3431995703510569,1.033076260811932,0.3616753380904666,0.5634519478221861
01423000,0.31624026002011074,-1.0101499113873118,0.34836894090855125,0.19787871798167458,-0.7397848342210489,-1.0958760775227374,-0.9927379126372777,-1.2330016327732305,-0.9212203954753314,1.0600663785652362,-1.0803464114853438,-0.455193183532494,0.9146371202372842,-1.1094298316386064,0.2247129310769357,0.4709217059975399,1.1227939386777308,0.19315097471805148,-0.45188647229200635,-0.2467174988559652,0.14018702031821526,-0.7083542733773496,-0.49732633118112274,-0.3522592727495118,-0.19408661577866526,-0.29841459198804116,-0.6060055653725542,-0.5195572166321318,-0.8043087675984706,0.2744688022258493,-0.23908842157519378,-0.41563974770397566,-0.05883896436458219,1.1779144640279273,-0.5593415927987062,-0.10846742647487503,-0.15419534225054646,-0.5838681799918696,0.5610722540859778,1.2736277907620925,-0.21088106834656004,0.0779346404124966,0.039402992280043105,0.03140754146748869,0.9281507468889507,0.7313497056228615,1.012128455159306,0.8139820061966796,1.3633129954582546,-0.3272141857075233,0.28076853579192435,0.14960743902715512
01434025,0.8361070049761585,-0.9278495669655481,0.33403637866835073,0.2961801339757517,-0.8844932890161512,-0.39183984036010144,-0.8961947570987421,-0.849978550914637,-0.8557020458478624,1.0607559662739108,-1.0813163331807125,-0.455193183532494,0.9146371202372842,-1.1096831270112912,0.8571058087254757,1.0616885708699109,0.2358128027748809,0.014232236459972125,-1.401620452634257,0.2702742164125647,0.8148268270986491,-0.6000101770790051,-0.5458696649567658,-0.6805720928977608,-0.570332744039205,-0.29841459198804116,-0.5568001440014845,-0.6182208619955437,-2.321547671467062,0.9395288753225712,-0.4575696227253145,-1.6257944274425074,-0.729000028000067,0.48186582137556067,-0.7954208738190061,-0.10846742647487503,-0.15419534225054646,-0.5838681799918696,0.5282664441513155,1.313033182468474,-0.03828498006941233,0.28038132793083836,-0.46001227475886164,-0.46681071548964753,0.9673312685232343,1.267768448032965,1.6500802838852158,1.0262277250259617,1.475686210268553,1.0330762608122523,0.361675338090822,0.5634519478225828
01435000,0.7514892493631784,-0.8834535232160704,0.333542653325442,0.22634075423883082,-0.8522185417982167,-0.31483587692043785,-0.9526561235115155,-0.7972950786887341,-0.8327207491924266,1.0596469682591136,-1.079756500803855,-0.455193183532494,0.9146371202372842,-1.1092609680568166,0.9548897282113782,1.286746764964272,0.15989770228603004,0.30071334772018726,-0.7508355695516923,0.7836110292389387,0.7399648140067797,-0.673959322171526,-0.5463674451965479,-0.8307448087803857,-0.5029772217730638,-0.29841459198804116,-0.5135590161299379,-0.6005682489599099,-2.0519068974605266,0.7284409250867679,-0.40044206178769487,-1.4065596940776282,-0.5258477361123037,0.7806856045393775,-0.659002104266518,-0.10846742647487503,-0.15419534225054646,-0.5838681799918696,0.5080487091520692,1.3075507200036438,-0.25365477089615246,0.18568471962421762,-0.36438081417949253,-0.3653926425933041,0.9673312685232343,1.307220908140334,1.6465434402768975,1.0465223056778716,1.3260576217682973,1.0330762608125836,0.36167533809121055,0.5634519478229794
01439500,0.30170410515435897,-0.7978906819998591,0.3015270028458418,-0.06807521972531488,-0.6823818229367442,-0.20483021486377595,-0.8147814990699845,-0.5381493504423999,-0.7367847226946759,1.054814137656493,-1.0729590083419547,-0.455193183532494,0.8398873149097362,-1.174864469582343,0.34569960234576363,0.700090991875256,0.8602302704071199,0.5728750551495302,-0.8610199001092632,-0.1922637173274982,0.16168219454367064,-0.7737046806684147,-0.45619288154907595,-0.6185574490919804,-0.29080810155807785,-0.29841459198804116,-0.7879165171080234,-0.4802572450567349,0.7658035338928006,-0.03722830367002558,-0.05348660549224042,0.7035225910100684,0.288264291758811,0.8665185254327281,-0.6611635266165695,-0.10846742647487503,-0.15419534225054646,-0.5838681799918696,0.35404595074310785,1.2799324067273858,-0.575526246447056,-0.5079590547937389,-0.2859883991481616,-0.2935853016659468,0.9592804764066005,1.2879844791939534,1.6522963076846666,0.9978001015419046,1.4153677952262345,1.033076260811932,0.3616753380904666,0.5634519478221861
01440000,0.20714873255062627,-0.8006693197160868,0.2822251634883822,-0.14677082565355457,-0.6442312072476689,-0.13882681762977866,-0.5858634553016371,-0.36016464697651096,-0.6329913592317641,0.2899553022399609,-0.04107538365559025,0.11799095914709716,0.8082623972711586,-0.28816180160154947,0.19645728358658923,0.5106246641720642,0.8095482217944362,0.6018524186205056,-1.1269268067649791,-0.042081536457607406,0.03297125260300385,-0.7616664477463764,-0.5242548224592622,-0.6228133560198281,-0.29536084424161607,-0.29841459198804116,-0.6760860139919561,-0.41175930399941824,0.7658035338928006,-0.10679204869547304,0.006205423815034827,-0.17838846303212422,-0.22491670165684424,-0.01443995661955384,-0.938343826171181,-0.10846742647487503,-0.10958921212165013,0.6902265705866396,0.35760248999259575,1.2852027005469362,-0.6682238064638107,-0.36912907073032464,-0.36716585425780546,-0.3722645782171553,0.720440310279803,1.3599324134125277,1.7312152958841345,1.035531985814741,1.428079995952614,1.007731893916995,0.36016791613700966,0.5557413687355475
01440400,0.3513999546296223,-0.8126078567406712,0.29794694126532856,-0.02646838768859631,-0.7052325231865894,-0.11682568521844676,-0.892381395463782,-0.5623552701137606,-0.7493164819397409,1.0607559662739108,-1.0813163331807125,-0.455193183532494,1.0540742570982866,-0.8337600343659647,0.37269136110757317,0.7035932751427324,0.6909525125454089,0.4381232327996484,-0.8781853373697784,0.0878782727209703,0.2174068925853286,-0.7324307392214263,-0.5026158562536144,-0.5808622734453296,-0.3380671965927681,-0.29841459198804116,-0.7879165171080234,-0.5163509671457295,0.7658035338928006,0.21068793597123991,-0.19375605207223215,0.7813833630169057,0.006325846062993209,1.1195586310764787,-0.5424590423941769,-0.10846742647487503,-0.15419534225054646,-0.5838681799918696,0.35340454463655857,1.2690186736510922,-0.5411749683733202,-0.4187143912033713,-0.3627650208851127,-0.36792502397639143,0.949351166129419,1.3084545333902295,1.6505228140177393,1.027527723889458,1.303223706360414,1.0330762608120405,0.3616753380905958,0.5634519478223183
01451800,0.17404857727643927,-0.6640229379188977,0.28058175595930396,-0.24222557571932088,-0.5947661981889454,0.6312128167668545,-0.6101502263105821,-0.0113146281833686,-0.5517079052177569,1.04684727766784,-1.0617534281818446,-0.4444138088739427,0.10963921670984647,-1.9693676219056389,0.17235963054724276,0.49404378558398965,0.6786455431372443,-0.08799942019665857,-0.36378483863347844,-0.13489790945592892,0.17161021302653592,-0.5415387600291048,-0.488127157142007,-0.41670586337120524,-0.6056099333808596,-0.29841459198804116,-0.8654523326018299,-0.6056770155231939,-1.7229737234842026,0.43418701774229,-0.32678624802579886,-1.1366729397176831,-0.27768087157572785,1.2462869470129476,-0.24343848341156557,-0.10846742647487503,-0.15419534225054646,-0.5838681799918696,0.27216297176962284,1.243593592068494,-0.7366591860040421,-0.6642757960651933,-0.3858973052486526,-0.38539436160059865,-0.39727799524616564,-0.763557793243408,-0.5475270797600023,-0.18293636961633797,0.6660543580087529,0.9959701793863263,0.04054130162303597,-1.0791733173423208
01466500,0.20001896065747404,0.4909355098187059,0.19261534648379866,-0.5654178406142883,-0.31216187250025385,0.5542088533271908,-0.48353531747337153,0.08550905050207434,-0.4603677546017517,1.0607559662739108,-1.0813163331807125,-0.455193183532494,1.345885997126983,0.747816272681857,-0.4152460575236173,-0.6264246392373888,-0.5285244961579197,2.130144105019155,-2.059678611740804,0.8303719926693002,-0.6924754354818252,-0.8786092818461769,-0.488127157142007,-1.3086223581072813,-1.0290028081037614,-0.29841459198804116,-0.04088875629269405,2.387015215582511,0.7658035338928006,-2.76019477859028,4.081728994640569,0.509841884111375,3.0009337892466386,-2.0479619778241647,-1.7924167502480988,-0.10846742647487503,-0.15419534225054646,-0.19703934276183305,0.12299572406811769,1.3127685884311908,-0.9166471604148343,-0.9265705753502093,-0.4625505391340329,-0.46894540187492895,0.9673312685232343,0.644874446967324,0.23301170079584455,0.6003748501616035,-0.5790260662466192,1.0330762608129809,2.3017214394779075,1.8865832595009493
01484100,0.045057551695688154,-0.33290099784966964,0.24167434885646255,-0.6642438824663454,-0.4434099441849358,0.5542088533271908,-0.737736253098434,0.06415088608616767,-0.4976367271224297,1.0607559662739108,-1.0813163331807125,-0.455193183532494,1.345885997126983,0.747816272681857,-0.3221834387788465,-0.3730409758074798,0.33027287373068825,1.336246073780352,-0.6783633247125442,-0.07260759494246277,-0.5450637553574427,-0.8029403891933649,-0.5423186551178909,-0.9699737639914022,-0.385976683439395,-0.29841459198804116,-0.20639790090447385,2.3820391442546414,0.7658035338928006,-1.5586691564971125,0.9592688669966304,0.0815467021237265,1.4220379447341442,-1.4497375444847986,-0.6458432243613832,-0.10846742647487503,-0.15419534225054646,0.18903894448239122,-0.06505148780461908,1.2506309299831886,-0.9433266530521024,-0.958347412333011,-0.4604235675974311,-0.46695107843004957,-0.7488292510058341,-0.7335572263036177,-0.6184068049693711,-0.09037274229565043,0.22063781335734522,1.0330762608122632,0.03833432119317977,-1.090462191774028
01485500,-0.012154354618756748,-0.2830152896859402,0.23825500465387905,-0.718036243694107,-0.39782322076281,0.3561986616251998,-0.7863426825121529,0.0926284386407099,-0.4794303441294785,1.0607559662739108,-1.0813163331807125,-0.455193183532494,2.208383750906381,2.5208838814798624,-0.37349471570951764,-0.4457473481072547,1.1612768125583912,-0.09098679227142308,-0.11379024816477579,-0.5091036733729256,-0.36241298514110026,-0.4607106246954192,-0.40796889971934636,-0.009354771705785336,-0.3241313906081217,-0.29841459198804116,-0.670121720492432,2.276803010781548,0.7658035338928006,-1.7687844354285243,1.6543643790419307,-0.444697394242073,1.0595881965256264,-1.4363965394729268,-1.4550076869822588,-0.10846742647487503,-0.15419534225054646,0.9385531847627371,-0.19503416363658785,1.253178804034512,-0.9465200496434014,-0.9449471731263791,-0.3825482064203017,-0.4065248325869598,0.6104128180191434,0.9732455452271045,0.6210844320207429,0.6683783581445187,-0.43340865083801,0.25161441168678916,1.9763651477742943,1.458640350206063
01486000,0.011836075772614753,-0.20278069496962697,0.2606300675912134,-0.7231302500355556,-0.3893561050193655,0.41120149265353073,-0.6657939556102236,0.09690007152389221,-0.48569724200018405,1.0607559662739108,-1.0813163331807125,-0.455193183532494,2.208383750906381,2.5208838814798624,-0.1551790672790398,-0.01721032207709811,1.066036992993577,0.17923465023382942,-0.4029283520883668,-0.3288578973988876,-0.18198841565025703,-0.5965706819584227,-0.5054056057719988,-0.18323896904356154,-0.1478157739156472,-0.29841459198804116,-0.6224073724962436,2.1904603981314774,0.7658035338928006,-0.8335619341911003,0.10050735502380564,0.01875000419818185,0.3611098745474097,-0.3943318828004993,-0.8590618335735857,-0.10846742647487503,-0.15419534225054646,0.4405644549543053,-0.19792049111605908,1.2408465015275607,-0.9531994648244057,-0.9491361936306267,-0.45914268418588633,-0.46324900587694506,0.6689152407333478,1.2200826721519173,0.6937729360147032,0.7272020026756466,-0.5782459194504392,0.811604455868347,2.2095131694847825,1.7653012178495768
01487000,0.05765354674461073,-0.3239712621352652,0.24451258691765115,-0.6647490641705661,-0.44777292692984216,0.4662043236818617,-0.5432903844883014,0.05703149794753211,-0.477830072681452,1.0607559662739108,-1.0813163331807125,-0.455193183532494,1.345885997126983,0.747816272681857,-0.12272534743407743,0.015297093119138587,0.8484416099314118,1.5554825204042186,-0.6598602175152158,0.3796777906248011,-0.40273214551927206,-0.8579723111226827,-0.5543612102236426,-1.1596656156326128,-0.7147370978648429,-0.29841459198804116,-0.2734962027741142,2.35971974846246,0.7658035338928006,-1.045521055512888,0.5616054787970357,-0.8766088255560962,0.14169529436207187,-1.3218517414677324,-1.0691365704452402,-0.10846742647487503,-0.15419534225054646,1.504758228195863,-0.09912858768699206,1.247601975864077,-0.9485811263278257,-0.9570153042371012,-0.3555967742700457,-0.36312929017932083,-0.5985477981620063,-0.6958390258420601,-0.5819449265203838,-0.07330629995400327,0.21705287784211746,1.0330762608123718,0.038334321193309,-1.0904621917739288
01491000,0.03357382435565773,-0.35120503453981683,0.23223689734592687,-0.6275764018073213,-0.44216411383132104,0.20219073474587332,-0.7109302294565248,0.025706190137536625,-0.4931902296086023,1.0607559662739108,-1.0813163331807125,-0.455193183532494,1.5830728794163171,1.2345655471923567,-0.1713903517057691,-0.06489864223884824,0.8983533796623683,0.4008805599689866,-0.6279678597190579,-0.2644072549306736,-0.22832380628099938,-0.6688000794906525,-0.488127157142007,-0.3607710866052072,-0.3804332651197939,-0.29841459198804116,-0.28244264302339905,2.31882609975498,0.7658035338928006,-0.9269063853315685,0.5125650598592697,-1.203501158877283,-0.22173712458156566,-1.28691364722057,-1.2682723066579416,-0.10846742647487503,-0.15419534225054646,1.9231303415899614,-0.04749731648735889,1.233789426994701,-0.9426014594038791,-0.9502348591734855,-0.2941202461278769,-0.30194274507571983,-1.0939398730721954,-0.33176779596819084,-0.1290580413845858,0.21729423287376548,0.692420017629498,1.033076260812448,0.03833432119337361,-1.0904621917738626
01510000,0.14504129541273397,-0.9848151181321647,0.34476200019253445,0.29245963382300916,-0.6650576933756019,-1.0408732464944064,-1.2563580359799247,-1.532015934595924,-0.9653558511578022,0.25212931758385737,-0.44492907756494876,-0.1791556734198903,-0.06142283778973418,-1.821105397093768,0.263193187150073,0.6930581820790193,1.0351820039017123,0.07847081911087453,-0.6543824782934468,-0.16338438313519568,0.25413923999212235,-0.5690547209937638,-0.48594361693052474,-0.34678739241370776,-0.26002060704997365,-0.29841459198804116,-0.5523269238768416,-0.4329076326496875,-0.45227879728406384,0.7758882208435497,-0.45038032500646075,-0.1798204256059824,-0.718114320545187,1.5489678342704831,-0.4074717532476999,-0.10846742647487503,-0.15419534225054646,-0.33270693294028764,0.6330825720002747,1.2267687418515836,-0.35268823331317417,-0.3699231998517033,-0.2406815551737505,-0.24865161536973512,0.9147327600278946,0.8491655521987841,1.0941361431584427,0.8660488549278743,1.2199203243106458,-1.2837439304814369,0.22387644840692977,-0.14139995824303758
01516500,-0.05323061463266396,-0.9392538758133471,0.3901199975105698,0.10642344183256433,-0.5597472625328701,-0.5898500320620925,-1.221744969658821,-0.6235820081060266,-0.8126558597570279,1.0607559662739108,-1.0813163331807125,-0.455193183532494,0.6760127416916508,-1.2960240895168729,-0.30123041270083245,-0.27343201321152044,0.7635971470771826,-0.45938923653109276,-0.8086542809139858,-0.5508583970723804,-0.30001722149023263,-0.3437677905956186,-0.4739341457673711,0.17668915971155583,-0.3769079470894308,-0.29841459198804116,-0.7178360684886215,-0.3686133784179645,0.7658035338928006,0.6063779570644137,-0.35701388291806446,0.8735817596039477,-0.42540678173143065,1.5733465444737342,-0.47050242191213365,-0.10846742647487503,-0.15419534225054646,-0.5838681799918696,0.4890024044671784,1.1579958790840126,-0.15881979802147606,-0.3480086740737953,-0.4472151918673732,-0.454142960118361,0.8763573176052741,0.48878331858422597,0.7577122347569706,0.6120930788245629,1.1298781562815767,0.27884095945115517,0.08319442189364433,-0.8609993306584732
01518862,-0.16029074915736088,-0.9362270925869739,0.4952897872303826,0.11563575734530152,-0.5012227164707469,-0.5348472010337616,-1.1053715940988844,-0.9524977401109898,-0.8545226736555414,1.0607559662739108,-1.0813163331807125,-0.455193183532494,0.5049506871920704,-1.5559895736830187,-0.1915731982245355,0.034921127786129345,1.0018340284012197,-0.38171777620998476,-0.24158014764931363,-0.5093059922574958,-0.1559801754798887,-0.3265703149927068,-0.45619288154907595,0.15236969155242627,-0.3875848993778372,-0.29841459198804116,-0.5627644375010077,-0.4584786329085885,0.12278055410916908,0.6941022364180891,-0.38500496788807853,0.3337489326407948,-0.6105740994557792,1.4854367796398256,-0.6288470337445209,-0.10846742647487503,-0.15419534225054646,-0.2528649715220002,0.5143936366252368,1.1260941028964888,-0.20172072752689713,-0.1891679943628547,-0.32827517856507726,-0.3354602455525634,0.9235886313561915,0.4804082737821876,0.7448932909299238,0.6378691369825535,1.2155532656719685,0.02220713979855041,0.09845838391324037,-0.7829229923972776
01532000,-0.04441400043753535,-0.8837519884916739,0.39187138817403144,-0.004244202447345057,-0.5485858801361677,-0.4688438037997643,-1.2068951505183707,-0.6805371132151111,-0.8261361953533511,1.0607559662739108,-1.0813163331807125,-0.455193183532494,0.9850744367959348,-0.7179196172578284,-0.09476550050901138,0.14867079576257683,0.6538665259383051,-0.3400501044206522,-0.19980774613106714,-0.49316648360211807,-0.08485302127775318,-0.3919207222837718,-0.4724401445700403,-0.0780572692553262,-0.39748993687241596,-0.29841459198804116,-0.9459702948453979,-0.4628025658935118,0.7655688118218352,0.4810529922713265,-0.31154742844216526,0.8640635061580019,-0.29303094329139184,1.4175991691311394,-0.4655091437470277,-0.10846742647487503,-0.15419534225054646,-0.5837336303672593,0.4728923570784371,1.1906858864595282,-0.3209705532250915,-0.11203220821974194,-0.1402379683831192,-0.1470288465186388,0.8463010270365086,0.7238886580968005,0.9924892416219278,0.7531092087665353,1.0942469298484139,-1.1323439665666362,0.23288135392564846,-0.09533917478417364
01539000,0.11748500850958722,-0.7698822812056202,0.341868729023018,-0.10486706067770622,-0.5965051074357405,-0.11682568521844676,-1.115680287587215,-0.5310299623037643,-0.7574757241239148,1.0607559662739108,-1.0813163331807125,-0.455193183532494,0.5710755149818241,-1.3852684924930396,0.18440615752509149,0.5675196402222726,0.8863006093313541,0.16905208882512995,-0.545716141715736,-0.15882454017041767,0.09007387643519121,-0.6670803319303613,-0.4956537540831023,-0.4872323210326809,-0.3791462144311395,-0.29841459198804116,-0.8430862319786163,-0.38651587045449787,0.35680838100664913,0.42207508874027994,-0.30122814305132606,0.5547296308711862,-0.23172232840980486,1.3402915210997828,-0.45635653382277525,-0.0010259441569192079,-0.15419534225054646,-0.5838681799918696,0.35212365280102503,1.193992386771594,-0.541569371936389,-0.2910803119842799,-0.053372920877258305,-0.06015588332145954,0.5140716723567609,0.9560862401829684,1.17273124983167,0.8452460582913722,0.9423545536499373,-1.4773526949738454,0.21236106500279192,-0.20030202893337506
01542810,0.11684734717909578,-0.9344831427150141,0.412306071846529,0.05958278799105792,-0.6395782672478252,-1.1178772099340697,-1.2422822094093553,-1.3483357206191262,-0.927946559078949,1.0607559662739108,-1.0813163331807125,-0.455193183532494,0.990824421821131,-0.9582124941454051,0.06820595611857377,0.34349432037823996,0.8486284066527986,-0.646537762919232,-0.5288689850249961,-0.4840835390692137,0.24920864014940658,-0.2474619272193123,-0.4535429205645713,0.14385787769673092,-0.35220030044411665,-0.29841459198804116,-0.7372200223620724,-0.6104208701891009,0.7658035338928006,0.5171357854163894,-0.3574717344647605,0.971991447410332,-0.3487421521975742,1.3992126926872004,-0.35347775786143687,-0.10846742647487503,-0.15419534225054646,-0.5838681799918696,0.4482980816096541,1.079183862132614,-0.33934212564674865,-0.013541309544032392,-0.4577090348628729,-0.4646584837368158,0.9673312685232343,1.3486447778110253,1.7215253356140165,1.059345745833123,1.5319615912076638,1.0330762608129862,0.3616753380916629,0.5634519478234759
01543000,0.09379836502299711,-0.9202055999252122,0.40417876890559223,0.051417455556555774,-0.6254516039060528,-0.9858704154660755,-1.342987500172417,-1.2415448985395927,-0.9178591863240497,1.0607559662739108,-1.0813163331807125,-0.455193183532494,1.1546989950392164,-0.6141529462476962,0.09979442502912597,0.4243515205863547,0.9799485640378092,-0.261619355598869,0.13543216121345406,-0.41864848747935807,0.1839245803564963,-0.48650683809978695,-0.46731074045920723,-0.13399204602132425,-0.46789874755858823,-0.29841459198804116,-0.6775770873668365,-0.6083956091586561,0.7658035338927637,0.3400760436072463,-0.2886451790906414,0.9130830718382678,-0.16196305985654386,1.1686990436094649,-0.34443415232716346,-0.10846742647487503,-0.15419534225054646,-0.5838681799918696,0.4165062310290584,1.0850777097323345,-0.27487622712837134,-0.20495804865122003,-0.051187193220860815,-0.060594517510215995,0.9463992090199868,1.2666197246944608,1.611735493705841,1.0291989768765277,1.4245087629021547,0.9795996012448038,0.3584946750683311,0.5471826121323823
01543500,0.10720575257160297,-0.9071420954771178,0.40141428461691236,0.01992033377686205,-0.6280492714871562,-0.8428630547924145,-1.344930222857956,-1.2529359195614098,-0.916270452210091,1.0607559662739108,-1.0813163331807125,-0.455193183532494,1.2682611992868373,-0.3951368806656955,0.0885196716958995,0.39090871981386716,1.1025058764467008,-0.05228561449044141,0.2796702651141184,-0.4076729892091002,0.12614494212384691,-0.5948509343981315,-0.474293462511033,-0.2166782377623647,-0.30149963011566516,-0.29841459198804116,-0.5597822907512461,-0.6067248162653508,0.6025097640227135,0.23341693647100245,-0.2544228380718495,0.7307494255765358,-0.05597839532556922,1.0142515766529239,-0.29696802627915925,-0.10846742647487503,-0.15419534225054646,-0.5838681799918696,0.39804756187890966,1.090868556856004,-0.26969809002614514,-0.31648416726879125,0.5791249574987508,0.5678162151256873,0.9345913805822574,1.2547935328003095,1.5906119510330716,1.024508933704123,1.3553593137726527,1.0059583528106348,0.36006243018061046,0.5552017999625143
01544500,0.0750101640554345,-0.8949455709882779,0.39905636504712705,0.1267114506686417,-0.6100824317239322,-0.7548585251470854,-1.2667860471881005,-1.0550169293073417,-0.9009430050090101,1.0607559662739108,-1.0813163331807125,-0.455193183532494,0.9103246314683873,-1.0980315398677618,0.09089764106584318,0.4232738677447204,1.0365931673718345,-0.038284755421071785,-1.0155616855312821,-0.3561646872159582,0.12024815845655207,-0.5948509343981315,-0.4568247621924676,-0.20026259675495214,-0.3215896703380374,-0.29841459198804116,-0.6537199133687427,-0.6109253718785473,0.6193237950214895,0.15236669184962318,-0.224200865692013,0.6807888669436244,-0.01127091615535866,0.8918638424274151,-0.3615048664129569,-0.10846742647487503,-0.15419534225054646,-0.49193961043264794,0.4285085908072963,1.1079678694192807,-0.2644054486636733,-0.21078944362643243,-0.25709213943267023,-0.26025495177630603,0.9673312685232343,1.2135524491369474,1.5664965009607634,1.010130687662193,1.401589129265752,1.0330762608125892,0.36167533809121055,0.5634519478229794
01545600,0.08993842725835346,-0.8817255079365064,0.4010146491893507,0.07399123608527249,-0.613444287186669,-0.743857958941419,-1.3584725686344326,-0.9880946808041675,-0.8926259205948074,1.0607559662739108,-1.0813163331807125,-0.455193183532494,1.3545109746647768,-0.22813079827510316,0.015518539004680292,0.26297530728932783,1.0108734072354837,0.1442914279582568,-0.9776216567889822,-0.3953198879824885,0.003251210429658713,-0.6498828563274495,-0.42507743353545085,-0.2799088549761015,-0.22350931169841615,-0.29841459198804116,-0.5418894102526755,-0.6097958904842641,0.7488286905210529,-0.4234869957276962,0.09470471353068188,0.6936097625856169,0.6489886814157303,0.22923405191654342,-0.3833798714463041,-0.10846742647487503,-0.15419534225054646,-0.5729700405022821,0.4119184490274245,1.1162942552079194,-0.3059196043505621,0.15890673658424742,-0.3952042746242806,-0.40030207556246816,0.9673312685232343,1.2992915620896777,1.6229862237534376,1.039961599992237,1.2168966086178068,1.0330762608127038,0.36167533809133984,0.5634519478231453
01547700,-0.08700045988865424,-0.7927729645187256,0.34180304696020775,-0.1054225061861209,-0.5000373631008111,-0.11682568521844676,-1.1321891373040565,-0.7104385433973808,-0.8211484359157526,1.0460393435996842,-1.0606170494858833,-0.44378765178129864,0.8082623972711586,-1.0841002943700642,-0.0946247405589205,0.1836201736349624,1.1893787990585238,-0.2990017985540929,0.708484118801314,-0.49346376220013954,-0.04652340366333878,-0.35408627595736575,-0.4051826778241794,0.10251478182621061,-0.3754740454177739,-0.29841459198804116,-0.7118717749890974,-0.5950460136741939,-0.6443781309078755,0.5606013358508148,-0.37977210286800395,-0.23475817844460875,-0.37753624572663474,1.5082864856765277,-0.4654685094313842,-0.10846742647487503,-0.15419534225054646,-0.5838681799918696,0.348545989398329,1.1215361776388562,-0.5163529892911505,-0.06725283325250575,-0.3989999199630784,-0.4052323238440908,0.7115844389515058,1.1298604245190125,1.4282866936206768,0.9404422539490156,1.1982812885149197,1.0330762608124533,0.3616753380910481,0.5634519478228142
01548500,-0.07400265085065116,-0.9290246814886689,0.417957745358004,0.12044316721614622,-0.5460732332305673,-0.6228517306790908,-1.1980291117983946,-0.9581932506218979,-0.8677206638362193,1.0607559662739108,-1.0813163331807125,-0.455193183532494,1.0641367308923797,-0.7789638020750155,-0.03792926443556844,0.29184756121560995,0.9675341501692774,0.01672561113879777,-0.9293870013236429,-0.32257982623363013,-0.008930947856147599,-0.5793732063555108,-0.4377519618404813,-0.23005394524988587,-0.27048937958152985,-0.29841459198804116,-0.6060055653725542,-0.6061370350779073,0.1700928314210904,0.531804570088015,-0.3407748605508505,0.29457996008766013,-0.44697650204128486,1.2521127152292941,-0.5594095375705436,-0.10846742647487503,-0.15419534225054646,-0.25824106671744934,0.4373116015630467,1.131302719784271,-0.27062684680369437,-0.14969264642143856,0.4491505448988353,0.43857703775048423,0.9313710637356041,1.0289416066830797,1.3395407235086325,0.9188192135684649,1.2503517557995283,0.284939324865153,0.3171779534891591,0.3358444074178999
01549500,0.05282304378895464,-0.8893361751320484,0.3625358230841727,0.0438541506659147,-0.5981723737208825,-0.4138409727714334,-0.7537732349250663,-0.5737462911355777,-0.7611989127614409,1.0607559662739108,-1.0813163331807125,-0.455193183532494,0.998011903102626,-0.9430147717842787,0.011134786251475523,0.2844809449380484,0.8345244071819373,-0.12171556952361462,-1.0561991758585587,-0.42322495137696403,0.0015778057950005628,-0.4933858283409516,-0.45087050228358716,-0.1631754078122796,-0.4248430141342506,-0.29841459198804116,-0.8326487183544503,-0.6109799913324752,0.6332285172509926,0.5047948300644715,-0.3208698647758952,0.7274042662382044,-0.33139025182666476,1.4094894656354864,-0.46418856280810156,-0.10846742647487503,-0.15419534225054646,-0.5470349041927428,0.428082266987973,1.1446662605903777,-0.29422744710990917,-0.2929041349851161,-0.40843027719027714,-0.414753609968031,0.9372749779544687,0.8426221613520567,1.093220400102581,0.8177953839916903,1.0681603482788748,-1.043616838110444,0.23815863000893767,-0.06834550222987552
01550000,0.07943885302200974,-0.890959727565147,0.3707790056211542,0.010927653385517488,-0.6110670546399212,-0.6888551279130881,-0.7481073744506664,-0.677689357959657,-0.7750572821527667,1.0607559662739108,-1.0813163331807125,-0.455193183532494,1.2251363115978675,-0.4006249470738805,0.11598084064295089,0.4686563399048478,0.995918300740749,0.022584440958241088,-0.34409350640654807,-0.29650225853178774,0.10333751297639682,-0.5845324490363845,-0.49364666156547704,-0.3030123497272745,-0.38173067214851447,-0.29841459198804116,-0.8028272508568324,-0.5973435709447472,0.005084344096604318,0.6100643672916809,-0.3558007036044435,0.0966684081080206,-0.5619212991905008,1.2799762934878292,-0.6051949898242087,-0.10846742647487503,-0.15419534225054646,-0.14780146928716884,0.41746834018888174,1.1568819936962886,-0.3867850574752525,0.0019089797193925565,-0.19973441528817523,-0.20572394943010303,0.9351281000566997,1.0659563754140147,1.3568852263254532,0.9455649419298467,1.2096061104319173,0.6143893965493596,0.33677285095018844,0.43607381315789967
01552000,0.15546613612936616,-0.8571617170879439,0.37021615994003754,-0.02235720305034791,-0.6363986770043278,-0.5238466348280952,-0.9386290778296913,-0.8471307956591829,-0.7958312182797702,1.0607559662739108,-1.0813163331807125,-0.455193183532494,1.1920738977029905,-0.46504640352687454,0.1460078315125959,0.46014133744971913,0.8545433023899145,0.1176440509466169,-0.7920630565844521,-0.227531581375122,0.08141686978784508,-0.6670803319303613,-0.5163213824402703,-0.4920962146645067,-0.4149749819315558,-0.29841459198804116,-0.9653542487188497,-0.42965210118536135,0.599137558253176,0.3664542092506627,-0.2678009306964698,0.6826845832955343,-0.19353809754178927,1.2217918526652862,-0.47937351588715316,-0.10846742647487503,-0.15419534225054646,-0.5142574295250244,0.3995454563792344,1.1643011118186248,-0.37912599473436775,-0.1893002077360827,0.19793287910063526,0.18801164376524468,0.9434472519105543,1.1533097161012762,1.4452096134844294,0.9684028909355045,1.1047384528671311,0.7375969487128223,0.34410093966132715,0.473557549837611
01552500,0.2590419416183401,-0.8925955146078677,0.34140367952877054,0.03721652653031246,-0.6887751971750391,-0.2928347445091051,-1.168254109200591,-0.6748416027042029,-0.8055559858444762,1.0607559662739108,-1.0813163331807125,-0.455193183532494,0.983636940539636,-0.9723970350157891,0.31666536175152016,0.6862711361546543,0.7215253214009874,-0.0407658483230561,-0.8328771481319477,-0.23323199772413275,0.20974739000617482,-0.6481631087671582,-0.5327793277588397,-0.426433650634857,-0.5537970289739255,-0.29841459198804116,-0.9951757162164676,-0.5671024946405662,0.7658035338928006,0.3655299017384287,-0.2645091311426504,0.8529836026808761,-0.17125699566583294,1.2724088331777819,-0.4587209925870369,-0.10846742647487503,-0.15419534225054646,-0.5838681799918696,0.4056791423203048,1.1876020398711427,-0.28521977863724063,0.005694356827364905,-0.4300819073349672,-0.4363051697755983,0.955523440085505,1.2461765477268296,1.5518702593944917,1.0422883620639136,1.151737340941701,1.0330762608122306,0.361675338090822,0.5634519478225497
01557500,-0.07417735258503869,-0.770793562291736,0.34903354898622196,-0.0931304198387064,-0.5007301713814503,-0.43584210518276606,-1.1777073412012242,-0.7104385433973808,-0.7980602494597417,0.6947944517925186,-0.7615668072009507,-0.27900769688674915,0.47188827329719346,-1.1704740164557952,0.06834385739546327,0.5149751751181229,1.0477631915039254,0.24014069419108433,-0.265882646907538,-0.18865667083293913,0.08895711556687619,-0.6172076526819169,-0.49781994539785646,-0.24464562614536361,-0.41679687906690555,-0.29841459198804116,-0.5165411628797004,-0.6008275284659412,-0.46755036959783014,0.18890601091393822,-0.24703995209304705,-0.1693804724531979,0.0056299362757187025,1.006299525883314,-0.38899881578026313,-0.10846742647487503,-0.15419534225054646,-0.5838681799918696,0.2763705190134816,1.082816016644413,-0.4700169319783558,-0.17028227960053113,-0.39796581225467526,-0.4037175737789185,0.7021918481487668,1.1425038277470823,1.4403685643674045,0.9539641019248194,1.16084549433331,0.8366843612313533,0.34999442050923363,0.5037031570980148
01567500,-0.031821887649373756,-0.6370615089116922,0.29215426729896615,-0.25367045978937325,-0.48580519234792,0.0811845064835451,-0.712047627090097,-0.04406381362109233,-0.5413251609385601,-1.157217382278421,0.48835449423916966,0.4097126134509397,-0.17642253829365398,-0.8538548005990084,-0.1279061525296774,0.07043230333945004,0.4391532211910065,0.3816017066213739,-0.23947663046587775,0.1820163164347476,-0.21889838726587788,-0.5914114392775491,-0.5079973730664976,-0.8070333273252344,-0.6794917954059193,-0.29841459198804116,-0.5866216114991024,-0.6145892868629893,0.4560741834812313,0.6914699207890895,-0.5423138358766154,0.7795014447945868,-0.6415851975906567,1.2697186020418707,0.33868118805304875,-0.10846742647487503,-0.15419534225054646,-0.5838681799918696,0.21631071068317914,1.1340948344853947,-0.56608600632457,0.0058966029665080836,-0.4429318707342717,-0.4494992861733926,0.4222926422271378,0.20954716048559358,0.4225617407208138,0.4426265679545557,0.8737733426119301,0.883738593904523,0.047216566248543694,-1.04502882600687
01568000,0.05103332157673003,-0.6530254545083344,0.2769638740503364,-0.24149659752004,-0.5333277232981276,0.059183374072212414,-0.6133008594742485,-0.1693650448610783,-0.5433871825335214,-1.2544824435536728,0.3980582891588899,-0.019015179093640713,-0.3402971115117394,-1.387970309801684,-0.04576919133737409,0.17289533390181178,0.8848667908998071,0.15908383992814715,-0.058740141958988905,-0.17877582686789872,-0.08758141140198307,-0.5398190124688136,-0.5101074844921074,-0.2701810677124496,-0.4615804034298319,-0.29841459198804116,-0.619425225746482,-0.606125010040064,0.25059113130832106,0.08999126549466138,-0.2951925467622621,0.4382042528293994,0.06702211308920256,0.7419097573796848,-0.10753286238248083,-0.10846742647487503,-0.15419534225054646,-0.5838681799918696,0.20718891725171848,1.1484865297440692,-0.6283763238982775,-0.24763686508200342,-0.15172478980316512,-0.15888951498261342,0.1788903605675811,0.7569154189678473,1.038600234351167,0.7160502627191471,1.1091085449467954,-1.1729700893183919,0.2304650099080818,-0.10769896004787018
01580000,0.12336954526267767,-0.4686948789534539,0.2387284389461135,-0.471824592158058,-0.5200728907594616,0.23519243336287157,-0.7892607169722845,-0.1878754540215301,-0.5195491500265501,1.0594394536878147,-1.079464626569035,-0.455193183532494,-1.6728561411009089,-0.18093342716471716,-0.12227672427357945,-0.029085068500799168,-0.010554261061841985,1.381709995930664,-0.9307318983666794,0.6626005243988671,-0.4117022035062943,-0.8063798843139471,-0.5665622200018386,-1.2283681131821538,-0.47486898433554625,-0.29841459198804116,-0.3152462572707795,-0.6051156126041516,0.7658035338927637,0.5803250343215356,-0.416133458085612,0.9749978796716222,-0.45038735986624734,1.3599228642989631,-0.13154916122410518,-0.10846742647487503,-0.15419534225054646,-0.5838681799918696,0.07402033504021409,1.1957039216281473,-0.7444327530051728,-0.7163054722891862,-0.32212928843445426,-0.32816722110750596,-0.5781524581332012,-0.46335808097063197,-0.22629416247808845,0.1819755105418659,0.9030303604893354,1.0330762608125565,0.03833432119350285,-1.0904621917737627
01583500,0.0031223414877346724,-0.42248724964724943,0.23876787057194537,-0.4765442300163278,-0.44508802004202386,0.3231969630082008,-0.6752678902691882,-0.16651728960562345,-0.5315922229434593,0.21694169655405032,0.09049953175720904,0.19049017687492584,-1.5434814780339992,0.15198112433483174,-0.2557093349557175,-0.21489751829642284,-0.050632473707063155,1.4732063644821025,-1.0039401410561921,0.46915459671784976,-0.5185340268795646,-0.8304563501580238,-0.5842733632282516,-1.2040486450230243,-0.5877480965846269,-0.29841459198804116,-0.3525230916428019,-0.6017998266135587,0.7658035338928006,0.40885318063218457,-0.33380622991671915,0.9304594356818846,-0.25740323871769344,1.1834717651482658,-0.2006566476610673,-0.10846742647487503,-0.15419534225054646,-0.5838681799918696,0.051131354848722756,1.1788544006385302,-0.7673081596631641,-0.6901295588155847,-0.37414020567754686,-0.37702522127912547,-0.33287165831309673,-0.23375951506338058,-0.02375293561802061,0.2472595646893471,0.763205791215495,1.012996768725788,0.03950650335404817,-1.084466389979105
01586610,0.03327974310278209,-0.4384313140032224,0.23045479126442245,-0.4387414393620344,-0.4658054046924077,0.3231969630082008,-0.7779531175406228,-0.15797402383926126,-0.5185161257411584,0.8723059845591578,-0.8162569020769956,-0.455193183532494,-1.629731253411939,-0.1294300347186799,-0.21437608861679172,-0.15075182984938343,0.4989499793118494,1.0487562651352405,-0.7772076542127784,0.23656587424925335,-0.41064521520388714,-0.7651059428669588,-0.5746587426196269,-1.0885311712671588,-0.6003779273257831,-0.29841459198804116,-0.41813032013756096,-0.6069227756770558,0.24633382998053435,0.5570877819404073,-0.3776688603269431,0.32953062063112964,-0.47617893353020935,1.1600315124066203,-0.4074943055632339,-0.10846742647487503,-0.15419534225054646,-0.2503597540306784,0.03982225137127628,1.1616582552923789,-0.7157049063790634,-0.7288171442507052,-0.42299591928761404,-0.4300180797367557,-0.8449020369309953,-0.4602731105536809,-0.26765087376159763,0.028177421698150025,0.5592306297479762,1.0330762608129862,0.03833432119395516,-1.0904621917733661
01591400,0.019344368090267145,-0.29432406497898045,0.2227523169474994,-0.4610598769364799,-0.41876369753623227,0.477204889887528,-0.6503981024805587,-0.03124891497154784,-0.48385171434550805,1.0291787652576012,-1.0369022405866368,-0.455193183532494,-1.6728561411009089,-0.18093342716471716,-0.2764836869271767,-0.2667994373861615,0.1099913831363322,0.8898755862360214,-0.7122121191624132,0.05385040379407068,-0.5209179608606114,-0.7135135160582232,-0.5685542215982785,-1.017396726901705,-0.47602342980173,-0.29841459198804116,-0.4196213935124422,-0.606013118586568,0.7658035338928006,0.7665535134268366,-0.48710257733931833,1.0371021911886356,-0.6611942480335897,1.5520128913329867,-0.04867653202301166,-0.10846742647487503,-0.15419534225054646,-0.5838681799918696,0.0021982141272383214,1.1557526890756211,-0.776353996222581,-0.8150083792471665,-0.4309926271917994,-0.4377380414588694,-0.8277270137488435,-0.6284969921681016,-0.4833004684296106,-0.027392854337831007,0.3875235308817227,1.0330762608106108,0.03833432119140102,-1.090462191775549
01594950,0.47033592483150993,-0.601707310354113,0.20685034102553854,0.057112449863770516,-0.7000024657528876,-1.2498840044020638,-1.3008395353667537,-1.7199677814559025,-0.972608012178012,1.0607559662739108,-1.0813163331807125,-0.455193183532494,0.08232678784016535,-2.0180847652521368,0.20078514136382758,0.3124395170208911,1.9690782710140717,-0.14267359381935113,-0.17408550593923444,-0.5632014668985315,0.2713206225951268,-0.5914114392775491,-0.5152229061299485,0.1122425690898624,-0.32365926445108084,-0.2182753753573101,-0.5657465842507693,-0.6079577148818031,-1.8260295515503946,0.07824297294178435,-0.12656410185492628,-1.1313722927533243,0.13800837889658857,0.9256415129247045,-0.48400060073027995,-0.10846742647487503,-0.15419534225054646,-0.5838681799918696,0.006177236440920559,1.0114749264380352,0.17862425692285436,-0.18703263166394699,-0.4621157438475452,-0.4690331287126802,0.8951424992107526,0.9406494732342643,1.2713273219428096,0.8487562609014504,1.3499828507351987,0.9590687584866202,0.35727354994806704,0.5409364633357608
01596500,0.040089228482906095,-0.6315589932240046,0.2708418046423052,0.05311741617138827,-0.5219758890429611,-0.39183984036010144,-1.352688936990804,-0.8969665126296319,-0.8434295003869041,1.0607559662739108,-1.0813163331807125,-0.455193183532494,0.7162626368680226,-1.1420205029241322,0.027639136527590067,0.3279623455050922,1.146907732752945,-0.30771983327339664,0.02955315697406697,-0.46260015846285507,0.23442464130269372,-0.2749778881839713,-0.4419013075954488,0.13473807713705732,-0.33953022024959817,-0.29841459198804116,-0.6000412718730301,-0.6079577148818031,-1.048082615198217,0.07992524011984396,-0.16156704775990452,-1.0926209423806497,-0.2715661666892658,0.4149385978892272,-0.7115826595048413,-0.10846742647487503,-0.15419534225054646,0.3199637056574229,0.06251535305118601,1.0292607032518861,-0.12214026665607615,0.1649278566889393,-0.39247211505378377,-0.3980270262367847,0.6342968346318232,0.8248336015927779,1.0967233646711714,0.770644289005594,1.0374600260390978,1.0330762608126332,0.3616753380912752,0.5634519478230462
01605500,-0.03405515815389015,-0.4879402652562469,0.2648300640090659,-0.19906777074156148,-0.44270286002858966,-0.39183984036010144,-0.5560473081207654,-0.6349730291278437,-0.6654596060665227,-0.7086418398122777,0.25805758064564854,0.17809837381065174,0.8355748261408393,0.0027901498231135647,-0.3139238457895494,-0.3112781226804419,0.5256876721404478,0.3263313551441324,0.09341661689916785,-0.050335681002732724,-0.3788458274509984,-0.5810929539158022,-0.4491922745872622,-0.6246373161317628,-0.5609843758670948,-0.29841459198804116,-0.2660408358997097,-0.611011213196635,-1.5219341830662096,-0.21381612601421934,-0.07491861852926776,-1.1224142228921665,0.42748216184398985,0.3445114031139463,-0.4284250534246032,-0.10846742647487503,-0.15419534225054646,-0.5551673476752828,-0.1169228061998168,1.014712348586522,0.12396755669886594,0.514544581809194,-0.19317135670700322,-0.1951616381648475,0.9415687337500065,0.942803294106194,1.196607606247965,0.7734957845912791,1.0010520139653287,0.057191267214729904,0.3036320470825403,0.2665560555893072
01606500,0.07498007653451338,-0.5195020061560532,0.26701812026486915,-0.14193476169895147,-0.5094133859795162,-0.8648641872037472,-0.8202587663389194,-1.1304824435768788,-0.7986932182951904,-0.6535252918516514,0.43643097033432415,0.3811021837731918,0.5567005524188341,-0.2356452276647699,-0.18388753233960503,-0.11717454743833348,0.9205988351636554,0.16901437952937942,0.30976116922291436,-0.21709344891797538,-0.17399736565523813,-0.5071438088232811,-0.44663989312383967,-0.2099903840186041,-0.32185604288542463,-0.29841459198804116,-0.3182284040205411,-0.6110114119144742,-1.2946480170417347,0.11666657851198879,-0.24884856329726296,-0.9497121679564631,0.0008615829370155689,0.6481972828790988,-0.3438755145223974,-0.10846742647487503,-0.15419534225054646,-0.41310372625912856,-0.04864378189337711,1.0247009276863,0.09791147614515824,0.6295910141267734,0.524064597638265,0.5138057253501419,0.7891404030084099,1.0276730231146878,1.3120143471648817,0.8720741932213644,1.1230394668888146,0.7033796013651356,0.34206577418304035,0.46314752208087506
01613050,-0.11997444168801269,-0.6137585981865316,0.31129853761443366,-0.23175307197405695,-0.4294510366781596,0.015181109249547816,-1.0249189644834733,-0.22632014997016278,-0.651359443823811,1.0607559662739108,-1.0813163331807125,-0.455193183532494,0.8614497587542213,-1.1681943581016256,-0.16547155811959796,0.05962636448995385,0.9017162839737827,-0.450962512442505,0.3190893618682849,-0.6015694784939569,-0.011772577012231713,-0.010136763899128912,-0.3667679269702768,0.38340463906415695,-0.22579737500639532,-0.20751040595915166,-0.5582912173763649,-0.6121562750646969,-0.07325011248339026,-0.44294198936996276,0.15348120347845406,-0.2179141805472307,0.46599394563695196,0.0509520325911039,-0.602325746384113,-0.10846742647487503,-0.15419534225054646,-0.13438520417198774,0.1255728707597016,1.0890694407563397,-0.6333636205667605,-0.22603557676618907,-0.4493186609560568,-0.45624840422439195,0.7939708782783901,0.6389492452383477,0.9133434276129394,0.6645767233465317,0.9989299210097092,-0.070253101300862,0.29605196273092205,0.2277833418488107
01620500,0.09989351442253434,-0.46785646286107563,0.411687042749665,-0.2636989164396129,-0.5081925026400987,0.2901952643912025,-0.39097990590908654,-0.07111748854790713,-0.45855954857547043,1.0607559662739108,-1.0813163331807125,-0.455193183532494,0.33963861771768566,-1.7365047426168339,0.08983616905014354,0.3996948992439672,0.5022310859427905,-0.4724570116941915,0.1945721224871214,-0.4892609748506162,0.0834189922520226,-0.37472324668085993,-0.4161204113605967,0.11285055579384078,0.47049358075050507,-0.29841459198804116,-0.312264110521017,-0.6110366590159253,-1.159160142762553,-0.21201587024584426,-0.03923771577187185,-0.7700564668962668,0.43366080456782863,0.5070198909332165,-0.4013489197969876,-0.10846742647487503,-0.15419534225054646,-0.5838681799918696,-0.174157739132713,1.0207431189747673,0.034259830144084305,0.6108489726448276,-0.4394241303824725,-0.43672625859680453,0.8927272615757624,1.1004567232713154,1.3006007028515383,0.8891375295130555,0.7481415637003055,1.0330762608125512,0.36167533809117736,0.5634519478229463
01632000,-0.2316166144794692,-0.4277281025544712,0.4942913194211287,-0.33243186096586336,-0.3030657613147121,-0.08382398660144773,-0.6621638041638157,-0.1964187197878931,-0.5188495452538783,0.5877627112648796,-0.5138541428671678,-0.40129649078080126,0.5222006422676584,-1.396244625309408,-0.35471693594044806,-0.2751367687852664,0.5726550325363237,-0.6165192852269021,-0.20399192806313843,-0.573878923136012,-0.31914994762482346,-0.06172919070786444,-0.3837136021247793,0.3961723598476998,0.059086296830463465,-0.29841459198804116,-0.26305868914994807,-0.6022449751630703,-1.6719986678363046,0.034073581076461974,-0.16560349566818588,-1.1336499798064599,0.16702537473230977,0.795727066976292,-0.3686302438522672,-0.10846742647487503,-0.15419534225054646,-0.5838681799918696,-0.11665587371834867,1.04462689403249,-0.2743800420006396,0.11699382394797393,-0.146454365857497,-0.15252639501771972,0.18372083583756105,1.131682559195284,1.3729479432345884,0.9548542734295788,0.9908667634565599,0.77225395557239,0.34616225502948544,0.4841013362892763
01632900,-0.2478726108636907,-0.35053277233970837,0.4861207643780675,-0.39120847142718784,-0.26798428123996737,0.11418620510054335,-0.792325468248866,-0.08678014245290568,-0.49444220024847557,-0.9138752465816002,1.6371034168499654,1.847891519019534,-0.12036018429799311,0.7897788727567429,-0.4502818353226279,-0.4816178212915405,0.4712889847467174,0.6206801171930817,1.0588900541467987,-0.19289216570574802,-0.534715023601615,-0.6068891673201698,-0.49967960826089675,-0.7480586170393452,-0.49680344819303807,-0.29841459198804116,-0.29884445014708927,-0.6042979880040352,-0.8235714076086672,0.2905574655995836,-0.6626031404477333,-0.28938384048023585,-0.4324995363848163,0.0189972112724698,1.7352588838651173,-0.10846742647487503,-0.15419534225054646,-0.5838681799918696,-0.10582686463203127,1.0575796664730241,-0.4352839730371342,0.05154968974366313,-0.321729746819844,-0.3268571669970867,-0.14985031752829214,0.22085999385869232,0.35219538464522643,0.3665791466510312,0.48790257784683455,-0.8840766573944984,0.14833408868110556,-0.5278049311944523
01634500,-0.1974857189724279,-0.4751609688168621,0.49093276885979664,-0.30880262915414913,-0.340264520015598,0.23519243336287157,-1.0668213757415121,0.07696578473571297,-0.46925914104282834,-0.10992012500062286,0.4922914693287811,-0.41498245927386956,0.7809499684014775,-0.9651359009988072,-0.3263105915574011,-0.2344337500034348,0.5032460767297228,-0.05546939039476469,1.3454038605317746,-0.3210354251952426,-0.3370664160924547,-0.38504173204260705,-0.45367476662776907,-0.013002691929654734,-0.45688111311826546,-0.29841459198804116,-0.3316480643944688,-0.613994860242827,-1.6639502517738405,0.012310911102435597,-0.23013772720522274,-1.1353046262233684,0.16449140531177073,0.6914721942469753,-0.20347313200104175,-0.10846742647487503,-0.15419534225054646,-0.5838681799918696,-0.03136038381271395,1.0769055162731151,-0.5279688103583062,0.02574006885784882,-0.310607213342531,-0.317914878002305,0.37184101162956695,1.1355760187962816,1.4203332657614705,0.9601536455174247,1.1426645252347687,0.7851746847493563,0.34693074890730496,0.4880322415106493
01638480,-0.15831856068923372,-0.4130802408239464,0.3247230703170786,-0.4577052183873073,-0.3468739168449026,0.1691890361288743,-0.555804061138405,-0.01843401632200416,-0.4317415570830264,-0.9887927574569624,0.41953823434762755,-0.4414539817163879,-1.4586691989123584,0.06721160627610762,-0.3223460583542085,-0.2517422866453383,0.9108991359941895,-0.021221535191158263,0.4802207370965685,-0.5434615225030177,-0.3559896292239602,-0.44179340153221613,-0.48011497330148684,0.06056369925171211,-0.3623845542971281,-0.29841459198804116,-0.4255856870119654,-0.6059107714131344,0.48699618677875,-0.18142703482765626,-0.2550460229815192,0.6616913063152913,0.2748020237593205,0.1325235558485423,0.41174687833994755,-0.10846742647487503,-0.15419534225054646,-0.5838681799918696,0.0019255205130775293,1.1233525632794148,-0.7677407313129815,-0.6219617866786777,-0.32939742045317383,-0.33584624363866905,-0.46597808797477264,-0.13329230611318704,0.06925129626565459,0.20182487833133028,0.6679679967148552,0.6638993456067287,0.060292075706816675,-0.9781465907030994
01639500,-0.017358525172949425,-0.45420332916106965,0.21700263381307866,-0.4008007022256185,-0.44257276559674613,0.18018960233454065,-0.8605062336617334,-0.0967472858469953,-0.5366120433355646,-0.7921416528462615,0.8026074972695594,-0.3829902653791772,-0.8218583573719032,-0.20406773786998644,-0.2289762783132071,-0.1472876669676605,0.2944070970314579,0.44387547166750413,-0.1644107154898583,-0.05985274123147271,-0.295595348085388,-0.6068891673201698,-0.5504320714815117,-0.8343927290042551,-0.5787690762920866,-0.29841459198804116,-0.6507377666189811,-0.6041456888109853,-0.7493885414676139,0.856059705489162,-0.4577480830984582,-0.571619031185796,-0.8486207546925232,1.3576623689537686,-0.6349304745046084,-0.10846742647487503,-0.15419534225054646,0.07121409511387411,0.07063855014909824,1.1442573425327578,-0.7141527375179537,-0.7339212595629125,-0.3087270175090708,-0.31634749183448196,-1.4014801319276002,-0.7884327629134927,-0.6231282532896261,-0.17463633665579886,0.3831668276573933,-0.17775578915855847,0.03833432119295271,-1.0904621917742263
01644000,-0.1489419303788911,-0.4140809381599911,0.3753446895242237,-0.4587214332015475,-0.35311414920050754,0.24619299956853793,-0.6528255525120457,0.004348025721629951,-0.4612547643649095,-1.1563995931263662,0.35939081313304444,-0.4480287743476316,-1.3034196032320666,0.10790772948756774,-0.3176265935978177,-0.2476084453881023,1.1360161298906204,0.13787921951292909,1.1253817665141763,-0.5665752191610324,-0.3262319368452917,-0.4951055759012429,-0.4854659675092632,-0.033066253160936504,-0.311365300532334,-0.29841459198804116,-0.35401416501768224,-0.6034450639371356,0.18454767361312352,0.07269781050611451,-0.3733091055340574,0.4487693200922665,0.0023437278558520788,0.443670812771407,0.4269781515553648,-0.10846742647487503,-0.15419534225054646,-0.5838681799918696,-0.0432033522530967,1.1232841018851527,-0.7279568622253624,-0.47202184707456385,0.03910333606908539,0.030120881180469787,-0.056192769238120846,0.09982761800276659,0.3134199510072916,0.3532760184470698,0.7567217052319847,0.12297228796901616,0.09246511538524756,-0.8135790213030321
01658500,-0.0280638592297902,-0.1836270435726233,0.2796566168701518,-0.5324829723346776,-0.3607782453445566,0.3231969630082008,-0.569169303642516,0.06699864134162253,-0.37747621720141705,-1.0641845732912214,1.907463636025636,-0.455193183532494,-0.06717282281493013,0.3994507034484969,-0.34850587117387044,-0.3859107583357348,0.08989756452209247,-0.7147554330648521,0.092042694558615,-0.585730986945932,-0.3579278151084645,-0.2784173833045537,-0.5400890188692319,0.22046420239798895,-0.4733223588306114,-0.2134909445136845,-0.5910948316237452,-0.6079577148818031,0.7658035338928006,-0.3735706154931807,-0.06883442092445519,0.7970450611588004,0.528869917575823,0.0660084101983382,0.09093140719916024,-0.10846742647487503,-0.15419534225054646,-0.5838681799918696,-0.12620399096913257,1.1324671802560449,-0.8422193912550735,-0.8342697242993993,-0.45434818481056277,-0.4587456948723787,0.9673312685232343,1.4371433510194225,1.7096043112585306,1.0099715541906005,1.0095369878536944,-0.5600047268098971,0.9301910790073076,0.9511855060350248
01664000,-0.07706381346309736,-0.38805792344577716,0.40852384434641487,-0.4663725390072095,-0.3895603568147285,0.2901952643912025,-0.7694275055695722,0.025706190137536625,-0.4693627696252774,-1.2816424973400642,0.34798265308663684,-0.45317594775956643,-1.2991071144631698,-0.07032778109207946,-0.24507174605777765,-0.1406506158440932,1.0013544137113435,0.45701774855691263,-0.266700316361434,-0.4156917172095009,-0.3578780174066596,-0.6825580599729818,-0.5305169511142539,-0.44953714538602996,-0.4134437727385971,-0.29841459198804116,-0.37339811889113406,-0.6048800425131223,0.04119277747076885,0.13483025666262163,-0.35376718223544484,0.3033896821799344,-0.01873299434271877,0.6701485695708717,0.13764736766674124,-0.10846742647487503,-0.15419534225054646,-0.5838681799918696,-0.13708485024969203,1.108721561525482,-0.6912518854687966,-0.3367692640264038,0.47738286046063605,0.4658659327469861,0.3015307604776333,0.8041293938443114,1.0420156815149595,0.7857126327509814,1.0179034953773023,-1.4554605477832374,0.1863465020487408,-0.3333685168113103
01666500,-0.040278422158646986,-0.23287423337896693,0.4280851096334167,-0.46903393434081503,-0.3673541716125877,0.3231969630082008,-0.7779531175406228,0.05987925320298698,-0.4676828842274963,-1.8087787696766902,0.980676963255123,-0.43710624680816684,-0.8563582675230791,-0.30977634007070526,-0.17882438432532058,-0.02835727973045862,0.5142480766035447,0.589148444328853,0.0015625096699044077,-0.08864217692148268,-0.36353577055301395,-0.7410294770228822,-0.5453803216702005,-0.7620423112308446,-0.47548468858417603,-0.29841459198804116,-0.39874636626410914,-0.6058791028081343,0.22406638197720805,0.2124292095640668,-0.38240090676130367,0.4892653550529172,-0.11612196140302762,0.6532821991660124,0.23362747719510463,-0.10846742647487503,-0.15419534225054646,-0.5838681799918696,-0.17655821108835978,1.091331133844261,-0.7097125167595338,-0.4501714118884934,-0.19358264954557267,-0.1999632204177682,0.4673770780802859,0.6939241223663574,0.8833565118549125,0.7473351486376688,0.9047145032891035,-0.9587195686894064,0.1568015439905699,-0.48449324684054484
01667500,-0.03526545294708142,-0.17876339157403534,0.41746969145555646,-0.48597352490106277,-0.3551179920139012,0.2131913009515389,-0.6249157217325083,0.018586801998901066,-0.46586336481398666,-2.1897141037001187,1.0651194854230805,-0.4482461595396141,-0.7269836044561693,-0.21031569039622747,-0.2173187586321063,-0.11133787071863951,0.657580157752736,0.4464686674305361,0.196123999213289,-0.20220268968311864,-0.33677172768680536,-0.6877173026538554,-0.5403501605332968,-0.5857261670771555,-0.49071431426356077,-0.29841459198804116,-0.43304105388636993,-0.6038298996690237,0.028773408625206255,0.39249339040186554,-0.46064277653478425,0.2403111092237275,-0.3646169634770352,0.8064150873160478,0.20571181105294434,-0.10846742647487503,-0.15419534225054646,-0.42726865428318145,-0.17170349660525908,1.0987669047381754,-0.7200433455728202,-0.4829087588668485,0.24509054084860873,0.23550110526794396,0.4394676654092894,0.5898982072721156,0.7632070004932946,0.6581634388819791,0.8135642866650795,-0.701027458212594,0.14147463738053587,-0.5628915515214267
01669000,-0.04307073821317476,-0.1969671833980695,0.38865119323115993,-0.6709619752910707,-0.3555640235168438,0.23519243336287157,-0.971709553362152,0.010043536232538074,-0.4414464870161217,1.0607559662739108,-1.0813163331807125,-0.455193183532494,1.345885997126983,0.747816272681857,-0.3466094589972475,-0.37355141948518267,1.3020393035239783,1.0923217949086566,-0.5208606042502433,-0.38467361662245436,-0.5150305376604795,-0.804660136753656,-0.5138848444515318,-0.719483241952368,-0.49630868585038723,-0.2661196837935676,-0.39874636626410914,1.522254141980369,0.7658035338928006,-1.5595914460950333,0.9445347789793939,0.4086359085550433,1.8427619170828387,-1.2570845285102163,-0.2524183452582742,-0.10846742647487503,-0.15419534225054646,-0.5838681799918696,-0.2626007278665917,1.1650375343839308,-0.9115580821816882,-0.8934225816989874,-0.4235012219178565,-0.42855596577423416,0.7252707855497833,0.901851123868246,0.7100270220220868,0.6680183620225415,-0.042391105745131163,0.30419722705466784,1.9982576430177548,1.4874356688926877
01669520,0.01094509692727051,-0.1751691049926463,0.4152922765126932,-0.6925376829858775,-0.38123967866541253,0.3781997940365317,-0.9217478461942171,-0.05403095701518195,-0.4577193997770483,1.0607559662739108,-1.0813163331807125,-0.455193183532494,1.5816353831600183,1.24199554479113,-0.23358766821084703,-0.17505693072546213,1.5113386289479858,0.6565825576362204,-0.11299304529833604,-0.5581709885259201,-0.3917098616585409,-0.7737046806684147,-0.41775347574276983,-0.3936023686200321,-0.11456047831081723,-0.2625313606608484,-0.18701394703102203,1.683562834301055,0.7658035338928006,-1.3261399483195366,0.38238149318481457,0.477695063897354,1.5659119096959693,-1.0596935865296153,-0.067525348932346,-0.10846742647487503,-0.15419534225054646,-0.5838681799918696,-0.30932927514400965,1.177630113542942,-0.933848244842868,-0.8748227279538997,-0.3027280176779369,-0.31020076473604147,0.7781376537823439,1.3326771853593544,0.8877273889397406,0.8105110560621651,-0.4070658445155606,0.7220032025930039,2.1722083010126783,1.71623392039167
02011400,0.02186783758689097,-0.44023041828477194,0.2141438827984511,-0.2383293394567716,-0.4601764439150055,-0.18282908245244325,-0.6691178213513598,-0.5125195531433118,-0.6868202947735985,-0.9032711048724337,1.623363465189437,-0.4264776523356115,0.9189496090061811,-0.6669228155571607,-0.3247542542998278,-0.3654133211068278,0.9182738530888023,0.3099978697938236,0.2077418741937299,-0.16987164902424326,-0.3704737564671773,-0.562175730752599,-0.4792959500644555,-0.41184196973937925,-0.4262392461140013,-0.29841459198804116,-0.3301569910195884,-0.6115742524361688,-1.2829908551852396,-0.30963890744309625,-0.12594243330512558,-0.8254577800561204,0.4884126788247835,0.2378171237377332,-0.13726816240046763,-0.10846742647487503,-0.15419534225054646,-0.5652725356070316,-0.23086264785780186,0.9811835349389659,0.03109187894395089,0.5885327134551693,-0.22615116674829092,-0.23288417839790296,0.9547183608738414,1.0783981488544996,1.3500463543774721,0.8983804077254237,1.0978974037913345,0.8128739782541097,0.34857823622861916,0.49645926571288557
02011460,0.10390000753102853,-0.487631316696157,0.17653778263525885,-0.14130636081457587,-0.5154365454952303,-0.39183984036010144,-0.7406699260945167,-0.6506356830328414,-0.7376263643606698,0.6019122464552281,-0.4653314254931758,-0.455193183532494,0.5739505074944221,-1.3840020156296124,-0.02322437235154989,0.17656186525639117,1.086781207432979,-0.27689275490823395,-0.2572479147883424,-0.4225514469304898,0.002791894567407188,-0.4108379454469748,-0.49235486265785594,0.04354007154032153,-0.2682660031281364,-0.29841459198804116,-0.5418894102526755,-0.613773498246256,-1.5202119673894736,-0.2650274708274887,-0.06362494704497884,-1.065750239318509,0.4494524501769125,0.35965526301817086,-0.336692153253513,-0.10846742647487503,-0.15419534225054646,-0.5126876839294077,-0.1918693814102632,0.9881394593037269,0.15134679759319156,0.6559326718130413,-0.37385230069054826,-0.3346590071011016,0.9539132816621781,0.9752247524824839,1.2631881987730578,0.8628442074453267,1.1229699536976459,1.0150946386372812,0.36060583447564576,0.5579813546743734
02013000,-0.15700441542060548,-0.34561223927288526,0.2867742876898996,-0.39200533362069606,-0.3276729612467091,-0.061822854190115815,-0.9405918456230874,-0.34307811544378575,-0.6733238705776646,0.29644012306305717,-0.4184539662015453,-0.22808507281365564,0.5696380187255252,-1.1058836964210097,-0.3350234904626679,-0.28022427848649456,0.5893050786996488,-0.22311679721671734,-0.2962263231545748,-0.31684879059536025,-0.3265036458311284,-0.25950016014135063,-0.45351452295095923,0.06481960617955988,-0.1944772695088294,-0.29841459198804116,-0.4166392467626797,-0.6113013646202163,-1.3693610784111934,-0.26598457699119926,-0.16549745889032322,-0.900949227248437,0.44279316572403493,0.2770428133552482,-0.11744955020264972,-0.10846742647487503,-0.15419534225054646,-0.5703783968397506,-0.27684608864018634,0.970972302115506,-0.08600781120073922,0.5234328009063574,-0.2161273727111563,-0.2175319817914269,0.9276140274145083,1.2043118560324813,1.5042537641432163,0.9836374580633294,1.212768356877003,1.03307626081235,0.3616753380909512,0.5634519478227149
02014000,-0.09440199003529744,-0.4303565949704949,0.3050684132788313,-0.3922328591734263,-0.39138099862942194,0.048182807866546065,-0.8626615602170312,-0.38437056664787167,-0.6616395801535259,0.10206774649067318,0.20884328106713976,-0.4230921560944497,0.5509505673936383,-1.2956863623532915,-0.2775858565557168,-0.1976015993302883,0.9825895597571253,0.3154938643479272,-0.16253327733118594,-0.11123254276359848,-0.3422149195205557,-0.5656152258731814,-0.46683764008005324,-0.39542632873196687,-0.46965535964955274,-0.29841459198804116,-0.2839337163982803,-0.6109340275447879,-1.0420685232156894,-0.27829885708891366,-0.14493103862098283,-0.6192814785735054,0.45876217110684187,0.27117020997485464,-0.10952974467606277,-0.10846742647487503,-0.15419534225054646,-0.5838681799918696,-0.29103575846441,0.971263417233449,-0.08700018145620281,0.5822276423177662,-0.232579086253933,-0.24027077813656172,0.7236606271264564,1.19224619963765,1.4838749195817673,0.980602338307706,1.2044506102546262,1.0330762608124153,0.3616753380910158,0.5634519478227811
02015700,-0.04410147844602909,-0.4497781744520976,0.230895214281464,-0.2412192035263822,-0.42628494165557856,-0.11682568521844676,-0.5140694451461456,-0.34165423781605836,-0.6155416486795091,-1.153301635890528,2.023338203797545,-0.45023575080585887,1.055511753354586,-0.4904603725863119,-0.08976761356949671,0.1587683385946519,0.3943015138516899,0.4165989077305817,-0.2672244692376977,0.41207424785843816,-0.21852002746072569,-0.6051694197598786,-0.5126978542529363,-1.1639215225604604,-0.7057580775723026,-0.29841459198804116,-0.34208557801863493,-0.6065581948208386,-1.6650324838013357,-0.5442709546905785,0.14551833758798863,-1.2074281517475134,0.7926547521200824,0.11647617872854055,-0.43908142166146735,-0.10846742647487503,-0.15419534225054646,-0.5838681799918696,-0.20147126923285294,1.000372461950532,-0.007508779454461789,0.47815725440363643,-0.29801577687032726,-0.30514185042571695,0.9434472519105543,1.096293473485991,1.3392041976107982,0.890262987459889,0.9896344193099342,0.7391329300771694,0.3441922961364814,0.47402484522640587
02016000,-0.0800512131210277,-0.3847859053623701,0.2688698984830033,-0.37152680227874935,-0.38684404474787376,0.13618733751187603,-0.7277414140781129,-0.3089050523783346,-0.5866232935222069,-0.18686738087927057,0.6712302484793012,-0.45400722865971127,0.64870031282197,-1.1394875491972778,-0.21922506256695684,-0.08424237885759324,0.5212354845352847,0.03893103780648902,-0.04733226002597592,-0.03710600086174532,-0.2450726425222733,-0.4624303722557103,-0.4928581609335526,-0.39846626225185805,-0.32361306815391755,-0.29841459198804116,-0.36445167864184835,-0.6071043489909708,-1.5119576998736792,-0.22721413283814218,-0.06590214589220336,-1.011701042635485,0.4397797961141512,0.4542594178148283,-0.3367753333015239,-0.10846742647487503,-0.15419534225054646,-0.5838681799918696,-0.2789777077368012,0.9887050367680366,-0.14552458113738215,0.4292213286690767,0.2361596106396728,0.2262429996572577,0.7840415680012085,1.2319221030916832,1.4521198328206049,0.9611868825295827,0.9195362699896714,0.8723645254851009,0.3896232700442594,0.5638909614881484
02017500,-0.16478834825250288,-0.3393423471617151,0.3445972227557181,-0.43002939669315393,-0.3207635040654829,0.048182807866546065,-0.827753365144196,-0.30463341949515393,-0.5985053236056178,-0.46433145481475374,0.9671251608718171,-0.40194864447108825,0.624262876464887,-1.0558156444201912,-0.21054250303769428,-0.003006439351594572,1.3631616839898646,0.12094502261913667,-0.23533193439656536,-0.31196861403325865,-0.18469189599221936,-0.38676147960289825,-0.43185751912575043,0.14628982451264388,-0.1232362505372711,-0.29841459198804116,-0.3316480643944688,-0.6051394593814622,-1.0863165826298218,-0.3042395920567571,-0.08583282403623367,-0.6896219449267121,0.5046423710297475,0.30073755259929447,-0.22735876867070268,-0.10846742647487503,-0.15419534225054646,-0.5838681799918696,-0.33381600946917955,0.9672895725196562,-0.08161848122465085,0.49734941557196494,-0.3034565935634027,-0.3054576670416216,0.7926290795922843,1.1175181127839091,1.389494583367581,0.9061803584697675,1.0859593320243415,0.9446319539794382,0.3564148835565016,0.5365443187859917
02018000,-0.14318744936139022,-0.30016359976259877,0.33283591187225736,-0.455687227112544,-0.3231195699795202,0.015181109249547816,-0.5989932782840622,-0.36016464697651096,-0.5896538860522452,-0.138395661880673,0.4820223538285961,-0.3872552345651691,0.5207631460113592,-1.2214708181564613,-0.2463871422589985,-0.09712887547957516,1.009172791712355,0.11291629876799271,-0.6423428589841904,-0.21140750233506317,-0.22879503277939223,-0.43147491617046907,-0.4607199627633991,-0.07258538891952201,-0.09950275552886056,-0.29841459198804116,-0.3719070455162528,-0.6075277614728488,-1.185794729724299,-0.3297129089472711,-0.06406716260893412,-0.7828503709955009,0.5369473624974993,0.2862801601050156,-0.26102337310313084,-0.10846742647487503,-0.15419534225054646,-0.5838681799918696,-0.3031437390086971,0.979333226985935,-0.1408935199452193,0.4408089925615196,0.03509029308704383,0.025997719806159034,0.6605960888794932,1.139831321949811,1.4038519871255843,0.9311389087058454,1.0542798321155602,0.9785380476875467,0.3584402774131063,0.5468711501617679
02027000,0.14900605421800303,-0.25690584337456,0.3098155506204076,-0.42860925994011645,-0.47747901261923814,0.18018960233454065,-0.6146789267843261,0.16809395291024778,-0.41826050163832035,-1.3096636990181956,1.8480473370910415,-0.455193183532494,-1.6326062459245367,-0.13432707859059878,0.09608752144429415,0.37047965592222853,0.8504464673878411,0.4843241605556831,-0.07582580505531185,-0.18499127642551239,0.006962587424814476,-0.6963160404553114,-0.5046856704124161,-0.3936023686200321,-0.35426866184877415,-0.29841459198804116,-0.6462645464943383,-0.6120067373047583,-0.6630131857276553,0.5923851191286144,-0.49308099361866703,-0.23474886398922842,-0.48715010155941496,0.9552851668222733,0.022545151073043074,-0.10846742647487503,-0.15419534225054646,-0.5838681799918696,-0.29364555157459016,1.0366773542969516,-0.47326121935198645,0.2409953248210899,-0.324244508747097,-0.3314715986628046,0.8081939443511095,0.974374577782688,1.2151862059243204,0.9160980085552718,1.0650705863936412,0.2443661150718723,0.3147647566075876,0.3235007199941599
02027500,0.2891381976263572,-0.26414883095040864,0.3024061833312327,-0.37787911676010005,-0.5460782768765546,0.26819413197986985,-0.6593262138828963,0.18518048444297217,-0.4276332830210756,-0.8128607094086457,1.1762838867807024,-0.455193183532494,-1.6728561411009089,-0.18093342716471716,0.22770445241918602,0.4985424655596782,0.9640468317092605,0.4933806299915975,-1.3779744652992274,-0.16639405630146634,0.08068048947131606,-0.7307109916611351,-0.5043477415701627,-0.40758606281153165,-0.4011539343847267,-0.29841459198804116,-0.6000412718730301,-0.61047113866476,-0.8213086930534624,0.9756045359289618,-0.5975958873411709,-0.45487552113658614,-0.975920386186773,1.2432171539174635,0.053208917158361985,-0.10846742647487503,-0.15419534225054646,-0.38840093573649054,-0.29615356467385134,1.0338507005140383,-0.5202206887483415,0.13413041732643752,-0.3932418202231065,-0.39781648182618157,0.8081939443511095,0.9058236838668403,1.1459060168245478,0.8976968767089955,1.0693583447038475,-0.1155509674410117,0.29335775466011943,0.21400226060280783
02028500,0.0487262881177047,-0.34301455537994674,0.364218945116723,-0.47886455087904145,-0.4481321702641667,0.059183374072212414,-0.5374706791663887,0.10971497017343589,-0.4024839808280583,-0.8952966925642636,0.38460105597509825,-0.455193183532494,-1.4270442812737805,0.09878909607089105,-0.042904545193472636,0.180385408515532,0.9804539367387638,0.4274636895954365,-0.13256962754060603,-0.3637159085815939,-0.10595436800419965,-0.6447236136465758,-0.5085068657825106,-0.29389254916760094,-0.2879376223111735,-0.29841459198804116,-0.54934477712708,-0.607625753250092,-0.1407230548262032,0.25293657107808987,-0.41622519709413786,0.19046028272604834,-0.1684348868684212,0.7373086971668164,0.29322210731688647,-0.10846742647487503,-0.15419534225054646,-0.5838681799918696,-0.26403909066241515,1.0464432796730485,-0.48593302415252004,0.4387224405782501,-0.3214947223406614,-0.3286175522079627,0.8717952020725153,1.0400676936854925,1.2921258184781657,0.9502188235714889,1.1449328811411568,0.20237121988547718,0.31226700130070234,0.3107245097265868
02038850,-0.07664744099615413,0.18394248929152804,0.18777848253881224,-0.5513450111291112,-0.22604383753271548,0.6202122505611881,-0.8177231218808612,0.37028457604749665,-0.3045073613242798,-0.035550679142914356,-0.004087111259352597,-0.455193183532494,-0.38485949545700837,-1.6907427119516665,-0.3927586520766602,-0.45114334623441416,0.10470387734008267,0.5470090430042047,0.45376571777322233,-0.33536141080970977,-0.5060270929520075,-0.6567618465686141,-0.5432022121501063,-0.7839298325740615,-0.4514454531376142,-0.29841459198804116,-0.5120679427550576,-0.6062934207552504,0.7658035338928006,0.5696854512401754,-0.758216717715778,1.184254364290885,-0.9140147108896177,-0.23049960868800923,2.924833493619933,-0.10846742647487503,-0.15419534225054646,-0.5838681799918696,-0.3512568785101327,1.0580083211488098,-0.7417482642371882,-0.7723552414972188,-0.45278527202399904,-0.4586813618580278,0.7794794524684497,1.4361564162269247,1.4143209034764799,0.9643058236552877,0.3806213370376082,-0.8094807394798067,1.644176301253776,1.4381307404579031
02046000,0.00789946335788238,-0.06905584422268211,0.3264723228628976,-0.6504646657163045,-0.3502127762578766,0.4222020588591971,-0.7697994416239593,0.15670293188842993,-0.431866893778829,-0.4251652993679167,0.6952108329856282,-0.455193183532494,-1.606731313311155,-0.13534026008133965,-0.41284142104571436,-0.5358844747085096,0.8708817720498082,-0.3035971688484349,0.5965675580281387,-0.5807295762390386,-0.4044243219401152,-0.3437677905956186,-0.44609400807096955,0.1864169469752076,-0.11326687218572411,-0.2948262688553219,-0.5254876031289853,-0.5967615543940862,0.7658035338928006,0.3186592121866156,-0.5769707188842058,0.8002159789691987,-0.35656982597614295,-1.27504658093166,1.054416035926933,-0.10846742647487503,-0.15419534225054646,-0.5838681799918696,-0.41814939021498965,1.12174217859096,-0.8559599024845679,-0.8520758733641137,-0.29618846154468315,-0.30248080301392777,0.7953126769644956,1.3475233509905788,1.0393577812975923,0.87848966099197,-0.1486036978581535,0.47390582142386894,2.0689146546123443,1.580371222545287
02051000,-0.06158135753611611,-0.12314734745108905,0.23794125636558336,-0.593148005641084,-0.3233640763498483,0.6642145153838528,-0.8891799219057038,0.34465477874840933,-0.3449941511024074,0.5244658934996206,-0.4343743042779318,-0.455193183532494,-1.6728561411009089,-0.18093342716471716,-0.4909929985048044,-0.6641980809441473,0.23336030600910818,-0.5569188558717315,0.669807935788852,-0.5621466786083796,-0.5108261727187938,-0.30765309182950373,-0.5329953866489215,0.07941128707503764,-0.41607280826711585,-0.29243405343350914,-0.5761840978749363,-0.6062858900125964,0.7658035338928006,0.4757987182409136,-0.7394241968210788,1.1479979562434202,-0.7969059094120227,-0.36195132220753873,2.813352556537797,-0.10846742647487503,-0.15419534225054646,-0.5838681799918696,-0.43153826259481026,1.075655324866183,-0.7740511883220825,-0.8211939702415081,-0.380621005691005,-0.3877395923964832,0.802826749606687,1.1874627929540524,1.1816398567463966,0.8749566748322851,0.4406013187613896,-0.41881829831168793,1.6972350781423577,1.0914990435338374
02051500,-0.04782068425798146,0.34164552228306716,0.30585829804235526,-0.6151517450034463,-0.20046596188905444,0.5102065885045263,-0.9948244646273267,0.17663721867661078,-0.4191534470003344,-1.009574262894475,1.3305252351827939,-0.455193183532494,-1.652731193512723,-0.15788354825034281,-0.4367241643761121,-0.5577194512807906,0.5294870202591412,-0.1351257980660068,-0.7195020661900804,-0.44677064628150615,-0.46221038495809214,-0.40739845032639244,-0.5002103965555484,-0.20330253027484332,-0.3294088555963897,-0.29841459198804116,-0.5418894102526755,-0.6020031531129817,0.7658035338928006,0.3770633610116914,-0.6633828163961647,0.9777277859027396,-0.5556666019767289,-0.8917264216901145,1.9362096618015132,-0.10846742647487503,-0.15419534225054646,-0.5838681799918696,-0.4854163755449277,1.107607676137757,-0.821913969104821,-0.8348575750920821,0.3737429407531225,0.3651379776409529,0.7207086700170241,1.1128009305816573,0.9172600395614304,0.7874414925163422,0.018655043467222476,-1.0513941677464247,1.4307883680184905,0.8230637889083834
02053200,0.05403236801695023,0.017256761499096253,0.4619642474688032,-0.7515095389568829,-0.3535363009824708,0.2901952643912025,-0.6481435640805572,0.1510074213775218,-0.392978560204609,0.9828793356956433,-0.9717809795047736,-0.455193183532494,1.338698515845488,0.7186028730321381,-0.4120366940300361,-0.5562256435081954,1.3827907627294338,-0.6292716695670945,0.5873108410503609,-0.6015876487692128,-0.31960153485687404,0.2890993115915371,-0.021566694993429038,0.567016623665585,-0.025773438194754864,-0.29841459198804116,-0.22578185477792567,2.2686760509338564,0.7658035338928376,-0.9962465297561337,0.039892393318459854,-0.042458977452855914,0.5952416318746674,-1.263187868289506,-0.3869616711324458,-0.10846742647487503,-0.15419534225054646,0.654050888378563,-0.5518575985221243,1.157325450835698,-0.934026362581028,-0.9336010161660924,-0.1227756495798577,-0.13245449454022412,-0.14689836041885984,0.014761086504831149,0.017943908556748562,0.2991755964713318,0.15484620234717558,-0.4862740685474946,0.46484036590737166,-0.5141706192498238
02053800,-0.02103308498611105,-0.2160390898427347,0.3649871263121847,-0.4121594769450236,-0.373997564379201,-0.039821721778783126,-0.8046596038647902,-0.22204851708698128,-0.5374862816359814,-1.5112604331149606,1.1909574165947603,-0.17539418275058585,-1.1036076236065062,-0.7010332590787985,-0.3406744109725413,-0.37377464652282605,0.6254900797480994,0.6675995552757362,0.042299751257449295,-0.055375273509469254,-0.49628440050213424,-0.6859975550935643,-0.5122122673535106,-0.8903275057702532,-0.6318735677365406,-0.29841459198804116,-0.20938004765423548,-0.608516253500238,0.22289435309727662,0.19106623513712076,-0.5605227283437044,0.5621304061552932,-0.2566293658250539,0.13494914522597318,1.2839601739200193,-0.10846742647487503,-0.15419534225054646,-0.5060505672629322,-0.40412295248374996,0.95743853297772,-0.06837415512288834,-0.21285562244143605,-0.30077143888874236,-0.3038610385945481,0.6654265641494731,0.9492768493726904,1.1651058559190939,0.8172124862906324,0.8598470809961676,0.39366850287512134,0.32364490334646656,0.36892335271230275
02055100,-0.14285745719644868,-0.2216276671293114,0.34804721419449763,-0.5676303633990489,-0.3001598793488878,0.19119016854020698,-0.02174420014278408,-0.02128177157745822,-0.41010503727912295,-0.3643036342344868,0.5408239292731167,2.273815089456471,-0.5875464675951666,0.8032879592999658,-0.332231040578504,-0.28318751349953025,1.169244065839058,0.7935501303310014,-0.32629953968781084,-0.19156416465097978,-0.4724149750655095,-0.6825580599729818,-0.5262344205588386,-0.7425867367035411,-0.4557821526279759,-0.29841459198804116,-0.3405945046437545,-0.6114433120147715,-0.7996165882091513,0.6009125258616647,-0.7655664362094797,-0.17928914444226854,-0.913325020647137,-0.09794871857275673,2.706811319709151,-0.10846742647487503,-0.15419534225054646,-0.5838681799918696,-0.35083247506837323,0.977860381855322,-0.45729423639549077,-0.15714689158136053,-0.4477674993934522,-0.4531077834328957,-0.35058340096969054,0.4092963992017788,0.5548496958069784,0.4836754404846304,0.5819960473481324,-0.06759007904530687,0.10379930639880688,-0.7556037636108565
02056900,-0.055569676743001124,-0.14794744386497705,0.33345981961907517,-0.5558541978041803,-0.3341137983877401,0.19119016854020698,-0.33312127914714895,-0.09389953059154124,-0.44919322874503537,0.4399580828855889,-0.5632476540913327,-0.455193183532494,-1.600981328285959,-0.21622591575888722,-0.3093742207205063,-0.28893901352462475,0.502561906882931,0.87406573278242,-0.2120548217971072,-0.028432351246407164,-0.4924989906441208,-0.7375899819022999,-0.5467605811814875,-0.9857814182948366,-0.6574812671682538,-0.29841459198804116,-0.2526211755257811,-0.6057827433080303,0.7658035338928006,-0.1191457014700435,-0.5177127036246444,0.9838514027450872,0.004565145579422167,-0.4692171769129148,1.7248342389744837,-0.10846742647487503,-0.15419534225054646,0.8102964175886189,-0.42236461896910615,0.9834803838779949,-0.4279302549902382,-0.26952189221002587,-0.2905537496562821,-0.2974628278945539,0.731443059505869,0.7405620201634648,0.8650170915433111,0.6767164635164624,0.6131263233586441,-1.275449880577895,0.17563990074875047,-0.3881336049128035
02059500,-0.11209636403259161,0.7457567508368809,0.2633048217260735,-0.613245971025867,-0.038557105939647424,0.13618733751187603,-0.35088874910407775,0.04421659929798843,-0.40362311911294274,-0.21084872691144624,0.34241462087941965,-0.4394727639175117,-1.3379195133832427,-0.5770873900447293,-0.410800373661408,-0.4701518099444505,0.08139523093752501,0.6476475911540389,-0.8256897758646048,-0.18859780319107977,-0.5403987469817721,-0.6842778075332732,-0.5253838120004268,-0.9395744287924903,-0.519367609577541,-0.29841459198804116,-0.27946049627363745,-0.6065334414047941,0.7131953879150977,-0.10532908685128388,-0.5289571008369033,0.9414960331439834,-0.007552759727634222,-0.44623425076324363,1.7083159058468722,-0.10846742647487503,-0.15419534225054646,-0.5838681799918696,-0.39777226387788833,1.0034569253082348,-0.5601572301829549,-0.40681837092039835,-0.18050353727906518,-0.1880967034979435,0.5435912434510842,0.6996316866475856,0.867313400725517,0.5871239507469441,0.6606652560508417,-1.126763148735476,0.16679637174454076,-0.43336893510384983
02064000,-0.11501776525752803,0.25059612463810754,0.19897992465524514,-0.5755542342028258,-0.1805665561692054,0.5432082871215246,-0.5499060981369746,0.2820041631284167,-0.32965579850177806,-0.5890284905065645,1.2205091285834273,-0.455193183532494,-1.0504202621234435,-0.7397874510996705,-0.36600931695455796,-0.3728416964513504,0.17149663013964958,0.44685329171262494,0.3723825064025641,-0.1705653396896731,-0.49839895253876965,-0.6309656331642464,-0.5506815406079959,-0.9213348276731431,-0.5037301209901408,-0.29841459198804116,-0.4196213935124422,-0.6036075583343778,0.5469144322153502,0.4048632071518811,-0.7108441634391418,0.9411149066139992,-0.6818898522986121,-0.29658876421709407,2.5583597619413996,-0.10846742647487503,-0.15419534225054646,-0.5838681799918696,-0.40668089539968805,1.038031162949253,-0.7216464052162612,-0.7690541515765759,-0.21437056472926694,-0.22229847330924707,0.7231239076520143,0.7426901811456641,0.668046691230066,0.5339390904394299,0.10603899763423451,-0.8917337752536463,0.7167310451094676,-0.12763818822558246
02065500,-0.0885242472385402,1.635956321872779,0.18511358600457622,-0.570080072324219,0.19986155813122025,0.49920602229885996,-0.7727228975542456,0.28485191838387,-0.34034029744847116,-2.1986574924766495,1.1155952750931775,-0.455193183532494,-0.8822332001364609,-0.2315080699109085,-0.3614380626705592,-0.37854065778070173,0.03306928438319578,0.7652623487599539,-0.12771905123042185,-0.02647115935106313,-0.5453789218912353,-0.6997555355758937,-0.5109290442684715,-1.0423241817648128,-0.4671726812276528,-0.2972184842771347,-0.43602320063613154,-0.6047167210564112,0.7658035338928376,0.3131624822153601,-0.6962671386026275,1.0859366473624967,-0.5892385614318892,-0.6678769520928761,2.5893201914452866,-0.10846742647487503,-0.15419534225054646,-0.5838681799918696,-0.4158026888311487,1.0501272428075332,-0.7497890078455588,-0.7668029164831537,-0.31730541099923293,-0.32478096517030614,0.7145363960609384,0.9380972537258693,0.9545965363361711,0.6958977151013281,0.37010058369381577,-0.546132235659478,1.644228791803492,1.0217795853116185
02069700,0.1878053682938057,-0.12696915830539926,0.3198884928658416,-0.6110016479746345,-0.4634679483798925,0.23519243336287157,-0.7721306473857438,-0.032672792599275274,-0.4535556993827635,-0.6971544084168861,0.1707974641315231,-0.455193183532494,-1.3954193636352026,-0.5363912668332708,-0.11507573473827704,-0.05763718490303509,0.02117294332463853,1.3779808961603404,-0.0214565600449498,0.7171312491667826,-0.3966437356420177,-0.8098193794345296,-0.5686820865656175,-1.2551195281571963,-0.7750248055433294,-0.29841459198804116,-0.10947813153721561,-0.6065172731816288,-0.01385872667426202,0.46117461989775643,-0.6516671976360118,0.4102936426015285,-0.6292067021628173,0.19765856973188858,1.8341714063947991,-0.10846742647487503,-0.15419534225054646,0.06228600849171793,-0.513423161945859,0.9658845720139881,-0.49211625420579247,-0.49186382742238516,-0.3357842106749589,-0.3388581984014635,0.8717952020725153,0.9259877004579588,1.1365284236415905,0.8462274331929194,0.8801111209118513,-1.4049263088156394,0.33808860595716556,-0.018563452690409248
02070000,0.030225374446676643,1.7554976833915543,0.2941990620510269,-0.623461813727267,0.1352617715533653,0.26819413197986985,-0.45877083015259473,0.018586801998901066,-0.4087423110808748,-0.17429962639308783,-0.1751460176895276,-0.455193183532494,-1.595231343260763,-0.2809006675845676,-0.21780336478969142,-0.1556518986610866,-0.43316073639141506,1.1758258735930136,0.09869545878248223,0.60362915207555,-0.4769346023174569,-0.7530677099449204,-0.5654002190705818,-1.216208379102589,-0.5276436342182315,-0.29841459198804116,-0.14973711265899964,-0.604257060874445,0.4086578737511557,0.23199346349459235,-0.6537485523468284,0.7604416849452962,-0.4600507405904099,-0.33703155765163967,2.3131210315080963,-0.10846742647487503,-0.15419534225054646,-0.5838681799918696,-0.5139570269087953,0.9746568820193077,-0.5734906151537975,-0.7208970750871951,-0.3067116826000807,-0.30927086025587774,0.8712584825980728,1.1124284079819526,1.2902507024378098,0.8972162021616698,0.7905336416179367,-0.009590045428925656,0.7337670347660559,0.8172222960297336
02074500,0.009378604708984837,1.1441830298866258,0.2559897083278596,-0.6155574551111184,-0.016618344031831843,0.3231969630082008,-0.26819785404258795,0.005771903349356577,-0.38443287044599894,0.3162226987768508,-0.48022998409187573,-0.455193183532494,-1.3681069347655215,-0.09954118074179989,-0.3413360281130643,-0.3919790526114535,-0.5535836283043495,0.5928152588507897,2.2199259710799857,0.18052744453887745,-0.5713581798408385,-0.6688000794906525,-0.5564310243824434,-1.1596656156326128,-0.6249468949394379,-0.29841459198804116,-0.29884445014708927,-0.6056717238773502,0.7658035338928006,0.03170917376317892,-0.6525157303247583,1.0571561761741894,-0.3055058328928665,-0.7827350583391351,2.6884522713317036,-0.10846742647487503,-0.15419534225054646,-0.5838681799918696,-0.5040882066047374,1.0044511574483301,-0.6820915446491338,-0.7531000508395664,-0.2961825859327036,-0.30370313028659573,0.5859920819320213,0.7094100726019067,0.7299323803470802,0.6202519959098917,0.4054224511798905,-2.2543573384399433,1.0199052806955808,0.5307439980803518
02077200,0.014658479348070557,0.1323965001992149,0.21323940493825996,-0.6326766715188018,-0.29877596800655654,0.5102065885045263,-0.6597063695186082,0.08693292812980177,-0.446567701425153,1.0607559662739108,-1.0813163331807125,-0.455193183532494,-1.6728561411009089,-0.18093342716471716,-0.3752579372957823,-0.4633117530392897,0.33058777226839486,-0.9142245663691733,-1.236838491486059,-0.6373541077625079,-0.4010684226706771,-0.09956363703427042,-0.47565050993360564,0.4916262723722835,-0.2386414149545868,0.24701052418529484,-0.6283716659957677,-0.6057584690717155,0.7658035338928006,1.2529477338399038,-0.6018087525705855,-0.3337905138989134,-1.379444823133148,-1.7407270230994998,-0.8769581539304372,-0.10846742647487503,-0.15419534225054646,0.9450429792973406,-0.5466821809857483,1.0234180475055321,-0.7193690427069285,-0.8300108832497392,-0.3942112961997344,-0.39871129557124474,0.19284506690307934,0.34502440651685123,0.5157733196381981,0.4526086554240514,0.6149278852796959,-1.4164626760344863,0.568290342854134,-0.08316140139449117
02081500,0.006279590054088648,0.0075584407001627815,0.26268783758786113,-0.6590636045422313,-0.3281077404589661,0.4662043236818617,-1.0016726016548825,0.3005145722888685,-0.37140547909672017,0.14337128488665726,0.16210737263714337,-0.455193183532494,-1.0877951647872175,-0.1099262910219023,-0.42233849402485046,-0.5543321691333385,0.11280673316292159,-1.0509929418978339,-0.6162034918625442,-0.6199799866563718,-0.37190592645160836,0.09648758483892456,-0.46947503874545476,0.6053197860162141,-0.21689234384755265,-0.24100142186453244,-0.680559234116599,-0.5988170994836278,0.7581975210710907,0.719160974251709,-0.5989664678410224,1.0499859124354611,-0.7552683549832063,-0.00676307076169951,0.8602823110092888,-0.10846742647487503,-0.15419534225054646,-0.5692186094111291,-0.5857829885768999,1.0612636296075089,-0.7979825787134517,-0.8431513645609765,-0.21401802801049313,-0.2194678206778054,0.5596928276843515,0.4632963383271896,0.5188908796156524,0.49027839881912527,0.38250119083914974,-0.7699467432044863,0.6773265653446372,-0.17926322916453996
02082950,0.003824060120835915,0.6679412295126401,0.4161657623485086,-0.7113640975364283,-0.14414240354436325,0.4332026250648627,-0.9645283137543246,0.17521334104888334,-0.4091611862918641,-0.6040463065878966,0.6901240954124632,-0.455193183532494,-1.4327942662989763,-0.10317174775029009,-0.4302334243960181,-0.5691648379089783,0.6934077990367002,-0.23112051693827015,0.07596723937411902,-0.5349418850065054,-0.430766814781876,-0.38848122716318945,-0.4495362419167563,-0.008138798297828756,-0.3132466190698168,-0.29841459198804116,-0.2734962027741142,-0.5781415030082635,0.7658035338928006,-0.29343226857735427,-0.4467508723704003,0.9087782034330423,0.23029514759275038,-0.5681167965463606,1.4642468549576042,-0.10846742647487503,-0.15419534225054646,-0.5838681799918696,-0.5878646778568378,1.1048661365206829,-0.8647003943499962,-0.8414434139546546,-0.19493404030087216,-0.2024488141540548,0.369962493469019,1.3459985579083353,1.0417182282446762,0.8706321552805886,-0.24890952953783235,0.809357297537637,2.208577580495192,1.7640706325367386
02092500,0.37227292962747394,0.8656924811842772,0.5566808850475518,-0.8142209274267834,-0.3130333169418431,0.0041805430438814715,-0.35817087195180636,-0.008466872927914539,-0.45258896363134066,-0.8328834636153873,1.5821330629660206,1.0123965699739084,0.46470079201569847,1.135695920054145,-0.31692972738233266,-0.5208606786713162,0.8100036718687839,-0.5228248825308556,0.6965903936123539,-0.5724626774626682,-0.2867601003331553,-0.23198419917669166,-0.13967844310383923,0.16635338574392566,-0.11074552909987677,-0.29841459198804116,-0.10798705816233438,2.0526746989493043,0.7658035338928006,-0.4080206065482334,0.8451965720597431,0.8231960449672288,1.4998217547002437,-1.0214084753064396,-0.5284053335641882,-0.10846742647487503,1.0726027452915203,-0.5838681799918696,-0.8027856533674409,1.1304447936633826,-0.9383520790792022,-0.9258027615711745,-0.20273097739775242,-0.21809343355303515,0.1939185058519637,0.4018006847905924,0.11189077193380784,0.3536546713388997,-0.44074247422737606,-2.258615965862753,0.6076353576776239,0.2548907030239788
02096846,0.0627334849543517,0.7257521280726702,0.2704651024486629,-0.6805712211405561,-0.1676100571565006,0.49920602229885996,-0.8689393764534942,0.13107313458934255,-0.4216339963599017,0.12289579356746294,0.23780655327665723,-0.455193183532494,-1.4543567101434614,0.07523262641114702,-0.483076612018469,-0.7007232146929052,0.10490660876809223,-1.0614325043064654,-0.39558951909953227,-0.6373541077625079,-0.4923440837542389,0.14464051652707766,-0.47042460113655166,0.6703743633418855,-0.25421518079897687,0.19079346177269255,-0.6417913263696954,-0.6060333747979767,0.75349402548431,0.6870705465840101,-0.6126374812184311,1.2015768134332792,-0.7718158676955573,0.7982490481838453,1.2068534452219657,-0.10846742647487503,-0.15419534225054646,-0.5838681799918696,-0.625525202274601,1.0228358172696452,-0.7335548482818229,-0.8162146405849315,-0.45421304573503285,-0.46114941022676414,0.7408356503086081,1.1692086745442598,1.2803018087278435,0.8490877633222154,0.5206726039858409,-1.0212947334655935,1.0948095961742443,1.06345702081436
02102908,0.06901789456613887,0.41866816196936485,0.4028401788118882,-0.7580053068747791,-0.2542369779453237,0.6092116843555219,-0.4488781364369074,0.2634937539679633,-0.3570889226634143,0.9850666862132407,-0.9748575406089086,-0.455193183532494,2.188258803318195,2.4653277630708588,-0.09570650111448226,0.06057023269189357,-0.4030076717199708,1.4680464119276033,-1.7135140729408234,1.0187340660997624,-0.42131879875611494,-0.851093320881518,-0.5764392279175209,-1.2788310096123476,-0.8404433819604105,-0.29841459198804116,-0.4568982278844646,-0.6079577148818031,0.7658035338928006,-1.8702576785001677,1.417979061189441,0.5108488435843761,2.209627869263117,-1.5237154291894588,-0.4884713004391549,-0.10846742647487503,-0.15419534225054646,-0.5838681799918696,-0.7800080550746915,1.024600394287519,-0.830209166624849,-0.7579183051345378,-0.45411903594335984,-0.46086868434596007,0.1370262415610861,-0.12694428625564458,-0.5537867383972475,-0.23611454259708428,-1.0946714988781476,-0.11778300895607774,0.007705346400161541,0.06128370944296137
02108000,0.39182496540036377,0.7576455354266766,0.6004939410459648,-0.8280010557482148,-0.34876152763261814,0.059183374072212414,-0.3194300999225188,0.18233272918751892,-0.36925002752365826,0.7199927124029903,-0.6020246219785651,-0.19109820755192922,1.1877614089340933,0.8176413637521411,-0.2387788915213564,-0.3934179285978385,1.052047357345406,0.05276344974174405,0.15477584290885585,-0.469647469888326,-0.2827791557724532,-0.5879719441569667,-0.11390475723076739,-0.18141500893162676,-0.2845360622586367,-0.29841459198804116,-0.21087112102911673,1.1431934605967378,0.7658035338927637,-1.3868192379027013,0.8091523269512935,0.484577074231812,1.644057578035146,-1.1436130612482829,-0.5007395579902656,-0.10846742647487503,-0.0470568158055086,-0.37659230801820104,-0.847968296705421,1.1075731370559665,-0.9259728962770744,-0.9137159550562081,0.45645393058943234,0.4343427557150219,-0.5805676957681911,-0.3808490093904606,-0.3496022454751102,-0.02156096173474111,-0.04867478440505946,-0.901227745006959,-0.016319704304063036,-0.8720813936818079
02111180,0.3246832066167024,-0.12023415369531947,0.24710949282302794,-0.647099717915093,-0.5269465938514434,-0.18282908245244325,-0.8392590499862618,-0.4384779165015021,-0.5869714416589631,1.0607559662739108,-1.0813163331807125,-0.455193183532494,-1.6728561411009089,-0.18093342716471716,0.15134714896821622,0.33346729936821573,0.19939471561293298,0.8950552409267537,-0.1579291991143495,0.6053103658931781,-0.13461053231150355,-0.7513479623846293,-0.5433222013767035,-1.0781953972995288,-0.6400829577182919,-0.29841459198804116,-0.1721032132822131,-0.6057584690717155,-1.432894085276619,-0.07828972319582034,-0.1927247105847406,-1.025473603291219,0.22412484810506977,0.45880489344773967,0.032444905589470566,-0.10846742647487503,-0.15419534225054646,-0.5838681799918696,-0.6093613843140524,0.8873346820226021,-0.26509247422514814,0.21719967650659677,-0.3884649476837217,-0.3960619450711557,0.9673312685232343,1.1945715117310218,1.3529657088435105,1.0136938929919976,0.7630171324008728,-0.8324581517098723,1.635622406980223,1.4307273823208608
02111500,0.23050441330708613,0.2839561064901684,0.20905647483690312,-0.616048234167533,-0.381110435599562,0.11418620510054335,-0.7571201833197065,-0.18502769876607605,-0.503746442333355,1.0607559662739108,-1.0813163331807125,-0.455193183532494,-1.6728561411009089,-0.18093342716471716,-0.08162198332630821,-0.022799030671871192,0.030007305675038246,1.4374499055936867,0.3105060113463711,0.7221850237160292,-0.3984795831451098,-0.823577359916859,-0.5750593518116534,-1.2478236877094575,-0.5672246216302488,-0.29841459198804116,-0.19446931390542652,-0.6074313996452009,0.04778654268571075,0.21379939900674377,-0.3978048273758413,0.3326751907170769,-0.1593111512756709,0.577838395816002,0.5021939855819686,-0.10846742647487503,-0.15419534225054646,-0.5838681799918696,-0.5894643523680816,0.9017775691346434,-0.3885535121612708,-0.2172551656844351,-0.3284220688645664,-0.3361269695194732,0.9219784729328647,1.127060446795832,1.204765994527297,0.9448071478997555,0.5171221701166209,-0.46392413304401964,0.6891227024368176,0.6558921105890623
02112120,0.21347487646563162,0.02223861561342724,0.22446605861946048,-0.6158725051297829,-0.4384107813244504,0.07018394027787876,-0.7806066005382759,-0.07538912143108863,-0.45939377039823787,0.21817663532283402,0.10379175804579767,-0.455193183532494,-1.6728561411009089,-0.18093342716471716,-0.10458798007460877,-0.05444200662710677,-0.02269051004942614,1.2764904071517156,0.4393362354507042,0.6018442744543658,-0.3970524497567238,-0.7995008940727825,-0.5739303622704887,-1.2046566317270024,-0.7131465285558788,-0.29841459198804116,-0.2496390287760195,-0.6080844204017257,-0.17701651635811247,-0.0274448522989315,-0.3553215506049423,0.030665078529257827,0.05336939640389749,0.13038886382784615,0.783554951270926,-0.10846742647487503,-0.15419534225054646,-0.5838681799918696,-0.5750077500623898,0.9094532632931339,-0.3809071721159689,-0.21773478402070331,-0.2763582711136577,-0.2797244613012427,0.7016551286743246,1.1090090339337364,1.1736156874904653,0.9217927390598283,0.4810045666457406,-0.504490001272779,0.27096399988224673,0.09664692237065992
02112360,0.12948507653122962,0.13238789157267708,0.2625569899831642,-0.612386541458613,-0.36552572233854946,0.34519809541953345,-0.8497912087242253,-0.1010189187301768,-0.4693511840700231,1.0607559662739108,-1.0813163331807125,-0.455193183532494,-1.6728561411009089,-0.18093342716471716,-0.04068542108259177,0.12372189984472369,-0.250257713361758,1.6152973586245079,-0.218803163057785,0.9984105290849198,-0.4037768970994869,-0.8390550879594797,-0.5836570413943654,-1.2551195281571963,-0.7164144972601528,-0.29841459198804116,-0.13929959903483355,-0.6075617092053888,-0.116346249682191,-0.12851289945869485,-0.37183638400485,-0.2811996038862818,-0.10574223661562493,-0.251352017733584,0.5924519743724862,-0.10846742647487503,-0.15419534225054646,-0.03153676285574691,-0.5632723227656187,0.9240842650470668,-0.44982601408834894,-0.4770077555667263,-0.34508530443860735,-0.35164292288975163,0.6509351383395326,0.9856817998112527,1.0731746607344388,0.8498552116888003,0.5586233308124129,-1.457241230190738,0.2855651960167581,-0.0994710188823199
02118500,0.17015855199086757,0.1206871401065103,0.20055900015333852,-0.6701510454165628,-0.39070275114514247,0.3121963968025352,-0.583655234182729,-0.12807259365699158,-0.43673960813642926,1.0607559662739108,-1.0813163331807125,-0.455193183532494,-1.6728561411009089,-0.18093342716471716,-0.23226734303197338,-0.2678924250112996,-0.18960719862141884,0.9847522625843874,0.7966693332973954,0.2690732002294757,-0.45275576736773687,-0.7358702343420087,-0.549630206432097,-1.1329142006575703,-0.6683166029933691,-0.29841459198804116,-0.3048087436466125,-0.6052532369261552,0.7658035338928006,0.17787404238518564,-0.5928960264551865,1.0859066317228792,-0.3442597408322735,-0.2285408523709615,1.938124218201179,-0.10846742647487503,-0.15419534225054646,-0.5838681799918696,-0.622963418603534,0.9278872646598632,-0.5376635043924495,-0.5946553745868014,-0.23037573176159684,-0.2383524846177335,0.17701184240703316,0.4180102300981054,0.5750446686016811,0.5526325567334917,0.6114948269799401,-0.6258217850744681,0.3674276968692769,-0.4286185900202159
02125000,-0.017160529873988795,0.5248422011227116,0.22306061060727458,-0.7517085184670519,-0.16965484990364568,0.7192173464121837,-0.6185615350009049,0.3774039641861322,-0.2810088126281492,-0.8416214674488017,1.5944232754881567,-0.455193183532494,-0.08011028912162106,-0.7524522197339408,-0.3452864866244324,-0.3853833010713228,-0.282495364400956,-1.3518039839394955,2.191240827261116,-0.6373541077625079,-0.2843289098513549,0.45075558225890855,-0.4178544422871015,0.9354565662763977,-0.16381332268561974,0.250598847318014,-0.8803630663506388,-0.6037781527087865,-0.8135375620921487,1.090871397706496,-0.7182450408838831,-0.4662012053903644,-1.3150281742677494,0.7388166307555204,1.0794995864631491,-0.10846742647487503,-0.15419534225054646,0.02881057888333712,-0.7508298383594049,0.953174806684619,-0.7241654989416686,-0.7825299412821952,-0.3807796472144532,-0.3877571377640334,-0.6758354024816892,-0.05129984560749638,-0.010560149393873288,0.25922227476511644,0.07985552936978803,1.0330762608129862,0.03833432119395516,-1.0904621917733661
02128000,-0.01208544449019754,0.2708484735810791,0.17880266471152279,-0.7473835555554144,-0.2437470943160245,0.33419752921386714,-0.23325573411062303,0.028553945392990686,-0.33453086878015137,0.3370625153235155,-0.06342409112813832,-0.455193183532494,-1.2947946256942728,-0.3167841787150023,-0.3562968490825029,-0.410675490347302,0.16451282175087448,-0.5470210499806448,-0.01637879096952521,-0.5543838426448509,-0.3989750381106294,-0.36612450887940406,-0.5297401747849195,0.08062726048299405,-0.4428010547193321,-0.2912379457226028,-0.6343359594952909,-0.6044778271626476,0.49042657673523404,0.7446395621377054,-0.6366029805826687,0.9795848208111665,-0.8428340182989587,0.8401616492196319,1.2701264578963116,-0.10846742647487503,-0.15419534225054646,-0.5838681799918696,-0.7407478561456846,0.9842704653739391,-0.717804151150236,-0.7899914019392115,-0.30502538196194606,-0.31352853611474046,0.5884073195670115,1.0134866281421369,1.0946969198595324,0.778583160176693,0.4426455678782656,-1.5220570802758908,0.8053354948575193,0.09225529842317912
02137727,0.5130281758884495,-0.03799754764313841,0.16049566978932966,-0.6742797036004606,-0.5877030748432042,-0.6118511644734252,-0.4904239857234378,-0.48119424533331545,-0.5374674245149853,1.0504781570213233,-1.0668603473074558,-0.455193183532494,-1.667106156075713,-0.1828753583553054,0.16795400502296765,0.22805413917003411,0.11608994636568729,1.1646103596005326,0.6432696349043637,0.9050136216118949,-0.16701521836607516,-0.7891824087110353,-0.5574418638553461,-1.1839850837917423,-0.6345672738243026,-0.29841459198804116,-0.1810496535314988,-0.6054236044833483,-0.40343703212460275,-0.12512569286294672,-0.18994038583456044,-0.15152751419135874,0.25917882611542853,0.34517665481677723,0.12720366746021564,-0.10846742647487503,-0.15419534225054646,-0.5838681799918696,-0.6834034616916103,0.8467993689262353,-0.2000540544055419,0.4014164106161854,-0.2720867012045153,-0.2800110356378969,0.9300292650494983,1.1366691010412542,1.322272207853846,0.9650826329343679,0.7793309461198061,0.12119350741827223,1.9763018888048496,1.66464379289753
02140991,0.33325232668812305,-0.034276820317709754,0.23169842942817848,-0.6668668674157874,-0.5100110150353917,-0.21583078106944228,-0.7360208854098247,-0.560931392486034,-0.5815341155784768,0.8538800811127414,-0.7903404257757615,-0.455193183532494,-1.6728561411009089,-0.18093342716471716,0.13962668102276998,0.3062039798307836,0.14891950344385585,1.0030021050157758,0.002129828338204228,0.8927765945001115,-0.23182337034381234,-0.785742913590453,-0.5390764287432647,-1.1924968976474377,-0.6762042736379977,-0.29841459198804116,-0.2227997080281632,-0.6046248372108458,-0.06344580795937416,-0.3659498465721461,-0.07283682654937919,-0.17034294966854305,0.42624958077539205,0.051222256939042636,-0.2269188599032703,-0.10846742647487503,-0.15419534225054646,-0.3155351802495216,-0.655024122043163,0.8682839113381955,-0.2926243874664681,-0.051571435861560454,-0.15901054865782335,-0.16724695839238646,0.9192948755606535,1.3231877357699506,1.345701337041081,1.0180747816617859,0.380053635648074,-0.2672033064275285,1.837696441805902,1.5701134584056307
02143000,0.31676339465806347,0.23473683922034308,0.11419976727150284,-0.7195619889594344,-0.4369533520914258,0.23519243336287157,-0.0007520537347738982,-0.14515912518971677,-0.32397751442255984,1.0607559662739108,-1.0813163331807125,-0.455193183532494,-1.6728561411009089,-0.18093342716471716,-0.05850163887204767,-0.03527698887910333,-0.03624862068966504,1.0632474673047623,0.16315789382986373,0.4098932317111996,-0.3334217540357532,-0.7599467001860852,-0.5549633379789296,-1.104338825570593,-0.6917039588535433,-0.29841459198804116,-0.47330003500815393,-0.603334675641379,0.7658035338928006,-0.28048417852882335,-0.2935630712196456,0.34838283414832055,0.04622325833357926,-0.47651587346015756,0.6612898677438158,-0.10846742647487503,-0.15419534225054646,-0.0336673744155794,-0.6836703941730784,0.8873180292510248,-0.4581084889127941,-0.40586040757087843,-0.33840473361784407,-0.3427064823508201,0.0028463729505255123,1.1893881808050555,1.152470741147933,0.8617081142899705,0.28324158101157804,0.6440659221958155,2.0934848501868206,1.7208938583298734
02143040,0.558780618992647,0.04153920565893506,0.09239092152610916,-0.7036492708124534,-0.5879827823429826,0.4222020588591971,0.0750005687664234,0.06272700845844185,-0.28522833843790896,1.0607559662739108,-1.0813163331807125,-0.455193183532494,-1.6728561411009089,-0.18093342716471716,0.12251044266647665,0.12363309779093323,0.3040738700037499,0.6626623893140006,0.3267269601862162,0.3046789001809357,-0.049181065342730444,-0.6911567977744377,-0.5592534982353539,-0.8654000509071452,-0.5801544108515071,-0.29841459198804116,-0.4703178882583923,-0.6061641551920234,0.7658035338928006,-0.20437565250206174,-0.26785751148056053,0.4703376570809072,0.04345916270595481,-0.20601273449634835,0.4040289897649554,-0.10846742647487503,-0.15419534225054646,-0.10480087483151099,-0.7016739338404352,0.8772208987513345,-0.4428666996045218,-0.27696701188832873,-0.42665054993890233,-0.43272006633949556,0.8237588091099346,1.2756633776259914,1.3506529685406736,1.0025224892867872,0.46746791411755073,1.0330762608129862,2.3017214394779075,1.8865832595009493
02149000,0.399786511662214,0.3724966938279569,0.16898315126776015,-0.7281004352593999,-0.44365984962957594,-0.12782625142411233,-0.4284166016026243,-0.25764545778015907,-0.4367021113674976,1.0607559662739108,-1.0813163331807125,-0.455193183532494,-1.6728561411009089,-0.18093342716471716,0.016767279847592433,0.04524002982959945,-0.0331177065249022,1.281868048136937,0.6657626971533604,0.6983755819726976,-0.2778381690676328,-0.7977811465124912,-0.5716723831881605,-1.1882409907195899,-0.6773409584047021,-0.29841459198804116,-0.2660408358997097,-0.6045027940712366,-0.44895909482780477,-0.14007948003801077,-0.2521539420680329,-0.2363848690732144,0.21178101326881368,0.11814410027592112,0.5345052730838037,-0.10846742647487503,-0.15419534225054646,-0.5838681799918696,-0.7337903282294351,0.8436402764810937,-0.45230693972700764,-0.1411068415407279,-0.34593726817564396,-0.35345009574742825,0.9015831329040597,1.2705211426312337,1.4604595740525288,0.9862054714171788,0.8599110950855747,-0.4759753801959525,1.763192878506881,1.519301265147868
02152100,0.3656585278507452,0.5808496294215341,0.09375096847639655,-0.7256886309819496,-0.3776313908399546,0.4882054560931936,-0.0408317268684949,0.017162924371173633,-0.3251849557539834,1.0607559662739108,-1.0813163331807125,-0.455193183532494,-1.6728561411009089,-0.18093342716471716,-0.12405320253906134,-0.17989407938194643,-0.1223120315381856,1.0063090066061149,1.0089893589208403,0.29961299894122645,-0.34757984404727726,-0.7444689721434646,-0.5614941082478185,-1.0854912377472676,-0.7030939726503399,-0.29841459198804116,-0.28989800989780357,-0.6045219832299928,0.7658035338928006,-0.18942272528017523,-0.26495031173170236,0.5311697458783752,0.06589359299908572,-0.14629326304626614,0.41566715946097205,-0.10846742647487503,-0.15419534225054646,-0.1796357420717157,-0.7204225800028254,0.8701169497503314,-0.43907533632082796,-0.12900645291358395,-0.3746455083077893,-0.3809670805220835,0.7013867689371035,1.2759816507830952,1.4271540114101786,0.9988346855047836,0.7654316555404231,0.9349172186904701,2.249177066973902,1.8447748259071397
02177000,1.5007752824745033,0.04374456804705003,0.008379510880490094,-0.742124427895528,-0.8666336282968629,-0.43584210518276606,-0.5392920719034133,-0.6534834382882962,-0.5536839255432165,0.5726598623311862,-0.4249973481309956,-0.455193183532494,-1.6728561411009089,-0.18093342716471716,0.921664656993154,0.6664195329798034,0.25355699890715255,1.4888217283450758,0.401937027660145,1.9333721288667844,0.3492221495911655,-0.8596920586829739,-0.5721934552840829,-1.1973607912792634,-0.6448873166280668,-0.29841459198804116,-0.27946049627363745,-0.6077159129864532,0.06290328070800595,-0.4723871830308789,0.027804875758210945,-0.7905300610881205,-0.09452891381662643,-0.51595864079988,-0.41457186389146516,-0.10846742647487503,-0.15419534225054646,0.7211596144459109,-0.8508315796541175,0.7699677982538975,-0.06848865938313403,0.035425600383932165,-0.15620200613159219,-0.16425254899714237,0.8951424992107526,1.511518696358098,1.298961121042477,0.9984567003910261,-0.19789249838048217,1.0320677386048378,2.301361532633502,1.8863377993466162
02178400,1.3863534109760043,0.044644033854891525,-0.06781472737906004,-0.7072147510358413,-0.8401632069970499,-0.1718285162467777,-0.3685276688908181,-0.5125195531433118,-0.5529082419121932,0.8486195863066159,-0.8289369986634745,-0.455193183532494,-1.6714186448446098,-0.18042683641934598,0.8890521710424114,0.697051769616114,0.12311545843278532,1.4219619459186454,0.279514568364404,2.002495592376519,0.31748959399076726,-0.8562525635623914,-0.5742314261481332,-1.2174243525105455,-0.7278431212732098,-0.29841459198804116,-0.3793624123906573,-0.6076840309587703,0.7658035338928006,-0.6343344333640614,0.17599610344583055,-0.3086305257746487,0.048882160501589694,-0.7000369412374027,-0.5354561651624233,-0.10743204474953065,-0.15419534225054646,0.797955518626047,-0.8361618154387647,0.7561244109186375,0.04896726623787626,0.288906225527253,-0.3768253603522072,-0.38363397638972274,0.9074870471229243,1.147980103419252,1.3136612327260386,1.0136045179861577,0.7577226729939966,0.3343868607837564,2.0523832545292797,1.7165320635697787
02193340,0.01158761108371829,0.427655568081647,-0.05854415431567777,-0.8109662679301485,-0.2155806157006795,0.8072218760575137,-0.5287263503577485,0.5254872374697531,-0.20343399709527102,-0.6460077204987059,1.3192878363075886,-0.455193183532494,-1.6728561411009089,-0.18093342716471716,-0.5032592075071304,-0.7203697621682297,-0.3523942938972331,-0.5620272391792949,0.8370463990460277,-0.5753788039608644,-0.5954786355244317,-0.328290062552998,-0.5191743695240235,0.0003730155578666209,-0.40371448390409087,-0.27090411463719316,-0.5314518966285094,-0.6051586747598735,0.7658035338928006,-0.18296583379798134,-0.5158921322451707,0.9136365740496251,0.010259523060576023,-0.7817831301741978,2.1066905495668746,-0.10846742647487503,-0.15419534225054646,-0.5722516458458231,-1.0680934954158674,0.7976033810710499,-0.7525371100914576,-0.8212194367018409,-0.41408261591461687,-0.42019267390861104,0.6152432932891236,0.9626704092459757,0.7369258607142859,0.6378864510232938,-0.33072814161636527,-0.19473088110270906,0.04889541478550665,0.09405776604999523
02196000,0.04732188028631378,2.0153575609260987,0.046368978122593774,-0.8013594736389067,0.1923140930885903,0.33419752921386714,-0.7975061981038285,0.19514762783706258,-0.3473093741364655,0.17140533654670745,-0.12412811674004762,-0.455193183532494,-1.6139187945926499,-0.16269616033136675,-0.5962436221922727,-0.9196513293095555,-0.2512954123345781,-1.0365043305269794,1.9644908668107524,-0.6135095146878563,-0.573712077348966,0.21515016649901625,-0.41509986784687025,0.7481966614511002,-0.22787685690381831,-0.29841459198804116,-0.8937827267245665,-0.5886875073160037,0.2799477037908716,0.6335314507700849,-0.6460866207303662,0.6022304998152894,-0.7790653037382186,0.2754080155474266,1.3864286628894649,-0.10846742647487503,-0.15419534225054646,-0.425647365266808,-1.0591310933222617,0.8393050049471423,-0.7852853285217524,-0.826609625251787,0.36179782159867074,0.3512712888203987,0.6257093230407473,1.0207820695093957,0.5881723290828483,0.6490426422250763,-0.6702266763389747,-1.1914225687325777,,
02198100,0.043600733343977294,1.4700824689630834,0.2226313752536683,-0.8584423682897271,0.04719705336579621,0.9832309353481721,0.06324059693718723,0.7461882697674554,0.062029285432365626,1.0607559662739108,-1.0813163331807125,-0.455193183532494,0.9146371202372842,-1.1096831270112912,-0.44547013432899,-0.6179702223346829,-0.6380195982779304,-0.33315614026254786,0.19940667876443677,-0.29480976601823594,-0.4144210559888545,0.13948127384620418,-0.3322589962972008,0.21438433535820656,-0.4104175903945903,-0.29841459198804116,-0.8386130118539735,1.2881364031924045,0.7658035338928006,-1.4515340024703296,0.724536524563867,0.49446295416500635,1.7262961470256792,-1.138868619811702,-0.24199893367298303,-0.10846742647487503,-0.15419534225054646,-0.5838681799918696,-1.2111558628397694,0.8619034327468276,-0.8600184423755018,-0.8687532215745754,-0.4190063787534907,-0.42595925137679597,-0.5086472861929308,-0.31951645295338343,-0.4103509477629294,-0.09877203995390087,-0.29132668992596594,-1.2129835622010126,0.19241292567707582,-0.00040534084485563924
02202600,0.05930253700413681,0.6804907323563499,0.4216211350489066,-0.8714131106305244,-0.17758135916381163,0.8512241408801783,0.41604095787955525,0.46853213236066865,-0.01884968891344691,-0.13693203924257014,0.5968780786604406,-0.455193183532494,1.5226980366517595,0.8769969127514264,-0.5033550671162865,-0.7394836489919561,0.34445313496386565,-0.6990583369757563,1.9755830846510396,-0.6316667319441808,-0.3183276924780035,0.7499916577495744,0.21300760476501812,0.8868176299581386,0.26361814643566017,-0.29243405343350914,-0.5090857960052959,2.2207522323399127,0.7658035338928006,-1.8170843506694163,1.210527314872601,0.588358246108251,2.178861316269367,-1.366328769359694,-0.6541668233168344,-0.10846742647487503,-0.15419534225054646,-0.5838681799918696,-1.3589634832255955,0.8820853583598534,-0.9217489613435633,-0.9294228189074861,-0.11877435782177519,-0.10804303982196467,-0.06182832371976436,-0.4434448433427918,-0.5904502527434734,-0.17262159820630488,-0.5076260804868135,-2.390674709416446,0.41623077974971767,-0.033597636363572284
02212600,0.08093255285097492,2.2168851876637903,-0.10605385725675233,-0.8292708157161129,0.21936973926199338,0.8072218760575137,-0.3586706254805961,0.5511170347688404,-0.1255247299203165,0.44748030624070784,-0.23466764943854362,-0.455193183532494,-1.6728561411009089,-0.18093342716471716,-0.48872623303402307,-0.7191099213704295,-0.0218188862006942,-0.8398076102268773,0.2563274137967259,-0.6243162461149623,-0.4440903320701383,0.00706071170378293,-0.4328233541994592,0.49223425907626156,-0.11714481588073015,-0.16803885149923886,-0.7178360684886215,-0.6043486961165315,0.7658035338928376,-0.1887754803131851,-0.4536723717142577,0.7986021353261911,0.06819724474171775,-0.8375514173380018,1.6861449458600868,-0.10846742647487503,-0.15419534225054646,-0.515853989111317,-1.1800092591208506,0.7442164457022478,-0.7633259559457273,-0.8263916747954385,-0.3552736156111697,-0.36160284320244834,0.7714286603518161,1.510109382442063,1.3213056177048477,0.8956767758542175,-0.20246709226285126,0.5214835550523715,2.116004347781799,1.758849064387812
02215100,0.06854328818773785,0.669107883408544,0.0005545522844912883,-0.8685772191046013,-0.1866214177040189,0.5872105519441899,-0.6310362986578468,0.47137988761612193,-0.21336562171058335,-0.33628876553068165,0.19720370217101918,2.2955268966815328,-0.531484113599506,1.136371374381306,-0.39715048922862334,-0.5336010348419847,0.5205631520565959,-0.04370802689573543,0.49319622653896805,-0.5030314216084482,-0.3591335005901086,-0.24402243209872998,-0.370094677932426,0.1493297580325351,-0.19641326587557964,-0.29841459198804116,-0.7953718839824279,-0.5967984445439634,0.7658035338928006,-1.2873194088602968,0.4050730850845257,0.4503239128454295,1.439059623019282,-1.2999006240977193,0.48329461350115394,-0.10846742647487503,-0.15419534225054646,-0.5838681799918696,-1.345240465149549,0.7578988562455938,-0.8223210953634726,-0.8841485457277819,-0.2187655224899801,-0.22374304190421837,-1.3094327420607557,-0.5309221503172258,-0.5077332242175536,-0.22973264733723964,-0.18929851799184813,-1.4884792904175776,-0.0037581891044593816,-0.6264571808473988
02216180,0.10732513209009802,0.7238178264212384,0.0916597426186299,-0.8710291194862612,-0.1966998592388862,0.8402235746745119,-0.43849954145530357,0.6906570422860968,-0.05609098613363597,1.0607559662739108,-1.0813163331807125,-0.455193183532494,0.9146371202372842,-1.1096831270112912,-0.40121910468454847,-0.5595688024916582,0.6647347626391114,-0.7643099041054642,1.5239864884594443,-0.6373541077625079,-0.20661666213694757,2.435344266834935,0.29700111823337694,1.17621930105178,0.37942066064045216,2.50765409779846,-0.6835413808663606,1.2807924233082104,0.7658035338928006,-1.6368713370962158,1.1041394276235736,0.4710853357097113,1.9613257990488042,-1.2526628155030686,-0.4868490431221477,-0.10846742647487503,-0.15419534225054646,-0.5838681799918696,-1.39287543063742,0.793654823899281,-0.859916660810839,-0.867828576843991,-0.3898515921108986,-0.39769366425332975,-0.40559714710002037,-0.33577487412206586,-0.5438768589855454,-0.14625608819296587,-0.6500815084623015,1.0330762608123392,-0.6083477126020742,-0.42889653593529126
02221525,0.07189367922710305,0.6397501729030469,-0.09466655634086477,-0.8267388369288258,-0.19665473369166855,0.785220743646181,-0.4547005844771399,0.4557172337111234,-0.22148642465476834,1.053026682105384,-1.0739348614707893,-0.455193183532494,-1.6699811485883107,-0.1799202456739763,-0.47438766220470835,-0.68730013844135,0.2964292014738766,0.23466980812829652,-0.7410862528622659,-0.4857128637071781,-0.5107809464234258,-0.48134759541891337,-0.46862834712264717,-0.40697807610755327,-0.09089725941852882,-0.29841459198804116,-0.6417913263696954,-0.5991855468268995,0.7658035338928006,-0.3101254552600529,-0.4386105015265342,0.8453798700338405,0.18248179200323103,-0.803273731801413,1.8861195973631477,-0.10846742647487503,-0.15419534225054646,-0.5838681799918696,-1.1507215808843858,0.7591564488843375,-0.7422571720605028,-0.8200950924781465,-0.17733658242208067,-0.18410805660818474,0.498238447860715,0.8746420605425421,0.7613760565796002,0.5846075736680506,-0.11292078926835715,-1.4716293467759198,0.9982343480782031,0.8579010383242984
02231000,0.3273512903267858,1.1126814013733166,0.8638852571232951,-0.8724996850866236,-0.2292431898622438,-0.0068200231617848725,-0.5337976881742821,-0.05687871227063601,-0.24931401551125915,0.7595763084127403,-0.6589672317444157,-0.455193183532494,1.370323433484066,0.7392886618014479,-0.47551965780764693,-0.7835350206663282,0.35371093944354526,-0.34407584778998257,0.9648266570223124,-0.5179546016166311,-0.44363699730002765,0.18591445797406606,0.18494142452559617,0.47460264466089275,0.18027881772374985,-0.29841459198804116,0.2796920193066986,2.343815267725018,0.7658035338928006,0.0016903764737320527,2.932039329457155,1.2485050681682337,2.309614506036987,-1.8619398456279626,-1.3763062801226045,0.09997542317120196,2.6969350650599373,-0.5838681799918696,-1.7063847495552507,0.8454905844341248,-0.9169397824132401,-0.9339465111446078,0.5615627532918366,0.6136739574462126,0.8409338322920862,0.6820858807863337,-0.28520257574612096,0.41850190370447826,-1.5538784869895033,-1.5597487467942204,0.05759646909279991,1.5617827570179466
02231342,0.37277180013565064,1.2812083145845146,1.399675990938891,-0.8736602003651222,-0.2142627179228762,0.0811845064835451,0.03582589732519478,0.1367686451002507,0.047170583469360206,1.0005145369758974,-0.9965853141945924,-0.40850546517445563,1.3185735682573019,0.7601433141525477,-0.22735889886182284,-0.36445368282547747,0.73520824856,-0.6133652132107269,0.23833360848909133,-0.6373541077625079,-0.006968391188954409,0.2805005737900812,-0.07998218139571384,0.5481690358422594,0.03938399605540941,0.50058535889746,1.6037651762009346,2.3772290978629886,0.7658035338928006,-2.845029563923481,4.255339014186525,0.7916442335371562,3.443628123041585,-2.1053684553894256,-1.7625675546369377,-0.10846742647487503,-0.15419534225054646,-0.5838681799918696,-2.2422084976070784,0.9247657951430996,-0.9383266336880365,-0.9602826510978034,-0.4001632911350319,-0.359269309318264,-1.3440511481622803,-0.8359308897920348,-1.0492903235772286,-0.671336689651708,-1.0850460770816657,-1.4705579549624344,-0.31052743599461874,-0.7335712544496341
02235200,0.34441673808030643,2.4088542542845364,1.2184604349724795,-0.8736602003651222,0.07341573526039864,-0.18282908245244325,-0.12082258217132118,-0.13946361467880863,-0.07664326414776537,1.0607559662739108,-1.0813163331807125,-0.455193183532494,1.345885997126983,0.747816272681857,-0.6493351577431079,-1.0963416638120955,0.9528300959988969,1.0172068284384386,0.7369104993179173,-0.5093044281677712,-0.6595295057195093,-0.3781627418014423,0.7785991080442676,-0.21303031753849527,1.2824535586331012,-0.29841459198804116,0.02173632545230342,1.7285513681798925,0.7658035338928006,0.4782863804097882,5.198017426517183,1.5244717937831602,2.616227773900442,-2.213917654060669,-1.823687354152952,4.115420881664114,3.634857006389295,-0.5838681799918696,-1.991430232211795,0.8820107292724144,-0.9327922611094901,-0.9023521837941911,-0.29079464974744423,-0.29675516473669344,-0.06800059767585036,-0.22686503688285195,-0.6758984155374737,-0.34949393418153474,-1.2779630474273695,0.622610749169778,-0.39139407970226514,-0.25602915430603607
02245500,0.353271204317885,1.8430771878753494,0.9935183733356421,-0.8715123610561791,-0.06836774762236641,-0.18282908245244325,-0.12082258217132118,-0.04833544650427383,-0.12519345849669966,1.0607559662739108,-1.0813163331807125,-0.455193183532494,1.345885997126983,0.747816272681857,-0.39158528814910143,-0.6442274811758046,-0.12894642895139394,-0.2966009042935172,0.4731124276233937,-0.3247650686412822,-0.3926482884266587,-0.3592455186382393,-0.3858250553525505,-0.3413155120779036,-0.4505074579625346,-0.29841459198804116,0.8254248745131061,1.8738233038445944,0.7658035338928006,-1.6442266221809614,4.688339069081296,1.0653613000350062,3.1676075388784404,-2.155367417881693,-1.8016499649646582,0.4982828937566499,1.2927630313119456,-0.5838681799918696,-1.7792515558633235,0.8596429731975409,-0.9134537638235352,-0.8924198398233821,-0.2609876701751206,-0.26726140188470915,0.4936763323279558,0.23549899330431381,-0.5967569270585085,-0.013898826338889555,-1.520789233659184,0.6186734450379243,-0.5097569836182123,-0.1011020869929288
02246000,0.3158578573348496,0.8999919626575978,0.9384293438532079,-0.8720236389288857,-0.2745220284911482,-0.039821721778783126,-0.31908455869581237,-0.029825037343821213,-0.1617658368532228,1.0607559662739108,-1.0813163331807125,-0.455193183532494,1.345885997126983,0.747816272681857,-0.3498844173672127,-0.5552574675480769,-0.09567765878863203,-0.4659888644877831,0.5424755386683464,-0.39588867322828025,-0.3563777217765684,-0.30765309182950373,-0.31999456085785616,-0.23978173251353765,-0.4231773962974677,-0.29841459198804116,0.5451030800354983,2.0215598964370707,0.7658035338928006,-2.651403034468029,3.2373657949326997,0.7429967332592659,3.1964408401296613,-1.9848834767434416,-1.4961742466035692,1.3503036927176717,-0.15419534225054646,-0.5838681799918696,-1.7535396206519918,0.8562846642627896,-0.9222069783845462,-0.895267414529598,-0.20068626442886445,-0.20870666191364692,0.509241197086781,0.13394444904358974,-0.5383942329027036,-0.02150579312606928,-1.4383012533778217,0.31297714697334345,-0.43070970856138435,0.13294776368194625
02296500,0.29956886173413444,1.2985012939869243,1.519924407962014,-0.8736602003651222,-0.16787619729956613,0.38920036024219806,0.04938860463290035,0.06130313083071442,-0.013610203774571838,0.6628045223285439,-0.521588057384318,-0.455193183532494,2.028696718869006,2.0725510718266533,-0.5107370654865657,-0.8375103715508113,-0.009839356502266607,-0.32717400637212185,2.464878696336336,-0.6004919465821124,-0.3532572609751716,1.174769305141497,0.8009531009593194,0.9415364333161801,0.751248304540477,-0.29841459198804116,2.0749443626632975,2.315577931804512,0.7658035338928006,-2.1523477020904482,3.9375653556569863,0.9228806263696021,3.1798622661277696,-2.062581468901694,-1.664228863878291,-0.10846742647487503,0.5597209555244846,-0.5838681799918696,-2.2793889276337134,0.863070360295872,-0.9264563587092233,-0.9439350935486518,0.055102627489435736,0.04922193798685103,-1.2664951841053764,-0.761818796495595,-1.005735286127211,-0.5356278202945934,-1.120526628190109,-1.9555660905562589,-0.18545189161208014,-0.8366093029961833
02297155,0.5036680451863534,1.9457297807744822,1.518503368262491,-0.8736602003651222,-0.13315410531252467,0.7412184788235164,0.3507506352090981,0.45429335608339755,0.2994561639551817,0.9016415412416204,-0.8575180680087278,-0.455193183532494,1.3315110345639931,0.6880385647280955,-0.4549236285850229,-0.8041223737503314,-0.17176606143792986,-0.6119142670274788,0.6226861593275554,-0.6344450426209213,-0.34116071548526805,0.9064886857360723,-0.01893367144113263,0.9166089784530722,0.16121420773641712,-0.008956525948683207,2.1957213060286493,2.395128375356222,0.7658035338928006,-2.8973965447754337,4.4284904548971635,0.7969885469763599,3.4995577619678695,-2.147653499798649,-1.7643208382545086,-0.10846742647487503,-0.15419534225054646,-0.5838681799918696,-2.2578384506046913,0.849072780631193,-0.9210110449997571,-0.953911367163535,-0.4107158902503272,-0.4153326070971895,-1.3770593958404782,-1.2174556268211456,-1.2777821211223797,-1.2063970631719023,-1.186206187650662,-0.9334240348411277,-0.03554152168292727,-1.0148860695222877
02297310,0.4140120856668436,2.2623497370999472,1.5705022621249445,-0.8736602003651222,-0.006711690997370175,0.41120149265353073,0.48738679474345364,0.16951783053797523,0.2169671786029392,-0.9328624876429938,1.7227559645440869,-0.455193183532494,1.0885741672494627,-0.3610264371440577,-0.36774512962360856,-0.6258240443646899,-0.17008222446873733,-0.4168399119893155,1.6171826904759408,-0.5909746748681385,-0.20952175818757374,0.9168071710978194,0.56762768896647,0.9117450848212463,0.4248023100007823,-0.2529624989735973,2.5491056958754226,2.387130719301437,0.7658035338928006,-2.682915089930963,4.022122489396704,0.821239959828494,3.3597403569653332,-2.091731931068061,-1.683082512921007,-0.10846742647487503,-0.006698670644399877,-0.5838681799918696,-2.3131011557788272,0.8512314732430621,-0.9334792866709648,-0.9552924981955855,-0.15525603260288254,-0.1584976684406576,-1.3282179236662341,-0.9330418356100842,-1.089084904258093,-0.7416864365661264,-1.117767948832754,-1.9022634595596732,-0.15163159646724472,-0.896124139475055
02298123,0.30254752630534715,1.3301786963476583,1.6420358908880286,-0.8736602003651222,-0.16188944781561718,0.36719922783086617,-0.10681248534256908,0.029977823020717314,0.03745897172248923,-0.844580088800456,1.3993361936926054,1.9015959687273445,0.07082681778977346,1.6296218967907314,-0.29240313163125253,-0.44641807381391707,0.38650321559177253,0.07407780670187303,1.6908535117834027,-0.49297967720844094,-0.06176702524104706,0.4335581066559967,0.5623883568986857,0.3511813437533102,0.05776826868304044,-0.29841459198804116,2.335882203267455,2.401678672701487,0.7443478749813264,-1.6091242203924985,4.293348217830995,1.036813264602912,3.085241586619899,-2.1100335293746744,-1.7218168967939764,-0.10846742647487503,1.2532418111239774,-0.5838681799918696,-2.3414248044779042,0.8638067828611781,-0.9385174741217793,-0.962910153142643,-0.1480466567039586,-0.15602377161607123,-1.3488816234322603,-0.9601327649007608,-1.1735385996099736,-0.7000405844637355,-1.1665176852706025,-1.487528732856995,-0.09772113269391193,-0.2594214842488565
02298608,0.45275898922232666,1.5049258232349079,1.5455848595441604,-0.8736602003651222,-0.20598875267462238,0.3781997940365317,0.34403281131675634,0.3204488590770478,0.25114415545630436,0.9259822494215726,-0.8917538594061802,-0.455193183532494,1.334386027076591,0.6972416299356656,-0.09218822025613366,-0.172455580695667,0.12263940856697952,-0.5918862003701408,0.7637263949977451,-0.5588948494135071,0.10987455429413781,0.5229849797911383,0.10315645264987278,0.5919440785286929,0.13512510392543084,-0.22186369849002927,2.581909310122803,2.3729745549244856,0.7658035338928006,-2.3798702163323266,4.1715728125941345,0.8822811067122324,3.293105239066448,-2.0792259028936266,-1.7315601223927823,-0.10846742647487503,0.3561994944798475,-0.5838681799918696,-2.285415072431171,0.8408487785492879,-0.9371943137811615,-0.9460091245222579,-0.28219275380936387,-0.28904689992627997,-1.5133861423488075,-1.0531265257945048,-1.197731986767934,-0.8754946387906785,-1.1952380294038254,-2.1537272240785383,-0.22926090775537714,-0.8167081613727194
02299950,0.49987895868065346,1.3250085377776177,1.4999899827499918,-0.8736602003651222,-0.2722648404500634,0.3561986616251998,0.2655711968946218,0.38737110758022264,0.25635872264134885,1.0607559662739108,-1.0813163331807125,-0.455193183532494,1.345885997126983,0.747816272681857,-0.19760760366867847,-0.37339390472098255,-0.4639552100234017,-0.850815922782456,-0.4595880553634287,-0.42381901112408493,0.0756937175449615,0.46623331030152904,-0.27798141804530013,0.5986319322724534,-0.2501865871535397,-0.29841459198804116,2.4223644590105464,2.3694576002722303,0.7658035338928006,-2.939751064925812,4.635672034110442,0.7969414774621774,3.5518355673745665,-2.17647943564325,-1.8110554504147975,-0.10846742647487503,-0.15419534225054646,-0.5838681799918696,-2.2604520844700007,0.8374910863838544,-0.9233520209870043,-0.9460887072107982,-0.36331732841119163,-0.36919998735171017,-1.5627643339974937,-1.0698533084788429,-1.2544916348737722,-0.9934701679156557,-1.3637114505845047,-1.847295193343531,-0.22687114333893746,-0.5807405635628832
02300700,0.45289001552311187,2.821626106473689,1.4521740935947591,-0.8736602003651222,0.09865339247324281,0.3011958305968689,0.34532979071286035,0.30193844991659596,0.18615659996093245,-0.4138126471573301,0.9420882322941749,-0.42730561096956526,1.2035738677533825,0.2149672403426087,0.008846365879573397,-0.0009857871538820338,-0.8632120808362977,-0.7917203443884516,0.15085888362862265,-0.30547484513077744,-0.017515747411210054,-0.28013713086484476,-0.4001770210827868,-0.30787624335910047,-0.6019876985894905,-0.28884573030078997,1.8885601908031853,2.36922470633296,0.7658035338928006,-1.8257979534581616,4.79961121430325,1.0323902536463176,3.242397739088713,-2.1884302913933507,-1.8272514387031555,-0.10846742647487503,1.1222110732966752,-0.5838681799918696,-2.199322625836262,0.828804507313692,-0.9337973540605364,-0.9190993525500655,-0.4223260995219439,-0.42239169330824344,-1.4919173633711178,-1.1860741728064168,-1.293520270059116,-1.0484943593793812,-1.2687320574949428,1.0330762608131492,0.038334321194116706,-1.090462191773234
02310947,0.3566846820946716,1.369368987692986,1.3631110807050397,-0.8736602003651222,-0.18405988668327608,0.02618167545521416,-0.13563911197318496,-0.16366953435016937,-0.0908075525859646,0.35886294303249244,-0.0940869169548109,0.0887810243910048,1.72251001627732,2.337160304492032,-0.6755404357955835,-1.1450323672835006,-0.13197646391822973,-0.054343279678961985,4.140504816711945,-0.6373541077625079,-0.49556603962866347,2.419866538792314,2.785039320601346,1.2820089875439937,2.8291086675112123,1.3091541714702106,1.192228924733807,1.5654969397962701,0.7658035338928006,-0.6722424090452698,3.7680173076608154,1.2233560065267326,2.702420944497814,-2.0364720721116965,-1.552654240236981,-0.10783467316877632,2.18889892147648,-0.5838681799918696,-2.099466833236452,0.8470688971180607,-0.9124613935680717,-0.9404805682045035,-0.08405536663453686,-0.1324837368194746,-0.8795204430325199,-0.3094217612680444,-0.6526036549585549,-0.2561175542028214,-1.0564184307870137,1.0105337991522374,-0.6056661698565877,-0.43163979536044317
02312200,0.237814710325764,1.7890427630475882,1.2843683017519563,-0.8736602003651222,-0.00722616995274443,0.20219073474587332,-0.25750623258617256,0.027130067765263253,0.012245713026935756,-1.362594057053715,2.3271837510520412,1.4229276494304297,0.6127629064144952,2.0521185784300284,-0.7152048852431211,-1.194035613578062,-0.5828799129551459,0.3898650452916492,5.6514668958240755,-0.6373541077625079,-0.5701046380294146,1.895343532903503,4.33350492578516,1.326392016934405,2.1477379223346573,0.7972200712022546,0.43178150354454986,0.5884042112298822,0.7658035338928006,-2.573078571085505,3.119600848789895,0.7855522862009091,3.0987341573808824,-1.9348757320759622,-1.4031117934496056,-0.10846742647487503,-0.15419534225054646,-0.5838681799918696,-2.049379545598692,0.8409351262537629,-0.9227922223813582,-0.9455163485148177,-0.22276681424806258,-0.19965325225771366,-0.6208216563513593,-0.18542733216159024,-0.5552128054271009,-0.15349979274700912,-1.008119113492867,0.38145423611364654,-0.5308338927248729,-0.5081943645483428
02314500,0.2794888384973352,1.244301751262055,0.5896039385963703,-0.8724321339404436,-0.16924794765582574,0.3011958305968689,-0.5257520888582227,0.13392088984479744,-0.20994615415502713,1.058263611663113,-1.0778107764847866,-0.455193183532494,1.838947213037539,1.7621798084961062,-0.5811997987303823,-0.9587784882766374,1.403199701716679,0.5789468381615662,0.7189864992514275,-0.6045694957187988,-0.5452742912729187,0.00018172146261821755,1.537770944724534,0.4259637083426337,2.034841764010032,-0.29841459198804116,-0.04834412316709853,2.3697194589630803,0.7658035338928376,0.7566112861907262,2.958224243554595,1.4205648386923158,2.085523013121069,-1.8383793259276429,-1.3760771061333381,-0.10846742647487503,3.5490200372670095,-0.5838681799918696,-1.6446042829271403,0.8159436335014922,-0.9126904020885633,-0.9471574496627658,1.4862548154115192,1.169908896436203,0.8978260965829638,1.0145099549919994,-0.020932592330377517,0.617809562496054,-1.5408760107362915,-1.2564674492813988,,
02315500,0.29037469767970137,1.6598505145088267,0.6035214876335483,-0.8724666550863471,-0.0735484733308406,0.02618167545521416,-0.4672907083165485,-0.14231136993426272,-0.2924566213735378,0.4014538781755732,-0.1594744764115097,-0.455193183532494,1.70813505371433,1.3650126641253533,-0.5841308035553184,-0.9670014707919551,1.012680905329264,0.491897684242459,1.5604810225717334,-0.6048134019712744,-0.4977250824664481,0.06897162387426559,1.9388777879207684,0.4916262723722835,1.8801997666793682,-0.29841459198804116,-0.08412988416424055,2.3775705761806223,0.7658035338928006,0.1119404605500181,2.7452619783874517,1.2638021116380882,2.2230571885072794,-1.8153965816538309,-1.3279230810891518,0.05892112232943227,2.75377279603055,-0.5838681799918696,-1.7127354381611115,0.8049885768809135,-0.9153112773786335,-0.9374644904190853,3.1397166581923517,2.987129401263261,0.7703552214029314,1.055326797448477,-0.03601127493804605,0.6256299088373785,-1.5752233026462732,-1.5563624701802794,,
02324400,0.42110982890869786,1.8544491095407571,0.701264685075163,-0.8726898847121711,-0.10665189766708572,0.0811845064835451,-0.44838157421259733,0.41727253776249235,-0.11096770053768676,1.0607559662739108,-1.0813163331807125,-0.455193183532494,1.345885997126983,0.747816272681857,-0.6730458264161394,-1.1528952533285843,1.092056855197276,0.04873220205443407,1.6165264183071182,-0.610578891981545,-0.6080104607923467,1.148973091737129,1.12136033274173,0.9701118084031572,1.3098413039269465,-0.29841459198804116,0.5346655664113313,2.365841524320026,0.7658035338928006,10.06554152101417,8.02356532132374,3.5702876092540934,0.04815214104232109,-2.329754587045937,-1.935596902185285,-0.10846742647487503,14.921917924903193,-0.5838681799918696,-1.7564259481314624,0.7597405294281773,-0.9265708629694691,-0.9608019546680903,-0.362142206015279,-0.3496427509890222,0.6439577851717834,0.7922755776268767,-0.25278532534163434,0.5963179797489513,-1.5082114951781624,0.9897939484188589,-0.5980504014627531,-0.3946600365680318
02327100,0.6456685265873982,0.8676802599198136,0.5462967185731331,-0.8731642497186136,-0.4424493097165423,0.4002009264478644,0.5430076829739867,0.36743682079204343,-0.012839591261923858,0.9127882869769172,-0.8731962339409933,-0.34051673216652234,1.2768861768246311,0.7781272856132132,0.03642573786250912,-0.06542775849408455,1.0381268038777622,-0.9419650158028217,0.31724721317739485,-0.5770955143900113,0.27861141628549113,0.521265232230847,0.02605825493910914,0.7488046481550782,0.19182327238558766,-0.29841459198804116,0.46905833791657225,2.3662584382412724,0.7658035338928006,3.703974960460211,5.769487282707602,2.2073549661235776,1.7211584737873031,-2.198390790321475,-1.843686046111061,-0.10846742647487503,7.494690882593381,-0.5838681799918696,-1.7504535739058107,0.6966733996184362,-0.9342044803191881,-0.9472391545563337,-0.30641202638912296,-0.29718795046959984,0.9673312685232343,1.0261176412255628,-0.19747859939182957,0.8060948751067383,-1.6492705967555166,0.5546069755796396,0.571183548281451,3.4928089191052636
02342933,0.3948278941013453,0.8788566251633243,-0.04710517360895127,-0.8599049353352896,-0.3216271852092725,0.477204889887528,-0.684215876006474,0.6023766293670169,-0.15221053122315845,1.0006453992365458,-0.9967693751111542,-0.455193183532494,1.4493857275805109,0.9527322291843687,-0.32102669734747713,-0.5374655320882264,-0.06786305460580863,-0.93881088907655,0.05046609649610292,-0.5904239979292571,-0.34084869306328863,-0.025614491941749546,-0.4736295747078289,0.5609367566258026,-0.359206617817887,-0.29841459198804116,-0.5061036492555335,-0.5661021418115847,0.7658035338928006,-1.2073541550435662,0.48585530432142826,0.5633274025708999,1.3557359276832923,-1.0452505386233195,0.019915544758946777,-0.10846742647487503,-0.15419534225054646,-0.45312184060646243,-1.387830598775431,0.6472442729611676,-0.8037205144213239,-0.8107902845340389,-0.29526011485191217,-0.30297207330533493,0.7212453894914663,1.119642021722264,0.7989468181477903,0.6532142341369211,-0.4456908319533747,-0.33471152527895676,0.1199135503132955,0.1510101930137342
02349900,0.09483201695142399,0.6660975034390587,0.019095966062817844,-0.8683389296628129,-0.20414959153277634,0.6422133829725208,-0.7278159794822614,0.5084007059370271,-0.2276885924714956,0.40144319992278865,-0.15776443325979825,2.8672766481096312,-0.7054211606116845,1.3789439096230522,-0.43613653791892526,-0.6219637463391341,0.4149617315716258,-0.15783017029777252,0.018452300834651224,-0.4157471270084413,-0.43205206659421475,-0.10816237483572634,-0.3989659318398055,0.3371976495618107,-0.24281818496929683,-0.29841459198804116,-0.6388091796199338,-0.5952900590157001,0.7658035338928006,-1.3196151175586777,0.438016572100329,0.45793496630026287,1.481141029232541,-1.3080630036341219,0.433378314979285,-0.10846742647487503,-0.15419534225054646,-0.5838681799918696,-1.3536670819026546,0.7331941612260429,-0.8183643370372016,-0.9079698727231106,-0.39351797398614596,-0.39991022902051243,-1.4508583235762864,-0.8973164399746182,-0.7670406656901975,-0.3953183334374831,-0.04186765089520491,1.0330762608124968,0.03833432119343823,-1.0904621917737958
02350900,0.268071109590299,0.6651124940298909,-0.018113970152904897,-0.864964539651663,-0.3060413753777118,0.25719356577420427,-0.5843450403988948,0.41015314962385674,-0.20714105925376355,0.6244381842252041,-0.5471572236316705,-0.4162249527478668,1.5255730291643577,1.0993058181783375,-0.35214932149092826,-0.538900123680086,0.849321396002964,0.8082345909110838,0.10222233583613041,-0.13737132252775938,-0.4541877947682245,-0.7771441757889971,-0.3887760775195541,-0.7814978857581483,-0.4879735004381737,-0.29841459198804116,-0.6030234186227917,-0.5958491438390934,0.7658035338928006,-1.5329750323086782,0.8217276845981697,0.484180179140606,1.796386634370221,-1.283143525597475,-0.13602472211330804,-0.10846742647487503,-0.15419534225054646,-0.5838681799918696,-1.436458399464157,0.7115387737130863,-0.7883642208528058,-0.8371614408701921,0.3363799241750806,0.32605859565067735,-0.6586603792995374,0.01135224965153567,-0.13764956172595355,0.0408208094817276,-0.43307622059456274,-0.12900006195492514,-0.35346533338396907,-0.3933365331330495
02361000,0.49652565594571574,0.9067441845207717,0.010117697845399563,-0.8662202767783785,-0.3658294418919322,0.10318563889487702,-0.6640314544942116,0.2364400790411485,-0.286434975396162,-0.30373023929140214,0.44650628504294876,-0.455193183532494,0.5236381385239572,-0.32472076705914676,-0.18137266891026244,-0.3447208777490678,0.560778365566406,0.4658884152991067,-0.4017188615675295,-0.11160917450064024,-0.3209773573023781,-0.701475283136185,-0.4337206135392349,-0.6361890635073494,-0.44196065380525085,-0.29841459198804116,-0.5418894102526755,-0.42997697838435345,0.7658035338928006,-1.4587876060058582,0.8078406632270099,0.5814919546471202,1.720756864389029,-1.1823038229460563,-0.15673917044291508,-0.10846742647487503,-0.15419534225054646,-0.5838681799918696,-1.517400393431029,0.6278333089952383,-0.8171556809568294,-0.8048445027078316,0.5810932875119044,0.5680150626245902,-0.5333363820172738,-0.15910234839198814,-0.23625119216042498,-0.022962052889396595,-0.34080989861828503,0.205324428688478,-0.47641507936121524,-0.4856084574272169
02363000,0.4981950280742496,2.4937207340796173,-0.02869924460821461,-0.8605966400263266,-0.005296477920532193,0.4222020588591971,-0.7863061784848947,0.43151131403976345,-0.26226333180840566,1.0538602203441763,-1.071619904429414,-0.455193183532494,1.0900116635057615,0.6051265460690647,-0.26540350517759237,-0.48587158216289467,1.4601723881587738,0.01599624418980865,-0.12639375547933343,-0.496909805718412,-0.31177569344135375,-0.48306734297920456,-0.29936010585934647,0.04779597846816913,-0.19817447421472226,-0.29841459198804116,-0.5821483913744595,-0.44610004262623226,0.7658035338928006,-1.1533120194320017,0.5804149583205496,0.4764357846082184,1.380730472784448,-0.9240702570563422,-0.34116882582528335,-0.10846742647487503,-0.0665770383954222,-0.3907881987868399,-1.469018401070561,0.6171934214959925,-0.7939367615181007,-0.8195619945751793,0.293717105591473,0.28338241331259895,-0.012181772333857093,0.37857919976809606,0.23995452309746765,0.3085431966491441,-0.262358617332472,0.3333726163492237,-0.23379751181478348,-0.13087495054447945
02369800,0.9657279273658715,1.6758506952699177,0.15045096350390288,-0.8693689708245718,-0.4092129155271963,0.015181109249547816,-0.5220900293869573,0.2179296698806967,-0.3037505305149352,1.0607559662739108,-1.0813163331807125,-0.455193183532494,1.345885997126983,0.747816272681857,0.037171389378616373,-0.2201674384695135,0.16978268173216454,0.3127674069329775,-0.49692339364089816,0.5275506026199979,-0.17076177713894128,-0.6894370502141467,-0.488127157142007,-1.1152825862422013,-0.7097735400633766,-0.29841459198804116,-0.39576421951434754,1.6196247951136415,0.7658035338928006,-0.31611048341255804,0.7329269240913725,0.6773676172614309,1.3331254435184996,-1.0358888948366376,-0.20597838703432922,-0.10846742647487503,1.0449237810420033,-0.5838681799918696,-1.5779441369075895,0.5600213728246081,-0.8742169706459794,-0.8907957163156559,-0.33203557023199765,-0.33741947826234225,0.8715268423352942,1.0325662326346736,0.15588903288299588,0.6680374273547602,-1.364819357219447,-1.5343082418151284,0.3321450409015774,2.0457020336078875
02371500,0.504991896106895,0.6490734141167765,-0.007654340582472051,-0.8538993031331237,-0.4284195025942035,0.3231969630082008,-0.8445941050005905,0.2820041631284167,-0.30076465446121736,0.9637350989967325,-0.9981963779813429,-0.40939317894483945,1.1101366110939477,0.6496220998708049,-0.22071153431455678,-0.41423154346244445,1.1773304295164575,0.19735736526445144,-0.44261556432225113,-0.3986505053061736,-0.2038526768626295,-0.5380992649085224,-0.2933211186666092,-0.06650552187973963,-0.10408826402004857,-0.29841459198804116,-0.5314518966285094,-0.35821336000266407,0.7658035338928006,-0.9335070375935312,0.24305314898009436,0.1841080286429612,0.8685932649712436,-0.9278244989694592,-0.3490835877249909,-0.10846742647487503,-0.09155313276150649,0.09749687276974593,-1.473126088681065,0.588290377731014,-0.8060614904085711,-0.8227633408595186,0.2938816227269007,0.26279584872029593,0.12521841312335688,0.624626982843599,0.39253615777489603,0.41715263280395837,-0.42528945343334706,-0.11075940938261045,-0.04327254194163216,-0.0038141337129042573
02372250,0.514303498549439,0.6434460610109163,-0.02961482833014976,-0.8565612549862548,-0.4339411694849301,0.3781997940365317,-0.6907810269677216,0.25637436582932777,-0.30018274618469987,0.982542008272696,-0.9713065203723869,-0.39457657324651374,1.1316990549384327,0.756428315353161,-0.1759317073323587,-0.34396350346967586,0.8490335478457924,0.10117285459269272,-0.331662659005536,-0.37581715680306427,-0.1846964644205792,-0.5690547209937638,-0.33527934233823314,-0.19175078289925693,-0.3393389637526696,-0.29841459198804116,-0.680559234116599,-0.28944757903338497,0.7658035338928006,-1.153317076156144,0.5302678615701367,0.3960121375183691,1.2917477148234882,-0.8114614523127412,-0.4882038018788515,-0.10846742647487503,-0.15419534225054646,-0.29417013978536577,-1.468753388966657,0.5787982979319658,-0.8097765175187677,-0.8254438980300518,0.20717521674448805,0.19737502158123255,0.3254147770903131,0.6765699817046114,0.4286181761068616,0.4585149320873599,-0.4396712805821519,0.40426528702128306,-0.27174624088667615,-0.1610699427719011
02374500,0.8237856798762923,2.8138730639417098,0.027303374606421352,-0.8586934226231746,-0.11779706385754272,0.059183374072212414,-0.8997704295260912,0.2364400790411485,-0.3542619400991889,-0.3454348605563576,0.3187294503690768,-0.455193183532494,1.1877614089340933,0.22796973614046043,-0.006246078216623888,-0.21993869747282532,-0.09730590716370759,0.9218008366463483,-0.5714190924046456,0.686253562330371,-0.2105398046059125,-0.7995008940727825,-0.5265856395765051,-1.1791211901599163,-0.6191746676085189,-0.29841459198804116,-0.6328448861204097,-0.33559326332834966,0.760829650888049,-0.8814741893947384,0.22987268875453507,0.44101235213028517,1.043176604647187,-0.6949800733898923,0.2368923587100526,-0.10846742647487503,-0.15419534225054646,-0.576615196668824,-1.5028919409310944,0.5429565993431216,-0.8264178033411552,-0.823126662360267,-0.20382384122595112,-0.20460689436273657,0.8304678025404624,0.8146770067690161,0.4170062966090175,0.5450413075478755,-0.7105921406628859,-1.1904555088840107,1.1114685697288165,0.9395245033905082
02381600,0.7188015842951667,0.4088156505557576,-0.13050914857887977,-0.7918165084862037,-0.5700867037547763,0.20219073474587332,-0.9485535005436783,0.12964925696161514,-0.427005292691551,1.0607559662739108,-1.0813163331807125,-0.455193183532494,-1.6728561411009089,-0.18093342716471716,1.4268973026654115,2.0495792685943663,0.0902009241473943,0.8030892147821175,0.017895127549693586,0.9457185506823861,0.9444048894466953,-0.7221122538596791,-0.5321022251716171,-0.864792064203167,-0.6128323437510899,-0.29841459198804116,-0.32270162414518394,-0.6079577148818031,0.7658035338928006,-0.7757986734569263,0.30183604889261045,-2.2239754737736352,-1.2553980500680721,-1.7953123284785857,-1.4942176461865198,-0.10846742647487503,-0.15419534225054646,3.397535429792568,-0.8976138975033425,0.6982480116864658,-0.31476187778065334,-0.23127805984620486,-0.4596479868161287,-0.4665592318880938,0.7875302445850834,1.1563862914228773,1.349794905110619,0.9253333990725228,0.7133181509314548,1.0330762608129862,2.3017214394779075,1.8865832595009493
02384540,1.1841012130822723,-0.0029974867683512066,-0.1379037636837034,-0.7178079622630875,-0.7981419643839295,-0.21583078106944228,-0.6974669506523014,0.021434557254355127,-0.45052291690475726,1.0607559662739108,-1.0813163331807125,-0.455193183532494,-0.09161025917201317,-2.2072964086481526,0.38036241950155963,0.1505775286026965,0.6831455650666984,-0.0731878101451445,0.6382674614227761,-0.22537494330306979,0.3624546874472013,-0.5552967405114344,-0.5291813222752522,-0.28598872201588393,-0.5826172278460324,-0.29841459198804116,-0.8102826177312368,-0.6097688584901102,-0.0998365217904871,-0.4115915829485496,0.019319486113724818,-0.45006889077356643,0.18591449164023094,-0.30697713724823894,-0.5397959455899849,-0.10846742647487503,-0.15419534225054646,0.35428880165105897,-0.8396857082696549,0.6826739696458044,-0.3307415834327319,1.0051710077768508,-0.4531554355787115,-0.4596580539849922,0.8599873736347857,1.1563759392797202,1.2044181564792378,0.9421923971098507,0.3213626688380737,1.033076260812198,2.3017214394767436,1.8865832594997918
02395120,0.3516523015792867,0.28754092111570617,-0.11802112916062411,-0.8122229738836574,-0.4410446099927258,0.477204889887528,-0.7009912715581338,0.33041600247113817,-0.3655082128778921,-1.2691292356555035,0.9801805212825314,1.5725660763677538,-0.37192202915031725,0.0835913737097662,-0.13392504941181155,-0.18950327842889036,-0.14153413686404445,0.45476187863106987,0.4462012102300865,0.24855855242504182,-0.2868017391803043,-0.6189274002422082,-0.53585463656848,-1.0313804210932045,-0.809658169528843,-0.29841459198804116,-0.6343359594952909,-0.603524035328667,-0.5129759449800638,0.7470849142161555,-0.6656490485101694,0.0854893541463255,-0.8923344744930627,0.6963367620729888,1.5719544792460574,-0.10846742647487503,-0.15419534225054646,-0.5838681799918696,-0.9605235461393884,0.6722881911054417,-0.647358585707912,-0.776429450709466,-0.4163506021387282,-0.42273090374754846,0.1976755421730593,0.7170432571761296,0.6734521118534483,0.5167564473617151,0.04720922066326542,0.6296872079979585,2.1329435960306857,1.6665286460152837
02408540,0.5727489932216556,0.6281830154809113,-0.15483827442264259,-0.821049807370553,-0.46333515616480875,0.19119016854020698,-0.8462571303238332,0.025706190137536625,-0.40732031331200463,0.7579442066663025,-0.749696332965736,-0.455193183532494,-1.652731193512723,-0.16159854704972945,-0.05713720096232629,-0.1773395723743052,0.5772892294989534,0.376748477108125,0.6176076060227538,-0.209083243642147,-0.14549032646839852,-0.6206471478024993,-0.5274536261592276,-0.5164156828236363,-0.47698723289735007,-0.29841459198804116,-0.6298627393706481,-0.6012698444265376,0.7658035338928006,-0.10061014638185103,-0.369470220283645,-0.5512767348109489,-0.6810223252101132,-1.023856417161621,-0.10783336989200999,-0.10846742647487503,-0.15419534225054646,1.250158450139689,-1.215163690816919,0.5871413364921817,-0.6579693138240216,-0.6498146665651962,-0.06475398128167204,-0.07264818501724349,0.4853571804741011,1.0882007986591837,1.0884342677158314,0.7716065502086493,0.25881600319661124,-0.2478378536771959,1.8078808804901476,1.5372550413784447
02415000,0.5653610509876936,0.38421816519756147,-0.1676194625802934,-0.8123226816528257,-0.5143648264025364,0.07018394027787876,-0.9362659290945151,-0.015586261066550098,-0.4350291014344709,0.5615893177233295,-0.4151009803170135,-0.455193183532494,-1.667106156075713,-0.17392558852042012,-0.012838646366841617,-0.10126027680711581,0.5872745450023579,0.41705116425294253,0.2908158541953833,-0.2679339750037173,-0.09233144411567233,-0.6309656331642464,-0.535242102117603,-0.41366592985131406,-0.3877410246235622,-0.29841459198804116,-0.5866216114991024,-0.6017029213618412,0.7658035338928006,-0.09791566453535105,-0.40735193166561273,-0.26067497738938683,-0.49168971760762487,-0.7878519143218577,0.10387690716087618,-0.10846742647487503,-0.15419534225054646,0.9176543945767192,-1.1863580273491485,0.6112644180451636,-0.6219640853245134,-0.720338722944398,-0.17699579692726602,-0.18500287035324792,0.727417663447552,0.9149482763417722,0.9164529458647802,0.6726063867104334,0.2012687518002996,-1.0330714807311046,1.2309759810866998,0.973049973058959
02422500,0.5249078938264085,0.5285161853326601,-0.1547272060782067,-0.8383388121133595,-0.46466143473848154,0.3781997940365317,-0.8897836881762698,0.23928783429660336,-0.33974634792091063,0.8382302291539123,-0.8988185175825327,-0.455193183532494,1.4048233436352418,0.9887846038965948,-0.1584807286108212,-0.3200104375841256,0.1330592276385794,0.5020729549293829,-0.22839492526492633,0.15405718807775856,-0.2745465409145324,-0.6137681575613345,-0.5282690074945128,-0.9535581229839899,-0.5558827012607248,-0.29841459198804116,-0.6671395737426704,-0.4321423890605499,0.7503936445007179,-0.4844664181996368,-0.08507673472148071,-0.1812369510231833,-0.04451919177747846,-0.7775376674724321,-0.28214330343235267,-0.10846742647487503,-0.15419534225054646,0.8098517280040372,-1.279281256941048,0.5480782517571109,-0.7819138141922931,-0.7457181728710903,-0.1557437083971863,-0.1217225780553161,0.08040233700742955,0.5693350283169286,0.4979326914742637,0.4647132182651272,-0.0620263259945442,-0.648459244735658,0.2917754555663681,0.28731222075634905
02427250,0.5570549540830325,2.133827913707416,-0.08232947057791642,-0.8580120113323269,-0.12069474244719425,0.3121963968025352,-1.0342498107017541,0.32472049196023006,-0.31811673119543976,1.0539874607145556,-1.0718646137440297,-0.4551555239180257,0.6530128015908669,0.19580122380941087,-0.17709600538892042,-0.3654933008406097,-0.25797100955488017,-0.6562130549284805,-0.014347300369344259,-0.3013149497686567,-0.048110355858389464,-0.09440439435339691,-0.44502245593014955,0.11041860897792778,-0.42350264673905424,-0.29841459198804116,-0.8594880391023065,-0.5435327493863049,0.7658035338928006,-0.040289884202394155,-0.47949138672234215,-0.2850709023105547,-0.7400563171589706,-0.9207777607780829,0.562823450203196,-0.10846742647487503,-0.15419534225054646,1.1019719125488414,-1.3919402067634996,0.5379188275563356,-0.8356417576387324,-0.8332792912129551,-0.06896679507101876,-0.07453138780097124,0.7891404030084099,1.2384510182415864,0.8174736341940815,0.744179421563459,-0.6405639292816759,-1.4720838067647766,0.9607134088075521,0.8195718455916138
02430085,0.691236562305302,0.2879982143177398,-0.23512548495478958,-0.8113015505141914,-0.5852941330358313,0.4222020588591971,-0.5292340470440697,0.28485191838387,-0.35555959452511615,1.0607559662739108,-1.0813163331807125,-0.455193183532494,1.345885997126983,0.747816272681857,0.13293794115049284,0.061207893918337426,0.48750478375791917,-0.0878962101022186,-1.279712080442875,0.0339686172190546,0.08760735901229258,-0.48650683809978695,-0.5418642190761636,-0.36320303342112015,-0.4591098874955791,-0.29841459198804116,-0.9459702948453979,-0.6079577148818031,0.7658035338928376,-0.4758629465294362,-0.025625107946919804,0.8758674516966088,0.6127271350772742,-0.1615881333840249,0.25092829557981067,-0.10846742647487503,-0.15419534225054646,-0.5838681799918696,-0.9175282128473942,0.4629634691483707,-0.7753361805759519,-0.8375381322626152,-0.44188013618992994,-0.448779926103832,0.6034354648513941,0.5958986678202969,0.7132927159087415,0.5890214570069203,0.574806663120206,-1.2935316941262982,1.033082461461917,0.920741088016266
02430615,0.6972977419231569,0.2939691478222526,-0.22594016751595805,-0.8218173990498815,-0.5863051072214656,0.34519809541953345,-0.5761129728270936,0.27915640787296186,-0.35669719274021244,1.0607559662739108,-1.0813163331807125,-0.455193183532494,1.345885997126983,0.747816272681857,0.12331324813801903,0.0427256384457402,0.1301248919677055,0.43019567258453517,-1.2318091301626537,0.15298751900087967,-0.16113421135492226,-0.6636408368097789,-0.5444261022613973,-0.8368246758201681,-0.5575029755992262,-0.29841459198804116,-0.7730057833592144,-0.6054945595745053,0.7658035338928006,-0.4880176693394514,-0.025172105828489492,0.8788154076591685,0.6227193472698599,-0.1855301717484178,0.2697594008835667,-0.10846742647487503,-0.15419534225054646,-0.5838681799918696,-0.931771653243425,0.4585603529894743,-0.797206494282897,-0.8505228437248167,-0.44884273638571215,-0.4535815083567527,0.9375433376916897,1.0234385121010452,1.0741439994734057,0.7969017343897001,0.41811369805803705,-0.6010963891793399,1.7185414993989203,1.4888485672631586
02450250,0.8166403789400816,0.49825432237449296,-0.253065292486964,-0.8033832687736058,-0.587678584717517,0.03718224166088051,-0.5682319787251994,0.0470643545534433,-0.35792443284092523,0.3181811468252312,-0.036929599122924595,0.12027533177651063,0.6343253502589801,-0.6787432662824817,0.1675401800599613,0.04408311712876092,0.6415744495331729,-0.7265167829622208,-0.5484726706202714,-0.48858183360190427,0.3245548742724396,0.041455662909606616,-0.4389115760327364,0.6095756929440617,-0.10103454165539622,-0.29841459198804116,-1.1562116407036045,-0.605536073427999,-2.556972249590931,-0.2049902666312676,0.061994058605067834,-2.498534766144064,-0.4637684175559676,-0.40346115537436633,-1.147185964894769,-0.10846742647487503,-0.15419534225054646,1.3897843552128541,-0.9523427377145414,0.5175290506832524,-0.6418623812161145,-0.7198964554166178,-0.32949730585682635,-0.33066451175549283,0.5414443655533154,1.2754898002608939,1.501245557704778,0.967779003296636,0.8582768430841006,-0.29858940666965,0.8204141417026507,0.8658754908950456
02464000,0.7193402479761775,0.38747526001717253,-0.2047293892769261,-0.8184795956795318,-0.5747948169200447,0.27919469818553616,-0.8836989231371888,0.07696578473571297,-0.38634825749144075,-0.03474326985880271,0.45952968687045265,-0.455193183532494,0.2260764134700651,-1.5527811656290031,0.03036532971247265,-0.11359343127853895,0.5427178527076499,-0.6245498652062652,-0.5043836363909755,-0.562102510774213,0.20664788452599686,-0.03765272486378789,-0.46419257886932525,0.3858365858800698,-0.22963895363066747,-0.29841459198804116,-1.1055151459576544,-0.6015263069665902,0.7658035338928006,0.30429211826310293,-0.30335848934118553,-1.398608865285368,-1.1379904010390778,-1.0775784476221304,-1.0799812327878116,-0.10846742647487503,-0.15419534225054646,2.505225953923616,-1.107144373190342,0.5052972815750829,-0.7833769241843226,-0.7752270093407508,-0.12554893843421144,-0.13234337387907252,0.9260038689911817,0.9822623815844143,0.9329171440068298,0.7645477658369983,0.1423582550852921,-0.04492850312247157,1.8175029065672674,1.5224058775361362
02464146,0.6395190255371641,0.43743245184774493,-0.21591884174446604,-0.8240200025994172,-0.5330606015813333,0.6422133829725208,-0.5966025037069436,0.28485191838387,-0.2716893192020308,-0.7489934877478631,1.4641397945325558,-0.455193183532494,0.8197623673215505,-0.3334172415213457,0.011734887208476874,-0.10137129119249787,0.24924139144027035,0.1067210670520062,-0.16170679577671052,0.10848459099071235,-0.021808102242177628,-0.5071438088232811,-0.5381406257954869,-0.7085394812807597,-0.6360932649577641,-0.29841459198804116,-0.7864254437331422,-0.6079577148818031,0.7658035338928006,-0.24827073265959348,-0.08807496749909524,0.7719665142813366,0.3723718885531708,0.17582096355615998,-0.09856965537095544,-0.10846742647487503,-0.15419534225054646,-0.4393936471466766,-1.1197862186975656,0.5106428212513892,-0.7870410605121879,-0.7883125255417697,-0.456416400227369,-0.46333673271469633,0.8522049412553732,0.8226125013448924,0.7465416736920178,0.5941613323442344,-0.0053238247846446205,1.0330762608129862,2.3017214394779075,1.8865832595009493
02464360,0.5957970048125586,0.6752822419649562,-0.21689986768248026,-0.8267483943999071,-0.4629134483108932,0.5982111181498555,-0.5666979506632125,0.26918926447887304,-0.3092735671483798,-0.19969774206639038,0.6915421188352261,-0.455193183532494,0.979324451770739,-0.0052308703119243365,-0.026123409398731996,-0.1390338159718161,-0.07121155425958386,0.1736076273767594,-1.3003117762815528,0.2176315293288017,-0.05721942970912838,-0.5570164880717254,-0.5286955146545083,-0.8866795855463836,-0.6333558187054679,-0.29841459198804116,-0.9817560558425399,-0.6023596346379446,0.7658035338928006,-0.39807379513595054,-0.07927493882514543,0.8713791959213729,0.5173814500148549,-0.09691973381944873,0.28893593219792346,-0.10846742647487503,-0.15419534225054646,-0.5653531987077893,-1.1175989086515783,0.5025045501046412,-0.8209979350228547,-0.7970814767163741,-0.378388273138771,-0.3854645430707997,0.891385462889657,0.8763283940446468,0.9327073851168698,0.6975714986436624,0.2952267591574361,0.38734365456322534,1.9560618459636345,1.6115493125209863
02465493,0.557109305733729,1.4460269324123527,-0.18597546653601554,-0.8376980262849004,-0.2741109964586172,0.6092116843555219,-0.5186405432886706,0.3289921248434108,-0.25156012365882263,1.0607559662739108,-1.0813163331807125,-0.455193183532494,1.5183855478828627,1.101669908323402,-0.21658704874789741,-0.430129747625683,-0.1729653098480899,0.8484231223329682,-0.9911002895204328,0.6682728270374045,-0.4122546556105874,-0.7719849331081234,-0.5142721780952839,-1.2915987303958905,-0.8442915335143564,-0.29841459198804116,-0.7879165171080234,-0.4255360624240372,0.7658035338928006,-0.3668454172935151,-0.09716724819672272,0.9454175519750266,0.4874851093661928,-0.055010488155663825,0.3112594177342025,-0.10846742647487503,-0.15419534225054646,-0.5838681799918696,-1.199693129157162,0.5037553582808901,-0.8370539768484304,-0.7779079909522896,-0.4166972632455225,-0.42194136220778683,0.5961897519464241,1.2095009845314306,1.0388861853152507,0.7726774626235382,-0.15456680858205255,-1.1658939288092933,1.3669107101021913,1.197856765493947
02469800,0.5943430981564278,0.8928563732478706,-0.10980535135903999,-0.8580583956526624,-0.41438681892942175,0.4002009264478644,-0.7307105450121171,0.3460786563761367,-0.26795991420489174,0.393099199164129,-0.14224103451322262,-0.455193183532494,1.1877614089340933,0.4822782903166313,-0.14321337281292743,-0.32738886839630027,0.4672236874139467,-0.4162851575942444,1.0316468278766504,-0.4226223191339773,-0.05483893854343201,-0.18211151992824734,-0.4390574165967711,0.18094506663940343,-0.42399930176145717,-0.29841459198804116,-0.7864254437331422,-0.38810668724465003,0.5547250974089201,-0.46825581417495177,-0.11615237791747884,0.760282843604311,0.5894216214209497,-0.20269099306493665,0.34299757596048824,-0.10846742647487503,-0.15419534225054646,-0.5819991672089372,-1.4403221991239679,0.47906731603291647,-0.8667869164255861,-0.7710159179042146,-0.21736125122686453,-0.22528118579279102,0.9241253508306337,1.0580787816237978,0.5813395994796322,0.6822402249669647,-0.7479829054828817,1.0330762608128885,2.3017214394777783,1.886583259500817
02472000,0.6385804889974569,0.6852532268264048,-0.2318862334851713,-0.8440729067144703,-0.47894468451670974,0.49920602229885996,-0.7234841772820106,0.14815966612206855,-0.34138324782501495,0.5833830248969485,-0.40987981132840456,-0.08522431495702436,1.4709481714249955,1.5579393063207556,-0.10873602577558181,-0.29253282893501864,-0.10186985282985075,-0.5209260469486369,1.1015693230884285,-0.22760663767366254,0.09694289465334198,0.15323925432853358,-0.2813695049547403,0.21499232206218477,-0.3011939179763246,-0.29841459198804116,-0.88185413972552,0.08911065020207114,0.7658035338928006,-0.125572567917912,-0.4711625041665362,0.8006578557847163,0.08615696415351325,-0.1586697583844495,0.9837461215163136,-0.10846742647487503,-0.15419534225054646,-0.5042435402895052,-1.447500570460136,0.3936799213857624,-0.8093948366512818,-0.8367592830174362,0.6665951930385068,0.654788602072318,0.08067069674465065,1.048087929028934,0.6383024057636284,0.6383550317014913,-0.7292557955784575,-0.7578582268067483,1.3430371775875158,1.1237786928041797
02472500,0.7078885492874519,1.4975419649822768,-0.16194689262690282,-0.8615866995914812,-0.33527578397348334,0.33419752921386714,-1.0072940327378068,0.16097456477161223,-0.39100215029748653,1.0607559662739108,-1.0813163331807125,-0.455193183532494,1.7584474226847948,1.5962713393871497,-0.12426819757923555,-0.348081964141518,-0.861603111676762,0.29588733990908594,-0.27569079259524754,0.615038318688651,-0.20235676170095165,-0.5260610319864842,-0.46112958115764513,-1.303150477771477,-0.8904693521617076,-0.29841459198804116,-0.6865235276161222,1.259493634136685,0.7658035338928006,-0.40777685607164815,-0.09167303200036205,0.763710650003849,0.5568432143407258,-0.0192724698349184,0.14487340052159983,-0.10846742647487503,-0.15419534225054646,-0.5838681799918696,-1.5014843041763029,0.3932000748566099,-0.8214941201505864,-0.8367832639342495,-0.0015735256654299257,-0.010894339696184155,-0.1423362448861007,0.7478284812077559,0.2967393067322332,0.461604108878044,-0.8897605889530806,0.5025937581709929,-0.32438130846677343,-0.20295054049797234
02479155,0.8303544650890418,0.7443837119028951,0.0014391129246407502,-0.8647928836787682,-0.5424965900965478,0.22419186715720524,-0.751954685431049,0.2307445685302404,-0.2906406382574434,1.0607559662739108,-1.0813163331807125,-0.455193183532494,1.8993220558020965,1.8851969278303295,0.004097055792145999,-0.20750108778236218,0.04466523999985302,-0.6281050852429818,-0.06256197301164268,-0.1414907313556701,0.02986081699241854,-0.21478672357377981,-0.488127157142007,0.016180669861300793,-0.5521238183759006,-0.29841459198804116,-0.7700236366094528,1.1414423613239884,0.7658035338928006,-1.1486215262751573,0.6468793139670745,0.5763476459103191,1.4245823658825856,-0.6706242129666803,-0.37219061191070146,-0.10846742647487503,-0.15419534225054646,-0.5838681799918696,-1.578405027523074,0.4177505775467418,-0.8768632913272152,-0.8391032584705704,-0.3850512171235956,-0.3917925723005929,0.7942392380156112,0.8529614706548639,0.09371360861881696,0.7441175752882385,-1.1647294826588626,-0.15842589020691145,1.039354758297242,3.4362878704840174
02479300,0.9648369485205274,0.7669695906366131,0.0973894909498569,-0.8700137040107979,-0.5863084950032902,-0.09482455280711406,-0.7896773574207401,-0.1921470869047116,-0.3779694629044675,1.0607559662739108,-1.0813163331807125,-0.455193183532494,1.5859478719289153,1.2407290679277028,0.1801928034631214,-0.014912343254041218,0.038117252684682,0.09996043658587275,-0.24978656792500337,0.5049154140100006,0.31402861298088214,-0.4538316344542544,-0.3671226370890193,-0.895191399402079,-0.5383634849756542,-0.29841459198804116,-0.6000412718730301,1.4809874591918686,0.7658035338928006,-0.7426239236237622,0.19700260822678117,0.6112016936805459,0.969507182523902,-0.25679225272990913,-0.22051687876244047,0.0995740114544046,-0.15419534225054646,-0.5838681799918696,-1.6339365855562424,0.43227919559394107,-0.8832500845098135,-0.856219266460265,0.2065759043225726,0.2019719078794003,0.6707937588938955,0.9343119139669698,0.24117811254924035,0.5399801138257606,-1.1695575249827266,-0.9369141290805948,-0.0684967902760698,1.0420051987996697
02479560,0.9871153019149659,0.7166698050694422,0.03207810075486846,-0.8692910932097406,-0.6037010840854502,-0.18282908245244325,-0.29929315718019917,-0.21635300657607234,-0.33486390644350644,1.0607559662739108,-1.0813163331807125,-0.455193183532494,1.6031978270045033,1.2759371247309779,0.17788527017302472,-0.029311591115580182,0.7032921871889247,0.02175381005407542,-0.051268544902240136,0.09282758365885778,0.2698999972590875,-0.47962784785862217,-0.3204722102791177,-0.4142739165552922,-0.5143999957533543,-0.29841459198804116,-0.6984521146151697,1.2050327950516089,0.7658035338928006,-0.9153400303135703,0.36672345605886636,0.6681639167583924,1.1690464675574654,-0.4223621657028665,-0.32329892088855194,-0.10846742647487503,-0.15419534225054646,-0.5838681799918696,-1.6199235904679539,0.45216877255038807,-0.8838989419845396,-0.8499154686458786,0.38879625864476314,0.3788350612418545,0.658449210981724,0.8099306170246152,0.1665998729521963,0.4851179077414356,-1.1181670612886834,-0.10088600723260248,-0.14840483944926636,0.23462685728560534
02481000,1.0875464761850637,0.7716510801508654,0.16491066954820255,-0.871862755568789,-0.6262558659938443,-0.149827383835445,-0.35660202543116504,-0.0967472858469953,-0.3150306986665609,1.0607559662739108,-1.0813163331807125,-0.455193183532494,1.6736351435631538,1.421244236861518,0.25576546986335796,0.03000907221485961,0.16918406579239675,-1.0185699848101535,-0.0019113105808411712,-0.46255107618363106,0.5894344942167763,0.05865313851251846,-0.4465485114850335,0.44785122968585006,-0.4198351456736349,-0.29841459198804116,-0.5180322362545808,1.4762235544217128,0.7658035338928006,-0.4781123861540901,-0.012809479411679125,0.7193865746718826,0.6501112415905681,-0.06285212087309941,0.025733421961694845,-0.10846742647487503,-0.15419534225054646,-0.5838681799918696,-1.6680232873264376,0.41125784693955686,-0.90046389163343,-0.8613004619581729,-0.3192737410123866,-0.3261027161924256,0.6573757720328395,0.9936713215032762,0.19245910327409133,0.5541573497734842,-1.2627490033718063,-1.2489790846581914,-0.06542307134380919,1.3762192739693724
02481510,0.966437410520502,0.7725099448146183,0.12328212500950901,-0.8699105595702129,-0.5857795133205954,-0.11682568521844676,-0.6129334442472947,-0.22916790522561684,-0.3885637960363053,1.0607559662739108,-1.0813163331807125,-0.455193183532494,1.8030098066300642,1.6888085822082268,0.13722488184197626,-0.07723299510170198,0.12940007602079676,-0.4067953444533551,0.028716273540457624,-0.11589802263207313,0.24952032245418013,-0.29389511134717433,-0.4634517256017895,-0.2105983707225823,-0.5384313935324888,-0.29841459198804116,-0.5418894102526755,1.2691535651729429,0.7658035338928376,-0.7162861317978364,0.18665644130588976,0.5910763408465608,0.927635120056219,-0.26709569387752,-0.13119743038166842,-0.10846742647487503,-0.15419534225054646,-0.5838681799918696,-1.6824261190603236,0.4018521148449828,-0.8847640852841744,-0.8713915468650566,0.004725130376661672,-0.003858647308530571,0.38123360243230603,1.0511728809107383,0.311005395685958,0.5697321432653986,-1.1896747678412256,-0.3098869997360839,-0.2888428207055236,0.633393306661664
03010655,0.01904737514181896,-0.9478965175324751,0.46799543498847385,0.14589054050077377,-0.598027099374957,-0.8208619223810827,-0.9608295815694808,-1.3412163324804904,-0.9381152662644008,1.0607559662739108,-1.0813163331807125,-0.455193183532494,0.9045746464431911,-1.1085010819387606,0.0019369502930632627,0.2941564841441435,1.3593300410546296,0.015349667131398608,-0.41953358019821346,-0.3341454630726746,-0.01766047465737539,-0.5931311868378404,-0.4229280111397723,-0.17533514189184438,-0.3403991764344593,-0.29841459198804116,-0.69994318799005,-0.5979679203546269,0.5887325290203228,0.41802875251124977,-0.31487076635625044,0.6433329301719225,-0.28695561593933055,1.146877521160352,-0.42831175271492705,-0.10846742647487503,-0.15419534225054646,-0.396056808286893,0.521806294024277,1.0850086315687548,-0.15822183132908152,-0.28104440440811745,-0.3162125471710342,-0.32339488113383574,0.9453257700711023,1.1404075959933841,1.4535648883220962,0.9801843783809326,1.3643591562782311,0.6940811514359007,0.34151272475762057,0.4603186317852931
03011800,0.2351767141366015,-0.9624181111848451,0.3898627662937228,0.1603082191799762,-0.6966768722555279,-1.381890798870058,-0.8805583992460502,-1.5747322634277374,-0.9288316667829644,1.0607559662739108,-1.0813163331807125,-0.455193183532494,1.7785723702729805,0.6019181380150492,0.2835526944602695,0.6472436779154873,1.189062230541443,0.35342738612477237,-0.11541595820760223,0.03361987814114134,0.15302594161480354,-0.7651059428669588,-0.5356428908744848,-0.5492469648384611,-0.5046746672806527,-0.29841459198804116,-0.8028272508568324,-0.6072158006326173,0.7658035338928006,-0.16070167046160866,-0.05990889754288151,0.7046119978491716,0.3545164743404124,0.49272065747561544,-0.24299992504680618,-0.10846742647487503,-0.15419534225054646,-0.5838681799918696,0.4843051609443677,1.052901471198445,-0.16630074302420073,-0.5606561644989546,-0.4068967424636112,-0.4134377074017616,0.9673312685232343,1.1714565434530264,1.509248414347033,0.9715013004727375,1.3726571538803871,1.0330762608123991,0.3616753380910158,0.563451947822748
03015500,0.24202793381993645,-0.9479140307841762,0.42144566534453554,0.07100520774858182,-0.6957815019635358,-1.2168823057850653,-0.980897714316495,-1.6174485922595507,-0.943393429180952,1.0607559662739108,-1.0813163331807125,-0.455193183532494,0.6990126817924346,-1.334271690792372,0.35967869502905786,0.7809791563566533,0.9688495100569697,-0.04359520408368425,-0.4539619686856975,0.03337842459595957,0.4279457297359376,-0.6154879051216258,-0.47885438971057837,-0.37353880738875017,-0.46083092746675147,-0.29841459198804116,-1.0100864499652766,-0.24034762249916505,0.6850987987981191,0.4727703031800273,-0.32982893315057743,0.8572500543049115,-0.28644573632828274,1.4261502705406717,-0.5293539001392378,-0.10846742647487503,-0.15419534225054646,-0.5540811272659694,0.5008415321524322,1.0159798095343482,-0.33952024338490877,-0.512466406052147,-0.004564212163027564,0.013634084139076989,0.9235886313561915,0.8027044879871699,1.0662807874956846,0.8322289809180129,1.1874944143607102,0.3041144502007893,0.31831844380034097,0.3416781029686836
03021350,0.303460828150083,-0.9405145832708823,0.3983724612833453,0.15081843980277704,-0.7179708703267037,-1.2058817395793993,-0.5693438329261292,-1.5533740990118308,-0.9023840965517309,1.0606684855613835,-1.0811932894548162,-0.455193183532494,0.017639456306710474,-2.088838606022267,0.5165991293705962,1.0052563076642458,0.6217345874839487,-0.516661553059141,-0.4918649897161391,-0.29273785416409515,0.8109053861130971,-0.2990543540280478,-0.5056597006047924,-0.033066253160936504,-0.49668927226781234,-0.29841459198804116,-1.2262920893230065,-0.05570984298214095,0.4888563029642368,1.0050204357962007,-0.49103813614826225,0.7445816272711516,-0.8697741632084623,2.074693443943791,-0.6438971788625154,-0.10846742647487503,-0.15419534225054646,-0.46746356406375483,0.532099517770093,0.9872827667214734,-0.3486296934222402,-0.5553750572874341,-0.3248908260648489,-0.32697413611408843,0.8994362550062907,0.4227139467831141,0.6384122162549146,0.7051074491433998,1.173911695697926,-0.46658396360926413,0.12753050249606798,-0.6342168726047667
03026500,0.19982387705407903,-0.9457925346718673,0.3751404847272684,0.15845000828251063,-0.6780724876883412,-1.0958760775227374,-1.079707493612248,-1.506386137296836,-0.9294537389831662,1.0607559662739108,-1.0813163331807125,-0.455193183532494,1.363135952202571,-0.22103852783991115,0.16346417683535,0.45529433341785586,1.3106828193428808,0.08542719024324677,-0.7271493524707346,-0.28431305601543383,0.09816294922641203,-0.6963160404553114,-0.5160696482858219,-0.40637008940357505,-0.517600697113694,-0.29841459198804116,-0.714853921738859,-0.6079577148818031,0.7658035338928006,-0.16635745975670146,-0.05768375898536431,0.7013793100236737,0.3601023070006655,0.4845822843368401,-0.2402629039389133,-0.10846742647487503,-0.15419534225054646,-0.5838681799918696,0.4583262932515671,1.0616565116628693,-0.23179717988479015,-0.6444195969436861,-0.4537782504485452,-0.46071077603800764,0.9673312685232343,1.1034049841307467,1.4452290008425728,0.9194341672715742,1.4027361609989133,1.0330762608129862,0.3616753380916629,0.5634519478234759
03028000,0.14647967302580667,-0.9447507181941345,0.3765104305614343,0.12725953676114252,-0.6552450728944652,-0.9968709816717418,-1.2047704061152151,-1.4537026650709328,-0.9243710490738413,1.0607559662739108,-1.0813163331807125,-0.455193183532494,1.4580107051183047,-0.03317779309821757,0.31560205110640804,0.7917624527781376,1.178373952115515,0.16761706264078333,-0.03731025232609217,-0.017658771288930213,0.25409077227441945,-0.7238320014199704,-0.5106217412074677,-0.4452812384581824,-0.605954405011898,-0.29841459198804116,-0.7118717749890974,-0.6079577148818031,0.7658035338928006,-0.12872694034397025,-0.07156180533026567,0.7235328974007159,0.3231188798599655,0.5391006487634856,-0.2596424554643866,-0.10846742647487503,-0.15419534225054646,-0.5838681799918696,0.44760482530886275,1.054529125427794,-0.24224251295832241,-0.5921838546115002,-0.3710496337762967,-0.3753876536411013,0.9125858821301256,1.2230037863869017,1.5374861352260198,0.998540415684428,1.320813651936537,1.0330762608123991,0.3616753380909835,0.563451947822748
03049000,0.024625213294548542,-0.7351847062543607,0.341701943365702,-0.18825905192201117,-0.542442601178591,-0.6668539955017562,-1.2447895050474123,-1.0820706042341564,-0.8709001096346494,1.0607559662739108,-1.0813163331807125,-0.455193183532494,0.927574586543975,-1.0773457510984519,-0.1404651881223005,0.003354674835994398,1.1810420920705804,-0.09190219809915738,-0.7702228262664207,-0.38576456809197107,-0.1142385118381827,-0.543258507589396,-0.5070941814335661,-0.1236562720536941,-0.48354481692989765,-0.29841459198804116,-0.69994318799005,-0.604143093830678,-1.4803727853927402,0.4337349428160387,-0.3817417864003409,-0.9535039656376806,-0.3124982977568789,1.1383418781057926,-0.016283589788480445,-0.10846742647487503,-0.15419534225054646,-0.5838681799918696,0.282559895903923,0.9924056526740985,-0.5014674354591984,-0.6406957637815182,-0.2558641365289416,-0.2641383264607632,0.20653141350135648,0.4608843974196215,0.7105478488587892,0.5585272026384079,1.0875005108099804,-1.5653236062683937,0.19288089238803396,-0.2999446082706934
03049800,-0.16356446554663734,-0.6388863404066778,0.3218543832543446,-0.3013574260241107,-0.410792289222114,-0.5018455024167633,-1.0755103420023873,-0.919748554673266,-0.8006785208428068,1.0607559662739108,-1.0813163331807125,-0.455193183532494,0.269201301159035,-1.8132532405405202,-0.2702234965935631,-0.13438531124699932,1.0237809765351005,-0.41125828485176197,0.3765342442429929,-0.47886964551568517,-0.258687678147517,-0.3454875381559098,-0.5022361862008172,0.12318632976147076,-0.657846620682218,-0.29841459198804116,-0.519523309629462,-0.6079577148818031,-1.8260295515503946,0.6985769963424302,-0.46064514170203186,-1.147911040304785,-0.5883425135260304,1.458713139920004,-0.05256515660833205,-0.10846742647487503,-0.15419534225054646,-0.5838681799918696,0.24500691262977292,0.9776883032156907,-0.5888341860267328,-0.5282184728705158,-0.4569628321414684,-0.46324315742109495,-1.033022212723001,1.038676946004734,1.3189750716211899,0.8481775875678786,0.9776535730315635,-1.3572618740777178,0.21950377803886814,-0.16376650307370133
03050000,0.43631955601700695,-0.5526681089117191,0.22903834839270631,-0.09169091386807425,-0.6759914480636042,-1.3708902326643921,-1.0765714309680774,-1.710000638061813,-0.9598016277963569,0.42892665460126045,-0.576569024865675,-0.2436403507486229,0.7665750058384875,-0.8997012630550708,0.26018396375540903,0.4383303816792535,1.215898306513208,-0.3916611358402863,-0.17141173337341362,-0.5144222409161643,0.32830001581614676,-0.47274885761745744,-0.5278675889909882,0.038676177908495556,-0.4698222281992255,-0.29841459198804116,-0.5359251167531515,-0.574971987684478,-1.19063700869674,0.6620457982124167,-0.49054439668303296,-0.8423659364751266,-0.6227203647567753,1.1060772903036806,-0.09481183699880628,-0.10846742647487503,-0.15419534225054646,-0.24517442432917122,-0.08358505167978325,0.9811656486287529,0.3045789431932186,0.41527631943182486,-0.17939892222690731,-0.18632462137536737,0.904535090013492,0.9823889530721789,1.274143592512585,0.9914800812664929,1.387546817603126,0.9968716353285118,0.35966828317967114,0.5526297666934974
03066000,0.6399810145680795,-0.607883370902608,0.18008293805432948,0.22089302476046918,-0.7598117381670348,-1.612902689189048,-1.300151644746774,-1.6986096170399958,-0.9632686657654729,-0.5241387010348277,1.1478761297404954,0.7731162493066916,0.17863903701219827,-0.33932746688400545,0.6068935790412922,0.8337578439139928,1.1775370527508537,-0.07075167359773829,-0.7132716467615114,-0.10774469018200881,0.6863970616529949,-0.671854434431282,-0.5092016285770726,-0.35045975827677733,-0.5352299901388716,-0.29841459198804116,-0.6135394097929937,-0.5885393740359187,-0.4696995869986032,0.41154649704790647,-0.42008075026735175,-0.15136894263740464,-0.47122885058191083,0.8536308596893515,-0.00362637448325133,-0.10846742647487503,-0.15419534225054646,-0.22992155389040458,-0.022559293434528623,1.0066598083749312,0.397696352164208,0.4775742846825173,-0.33480885908635144,-0.3408759156697431,0.8417389115037498,0.6239947356820079,0.880075961546367,0.648496285935714,1.049303350179482,0.45369746352748125,0.32721528146989715,0.3871861110800488
03069500,0.5783976826333285,-0.6145128026713891,0.2081714820985203,0.08382504822290877,-0.74087639408498,-1.7119077850400437,-0.9733011268983369,-1.8353018693017988,-0.9749254513475935,0.3635851694445343,-0.12046141495480374,0.0742483874748829,0.5983879438515052,-0.7729691449214608,0.6184373510604326,0.9169313226114969,1.1035800125292061,-0.10480152926112075,-0.3267454079213219,-0.13877808349637255,0.6458154573401708,-0.6636408368097789,-0.534254444109574,-0.33341168492618645,-0.5417053007988164,-0.29841459198804116,-0.5001393557560102,-0.6035358849615571,-1.1628662197477617,0.4997980191499405,-0.4170633407804451,-0.82457252759101,-0.5468095404032964,1.0244398323941448,-0.23956941842730967,-0.10846742647487503,-0.15419534225054646,-0.16901696038269817,-0.023360090878931674,0.9935355740640829,0.25704695249563464,0.3734599671243134,0.6253013920461372,0.6112351513567266,0.8084623040883305,0.993084385124844,1.2547375075180214,0.9118996563706753,1.1368874150386001,0.8342855389353225,0.40321609093984545,0.5731637743418554
03070500,0.31372455504500885,-0.6351908962967548,0.2299866745334625,-0.16173396048268568,-0.6474711199012206,-1.2498840044020638,-1.3008395353667537,-1.4608220532095684,-0.9289497532277088,1.0516814827253138,-1.0685528538475513,-0.448160366796596,0.7838249609140756,-1.178495036590833,0.3487307821068372,0.6946969283627771,1.5085160971428595,-0.17217292943937065,-0.3600828935975906,-0.3742124157252027,0.4316037710000401,-0.5518572453908519,-0.5408133357296714,-0.025162426009219505,-0.45558295419459505,-0.29841459198804116,-0.7789700768587376,-0.599762515320831,-0.9390627836463505,0.24665305107157717,-0.32701506521863144,-0.5855154760253128,-0.11945159035846706,0.8818299168869977,-0.07517340322906153,-0.10846742647487503,-0.15419534225054646,-0.5373938177009521,0.07126843399025952,0.9920799984743651,-0.20317111482334374,-0.33958224679066756,-0.16171920578040194,-0.16939334168936804,0.20787321218746196,0.8408362157785867,1.1125872762986473,0.8036944882717939,1.1549620830738494,0.9502206408402979,0.35674728520226484,0.5382445787376848
03076600,0.28073795589816486,-0.6273073677062678,0.21476513324790236,0.058003814674946204,-0.6319105208753788,-1.0628743789057382,-1.3314051725422447,-1.3625744968963973,-0.9261590766888855,1.0607559662739108,-1.0813163331807125,-0.455193183532494,0.947699534132161,-0.6565377052770583,0.18489163452118962,0.4280220441903586,1.1068186985026156,0.03534041193637449,-0.44437680560543724,-0.251220236724132,0.26715196465979746,-0.543258507589396,-0.4929973081038922,-0.14128788646906307,-0.4850677663680891,-0.29841459198804116,-0.5985501984981497,-0.6064557909139385,-1.2614707037258055,0.12156388034749867,-0.17421052647240273,-1.1709508210252146,-0.26296651413379174,0.48146420195922435,-0.6337977481897882,-0.10846742647487503,-0.15419534225054646,0.2192036842027223,0.07904596312655794,1.011240554097318,0.04585020582007441,-0.5247879284431809,-0.39085632175940394,-0.3975474528570776,0.4955548504885038,0.5936811076490215,0.8249377473919651,0.6673697156297851,1.0225152519077518,1.0330762608126929,0.36167533809133984,0.5634519478231123
03078000,0.17830935846496776,-0.6306656200544296,0.24976262392906778,0.08373063463288459,-0.5881158844153148,-0.8318624885867489,-1.4360092035842782,-1.1447212198541499,-0.9074377377263565,1.0607559662739108,-1.0813163331807125,-0.455193183532494,0.3108886925917057,-1.7570216678043538,0.26483415644780706,0.6646891940316071,1.4137481786490256,0.05045181451139607,0.025743547220453956,-0.345078452219383,0.3076185371574932,-0.5914114392775491,-0.530966613492973,-0.08900102992693457,-0.4675924795789919,-0.29841459198804116,-0.6671395737426704,-0.59963624424904,-1.2270939586066836,-0.21719042557969723,-0.03376473745429954,-0.8266668274984863,0.42022496976325413,0.44362908041804444,-0.27949202521196775,-0.10846742647487503,-0.15419534225054646,-0.5838681799918696,0.08788930181116379,1.0271359329524885,0.009717750364737477,-0.33152869093091303,-0.37083223613305283,-0.37600174150536037,0.5392974876555464,0.4883883701623901,0.7377571563615795,0.6116026417673696,0.9922843483519994,1.0330762608114588,0.3616753380899488,0.5634519478216236
03140000,-0.2443514003507062,-0.6210841200443813,0.4213557350569728,-0.43360093287921203,-0.3542025976359047,0.13618733751187603,-0.5635335669770453,-0.38294668902014506,-0.6792517549872773,1.0607559662739108,-1.0813163331807125,-0.455193183532494,-0.09161025917201317,-2.2072964086481526,-0.35370012031299486,-0.26428904963448574,1.197547120097491,-0.3206605767227248,1.3023849104632512,-0.5558159271116694,-0.3478988381122153,-0.33860854791474504,-0.505256653628637,0.16209747881607806,-0.514237170739971,-0.29841459198804116,-0.4747911083830352,-0.6079577148818031,0.7658035338928006,1.1039627415652438,-0.648358376250394,0.8942437386391022,-1.1838036608977711,1.3165737248399225,0.39340900948124363,-0.10846742647487503,-0.15419534225054646,-0.1394862378419296,0.21476096598861374,0.8590064672616986,-0.6001573850954827,-0.6445660290906,-0.4243766881028114,-0.4308953481142686,0.19928570059638614,-0.3797861333622626,-0.160531636211851,0.1801100610391919,0.8173534982491442,1.0330762608129156,0.03833432119389055,-1.0904621917734323
03144000,-0.1865367730526476,-0.6033630033040653,0.3808715424430749,-0.4132163561916473,-0.3859663926875482,-0.12782625142411233,-0.6673517217481783,-0.42708689547968504,-0.7102899347236816,1.0607559662739108,-1.0813163331807125,-0.455193183532494,0.10532672794094955,-1.898444917553719,-0.253187730890528,-0.08024432988496329,0.8777578730422134,-0.4041153378150004,0.5441614388827289,-0.4325564341091799,-0.21307612515906635,-0.2887358686663007,-0.49423253075009066,0.13352210372910076,-0.3570163919594843,-0.29841459198804116,-0.2272729281528061,0.021753294114316316,0.7658035338928006,0.9700584328350138,-0.5638850510319678,1.1110320238438869,-0.8904115068198941,1.7783279266546488,0.03450791013340162,-0.10846742647487503,-0.15419534225054646,-0.5838681799918696,0.17053851143289184,0.8413940026261147,-0.5943303905185305,-0.7021229883093306,-0.2521860034297351,-0.25907356369458856,0.24356505723787097,0.37211256396195486,0.6302475139307921,0.5365393090901466,1.0321246495761334,0.33669396979051486,0.07975346405994363,-0.8786000943082702
03159540,-0.07940869896457961,-0.48911557711177833,0.27941641041460885,-0.4851289929376064,-0.4171337526060578,-0.02882115557311678,-0.9651992254131535,-0.4142719968301414,-0.7134172917582283,1.0607559662739108,-1.0813163331807125,-0.455193183532494,-0.09161025917201317,-2.2072964086481526,-0.25609563100740057,-0.16223709901316705,0.6015560818645432,-0.9114171485439023,-0.148441489435364,-0.5988617003508174,-0.08858096380505304,0.048334653150771324,-0.48092230785640894,0.5341853416507603,-0.33610692533088204,-0.2685118992153804,-0.6060055653725542,-0.5990188448149968,0.7444653267708801,1.404735535846118,-0.7987166389246184,1.3460049889131283,-1.6029266770730284,1.4713302716013237,1.6467427368519383,-0.10846742647487503,-0.15419534225054646,-0.5838681799918696,-0.03472680568331424,0.8578074677081344,-0.6700049838454121,-0.7664073374659837,-0.2301877121782508,-0.23815363711883056,0.494213051802398,0.9965231885304778,1.318742433641552,0.8556573474944607,1.2594709494232226,-0.10684581720099452,0.2938755160472806,0.21665064987401622
03161000,0.5597375962709785,-0.16021103670789522,0.2752193923579918,-0.4435176826617039,-0.6333101653406648,-0.32583644312610416,-0.8188516462966753,-0.6264297633614807,-0.6489539951862212,1.0607559662739108,-1.0813163331807125,-0.455193183532494,-1.6728561411009089,-0.18093342716471716,0.2956047985047413,0.40598121417551053,-0.06783411874994337,1.45051284305717,-0.6171180086257504,1.7182909574438925,-0.1745532555997935,-0.8390550879594797,-0.5456462032392163,-1.2982865841396514,-0.8719982247027672,-0.29841459198804116,-0.20938004765423548,-0.6024735904698805,0.600109602971039,-0.16221277999127723,-0.20284069954023498,0.6670315902583093,0.3053786267533859,0.31607563383802334,0.08355558093248125,-0.10846742647487503,-0.15419534225054646,-0.5838681799918696,-0.5475367490019585,0.8870953755273429,0.09515065120367658,0.2335875559512753,-0.1555615644258198,-0.16050953725308725,0.9552550803482839,1.0138735032545947,1.1299846230753416,0.8137588683868396,0.6169597857124421,0.35231541143602474,0.3211853209812323,0.35634239997688555
03164000,0.34229605313795186,-0.21455369476573682,0.27155372276924516,-0.46047216704861443,-0.5575857412602232,-0.27083361209777324,-0.9267476009646015,-0.5481164938364895,-0.6211986011551126,-0.31936066499526505,0.3152341935925301,-0.455193183532494,-1.4931691090635344,-0.10688674654967673,0.033385733472213186,0.111597079807537,0.28322196416049517,1.2254422559177163,0.28705190215535464,1.0169925806388576,-0.26724235874808683,-0.8287366025977326,-0.5502215819060401,-1.2751830893884781,-0.7115303049032214,-0.29841459198804116,-0.23920151515185342,-0.605205744543081,0.42240938675504675,-0.16046212553437916,-0.22371284730638585,0.5597863050871601,0.2891431042512745,0.27140341328111933,0.17606314223213473,-0.10846742647487503,-0.15419534225054646,-0.5838681799918696,-0.49875531810807006,0.9134912520159645,0.009132506367925782,-0.008335965052002025,1.2692038332744782,1.2607061735087899,0.7923607198550633,0.9252958511669068,1.020261019092395,0.7759543285287388,0.5971331928534732,-0.6835962330388039,0.273533232907378,0.05954801528531984
03165000,0.2933688912939649,-0.21971719336682224,0.25239208699856036,-0.5006826435796539,-0.537068178699102,0.0811845064835451,-0.6388854535044881,-0.0696936109201805,-0.5064809577279135,-0.4642123837670442,1.0635883234026724,-0.455193183532494,-1.185544910215549,-0.8056442479978816,0.11987876356531138,0.3007449938580126,-0.3052701445622543,1.2833342072578797,-0.13105978355880052,1.3202756110464728,-0.27595807583400633,-0.785742913590453,-0.5692300792827845,-1.300110544251586,-0.7057580775723026,-0.29841459198804116,-0.3107730371461366,-0.6062376343599474,-0.0010366470090089812,0.1450491347978547,-0.3844006937279441,0.29524256912934127,-0.05999659686919387,0.5820277027132883,0.33329965910346254,-0.10846742647487503,-0.15419534225054646,-0.26424643505634665,-0.4990222505895382,0.9171752151504492,-0.0658932294842296,-0.015471030575752548,-0.4057803761874942,-0.4038813305427209,0.5508369563560546,0.8611845761290192,0.7932964265092491,0.6947861709865971,0.28350036033791287,-0.28841609119084877,0.11693350619608353,-0.6884213227143527
03170000,0.04566221380968595,0.052990356288409986,0.32556173237401814,-0.40851277376394834,-0.33899296979651516,-0.08382398660144773,-0.8109243246632915,-0.19926647504334719,-0.5320577134775417,0.17365663337315412,0.13379676277936303,-0.437222816575002,-1.2947946256942728,-0.4166669873439578,-0.2720247253843857,-0.2734862126270827,0.4029794338333337,1.298064868337183,-0.8787238379760204,0.3906151509679426,-0.5242086204843123,-0.8201378647962767,-0.56884990933525,-1.2253281796622626,-0.7539436274651911,-0.29841459198804116,-0.19596038728030776,-0.6056789336891812,0.3388842437993516,-0.2314213260241554,-0.25803816343921987,0.5472395361373127,0.3152846040082413,0.026272529411241124,0.49317257068857945,-0.10846742647487503,-0.15419534225054646,-0.3985562692371162,-0.42380682252005986,0.939534336454875,-0.05811966248309902,-0.28080926409104434,0.0011880119649646933,-0.004689128039242842,0.6579124915072819,0.9147359825169773,0.9812602497974428,0.737245807804918,0.5331729676496134,-1.5876257909204363,0.19420737266255284,-0.2931595597713299
03173000,-0.16652274824883534,-0.2780959899467086,0.33823426250451516,-0.4102762100137568,-0.3013636766131552,-0.3698387079487688,-0.8448937901896543,-0.5623552701137606,-0.6523400088735292,-0.16721734246090075,0.13193354297561571,0.21332077031468683,0.037764403894896596,-1.2107479807127777,-0.30987304757845263,-0.21905404316912688,1.188467260989777,0.3039149563187556,1.3833731890786758,-0.15614631162148,-0.3512796522288826,-0.5518572453908519,-0.49015473019552686,-0.2586293203368632,-0.27665287599078275,-0.29841459198804116,-0.3465587981432778,-0.608172088711855,-0.408113035997078,0.2758441087561411,-0.5093377983819455,0.06104140160847654,-0.26380918500419587,0.5109850292995191,0.7503098609054687,-0.10846742647487503,-0.15419534225054646,-0.5838681799918696,-0.3795325177700959,0.9301107180500888,-0.010778512219258032,0.016727276325557736,-0.011338792775463808,-0.01885408810815137,0.4617415235986424,0.9097444809913902,1.1142125881650422,0.8061137740709104,0.8193556067984619,0.7125451659530445,0.3426109199082721,0.4659359843422543
03180500,0.3722952526268658,-0.5429272136445704,0.14481926478225104,0.08706377842978251,-0.6488269055250966,-1.3488891002530594,-0.988636406029432,-1.4408877664213884,-0.9146420689508912,0.954776441448275,-0.9322535829309135,-0.37305797750508546,0.8715122325483142,-1.0509186005482722,0.3398100181923899,0.6276744158683871,1.4009560425501935,-0.1125087814426067,-0.2022110329085745,-0.3764234587212758,0.39176575597968893,-0.5931311868378404,-0.505219816001784,-0.11392848479004232,-0.5134379578648693,-0.29841459198804116,-0.5657465842507693,-0.6046260216023425,-1.6313857548294328,0.594726386033448,-0.38733082283059644,-1.0452299772375557,-0.46714284136713663,1.4163813362850513,-0.38432413825015416,-0.10846742647487503,-0.15419534225054646,-0.4881396365131329,-0.134578757527996,0.9841637642819814,0.3786377541810761,-0.04101940802265259,-0.2629677514122334,-0.26996338848744894,0.9343230208450364,0.9897284998957447,1.3002999112923406,0.9269674966474959,1.290791657003318,1.0330762608122361,0.361675338090822,0.5634519478225497
03182500,0.20887730915581362,-0.4829299952743429,0.14940847779828198,-0.036160530531879335,-0.5643111769746734,-0.7108562603244207,-0.9693431348148732,-1.1917091815691438,-0.8546575775470941,0.39909849049351653,-0.4077926879530634,-0.0840742871455759,0.642950327796774,-0.8820550187579865,0.1155263592602828,0.3584147067842016,1.3255572824245092,-0.24448363387128383,-0.6071095374706094,-0.3833455802235284,0.19199033530886997,-0.45211188689396326,-0.5079973730664976,0.039284164612473756,-0.35547501901706446,-0.29841459198804116,-0.6179341523716007,-0.6004909035034006,-1.3800075617766623,0.47590362840207034,-0.37528188474835544,-0.9690405738266055,-0.41162682309246884,1.0679573834050764,-0.3208034087810474,-0.10846742647487503,-0.15419534225054646,-0.32436426382624817,-0.2032860260313227,0.9658148770810914,0.22275928789981322,0.2867606762442122,0.3362917899953873,0.32563165837362107,0.9463992090199868,1.0334184083389322,1.2866652147082813,0.903392513720055,1.0859983286196733,1.0153446403773592,0.368003142771298,0.5677675754260553
03186500,0.6276140729042411,-0.490799833928607,0.16734763222058824,0.06457663267155991,-0.7302991794391928,-1.26088457060773,-1.2142192694609537,-1.3625744968963973,-0.9241270606976633,1.0607559662739108,-1.0813163331807125,-0.455193183532494,0.9146371202372842,-1.1096831270112912,0.6732567412554732,0.9612926102501598,1.288735135834538,-0.19417532706733734,-0.8963460210733107,-0.37526293917033615,0.7343413047727225,-0.6240866429230817,-0.5482846915922993,-0.18323896904356154,-0.4845751500384905,-0.29841459198804116,-0.6909967477407651,-0.6075947745123584,-1.497631717463955,0.7151444635914375,-0.5068683265532397,-0.7978887757420969,-0.6214558897128118,1.4246516737252697,0.04721502199353805,-0.10846742647487503,-0.15419534225054646,-0.5838681799918696,-0.16621313714830172,0.944021333240975,0.3793756705248822,0.3179632445465087,-0.2720044426368014,-0.27836761954402267,0.9477410077060925,0.9579959260040167,1.2124833255431493,0.951029225998756,1.1637847314938548,1.0330762608120458,0.3616753380905958,0.5634519478223183
03187500,0.6215790985465388,-0.47993959521172264,0.2107721073507452,0.025688538423517964,-0.7258997879344421,-1.0408732464944064,-1.1961243873674994,-1.161807751386875,-0.8815470892452161,0.9746466081250336,-0.9602014501970967,-0.455193183532494,0.9218246015187792,-1.0773457510984519,0.749405609117073,1.0885374147691589,1.3094652025764029,-0.12686621282820187,-0.859852940692763,-0.35291342953397636,0.7771573388754892,-0.6825580599729818,-0.5536085505295328,-0.24342965273740721,-0.5136936471473325,-0.29841459198804116,-0.6626663536180276,-0.6071903767798412,-1.7147767223821204,0.5266080254722477,-0.37718207695169637,-1.0253040133102949,-0.35611331982063144,1.395786588291225,-0.3708288686031843,-0.10846742647487503,-0.15419534225054646,-0.5838681799918696,-0.18226941396523721,0.9413994468715298,0.3848973204078458,0.2967967960408775,-0.3438455503109195,-0.3509586535552916,0.9453257700711023,0.9433106250091587,1.1699960700964325,0.9218847887944951,1.0221838685418705,1.033076260812437,0.3616753380910481,0.5634519478228142
03213700,0.1543422216381766,-0.31529906988718764,0.27697834687214196,-0.5140929034573554,-0.4953133819402874,-0.6228517306790908,-1.03004333579652,-0.9211724323009927,-0.8025315070828779,0.9823104902355262,-1.0076397523116944,-0.4349937464487446,0.6774502379479496,-1.3427993016727826,-0.2343110163938885,-0.2628473662089899,1.2061088793485861,0.4249497446254249,0.05546168434460978,-0.1919722591615103,-0.3011628662622553,-0.6361248758451199,-0.49727791447565356,-0.3923863952120757,-0.39056269157570284,-0.29841459198804116,-0.18254072690637918,-0.6065041728023789,-0.9670608162135488,-0.10522684153758004,-0.11377900804049901,-0.6770748642448959,0.19636704620881876,0.30215272455623227,-0.26333030566674936,-0.10846742647487503,-0.15419534225054646,-0.3594762230809901,-0.30176106716224327,0.8332390787077895,-0.18766214890783128,-0.17429048823641577,0.9591595403368924,0.9493753232411557,0.9115124431812409,1.1781588286008369,1.5564295290436048,0.9410261903041535,1.5305955646960745,1.0274790576654687,0.36134242991722565,0.5617490969405587
03237280,0.1918768892700915,-0.41897219202992764,0.16548275230824175,-0.45685786717494153,-0.5401344076533604,-0.4138409727714334,-0.8904161162099755,-0.44986893752331913,-0.7052550405861325,1.0185745161312505,-1.021987109180747,-0.42250213208927806,-0.06286033404603322,-2.134600636687436,-0.23627130051336773,-0.2874852780928621,1.578113210364752,-0.8322821490897937,0.9169637246783268,-0.6373541077625079,-0.1699185589633565,0.41980012617366724,-0.4231668358504036,0.8071713717369893,-0.11594139394022386,0.3175808791287747,-0.48671969538208254,-0.5954331963701198,0.7658035338928006,1.3404782211147666,-0.6646176881400245,1.199082602561307,-1.3139915876731239,2.1235940081014633,0.2268406828256694,-0.10846742647487503,-0.15419534225054646,-0.5838681799918696,-0.11538266339307296,0.775534141345932,-0.6500176290847309,-0.3113159613647463,-0.4463514769063774,-0.45317211644724664,0.9305659845239406,1.2202512231074751,1.596035417085152,0.970223305714654,1.476741512799031,1.0330762608124533,0.3616753380910481,0.5634519478228142
03237500,-0.022113324043705536,-0.42255444133408676,0.19319373734453185,-0.4864722858416762,-0.4310794866691405,-0.02882115557311678,-1.0987590491989945,-0.43135852836286653,-0.69307131956786,-0.6881683472730338,0.41763953224227157,0.3707478958195915,-0.25260983987750074,-1.325659648121068,-0.19720084944672195,-0.07899188400487626,0.2304684060384256,-1.1684012913677515,-0.2840431547410829,-0.6147360037719412,0.0032567748107221544,0.34585098108114615,-0.4699531791622903,0.6904379245731674,-0.3228043536270572,-0.29841459198804116,-0.6895056743658838,-0.40719203131608495,0.0325643596870547,1.1910173765557024,-0.7492933596260817,0.3976326889104799,-1.4030050782482315,1.0856694671921217,1.171779833949659,-0.10846742647487503,-0.15419534225054646,-0.20656677348823807,-0.08465854273834846,0.762873100792659,-0.6196740001195977,-0.6785174895653227,0.1237356510227124,0.11307537895809124,-0.31918531171481956,-0.14427891818968744,0.0908658505882254,0.23180303380643982,0.8179458583554503,0.49446463527458756,0.07036964454245079,-0.9265990519774243
03238500,-0.003560970417560459,-0.4167282018218516,0.2177606831930194,-0.5060104940286859,-0.43980640517603586,-0.0068200231617848725,-1.0037472198477866,-0.4285107731074125,-0.6824725182593512,-0.6034168291444131,1.2593827233972736,0.8345576022138802,-0.38198450294441033,-0.8721764992232538,-0.1425755767458339,0.019391422693210533,-0.6831009256433689,-1.756185927293987,-0.576141275423933,-0.6334905008240672,0.24493545107945977,0.6106921053659886,-0.46800541949695335,1.0643497475197843,-0.42011082776385655,0.07357490610386154,-0.48224647525743963,1.911745289056445,0.7628709035100919,1.2154220534942823,-0.7209646964607439,1.2249943799345062,-1.3122458246753057,1.5438991105524362,1.0682737980187202,-0.10846742647487503,-0.15419534225054646,-0.5821871096286504,-0.0742020868995471,0.7315708243819171,-0.6031217731662902,-0.8207884168607077,-0.13168307734087534,-0.14265420154277436,-1.2474416427626767,-0.729963262716635,-0.49631115574913526,-0.09479911744841543,0.7317169242285142,-0.5267998581139895,0.03833432119295271,-1.0904621917742263
03241500,-0.13298389750830594,-0.4965352758640363,0.38374222183578166,-0.4902287899715374,-0.38732822760732455,-0.05082228798444947,-0.8376585334820155,-0.182179943510622,-0.5920098021095255,0.4251591010669146,-0.1873340575120565,2.8856567118983985,-0.8434208012163881,1.251114178207805,-0.2937339998614424,-0.20647837910187794,0.7652183669271505,-0.20141225282961553,0.9767787561048598,-0.41431046130909355,-0.2621606179723802,-0.4263156734895955,-0.48119568647067257,-0.04340202712856667,-0.12243638730057345,-0.29841459198804116,-0.2272729281528061,2.034579555012639,0.7658035338928006,0.3234047330061863,-0.48313843660334765,0.9573054587602499,-0.3118713283034354,0.6198777838860008,0.6129705586773085,-0.10846742647487503,-0.15419534225054646,-0.5346850572313033,0.09185488148189286,0.7343974781648305,-0.5592666414921544,-0.9107854021334076,-0.36529153403632486,-0.3711416746939388,-1.6472976512221469,-0.6398953056472377,-0.3068958652210812,0.013019962993945578,1.5078665411998802,0.645046536270473,0.03833432119266193,-1.0904621917744908
03280700,0.5195901671448655,-0.10211070083018495,0.09528774624498981,-0.5861554081985464,-0.6048088829878651,-0.45784323759409795,-0.9551767468601601,-0.6307013962446621,-0.7411782203020864,1.0607559662739108,-1.0813163331807125,-0.455193183532494,0.688950207998342,-1.3551263431434732,-0.10625917676646607,-0.23091851475324898,0.894419464775758,-0.48935130065768384,0.307095386594154,-0.4824687282104478,-0.0939592001542894,-0.2852963735457184,-0.46737661519554546,0.2830868329077476,-0.537565697458374,-0.29841459198804116,-0.5031215025057719,-0.6084666312676084,-1.0855058049704391,0.6323565127019254,-0.5037718330842071,-0.38862496487353104,-0.5930573404211761,1.1652320121099846,0.43070459605225014,-0.10846742647487503,-0.15419534225054646,-0.5838681799918696,-0.39932969008271285,0.7698462946983151,-0.27869303580323085,-0.3658388040553231,-0.3727476856383904,-0.37986757082226724,0.9431788921733333,1.2822828983527026,1.664629045192501,0.9736174301519858,1.5039332804739132,1.033076260812122,0.36167533809069274,0.5634519478224175
03281100,0.3959702493311654,-0.18076241825715822,0.11641062512548987,-0.6686729407562787,-0.5725943398452933,-0.3038353107147715,-0.8059500337258395,-0.4028809758083243,-0.6265760244699068,1.0023961444484277,-0.9992318403533724,-0.455193183532494,0.0765768028149696,-2.006686473481292,,,,-0.6502242131834052,,,,,,,,,,-0.6035592232616287,-1.0431523490635566,0.9704290887609762,-0.6438613263091566,-0.342154148506331,-1.0025153241128084,1.4057648614853948,0.7534016910275522,-0.10846742647487503,-0.15419534225054646,-0.5838681799918696,-0.40183770318197265,0.7419535190756914,-0.4529176291149852,-0.5032390585915517,-0.21733774877894627,-0.2238951017563206,0.8232220896354924,1.2932406766128084,1.6757549698230725,0.9992304304271499,1.507613026772787,1.004913557351216,0.36000028826057845,0.5548839392694349
03281500,0.38535420727189923,-0.20855279140088984,0.15749856025451167,-0.6568838847275821,-0.57468027771262,-0.31483587692043785,-0.8598565784943542,-0.5167911860264932,-0.6520674069790858,1.0116659593703592,-1.0122700579604407,-0.455193183532494,0.1642640744492083,-1.9149091167782726,-0.04738350951613806,-0.0572756086108163,0.9217170859803645,-0.5036085428508417,0.15083658816003762,-0.5731660986326109,0.029869770090784196,-0.23714344185756517,-0.45704185002087167,0.22897601625368433,-0.34605717442451495,-0.2852574071680708,-0.7088896282393357,-0.6021628511507932,-1.0376548568019455,0.7515840694471432,-0.5606384579496373,-0.3457969439410059,-0.7370534001648,1.2500823774670693,0.5418912613487256,-0.10846742647487503,-0.15419534225054646,-0.5838681799918696,-0.33889156737220033,0.7471966750452632,-0.4871925710152237,-0.5162626064057607,0.6143551269282111,0.6015910476599347,0.8744787994447265,1.308111133224097,1.6885599007951024,1.0104294400765246,1.4940739700427372,0.9160967304548697,0.35471767712969626,0.5278629775378685
03285000,0.1955407728661514,-0.14544070554816596,0.046610616041013755,-0.6540360440032856,-0.4720512286494316,0.13618733751187603,-0.7277414140781129,-0.26618872354652123,-0.5624991611133413,-1.3201138071125662,0.9530522023813105,1.5330525166708717,-0.45242181950306115,-0.05411687724021226,-0.05225749949856243,0.05502661692360482,0.6416710809211327,-0.9606796186614497,-0.23915425145661232,-0.611968681471647,0.09062375455727778,0.01909894462582127,-0.4735286311566673,0.5153377538274347,-0.3755431102638857,-0.29841459198804116,-0.8594880391023065,-0.5974027642351778,-0.8500067004945756,1.1678661014045717,-0.7580505818300174,-0.3983351802696172,-1.4149096300872401,0.9504198048395995,1.3250583117098422,-0.10846742647487503,-0.15419534225054646,-0.17190930561787368,-0.3077411228981526,0.686408507864338,-0.554482907952997,-0.7239952822071868,0.01746345714835452,0.00889683490050722,-0.2934227769415918,0.03180996830939339,0.19422078960823733,0.2771115739008343,0.57965718627741,0.7294026154775688,0.051774633965925417,-1.0217139594941715
03291780,0.25970192594822317,-0.36599152229091514,0.2282579802656369,-0.5422639960518654,-0.5580083845178004,0.048182807866546065,-0.2734519179220569,-0.08393238719745162,-0.4938990984072974,1.0607559662739108,-1.0813163331807125,3.378250725317895,-0.9541080129514108,1.760997763423574,0.01078194495743284,0.12728017358970964,0.013326638250765478,-1.411961728015733,-0.5422417884671125,-0.6373541077625079,0.3358968688208193,0.2684623408680429,-0.5006154213403604,0.7257011534039054,-0.40847677921204356,0.3403069256359971,-0.4852286220072013,0.7887385356943332,0.01923819872304357,1.1223010933342294,-0.7161796072026584,0.37001179279254703,-1.300317427013773,1.058567999000012,0.9491848870114832,-0.10846742647487503,-0.15419534225054646,-0.15591487685402178,-0.07036517252564065,0.649624385758083,-0.6483382332677927,-0.6730672426130916,-0.42375387323297775,-0.43077253054141684,0.17728020214425427,-0.20414304408421607,0.06469117666605005,0.3177039203378048,1.0554154432036431,0.07071949209172337,0.09557298594158947,-0.7976820246729012
03300400,0.14193063397554762,-0.1559290466650213,0.10077092598511711,-0.6091754196991598,-0.4475705171827837,0.11418620510054335,-0.7393687861300735,-0.17506055537198645,-0.5663873537341473,0.05347731720539066,0.2770144367496971,0.2932619298653159,-0.2583598249026967,-1.4298484780856748,-0.08263491371840613,0.034410116653967454,0.3187395770719569,-1.2517277550975783,0.33999061175134526,-0.6329148049665643,0.2965482942358466,0.25126486526513103,-0.46345835165752053,0.65152677551856,-0.23286758179862724,-0.27090411463719316,-0.7491486093611197,-0.593901269751452,-1.3468461106962406,1.3932881300451112,-0.8474386388678707,-1.0597296019217162,-1.8098669115962478,0.33852996099596605,1.5023397702464643,-0.10846742647487503,-0.15419534225054646,0.5901785117808367,-0.27109647821202,0.6472257698816376,-0.6424857932996748,-0.782315598574394,0.19739819841049497,0.18742094972438597,-0.4010350315672614,-0.005141520740767756,0.16167832514485775,0.258782300236822,0.5989444610603902,0.25949255232327173,0.04102855234765281,-1.0766809924557892
03338780,-0.24232291910149845,-0.5516009598853907,0.7031799385172692,-0.5167746267520751,-0.33405217403426335,0.26819413197986985,-0.587822973974967,0.13392088984479744,-0.43500837329922837,-0.548599518938106,0.5275448816249005,-0.09442649801291868,0.4948882133979773,-1.1058836964210097,-0.2126163732194984,0.05442926468984202,0.5335539041486653,-0.5919332898267159,1.575751401292274,-0.5061104956138769,-0.11412727465951154,-0.19243000528999446,-0.4181146513677953,0.24295971044518372,0.06216194363735236,-0.29841459198804116,0.012789885203017704,2.2897278377149393,0.7658035338928006,0.9297839411559301,-0.6922333656875148,0.917096667903995,-1.1046044010665945,1.0847525371796514,0.8714889366052112,-0.10846742647487503,-0.15419534225054646,-0.3106043979707909,0.19602960322430418,0.5024866637944291,-0.6948778537099132,-0.9125612633006169,-0.059377796320371816,-0.06802790489567548,-1.6148261230183913,-0.41135856430556833,0.006432746827303414,0.276143555626371,2.1314395174363474,1.0328972345722314,0.03833432119324438,-1.090462191773995
03340800,-0.0996440126319401,-0.49492815135438833,0.4443532119741276,-0.5134377309912503,-0.40691682922862016,0.3121963968025352,-0.874868425121338,-0.05545483464290939,-0.5510576400254369,0.9632330898980532,-0.9645206692752866,-0.3908374950596586,-0.10311022922240506,-2.13747131757787,-0.2735120397900854,-0.1854872123273999,0.2675690989382617,-0.6268260560116131,0.30578906333702766,-0.5612214369243919,-0.2593082415755882,-0.2096274808929063,-0.4780326624210088,0.25755139134066163,0.03308702078531768,-0.29841459198804116,-0.4196213935124422,2.1461197342761205,0.7658035338928006,0.6950428870360262,-0.5709916396326602,0.8485493199403964,-0.7277493863977521,0.9386193501224126,0.4700358909205876,-0.10846742647487503,-0.15419534225054646,-0.33101302942263205,0.10908258861318507,0.5449759020891953,-0.625030254959984,-0.8876100743485218,-0.2555703559299634,-0.26006195273325317,-0.9823022223882092,-0.584534431650056,-0.24942191700063976,0.03240157267338231,1.4911918176966301,0.7786784548752353,0.03833432119327669,-1.0904621917739619
03346000,-0.08832625193957265,-0.3336678316090084,0.3465631116683849,-0.5681470044738408,-0.3671782013139803,0.4002009264478644,-0.44945918320634676,0.020010679626627694,-0.43949823611034616,-0.9739026064720852,1.6928121311329698,1.0733819472836645,0.1570765931677133,0.021196280238255365,-0.3219259953174876,-0.2952252874873776,-0.6038692582716118,-1.600013983051142,0.5344806382272982,-0.6228710918739175,-0.026624209504250075,0.5470614456352147,-0.3880587412045904,0.9634239546593965,-0.24815887921167418,-0.29841459198804116,-0.24218366190161503,2.151506413671318,0.7658035338928006,1.192072130941839,-0.6595001756624962,1.188353765370037,-1.1848345089333108,1.8444524497721408,0.41072063513553203,-0.10846742647487503,-0.15419534225054646,-0.5838681799918696,-0.045029631316954505,0.4838115056244879,-0.7454505686518018,-0.9256181297337615,0.012968613983988759,0.01208424333880418,-1.461055993590689,-0.7673647297296274,-0.4631841119586567,-0.1869759421427651,1.105342633696093,1.0330762608123665,0.038334321193309,-1.0904621917739288
03357350,-0.026634216703427905,-0.4638825827155223,0.44408035062776624,-0.5281482857431717,-0.4401068884107918,0.36719922783086617,-0.9511187486863412,-0.03124891497154784,-0.5531579171645418,0.657620501954685,-0.5142966080637994,-0.14275911220322818,-0.162047575730664,-1.8838382177288602,-0.20252389096794213,-0.08679721075113479,0.3382215351693639,-1.036159702648482,-0.35387364600158056,-0.6373541077625079,-0.19291043978682942,-0.03765272486378789,-0.4792865949722122,0.5402652086905426,-0.2125682353910002,0.6237844531208275,-0.4598803746342262,1.856566012031116,0.7658035338928006,0.5100339545786859,-0.5097362611044006,0.9835619661053983,-0.49023707143033324,0.8827512757462211,0.605668038948374,-0.10846742647487503,-0.15419534225054646,-0.5838681799918696,0.0993193890751751,0.5588192894244552,-0.6371295384592887,-0.8562103531991486,-0.46115801909487647,-0.45733036855665793,-0.5150879198862377,-0.6082616287031822,-0.32507377541026555,0.07393894940633139,1.1712510262912839,-0.9455350911493603,0.03833432119324438,-1.0904621917739619
03364500,0.06446400268992285,-0.4457470432400504,0.35254359037620714,-0.47807699728265274,-0.48420504996822006,0.4222020588591971,-0.8675569557796631,-0.182179943510622,-0.5982044805336538,1.0607559662739108,-1.0813163331807125,3.378250725317895,-0.9541080129514108,1.760997763423574,-0.18807154955178465,-0.11860709251712068,0.32618156345038596,-0.8710191042603482,-0.03376250744104925,-0.6312289851564086,-0.10534741728786348,-0.14599682116213245,-0.49352178589978757,0.3116622079947247,-0.14365110526065972,0.02573059766760403,-0.388308852639943,2.3137063348633244,0.7658035338928006,0.5816057692345682,-0.5366301863760105,0.9659381128440439,-0.5940928293024127,0.891119816682717,0.632592285615359,-0.10846742647487503,-0.15419534225054646,-0.5220429782953704,0.0058085239485320414,0.6222108398952948,-0.6168495617002017,-0.8997974733818029,-0.3264067339555762,-0.3308282685192952,-0.9723729121110277,-0.7025586962102298,-0.39938362758721857,-0.11669331501330457,1.2299289550304895,0.9993790473001927,0.038334321193212076,-1.090462191773995
03366500,0.25380283071726967,-0.35360972733223556,0.27465252694549647,-0.5831004005226145,-0.5522541762509402,0.09218507268921144,-0.3330748152302184,-0.2049619855542561,-0.5262572373113207,0.3553015586878024,-0.08907774423027288,2.831516408426413,-0.8304833349096972,1.1950514690534302,-0.0872480749865014,-0.047972133514444786,-0.03300343770893705,-1.2641466401229904,-0.28058929997552984,-0.6097125576764051,0.20018375408014452,0.20827117625785155,-0.4782904165853284,0.6533507356304948,-0.3921830612020408,-0.29841459198804116,-0.4479517876351789,1.5859554441440482,0.7658035338928006,0.9920169718049489,-0.6313748858146181,1.1753099943477616,-1.0112024636927233,1.4631643957611387,0.6616519984834582,-0.10846742647487503,-0.15419534225054646,-0.5838681799918696,-0.08455484234986432,0.6239248418291189,-0.6606029118096746,-0.7998704785638244,-0.02197365045847304,-0.026544807551014602,-0.17373433414097197,-0.10582482250955752,0.17308215615216024,0.3376799278442236,1.0824895120633975,0.12075455737437425,0.09259702066434475,-0.8129043156685409
03368000,0.17812883333944238,-0.39747477422320865,0.2855612379696794,-0.5436550659198423,-0.5281084051267436,0.11418620510054335,-0.8097810134226592,-0.11525769500744791,-0.5757952027057035,1.0607559662739108,-1.0813163331807125,3.378250725317895,-0.9541080129514108,1.760997763423574,-0.04986785550809938,0.07153464293853007,-0.7382092586481264,-1.7556205228448505,-1.6773429019423653,-0.6373541077625079,0.17630620299638544,0.4920295237058968,-0.48066295685949073,1.0607018272959148,-0.43509205144129137,0.25777549358345325,-0.4315499805114887,1.736518291246153,0.7658035338928006,0.9585279281257142,-0.631941080494322,1.1774344249079962,-0.9886851195745857,1.3770466966932122,0.7457996268853447,-0.10846742647487503,-0.15419534225054646,-0.5838681799918696,-0.033451674980474765,0.6355065360764574,-0.6301575012798786,-0.8898973869274154,-0.4482492995757763,-0.453599053724303,-0.01835404628994279,-0.22071792179059202,0.0733280307981926,0.37291917662853175,1.1961996476368726,1.0330762608125077,0.03833432119343823,-1.0904621917737958
03384450,0.2919363370720373,-0.0998759852455495,-0.062330951124047324,-0.6293137972449104,-0.5069689471307238,0.5652094195328572,-0.5566761466158348,0.29624293940568786,-0.3408363079013355,1.0607559662739108,-1.0813163331807125,-0.455193183532494,0.9146371202372842,-1.1096831270112912,-0.10424368991447427,-0.10224040272938967,-0.16006699581789818,-1.3738706700373033,1.3659878069468394,-0.6357206544660533,0.08167707546327943,0.6192908431674445,-0.39992438348378945,1.0053750372338952,0.023409034841259835,0.0675943675493287,-0.7685325632345715,-0.6004393629263887,0.7658035338928006,1.2052277539894836,-0.6371586294717431,1.2127109938985552,-1.164685680668029,1.9575785462730289,0.19107508462172687,-0.10846742647487503,-0.15419534225054646,-0.5838681799918696,-0.3403395320558467,0.4467017293184995,-0.7545218506023846,-0.6330394847029558,-0.40041594245015305,-0.4069342244964658,0.7338582971408592,1.2018909037857166,1.4983408864610965,0.9310553898929328,1.0880341339255326,-0.009069029377432699,0.299691044093171,0.2463975225601485
03439000,1.632788648060062,-0.1224885778547568,0.11821616795737519,-0.6893590451735591,-0.922053297666687,-0.4468426713884324,-0.7635760275160782,-0.6591789487992044,-0.5722576192609519,-0.6818663362257311,1.3697238416512176,-0.455193183532494,-1.6728561411009089,-0.18093342716471716,1.0818649928166617,0.7791150105583652,-0.11156534697715909,1.413213918152874,-0.5852742485939221,2.613791173885484,0.4340693198123515,-0.8390550879594797,-0.5648984459411749,-1.282478929836217,-0.7453390649843181,-0.29841459198804116,-0.40471065976363324,-0.607010347455919,0.02984429609364722,-0.2992046063939943,-0.07933691723728328,0.1816380912890343,0.45375447250802875,0.1571837513203711,0.06568563801678248,-0.10846742647487503,-0.15419534225054646,-0.5838681799918696,-0.7875839445667157,0.799651055205737,0.1320083003072366,0.3615361459554772,-0.36073205914018386,-0.3683929004443984,0.9533765621877359,1.1224307367947255,1.295669664247732,0.9528664736732241,0.6566734754068564,-0.9290379403365078,1.6015104536573086,1.4090321954008578
03450000,0.5933492394008351,-0.13974968807235716,0.19969444386371585,-0.4591284832453331,-0.6413470459827486,-0.743857958941419,-0.15838970189611412,-0.4014570981805969,-0.5278167231880414,1.0607559662739108,-1.0813163331807125,-0.455193183532494,-1.6728561411009089,-0.18093342716471716,0.2621253175820151,0.32796951277530667,1.114684069042917,0.6209195844154705,-0.22856331589006668,0.007268281566377497,-0.0035239026128194447,-0.804660136753656,-0.525812049412593,-0.6088296618283286,-0.5501679498776221,-0.29841459198804116,-0.28244264302339905,-0.6107567550037323,0.7658035338928006,-0.5610883207762304,0.13788968814155694,0.6948321261294674,0.7593246502515413,-0.07985786640326104,-0.10956435026302747,-0.10846742647487503,-0.15419534225054646,-0.5838681799918696,-0.6896965389705358,0.8255208274663797,0.16854788202122511,1.2606240102729493,-0.457438756711813,-0.4643368186650611,0.8924589018385414,0.9902538503868947,1.2403779393904832,0.8510887484941004,0.8916858956091225,1.0330762608129809,0.3616753380916629,0.5634519478234759
03455500,1.8028811683496844,1.1467240793768474,0.19936208497397898,-0.4927637994379476,-0.7576103241995712,-0.6888551279130881,-0.3380219643371858,-0.6819609908428385,-0.6068609755349583,1.0607559662739108,-1.0813163331807125,-0.455193183532494,-1.6728561411009089,-0.18093342716471716,1.1709858739642405,0.779881632069359,0.17094230578557656,0.8307070916738271,-0.38715155916505384,1.6021674597702267,0.726924906428787,-0.7633861953066675,-0.5630762172080679,-1.0465800886926604,-0.6735985253000402,-0.29841459198804116,-0.5463626303773184,-0.6090980645611075,0.7658035338928006,-0.6492483346784469,0.25749916284614704,0.6948321261294607,0.8999514848353649,-0.042034309671438536,-0.4115614390987198,-0.10846742647487503,-0.15419534225054646,-0.5838681799918696,-0.739040640490828,0.792695130840976,0.7218833583111929,0.9652217714527412,-0.422849028988125,-0.4308017728206673,0.9463992090199868,0.7999091809927993,0.9813137338927975,0.7918273837280899,0.7222649178421323,-0.7833552360708815,1.0098971838738502,1.0055458859283637
03456500,1.0845270478758358,-0.03794737587698364,0.1839838340954967,-0.559456294358268,-0.7777792320749448,-0.79886078996975,-0.4552908569872622,-0.6093432318287555,-0.5508508654695509,1.0607559662739108,-1.0813163331807125,-0.455193183532494,-1.6728561411009089,-0.18093342716471716,0.7159821794537683,0.66747952801006,0.3006621503349988,0.89413326735714,0.21050775947853134,0.9951932788972955,0.34248002953075773,-0.7719849331081234,-0.5442821151894806,-0.9845654448868801,-0.625514655004774,-0.29841459198804116,-0.4539160811347021,-0.608258099675376,0.7658035338928006,-0.5874936796091202,0.15047133363182938,0.7088362773431913,0.796244286001706,-0.0856614276319464,-0.1665509883209383,-0.10846742647487503,-0.15419534225054646,-0.5838681799918696,-0.726450645177848,0.7968755932761905,0.5123532847569883,1.1408312664108389,-0.3873133277357273,-0.3922838425920001,0.8755522383936108,0.8338062902090047,1.0328213296483426,0.8442959733243315,0.8054501484602835,0.6981569361769453,0.34175514262631107,0.4615586178036658
03460000,0.8602682548411497,-0.24250669448484952,0.12694665874604258,-0.4936397659427916,-0.752614655709015,-1.271885136813396,-0.7460592522705546,-0.802990589199643,-0.6832141436596435,0.08467276852233431,0.2915681571852222,-0.455193183532494,-0.9440455391573177,0.07160205940265532,0.44602965098015906,0.4326970706061032,0.09195696650948906,1.2044473549480348,-0.4032020977937085,1.2919455893503067,0.0408741218296993,-0.823577359916859,-0.549266283063517,-1.160273602336591,-0.665538687137513,-0.29841459198804116,-0.3868177792650618,-0.6086025199360695,0.7658035338928006,-0.5752176299518797,0.19998936538891418,-0.21202412832858267,0.09838060309102696,-0.5793039170810148,-0.7411287133400566,-0.10846742647487503,-0.15419534225054646,0.7776704536184669,-0.686923513767373,0.7843002836580746,0.6299109919426613,1.486404342071246,-0.3910795950146273,-0.3979626932224337,0.949351166129419,0.8611180749761826,1.0040323116560472,0.849107617085684,0.6209545658151401,-0.34972389058434367,1.8082476872187392,1.5500291061544917
03463300,0.9270693452427674,0.48081433032394594,0.15016168949019254,-0.45594412630484177,-0.6296405790691707,-0.8098613561754163,-0.47437633481576175,-0.616462619967391,-0.6160088166467839,1.0607559662739108,-1.0813163331807125,-0.455193183532494,-1.6728561411009089,-0.18093342716471716,1.0149915005446313,1.213997250071995,0.11597880126899954,0.6050508730294031,0.20942420845165094,1.0620213208819744,0.5919031325839179,-0.7513479623846293,-0.5597902309680389,-0.8860715988424054,-0.5705230372479166,-0.29841459198804116,-0.16017462628316576,-0.6083199436034645,0.7658035338928006,-0.5760501961445522,0.11449485854413685,0.7214995196003903,0.7700722224712715,-0.11600999595436408,-0.07639418600091974,-0.10846742647487503,-0.15419534225054646,-0.5838681799918696,-0.6554274013317115,0.8391508126177233,0.3387266581376285,1.4037506106355175,-0.3998107544162581,-0.4064195603816583,0.9673312685232343,0.9248861724304415,1.0202091335921784,0.9273995711218675,0.5380543803903792,-0.7883853038879443,1.0116922418497183,1.0067701338536132
03471500,0.10976416241510424,-0.33111760616154196,0.2778880368193412,-0.4610857178117708,-0.47699046345231777,-0.3368370093317705,-0.9839700212659973,-0.46695546905604435,-0.6713296457239583,-0.8411204495130439,1.5937185817130959,1.0187803175408272,0.31663867761690184,0.30505596122772644,-0.11252999947778908,-0.0010191273801968938,0.8006381525542393,0.857350201926951,-0.48787234572364035,0.41611033793928326,-0.3039186253709388,-0.7616664477463764,-0.5278675889909882,-1.2405278472617185,-0.7247724734859177,-0.29841459198804116,-0.2302550749025677,-0.6065256478426764,-0.23534613231613183,0.245268274258886,-0.43881125028772067,0.18070123904618052,-0.18759368032343196,0.6217964147301749,0.4689647674504439,-0.10846742647487503,-0.15419534225054646,-0.5838681799918696,-0.4770473701187583,0.8732618565011662,0.33613122823872393,0.4937679823671582,-0.3492804913920154,-0.35663165572987515,0.4893825765324178,0.9126416148962289,1.1533467801227644,0.8459359241931197,0.9604284736232778,0.29687355184398484,0.3178877725894726,0.3394751866481376
03473000,0.16890458176408849,-0.3603115800968263,0.24997002153401177,-0.4640590291537075,-0.5140994140668089,-0.6668539955017562,-1.039146921489401,-0.6506356830328414,-0.688551895357672,-1.688112628913366,1.088622815727946,0.740467025096943,-0.13617264311728192,0.38839013884123197,-0.02612708716535686,0.1229045853701098,0.8100888547782231,0.8390348559299863,-0.30517928177410464,0.4034907996132445,-0.22855184977955312,-0.7840231660301619,-0.5284046218538127,-1.040500221652878,-0.7005444528863114,-0.29841459198804116,-0.3152462572707795,-0.603491669636063,-0.4040447990477327,0.19050077708260463,-0.44789746799995056,-0.07372285879732164,-0.18096965645779411,0.3689894805060537,0.6236907234798846,-0.10846742647487503,-0.15419534225054646,-0.47459608287883426,-0.4979045908469887,0.8601382389596358,0.19957853654783303,0.22171997321567402,-0.004587714610945862,-0.01387705217972809,0.5991417090558564,0.975940361903606,1.1760576049010623,0.8518965997376718,0.8341056180101879,-0.05973837693104208,0.36825461955530814,0.3251282320367789
03479000,0.5072969884355432,-0.22270204345528288,0.2864808402522803,-0.42888521725776263,-0.6273254039095939,-0.5898500320620925,-0.921442913531117,-0.7987189563164615,-0.7222210333773783,0.818380662862204,-0.7404096403207459,-0.455193183532494,-1.6728561411009089,-0.18093342716471716,0.20837946147090647,0.29920550215523967,0.19199816283725266,0.6210371065039498,-0.21687107087325372,0.5954178096229895,-0.0860783566333905,-0.7479084672640469,-0.5423186551178909,-1.0259085407574002,-0.6587840896379278,-0.29841459198804116,-0.42707676038684667,-0.6048787707476808,0.289233442144706,-0.625153064594735,0.2537190947421121,0.22797209285133194,0.897051798679552,0.059842872802951336,-0.5577052760588518,-0.10846742647487503,-0.15419534225054646,-0.5838681799918696,-0.5771412895365684,0.8614821793028536,0.35700917169020546,0.7639028236861382,-0.3272822001405311,-0.33354195203373516,0.9332495818961517,1.0533086345360347,1.2961654973995198,0.8946234906819459,0.9257004502901321,1.0330762608126711,0.36167533809130753,0.5634519478230793
03488000,0.011691461559155257,-0.3162690080332554,0.2657493658671472,-0.47250855447725415,-0.4205287318606592,-0.5788494658564262,-0.9634265087264365,-0.8457069180314564,-0.7716645596226238,-0.4298811528422154,0.18200631958139885,0.24091141798480084,0.11970169050393913,-1.076332569607711,-0.1703169710794166,-0.04769446428777871,1.0639642351512861,0.23825406915507585,0.012088567865788186,-0.1350434183312921,-0.23498454328573146,-0.6154879051216258,-0.5135168774899677,-0.3492193392296206,-0.3350161621464266,-0.29841459198804116,-0.48075540188255844,-0.6039385803477505,-0.9738330112285417,0.23786645198408582,-0.5434462226304658,-0.45191883965976315,-0.2466701606326887,0.38834882621252287,0.8997696975131417,-0.10846742647487503,-0.15419534225054646,-0.5838681799918696,-0.4508553405162968,0.8661690093478812,0.06805130961217387,0.16688622748853393,-0.12597785810871956,-0.13704553238254175,0.5151451113056456,0.8436762795556906,1.1175993624673715,0.7925133706317002,1.0459482235237152,0.4060082393879421,0.3243788411793572,0.3726775011067512
03498500,0.7606096504630953,-0.25208738049869184,0.019301822138783797,-0.7045853395191278,-0.7233180693346568,-0.9968709816717418,-0.537002826701627,-1.0692557055846128,-0.7146750425556945,-0.9685085943778529,0.35122353492888964,0.3341519547564566,0.24476386480195197,-0.6606748630309213,0.20111438297027334,0.1264704719009113,0.5718733824786041,0.5063709953034038,-0.349434313932436,0.2875211866922581,-0.014253012620242856,-0.7152332636185145,-0.5307061912659156,-0.7693381516785835,-0.5788959384312276,-0.29841459198804116,-0.5687287310005318,-0.604845856864809,-1.6399720316785875,0.15786748559500693,-0.4057952103428029,-1.6416630225153437,-0.704691376656246,-0.4091834680719878,-0.3424790109640887,-0.10846742647487503,-0.15419534225054646,1.1547630896363483,-0.6642400139752849,0.7342809087637893,-0.09987554938606226,0.6688394983507249,-0.056322478090998974,-0.06300408132045147,0.5315150552761339,0.9403709186149014,1.0762605216002294,0.80712548894096,0.6031302484404493,-0.20974997173814094,1.801947201084293,1.307063623103501
03500000,1.3735555383673461,0.06353604713799177,-0.07566969137980907,-0.7297805188359252,-0.8338385350185611,-0.2598330458921069,-0.41699716513848323,-0.616462619967391,-0.5708006835589229,0.07165416664892411,0.28103936882123526,-0.455193183532494,-1.6728561411009089,-0.18093342716471716,0.6533728478057783,0.4051157968258079,0.1812048321256113,1.4762619674976212,0.0753173992743134,1.5742893692105884,0.1558617761189349,-0.8614118062432651,-0.5603824877765186,-1.2125604588787195,-0.7117812713089138,-0.29841459198804116,-0.40918387988827526,-0.6061126547265239,-0.1282214547695036,-0.24668386019990654,-0.16105516203370784,-0.2597888398229556,0.18588163578623887,-0.0387738189340563,0.01879244522017166,-0.10846742647487503,-0.15419534225054646,-0.15410678945908135,-0.7863030527311822,0.7654203580746645,0.06291134059669644,0.4605633258416955,-0.25351976734909587,-0.2606175560390113,0.8538150996787001,1.0081613773253346,1.1736982009130976,0.8879468327501414,0.7302795045833449,-1.6251324848762008,1.3080403053037988,1.0091375323606298
03500240,1.262273445261759,0.5005657509349253,-0.08841035727343312,-0.7290633042488809,-0.7281137794242104,-0.4138409727714334,-0.3952896892321676,-0.49116138872740506,-0.5568340070187031,1.0607559662739108,-1.0813163331807125,-0.455193183532494,-1.6728561411009089,-0.18093342716471716,0.5313955482264403,0.30927965778979405,0.28906906004464133,1.316522851053853,-0.00970156171717174,1.2916516545731043,0.12684103903167457,-0.8356155928388973,-0.5558665296118611,-1.1736493098241123,-0.5408372966889039,-0.29841459198804116,-0.4673357415086307,-0.6051586747598735,-0.6074077008109582,-0.24811486190969895,-0.11682736196181441,-0.3528143625852715,0.3953700026984516,0.21490494399478094,0.09197256506550265,-0.10846742647487503,-0.15419534225054646,-0.5838681799918696,-0.7845958370763254,0.7645291264106214,0.2642352754999534,0.7634531284407612,-0.3800099420451304,-0.3854937853500502,0.857840495737017,0.9428952620306085,1.1912010026961233,0.9018258113053955,1.0655778011383281,-0.8807070183040276,0.9822604682404057,0.9471935377022883
03504000,1.6629023742415143,-0.15940263980894026,-0.06891467600631217,-0.5834737638120814,-0.9340173848510562,-0.4138409727714334,-0.43956594502228336,-0.5025524097492221,-0.5624541631569001,1.0607559662739108,-1.0813163331807125,-0.455193183532494,-1.6728561411009089,-0.18093342716471716,1.4182528355241248,1.1577982615197797,0.30493098460669305,1.409523985117268,0.05283402234707935,2.533812353449833,0.6739459655294243,-0.8648513013638474,-0.5784463204351461,-1.1894569641275465,-0.6518839558170593,-0.29841459198804116,-0.5046125758806531,-0.6085765981248427,0.7658035338928006,-0.5727532577192833,0.15252991131598287,0.6948321261294743,0.7779317611776518,-0.07485322331495889,-0.14952324820705595,-0.10846742647487503,-0.15419534225054646,-0.5838681799918696,-0.7906239022513479,0.7506863558446794,0.3566020454315539,0.8539600795816259,-0.386672886029955,-0.3939038648624739,0.8374451557082117,0.8743875526293179,1.1322996122696363,0.89673744773234,1.0894449214985928,0.9970700337677547,0.3745247205176048,0.5722153582450406
03574500,0.7324360840984655,0.12659741856039955,-0.2505981620247638,-0.7749419109123316,-0.6345355307558037,0.048182807866546065,-0.3960798866157798,-0.4940091439828591,-0.5172391951959514,-1.26583920204364,1.2535483222025692,1.5751158857671834,-0.01686045384446522,0.7028985599256405,0.30560502833880826,0.3041205178072427,0.8775203406905985,-0.6367802846437344,0.5041298226546027,-0.5035185229738512,0.5979078315358242,-0.03421322974320547,-0.40898307676479834,0.467914790917132,-0.15847644624853338,-0.29841459198804116,-1.2680421438196718,-0.6033872152094427,-0.9870333465087977,0.38154454059890397,-0.5306836737221534,-0.8535660209936309,-0.6715676511095823,-0.1205529193319006,0.5732723894617623,-0.10846742647487503,-0.15419534225054646,0.2008986344337923,-0.887266903185718,0.5849135657167327,-0.5366584114414031,0.03184416717912527,0.012445684517807584,0.02991033676986668,0.6436894254345623,1.0181031147443709,1.3175197102569602,0.8781295605901361,1.1225316022022136,0.5873873876450594,0.36942378007529686,0.4729172708222134
03592718,0.721501696656555,1.754598365583016,-0.18426526374142338,-0.8003112552574261,-0.28726255199682726,0.059183374072212414,-0.5182335242800417,0.09120456101298409,-0.3982306248514979,1.0607559662739108,-1.0813163331807125,-0.455193183532494,1.4522607200931086,0.9654814296095356,0.007414209530525628,-0.15021026614037836,0.16960364956425855,-0.3074843274961835,-0.5598495358947767,-0.08185685009452831,-0.04033110046277218,-0.47102911005716624,-0.535287479747602,-0.3388835652619906,-0.5715269028706851,-0.29841459198804116,-0.9623721019690881,-0.6005682489599099,0.7658035338928006,-0.44774019195347936,-0.028180919818596054,0.8699246724157496,0.5877231076017712,-0.11504310808400253,0.21948717947372484,-0.10846742647487503,-0.15419534225054646,-0.5838681799918696,-0.8466874048698875,0.46268900680200414,-0.7458068041281221,-0.83864719661011,-0.4263508937279446,-0.43341603258565575,0.8508631425692678,0.6362972536229005,0.6843457712994208,0.5990156634334434,0.4137188370228872,-2.320114922113693,0.7677375708259514,0.3397224037671388
03604000,0.7745537605623282,0.31894457408565524,-0.17624373313164773,-0.7477346216199604,-0.6094415697421045,0.2131913009515389,-0.49586800469140424,-0.16082177909471532,-0.4156455359042372,-0.16503479440120136,0.4436868516053499,0.3851002537276734,-0.23967237357080962,-1.2528794443694549,0.12776185551819902,0.006841894902020556,-0.17008668682886197,0.4687548795218576,-0.4911401770539546,0.7985814368770409,-0.13364742712793104,-0.6584815941289054,-0.5096084716549703,-1.2247201929582843,-0.6936060200335261,-0.29841459198804116,-0.6671395737426704,-0.6011884050833787,0.7658035338928006,1.2392479844034712,-0.7106977191742183,1.1912348594275426,-1.3098450697346207,1.6604597742603011,0.8925405937468737,-0.10846742647487503,-0.15419534225054646,-0.5838681799918696,-0.7198752723969374,0.49076804675856583,-0.6232745229695486,-0.7618558443429987,0.2176396816800899,0.2077794245385357,0.5223908242106159,0.5032700330086338,0.6924754761617774,0.5206438627900487,0.6831339497184231,-1.4597267085890646,0.2624282019620523,-0.1304649548987832
04015330,-0.7217044782449625,-1.4936063821357886,1.198388670012626,0.09088283966565418,-0.29592602398813184,-0.02882115557311678,0.14457455873436137,-0.10813830686881236,-0.4633026671863321,-0.6199260815946505,1.2819701793300822,-0.455193183532494,-0.9138581177750389,0.7110040118515749,-0.3416548896180088,0.19081813101467937,-0.484745103129878,-0.9502693588220369,0.11791944218183753,-0.5119407890665987,-0.06378034235559778,0.44043709689716126,-0.2362429493933175,0.5591127965138678,-0.07050105888306286,-0.20392208282643248,0.5808888410326395,0.34542092563319293,0.699158576100579,-0.12522948193190714,-0.5479523983122628,0.8033931925209177,-0.03980734271208781,-0.36305870899098397,1.3815093577303228,-0.10846742647487503,-0.15419534225054646,-0.4539888413796385,1.4791433155999956,0.24655206773119093,-0.5365566298767402,-0.5735617177136215,-0.3338922636175396,-0.3405191598628879,0.9434472519105543,1.3298829293645296,1.6251650620594449,0.9250861431540148,1.1146950942242024,0.9301339666533966,,
04024430,-0.726416572247312,-1.397912001473107,1.3731386400306738,-0.08233321569978529,-0.25305684804436257,0.2901952643912025,-0.09152393526239892,0.18802823969842702,-0.2645028083619109,-0.7162253333015758,1.1187886635259818,-0.455193183532494,0.7292001031747137,0.4452971659045593,-0.4478171702689563,-0.1181748464419236,0.11282521704499446,-0.16341453349546162,-0.6805170635612389,-0.25475705931299336,-0.38473276351910635,-0.15459555896358837,-0.3164415195488205,-0.2957165092795357,-0.20177435792647763,-0.29841459198804116,0.6464960695273986,1.4829073899858132,0.7658035338928006,0.837513204815398,-0.25802604964875536,1.2643998918572252,0.7654864711089182,-0.9620072601748794,0.17844171292384764,-0.10846742647487503,2.0962202844469764,-0.5838681799918696,1.4189183547991455,0.22794537095551165,-0.5291901891342613,-0.8332232650002228,0.17546453889078595,0.16754204828994326,0.9568652387716104,1.0499794114026264,1.3998739759201189,0.8868469096311891,1.4377860677064913,-2.0039747138349275,0.8387758408524406,0.2562206801450517
04027000,-0.5915167457836944,-1.3238108681704919,0.9499804945025502,0.28233939770891775,-0.34039509716666266,-0.43584210518276606,-0.786870835716277,-0.41142424157468727,-0.6720386523604506,-2.158922458336486,0.44994877407819484,-0.455193183532494,-0.4322968719148752,-0.04896653799560854,-0.4174513144860934,-0.15632760723380904,-0.4891728308964553,0.10785023417888491,-0.3847504752042967,-0.06583150341113292,-0.4122713388230901,-0.40223920764551885,-0.28800569675963805,-1.002197059302249,-0.5118112392534273,-0.29841459198804116,0.3930135957976462,0.8221651847492559,0.7658035338928006,-0.7245363839635129,-0.13506808887356933,0.6637812525004045,0.9080972669554339,-0.4120374947169652,0.050965015766263236,-0.10846742647487503,-0.15419534225054646,0.7346878816582685,1.3907540974379229,0.31415615264176466,-0.42452057257403036,-0.7815571224974811,0.4860493881304916,0.43224316006484104,0.9563285192971682,1.2861776190689636,1.6575716957464175,1.041930470062568,1.5077039625209405,-1.717459094852693,1.261625890961981,0.9177857462709771
04040500,-0.5799631377499164,-0.948506990020565,0.6617007683157233,0.649344619281028,-0.21087277648709485,-0.9088664520264118,-0.6461456352720976,-1.0493214187964326,-0.8046489947866431,0.13309084239884125,0.22346697192604725,-0.455193183532494,0.2562638348523439,-1.1242898268361514,-0.2733567275151802,0.22436089942533693,-0.0038481431275346383,0.0783934260296341,0.37529481806252224,-0.24821303077536275,-0.16155480929444402,-0.30593334426921254,-0.07807815579115569,-0.6112616086442415,-0.38307649117068854,-0.29841459198804116,0.5003708787890714,0.97134951904559,0.18743639448738494,1.8850652677163413,-0.18304470560590547,0.539382827198413,-0.14288059126237435,0.18191941459484687,-1.1518425952377265,-0.10846742647487503,2.194679052174645,-0.2843447498608896,1.4094777786919745,0.4449316013767665,-0.33351513106979647,-0.8084155371080026,-0.21903580064104003,-0.2260005458623516,0.9673312685232343,0.9745442397431203,1.1946259742844283,0.8490613494131404,0.7838366692900266,0.6395447865516568,2.1536143981418507,1.7515746180098626
04043050,-0.8402376638925881,-1.081109167333297,0.49457428663829617,0.599137236110916,-0.00185915260570515,-0.4248415389770997,-0.2997507043442943,-0.5054001650046762,-0.6430524612089474,-0.7736765764792554,1.4988571524091248,-0.455193183532494,0.010451975025215488,0.32455970492450403,-0.15913150795986283,0.9227061476800256,-1.063469317852293,0.34456917895701283,-1.8332451964677257,0.42877156667963096,-0.12516626419758184,-0.41771693568813956,-0.22880400016136757,-1.2125604588787195,-0.6815696963760711,-0.29841459198804116,0.42134398992038374,0.10490337839343343,0.7658035338928006,-1.6378940860072917,1.6423063191648566,0.6435167521549232,2.178283394853349,-0.9296292248408324,-1.3376329942428018,-0.10846742647487503,-0.03172581436648615,-0.5838681799918696,1.5332326700822116,0.45668599103305413,-0.6615952820651382,-0.6203652518363121,-0.42069267939162536,-0.4277664242344726,0.9053401692251553,1.0601746267943262,1.3888452546845398,0.9255931812164786,1.3614114387388818,-1.2780674973366177,0.9581398671535959,0.1462295688946407
04045500,-0.49177661392959565,0.01054536277898424,0.3493975662337329,0.6024760582560579,0.05336015542326174,-1.0958760775227374,-0.9258320860967846,-1.156112240875966,-0.7221218163213117,-0.454648574126835,0.6799655983471456,2.20379684523618,-0.6709212504605087,0.5662879222572994,-0.26770626259991864,0.14753403386848882,0.07209867593011535,0.9223432170406957,-1.2283120101590106,0.4320711245616633,-0.3193157927699951,-0.8166983696756943,0.10797932059271043,-1.2697112090526739,-0.5364394091986797,-0.29841459198804116,0.2737277258071745,1.6861409228639703,0.7455088888363908,6.291720463931719,2.9460531313370986,2.338863520017915,0.48138978601317756,-2.1381628829113537,-1.7629481363634298,-0.10846742647487503,10.104275419450115,-0.13189249616795778,1.4077321554858275,0.6488614421121173,-0.6649540736990146,-0.8443584747807525,0.656289369626353,0.6780479109881106,0.9190265158234324,0.978340177764289,1.101734282970788,0.8613467783556981,0.615396439439934,0.8481866380153456,2.2286675955946817,1.805404245016756
04056500,-0.6109435786469442,-1.355409534898195,0.4735555479269745,0.4935060591071679,-0.33654849715766344,-0.8538636209980809,-0.8237873904448664,-0.8613695719364541,-0.6791279390755061,-0.1369813581079179,0.19240691131720256,2.449992157762769,-0.7140461381494784,0.8338522676040083,-0.25414004203469376,0.311783690230652,-0.3676131253219656,1.3743506421272567,-1.0360657785627239,0.7829862900280029,-0.42526189823311644,-0.8648513013638474,-0.09072283865219538,-1.3086223581072813,-1.0290028081037614,-0.29841459198804116,0.21110264406217708,1.9604474044718503,0.7309291139175949,4.9152323848040025,5.028392068606343,2.2705048005647686,1.1641413199545152,-2.1536489688804004,-1.867658393416714,2.15296404867625,8.591057259040275,-0.39953448039847506,1.3031695174753832,0.5938641220548613,-0.6697632526293376,-0.8747214987740768,1.2651790390684776,1.2725960842520152,0.9372749779544687,0.7775846833974259,0.9596970403890345,0.621773243129508,0.7165269462762186,-0.1281576718767275,,
04057510,-0.6390831752298856,-1.3539788255663308,0.5984309635839261,0.371546172944464,-0.31275487645385874,-0.27083361209777324,-0.6601337494569258,-0.5794418016464858,-0.6474371836249382,-0.1380977797226659,0.6015409459369572,2.4491269196944567,-0.7456710557880564,0.7991508015461044,-0.4020854593032709,-0.070375581144804,0.1399502651653019,0.9805240232517385,-0.5969920846447321,0.28643087070401013,-0.49587433705579265,-0.8149786221154031,-0.3165207468850426,-1.3061904112913683,-0.8442915335143564,-0.29841459198804116,0.2603080654332468,1.7086872752753404,0.7658035338928006,4.573026906325378,6.0260162929878645,2.391688095099673,1.498882963172782,-2.2213190894835377,-1.8801051367906267,-0.10846742647487503,8.513077510386966,-0.5838681799918696,1.2863642934082853,0.5602841165539385,-0.6750177259050608,-0.8814179045185943,-0.1874602618628679,-0.18499702189739783,0.9174163574001059,0.9346051340450785,0.9995695166790292,0.8961099155352291,0.432430134295114,1.0322875903382316,2.3014399901454,1.886391308173161
04057800,-0.5440619313344767,-1.328615493110851,0.5672782892525855,0.7705481133312193,-0.3791240961821352,-0.6778545617074218,-0.5539767423442972,-1.0322348872637075,-0.8139226912995263,-0.08547339163497959,0.5308828231003573,-0.455193183532494,-1.3019821069757678,-0.646068163206061,-0.28231015261536757,0.1622625137170278,0.06373115892355011,0.3773876246623452,-0.9660348504374161,0.04413086853188526,-0.24235255458048616,-0.44351314909250733,-0.17616476712750492,-0.9432223490163598,-0.6208723815293773,-0.29841459198804116,0.5540495202847832,-0.08398244737217918,-0.2403180465143472,0.8070096730958567,-0.37306255773687785,-0.3904387011745884,-0.5425298120989288,0.5217249889363114,-1.1797333851004412,-0.10846742647487503,0.08739980887574626,0.03709249296473462,1.3931526490160058,0.4874547619840052,-0.3603218506628932,-0.8446207793221807,-0.3976309023718402,-0.40126122232188227,0.9673312685232343,0.9351250890187003,1.1000527649666372,0.8644173617935427,0.6523623938186679,1.0330762608124806,2.3017214394771637,1.886583259500222
04059500,-0.7619596401072803,-0.8152273211987716,0.799810434559666,0.283912079138371,0.021241893893186186,0.11418620510054335,-0.5936743215880336,-0.26191709066334057,-0.5854641275680769,-1.6022922030684836,1.777695579889296,1.1201536561125591,-0.17642253829365398,0.1968988370910482,-0.540718686947393,-0.36430615533410843,0.2113026241597797,0.220190007935051,0.0007563360570840529,-0.37679901921794434,-0.49690944654175356,-0.30593334426921254,0.19425788973852495,-0.4829764141048331,0.13228381639814407,-0.29841459198804116,0.533174493036451,1.5223102828538932,0.7658035338927637,0.07737254779995412,0.47592532338239474,0.7917874554961984,0.9189726704896123,-0.034575940017197035,-0.8447378225643976,-0.10846742647487503,0.9055638846851372,-0.5838681799918696,1.250357214073572,0.5297034602448781,-0.5665821914523018,-0.8513645102388167,0.2301782376444775,0.2226754415887051,0.9549867206110625,1.0452262810187338,1.2476824348543019,0.9192312185173264,0.8545669485059622,0.5972108231411489,2.1206493898257173,1.6499287704967123
04063700,-0.6785735317216878,-1.3404842484606743,1.064544040819062,0.1690319255904527,-0.27347683744623175,0.19119016854020698,-0.5258360329148785,-0.12949647128471903,-0.593949108333875,-0.6026029714927847,1.2582380130387099,-0.455193183532494,-1.2861696481564788,0.27339403964204806,-0.538169522557179,-0.42321030626287204,-0.1306246583205987,0.8116803366395278,-0.4056454976907976,-0.011524389242584844,-0.5921878737707816,-0.7461887197037557,-0.11201235571414915,-1.2703191957566522,-0.8350559697848862,-0.29841459198804116,0.7687640862676327,1.3764434622651236,0.7658035338928006,1.6179207020690582,1.411962604942627,1.349644816880964,1.2743462261707554,-0.8949798630841538,-1.4064120651666334,-0.10846742647487503,3.6947180083925466,-0.5838681799918696,1.2519031180130098,0.45188814251084536,-0.3640496004686727,-0.861872183992645,-0.2526795548360184,-0.25543582415583505,0.9622324335160328,1.2013186290860993,1.4391564234093766,0.9757954505389176,0.9645120691342378,1.0330762608118118,2.301721439476161,1.8865832594992291
04074950,-0.6280488195732989,-0.8526885859359186,1.0916944944023101,0.12626917106570948,-0.13138850119509082,-0.0068200231617848725,-0.6107896468464359,-0.12807259365699158,-0.5812520518679108,-1.575538166129867,1.1377732886819552,-0.455193183532494,-1.204232361547436,0.3688019633535594,-0.4334512327108183,-0.16829005104218075,-0.5581875571788688,1.7932385820896162,-1.6480431146911734,0.7780741681403209,-0.6567495338575513,-0.8854882720873417,-0.6868293163869128,-1.3086223581072813,-1.0290028081037614,-0.29841459198804116,0.49738873203930895,0.8245048952101544,0.7658035338928006,-0.5305479502179553,1.3341124003817812,0.8744156671955708,1.8070212285854157,-0.8173958606095221,-1.3548724052146683,1.7115317916313486,1.1215281566257191,-0.5838681799918696,1.141750260912254,0.435219334931307,-0.3525610063573455,-0.8227300222405832,0.2426110325932331,0.23874114980889166,0.8779674760286009,1.0449863779561903,1.3521957958637287,0.7601236959442107,1.1511172599518764,-0.3258223255371469,1.8067066544235204,1.504334118990311
04105700,-0.324221151049271,-0.8324701535015537,0.510708151179819,-0.11326389263415183,-0.3674618331200613,-0.3368370093317705,-0.6581869462048735,-0.6193103752228452,-0.6586719813663454,-0.12369745112474574,0.5846458819801812,-0.455193183532494,0.532263116061751,-1.5264384468697183,-0.2728975261204071,-0.017261848693285325,-0.6324579076577037,1.9867700982887717,-2.379357111472149,1.399347558073029,-0.6449856292379943,-0.8854882720873417,-0.6868293163869128,-1.3086223581072813,-1.0290028081037614,-0.29841459198804116,-0.26305868914994807,1.236090143171499,0.7658035338928006,-1.4127393025642208,0.7647802352293424,0.657494515328083,1.7644756218120567,-0.8094758366301658,-0.753041818921294,-0.10846742647487503,-0.15419534225054646,-0.5838681799918696,0.5970159609610614,0.6436596096868289,-0.6126129040711076,-0.8408634153205745,-0.4081071185314012,-0.41360146416556404,0.08335429411686186,-0.4378378662725646,-0.19444230118054004,-0.023072616282268286,0.905370894962153,1.014134532624147,0.03946092960281076,-1.084699503212472
04115265,-0.5391479597723915,-0.9466066788773749,0.49992373755135594,-0.0033469679409198192,-0.24489798514823102,0.24619299956853793,-0.4128297939221595,-0.2676126011742487,-0.6205281700487745,1.0607559662739108,-1.0813163331807125,-0.455193183532494,0.34107611397398485,-1.735575992916988,-0.43318194578278335,-0.24247291605144092,-0.40572108797662615,1.6397620796435954,-1.6435152979508942,0.6893108054188479,-0.6774257992851356,-0.8768895342858858,-0.5626404668588467,-1.3061904112913683,-0.9674323832406266,-0.29841459198804116,-0.18254072690637918,1.2831221699648547,0.7658035338928006,-1.8501672654348138,1.6521543678206703,0.7292641648321403,2.2761406693021637,-1.1992648735570535,-1.0539177918597893,-0.10846742647487503,-0.15419534225054646,-0.5838681799918696,0.7691566854668962,0.6666503027725567,-0.6423203982570975,-0.8878972086887743,-0.4094350068387824,-0.416385329150205,-1.2584443919887427,-0.8209697361922511,-0.6087775620374914,-0.2522684272627363,0.7644454749210206,0.3623821656381798,0.0383343211929204,-1.0904621917742263
04122200,-0.4387391085016848,-1.0085208829797427,0.41201860137485175,-0.010689652593604475,-0.3450388260461724,-0.3698387079487688,-0.06814724075815293,-0.46268383617286285,-0.5827880084987764,0.6074506362180622,-0.4437314854264971,-0.10387695769815258,0.03345191512599969,-1.6213397798358586,-0.2849855007788256,0.052978428926279304,-0.666623884919364,2.0755251318876167,-2.0813109943415826,1.4666036399245839,-0.6142295080465657,-0.8854882720873417,-0.6868293163869128,-1.3086223581072813,-1.0290028081037614,-0.29841459198804116,-0.20938004765423548,1.3773454628001878,0.7658035338928006,-1.6281337615662366,2.3002604005835683,0.9392276328074164,2.666907023016832,-1.6420461913017614,-1.4322295871019655,-0.10846742647487503,0.6771836990376677,-0.5838681799918696,0.8103334212052917,0.5894653232811892,-0.6549794803620483,-0.8493738819228005,0.15021703421460328,0.12554428683047486,0.27791510360217453,0.3155119767263877,0.5692242075269665,0.42164210441758027,1.0293676122007844,-1.6769035026494612,0.3292660268364448,-0.17834691936224584
04122500,-0.4564451292812691,-1.0373252733974296,0.4597891067799256,0.03302642344106468,-0.34187121155945255,-0.2928347445091051,-0.10994075309432419,-0.6235820081060266,-0.6341208043399231,0.5332564945527288,-0.4578357416575498,-0.11164855717192813,0.30945119633540685,-1.3297123740840344,-0.2650924974178553,0.11969085460737518,-0.7635717706948253,2.143290986134305,-2.170430480411227,1.5788885572063824,-0.6123370246524583,-0.8854882720873417,-0.6868293163869128,-1.3086223581072813,-1.0290028081037614,-0.29841459198804116,-0.14079067240971394,1.3046457997204415,0.7658035338928006,-1.373628918206189,2.990416820462166,1.0430340677647298,2.792299259479572,-1.8449358212898255,-1.5764583329285957,-0.10846742647487503,1.2238732148804932,-0.5838681799918696,0.9026709356400143,0.5866207831880628,-0.6219004718465991,-0.8143239681257218,0.5737957774332871,0.5804898189528239,0.31119171101759346,0.8102242096336619,1.0657065645517017,0.71244190338938,1.0776810468372935,-1.79866691231661,0.8471902600731327,0.5620748654595076
04124000,-0.5553156347242271,-0.3290612050791661,0.5395997934570791,0.24285725232204008,-0.006292669613216266,-0.79886078996975,-0.819626047533722,-0.9653126387605334,-0.7691690205675854,-0.9101487326300068,1.5601915031537328,-0.3832217773462189,0.10676422419724839,-1.898360485762824,-0.21805362231257058,0.3457433690731514,-1.4704870737581512,2.4354992646810247,-1.8181643407413293,2.416890062408957,-0.6552241122646043,-0.8854882720873417,-0.6868293163869128,-1.3086223581072813,-1.0290028081037614,-0.29841459198804116,0.030682765701589135,0.9740668763522274,0.7658035338928006,-1.0469530457835377,3.6196001298619396,1.1400771465344874,2.8227214058210452,-1.962539123860388,-1.6756762643227472,0.24432429868202757,1.7477558014608852,-0.5838681799918696,0.9970344484053025,0.6223940203826451,-0.5378543448261924,-0.7696872053363494,0.8525583121916791,0.8659529489955274,0.17191300739983184,0.45716973196930566,0.6866802664682962,0.5067374767213365,0.9172825313488784,-2.2011866625978773,1.0203459048469408,0.448881347816703
04127918,-0.4500374578902259,-1.3682850062226604,0.36257651714798467,0.5541417407066765,-0.46038692584104196,-1.2498840044020638,-0.900667799054191,-1.284261227371406,-0.776516842979172,-0.1938502904043291,0.20449004062050288,2.40591815876712,-0.7356085819939633,0.7544863841625727,-0.3942502005866787,-0.21220076484674003,-0.031169952161933984,0.6234790032054677,-0.36665757515887054,0.2896587167246088,-0.43049257486582404,-0.6223668953627904,-0.3766106391984371,-1.3086223581072813,-1.0290028081037614,-0.29841459198804116,0.1961919103133681,2.107240018275353,0.6972328534671491,1.6225928641966394,0.13063510299678863,1.6026606595214905,1.2911764745481702,-1.6654120530702605,-0.4510352007557889,-0.10846742647487503,3.9439328105995246,-0.5838681799918696,1.3329968218074784,0.6902910707191147,-0.6684146468975539,-0.8690840733383994,-0.1435576891515724,-0.1202487671810944,0.8500580633576045,0.5250583661855295,0.585643527696152,0.655272223451414,0.4482521030135479,-0.29168346537063067,1.7501667955871922,1.1611204208822103
04127997,-0.5204723443669831,0.17100882957160288,0.4367282805188592,0.4449738744901875,0.1390839662792647,-0.9198670182320782,-0.5944528650650315,-1.0436259082855246,-0.7337232582543174,-0.4094686181505634,0.12437086301343761,0.20915365092522226,-0.21092244844482985,-1.4874309594761617,-0.2715489942259566,0.16644850276366327,-1.5453461775138018,2.405495657220593,-0.9046564078879612,2.175928529367715,-0.6883875812027523,-0.8854882720873417,-0.6868293163869128,-1.3086223581072813,-1.0290028081037614,-0.29841459198804116,-0.008085142045314504,0.22383088504413082,0.7658035338928006,-1.8351479448884205,2.424753971258499,0.04967495221536121,1.7428391462371284,-1.655838352561332,-1.5489924563998891,-0.10846742647487503,0.26604417432613,0.44475944980338966,1.1579755309548663,0.6901553814692256,-0.5120272727929763,-0.7207135043522961,-0.17947530518264163,-0.17772739127574078,0.3254147770903131,0.4907198703910395,0.7942647900149018,0.5832812297408009,1.222118922364693,-2.2864218083350614,0.8702723256140169,0.3375143220498862
04161580,-0.5524126742379216,-0.9098154070175841,0.5290967210532809,-0.09804305625022895,-0.22040353859585216,0.19119016854020698,-0.5258360329148785,-0.10386667398563086,-0.5779537669272896,1.0607559662739108,-1.0813163331807125,-0.455193183532494,-0.09161025917201317,-2.2072964086481526,-0.553360313309469,-0.552543999308933,0.7913200230606444,0.7669342212918616,-2.333573657376766,-0.27040749870401176,-0.6542058332210012,-0.8356155928388973,-0.44673087396598465,-0.8465524630838199,-0.7040477879927709,-0.29841459198804116,-0.2585854690253052,1.140198343492021,0.7658035338928006,-0.7940684458501103,0.34157642765161234,0.8319817970540275,1.0440580053120936,-0.23796125838906815,-0.34841361143087907,-0.10846742647487503,-0.15419534225054646,-0.5838681799918696,0.6829509365956802,0.783276446590731,-0.6133889885016623,-0.8205297200678268,-0.4279255577384676,-0.43367921309890967,-0.8703962119670019,-0.5237605793867293,-0.2680789257367768,-0.16868827799407815,0.8991929175287527,1.0330762608120188,0.0383343211929204,-1.0904621917742594
04185000,-0.4748421924768602,-0.7408288326153853,0.5063845826350302,-0.257766223651235,-0.22477835231051027,0.33419752921386714,-0.6259620888562051,-0.07538912143108863,-0.5371236155316135,-1.1977394031493223,2.0953117159311305,-0.455193183532494,-0.013985461331867148,-2.1229490495439034,-0.3786468695182672,-0.15274299969789415,0.6410003559951559,-0.3837496410817745,-0.3186229746221513,-0.4838079626952966,-0.2659143661262172,-0.03937247242407897,-0.17229530402642013,0.08245122059492883,-0.17694757370747383,-0.29841459198804116,-0.5672376576256506,2.0219218681209767,0.7658035338928006,0.32947562678487746,-0.5733140991944757,1.0324466629915632,-0.4108621923578768,0.4474156163091847,0.9000145222564556,-0.10846742647487503,-0.15419534225054646,-0.4714878165794966,0.4340008706418174,0.7006626635651707,-0.6473076949255807,-0.9097270584860758,0.15945349624647648,0.1498036816966321,-1.168543880019667,-0.9012659153524035,-0.6340096567950646,-0.2498882725287178,1.102989128628184,-0.4185427835039546,0.038334321193567465,-1.0904621917736967
04196800,-0.4134287094505327,-0.6005378938044198,0.45707415454194444,-0.38513175510521763,-0.2257958769886359,0.059183374072212414,-0.5756074949937446,-0.24910219201379608,-0.6101573610471572,1.0607559662739108,-1.0813163331807125,3.378250725317895,-0.9541080129514108,1.760997763423574,-0.3788389482634795,-0.20203041983232753,-0.11318813079895367,-1.391055239842227,1.3526701704320925,-0.6241890415378559,-0.10327118748151501,0.8291000455229691,-0.2921957451375681,0.8868176299581386,-0.18684067105535188,-0.29841459198804116,-0.4852286220072013,2.2891730205257637,0.7658035338928006,1.0133834741368435,-0.7310632868276106,1.0869698595935715,-1.2142676563801709,0.8042721127069875,1.5256370144621274,-0.10846742647487503,-0.15419534225054646,-0.3604942063619172,0.3222982688464951,0.7673267920356043,-0.6142032410189657,-0.926798500170188,-0.10843328073774411,-0.11696778344919607,-1.703384836301361,-0.9221923662813272,-0.6331274478955506,-0.30176836906977994,1.1601498350268928,0.8233952164080035,0.03833432119340592,-1.0904621917738297
04197100,-0.35392918098088183,-0.6166815845633229,0.4476993011366996,-0.3233860901078631,-0.2764285384629126,-0.16082795004111136,-0.6567872350310109,-0.4427495493846836,-0.6670856865680792,-0.5594487065436236,0.33028942331218747,0.32261703025145994,-0.14767261316767402,-1.2721298926935476,-0.3662171075033697,-0.21611309496355108,-0.29083897717982743,-1.3354141971576794,-0.5412690649250658,-0.6116362963565015,-0.08467022134908858,0.6364883187703564,-0.35503420142136294,0.7263091401078834,-0.2638683575459151,-0.29841459198804116,-0.6745949406170749,2.167362799304536,0.7658035338928006,0.939763047633437,-0.6675832631689294,1.0636314321811025,-1.0633777425343782,1.1198184301399599,0.9913954886156741,-0.10846742647487503,-0.15419534225054646,-0.43687509343165326,0.34139642372562806,0.7820780638064846,-0.58646776464832,-0.9181435114055733,-0.23761448572041857,-0.24515423877138365,-1.6982860012941596,-0.9070162038065632,-0.6333464525764146,-0.24836193811479534,1.1139015158612162,1.0330762608124424,0.03833432119337361,-1.0904621917738626
04197170,-0.38634994062136674,-0.675751858587101,0.4522626096699015,-0.344434152636636,-0.27178666693545384,-0.16082795004111136,-0.9351384937531974,-0.33453484967742275,-0.666242276533581,-0.14183626764757482,-0.1946859781264647,2.4462295536565493,-0.7442335595317573,0.7961956888647738,-0.4138989944763424,-0.3080559809106086,-1.0387564207495072,-1.6463185204223372,0.2974490807536155,-0.5324921020285954,-0.2548740322549005,0.5092269993088087,-0.42858019595803726,0.9901753696344392,-0.21312275060079444,-0.29841459198804116,-0.5046125758806531,2.101897991162493,0.7658035338928006,0.7704346822418842,-0.6493768832750106,0.9998088720009014,-1.0048905110994788,0.8143486295873492,1.0448613398071283,-0.10846742647487503,-0.15419534225054646,-0.29298009800840247,0.35894675428775796,0.7784631788355798,-0.6162643177033899,-0.9097064730973067,-0.4097699167216175,-0.41647305598795625,-1.7004328791919288,-0.9914825721785215,-0.7469919414463795,-0.365145978494074,0.8818366318075019,1.0330762608120676,0.03833432119295271,-1.0904621917741932
04213000,0.0008609245926815922,-0.861511712813862,0.355303370488926,-0.07564032612757404,-0.5653200306550613,-0.8648641872037472,-0.8637333825012927,-1.2771418392327705,-0.871835723848966,1.0607559662739108,-1.0813163331807125,-0.455193183532494,0.7407000732251057,-1.3001612472707342,0.09424705136542036,0.49692599924693764,0.7719679533213099,-0.7267408244433455,-0.7277929266560568,-0.473889309646198,0.3906688975427936,-0.0926846467931057,-0.48236124627106153,0.2581593780446397,-0.3371409554629222,-0.29841459198804116,-1.1099883660822965,0.7693867732076257,0.7658035338928006,1.0721718798009643,-0.5458909661359028,1.0374581964156078,-0.9217026943195024,2.157352941320759,-0.4625470423788597,-0.10846742647487503,-0.15419534225054646,-0.5838681799918696,0.5151368227427052,0.9366201014288511,-0.5556025051642892,-0.7638727880013589,-0.19819500494952969,-0.19998661424116856,0.7840415680012085,0.6813301571791557,0.9570063919802582,0.7444470557671093,1.3163021452804087,-1.1651902791372408,,
04213075,-0.00011158172870802281,-0.8634743809997592,0.36713800366161525,-0.08337453922498494,-0.5653785281735507,-0.9418681506434109,-0.09327751353666522,-1.2629030629554994,-0.8306303268770954,1.0607559662739108,-1.0813163331807125,-0.455193183532494,0.35832606904957254,-1.7162411128020003,-0.016428071577876867,0.2730697998263761,0.37981704624327506,-0.1405876889488493,-0.46203113983487176,-0.0686256299532363,-0.003312464764492377,-0.45211188689396326,-0.5485062663048234,-0.4914882279605285,-0.6988805301141862,-0.29841459198804116,-1.0935865589586071,1.1439614974337255,0.7658035338928006,1.3293098790060347,-0.586673056647007,1.081302523448622,-1.179449743012192,2.5203346660757306,-0.5625970741426721,-0.10846742647487503,-0.15419534225054646,-0.5838681799918696,0.5276192769120721,0.9559126456857875,-0.5105005493230325,-0.686274997823708,-0.45886653042284686,-0.4656176304962299,0.8830663110358022,0.03764434085939133,0.26371897198090216,0.362661678813938,1.019902427617538,1.0330762608111164,0.03833432119195026,-1.0904621917750863
04216418,-0.07351639768995998,-1.000595963915523,0.3397847098855418,0.23508506359968337,-0.5667899711888776,-1.2498840044020638,-1.0627256513328318,-1.4750608294868395,-0.9366618848103402,1.0066097891369468,-1.0396860995757904,-0.455193183532494,0.12545167552913528,-1.9643017144519301,-0.010395493697713587,0.34917557579105135,0.8323927594226546,-0.014748250288659014,-0.7880538903471259,-0.17538621232041943,0.007417789648383694,-0.5088635563835724,-0.5291634726382376,-0.27261301452836256,-0.6148606871822532,-0.29841459198804116,-0.7521307561108813,-0.2158479447792631,-0.32263243836612326,0.8597334812285315,-0.5064109537651541,-0.09700307646866169,-0.837194313872893,1.5467946849456626,-0.27386343509627786,-0.10846742647487503,-0.15419534225054646,-0.2893126953339166,0.6950665986502251,1.0797315532867104,-0.28736991419074487,-0.5078472145887772,-0.3502734698165615,-0.35740950035793656,0.7451294061041461,0.4422449386207492,0.6973993901032852,0.6943430739516535,1.2807496522068358,1.0330762608127146,0.03833432119366439,-1.0904621917735975
04221000,-0.0582794947562954,-0.93124553447125,0.4944884524949196,0.14565931030416884,-0.5548787862661804,-0.8978658858207454,-1.0235413509626194,-1.2016763249632343,-0.893627393554019,1.0607559662739108,-1.0813163331807125,-0.455193183532494,0.24045137603305505,-1.8392582321362236,-0.11865488701633506,0.11003997071362077,1.1241472010413278,0.05687987240959248,-0.5004078177640582,-0.31099084395568166,-0.13322117632963387,-0.5656152258731814,-0.4963210606160234,-0.2203261579862341,-0.39802345406743406,-0.29841459198804116,-0.6238984458711248,-0.4159795134914987,0.30698925267463845,0.3844394464814028,-0.28864742603143484,0.4991555815585648,-0.19711365782170379,1.296141930358219,-0.5459431878978862,-0.10846742647487503,-0.15419534225054646,-0.5366617708608659,0.5526398762001783,1.0998635205850045,-0.12851433714309154,-0.4059569678996404,-0.024523666057603446,-0.032919624427608526,0.8841397499846867,0.48687660414113565,0.742698222967406,0.655533605408675,1.2275075748002298,-0.21591445771941886,0.11262128350776637,-0.710478673016427
04224775,-0.24343809850596312,-0.9778456579481446,0.509841493036139,0.13304385395741686,-0.4651906377708753,-0.8208619223810827,-1.0823851284944965,-1.0507452964241601,-0.8759533629711791,1.0607559662739108,-1.0813163331807125,-0.455193183532494,0.10676422419724839,-1.9908132967930063,-0.23611871028019,0.002004154733158207,0.9090038097015232,0.09111702089436916,-2.319498143391767,-0.2458650100334377,-0.27602847443169504,-0.4985450710218252,-0.4973886984627441,-0.34617940570972944,-0.5213674822790576,-0.29841459198804116,-0.5403983368777943,-0.41997152157418427,-0.6951847773131709,0.9180501182081077,-0.5031848188852215,-0.3384997014638278,-0.876398158787955,1.7038223720285262,-0.3397865829003405,-0.10846742647487503,-0.15419534225054646,-0.34084110260235273,0.6320148420744035,1.1154714849381382,-0.3053089149625845,-0.19655814893093906,-0.32949143024484684,-0.33657145216407974,0.6133647751285757,0.7140715384288381,0.9771484627584249,0.775152615565911,1.1767920094518538,-1.5695436118567183,0.2068777711189693,-0.22834949836173102
04233000,-0.27459906452852356,-0.9776538261755463,0.5285827067417646,-0.03970601330356694,-0.44596836476167734,-0.4688438037997643,-1.1184967965134953,-0.8158054878491867,-0.8503362928933941,0.23886806075091668,0.07468877059635311,-0.455193183532494,-0.08586027414681721,-2.2016394786581794,-0.20874275242580465,0.09054623189682559,0.8177108916156601,0.38360022343918504,-0.8923258229788279,-0.17316987233020809,-0.32313769925583447,-0.6773988172921084,-0.5100428364704894,-0.533439310535027,-0.6311871407025936,-0.29841459198804116,-0.4613714480091066,-0.48439482528874145,-0.4182001335832349,0.9688731277652788,-0.544537643048344,-0.14309095343821573,-0.976171687336974,1.658357241846176,-0.23138253406342982,-0.10846742647487503,-0.15419534225054646,-0.27016995467126265,0.6046513821575853,1.1869686177818888,-0.4140116260225838,-0.12963250339676596,-0.41171474428685295,-0.4184264402418851,0.9235886313561915,0.8689627284267228,1.1455288494551938,0.8618603266975978,1.254153124578465,-1.2394262272135004,0.17349730053432857,-0.3990931695935782
04256000,0.27177187466362046,-1.0706838985891407,0.1615956417543336,0.5022424153304055,-0.7379491166542357,-1.2828857030190626,-1.2950518814403917,-1.6758275749963618,-0.9828621792908194,0.11266372140195319,0.16006467467261723,-0.455193183532494,-1.1337950449887852,-0.015193821637552004,0.501512047242224,1.0105602010877168,0.19485495777770542,0.28241702873851604,-0.7329760228311646,0.8073543454307669,0.4624889913245218,-0.701475283136185,-0.5180901811551276,-0.9760536310311846,-0.6732384869755762,-0.29841459198804116,-0.348049871518159,0.07743531266890447,-0.2190534804882811,-0.8445774868751761,0.6739845348676042,-0.04555735337799645,1.4420948962237816,-0.25627816611260507,-1.1418356469448665,-0.10846742647487503,0.16939484613908062,-0.5838681799918696,0.8647012304343625,1.2616340946105455,-0.34724291960370784,-0.6207247533680106,-0.32913301791409344,-0.33324368078538075,0.9673312685232343,1.306956249866311,1.5142340969582833,1.012924356017901,1.0066102558324581,0.06836644270888288,0.7059470488655827,0.7982487807048675
04296000,0.2535184551163004,-1.0749957844926972,0.46153347619326435,0.4708299424892028,-0.7320549701869348,-1.6019021229833819,-0.7419108204822477,-1.95775534528633,-0.9891085650712786,-0.5984835633539932,0.2734411590248913,2.0923232705663595,-1.0806076835057226,0.9873492634513777,0.22311818995718727,0.5201452080950324,0.40239321842337933,0.19266775100199507,-0.47521476547703795,0.4439066775150547,0.253220921583188,-0.6722395746112348,-0.4130618969828199,-0.9328865750487298,-0.6213186377600031,-0.29841459198804116,-0.03343338941828957,-0.39430681740204715,0.6053902652459441,-0.4592634896151728,0.23759435143031882,0.617089160024758,0.7643704804080012,0.4069984766039618,-0.8384872207795634,-0.10846742647487503,-0.15419534225054646,-0.5838681799918696,1.080100379958531,1.450627632779713,-0.46874466242006935,-0.12055371028811232,-0.2881564999686204,-0.2964919842234396,0.9673312685232343,0.913455728850373,1.1194497616314847,0.8925425488656198,1.0079886408493233,-1.2000125878150816,0.5302107414869306,-0.1662030699715827
05056000,-1.387482111756634,-1.3463543944349485,1.749014600319737,-0.05748083427073897,0.8318058610505916,0.7412184788235164,0.5732616508502776,1.1890142119905858,0.5931886530378643,0.9858899861263732,-1.0051589561385654,-0.455193183532494,0.624262876464887,0.27981085575007897,-0.9302588663170173,-1.4667075898012445,-0.08017499310424166,-0.23720770284050763,0.45396110157535796,-0.6336205635805628,-0.9780746912368964,0.521265232230847,0.8465514974086767,0.8631061485029872,1.170292768007423,-0.29841459198804116,1.0461037339954788,1.8851993382664571,0.7658035338928006,-0.4796666082154721,0.051675519952215004,0.602148884812348,0.583137491850809,0.015720102830681353,-0.43608805675348905,0.28483600024465655,-0.15419534225054646,-0.3159786343973259,1.6440403759324669,-0.1804879059806291,-0.3383243100001195,-0.8872582127549232,2.391022677308503,2.8306656619059076,-1.7049949947246879,-0.9184440534886833,-0.6253551408216742,-0.574869702711643,1.0044030849033179,1.0330762608123392,0.03833432119327669,-1.0904621917739619
05057000,-1.3525767052271642,-1.381422855657602,1.758519708455638,-0.07310421866549427,0.7154432150935004,0.6642145153838528,0.4859911127824063,0.9725848125760659,0.3873306446045546,0.9301373446192365,-0.9199529540914969,-0.455193183532494,0.5955129513389071,0.22155292003242952,-0.9211253989579969,-1.4289960403540467,0.13223629048502833,0.07682220389794141,0.49649795831462756,-0.6270598185899894,-0.9646292995313832,0.12916278848445703,0.9879460258201548,0.43508350890230724,0.6909710085274499,-0.2948262688553219,1.0192644132476227,1.8864432386153445,0.7658035338928006,-0.4257135373257168,0.008937578601297905,0.5614734820344623,0.48819479154078776,0.015120963944129689,-0.38196142327739047,0.49170691802470917,-0.15419534225054646,-0.2583679897791063,1.572452541082363,-0.13801593722675723,-0.35439307452127805,-0.8935830203990841,3.989447662676768,4.286200111596091,-1.6993594402430443,-0.8652202961762557,-0.5629373054523933,-0.4944531377253938,1.1169493435618623,1.0330762608123285,0.03833432119324438,-1.0904621917739619
05057200,-1.2804093598844515,-1.3498231036016115,1.8157741171297554,-0.17617846179707336,0.5645499602325993,0.8622247070858446,0.47453149472605244,1.201829110640131,0.45287876146552086,1.0532074209583684,-1.0706991226679174,-0.455193183532494,0.6372003427715778,0.31949379747079526,-0.9273645009404125,-1.473619132602973,-0.8796785402779604,-0.6013335961859214,1.5119586925633084,-0.6351057623910532,-0.9751807325027332,0.6072526102454062,1.004087097579545,1.127580364733521,1.0500367348168755,-0.10942957366482382,0.7583265726434658,2.3377127946745406,0.7658035338927637,-0.3209614899014559,-0.017641501041439578,0.5599317222552701,0.3716943826800177,0.17934729482144243,-0.3632955114803675,-0.10846742647487503,-0.15419534225054646,-0.2887671043041611,1.5333517334912115,-0.14401216853321233,-0.3968487096812988,-0.9307213961639575,0.6490858693394087,0.6388398629691332,-1.67198674704649,-0.7542516685595725,-0.4268174096137896,-0.2825832086568754,1.4948084564942359,1.0330762608123338,0.03833432119324438,-1.0904621917739619
05062500,-0.9710048237728828,-1.3753913904351889,1.617453751332002,-0.11302404160477118,0.025104312756064597,0.4222020588591971,0.09635945126464975,0.5582364229074761,-0.11864580648923811,-0.9328270268063354,0.6736921812110875,-0.455193183532494,-1.276107174362386,0.1216701114034755,-0.7502814999329678,-0.8954101497131975,0.23290902390554022,0.5407045277732405,0.3627984025631668,-0.554398526732402,-0.7790648852579629,-0.4313505800467084,0.10797932059271043,-0.4201105223121745,0.7943970038902985,-0.29841459198804116,1.0699609079935737,1.785488197087008,0.7658035338928006,-0.4622816764260761,0.06644731694055135,0.8154848250233142,0.8110129666904958,-0.15152986221701464,-0.19015809490447316,1.4688524194702013,0.05373287916686596,-0.5838681799918696,1.5405473882254603,-0.02805706973267061,-0.42131445328714834,-0.8567271101234022,0.9485775631616994,0.9520305221970948,-0.06021816529643781,-0.12821151239631356,0.23830496845529286,0.1354622933928516,1.5793546418209419,-1.9399058555046216,0.2347067990282628,-0.7825582670117689
05087500,-1.149265620710048,-1.482792245204045,1.6727283383481384,-0.10009303637038779,0.23349171363140217,0.3561986616251998,0.22035862045925092,0.7775135775774509,0.016108522643195098,-2.048838607703293,0.6991016741715403,-0.455193183532494,-1.1136700974005993,0.11263590977769525,-0.7521869806194285,-0.7866212801503105,-0.986581874644125,-1.162115772775995,0.6906066372691784,-0.6369009129666418,-0.6941541623803328,1.7199292817538026,1.1946317539632891,1.4248858629788799,2.0697355894856604,0.12381142996193185,1.36370236284511,2.4094075365579473,0.7658035338928006,-0.825277095817383,0.2503800137928231,0.8994340806164977,1.483886398202695,-0.6443485911029092,-0.7537346432438848,-0.10846742647487503,0.348873015613346,-0.5838681799918696,1.746884276022668,-0.06341892179236155,-0.5759588180968733,-0.9411089531132161,-0.11269309942292736,-0.05101474682777494,-1.3276812041917918,-0.6407672646205884,-0.3114273166009523,-0.13272076042809686,1.3814436062157962,0.09932186506029492,0.03833432119324438,-1.0904621917739619
05120500,-1.3796234454050325,-1.3487481846115148,1.5986561613951027,0.06966597421593732,0.8086276199715535,0.7412184788235164,0.10028471450429925,1.409715244288288,0.6877365320711835,1.0528549202145692,-1.0702033218948663,-0.455193183532494,0.4805132508349873,0.10014000472521468,-0.9420633279245612,-1.5278700972464845,-1.0252222312351307,-0.15758590204468384,2.719090738022586,-0.6373541077625079,-0.9833874064144366,1.081902936885773,1.9563714996150905,1.2570815326808857,1.29088284298936,0.18361681550725328,1.075925201493097,1.9262956204849266,0.7658035338928376,-0.42642197091854434,-0.11701612088309125,0.7475704374212837,0.5438279260591838,-0.05868234564965705,-0.019802683982101606,-0.10846742647487503,-0.15419534225054646,-0.4498743589534625,1.707948620902064,-0.2929644258294729,-0.30999086693707895,-0.856202501040546,0.42140590513133835,0.41041672283231956,-1.7111672686807735,-0.9161794266791677,-0.6274181606995909,-0.5938961466629405,0.9903107611468185,1.0330762608124262,0.038334321193341306,-1.0904621917738626
05123400,-1.3509413028803121,-1.5035356311917545,1.7408834665861572,0.04477741092248521,0.6298678010496511,0.45520375747619535,0.505704963734786,0.9896713441087902,0.36977814731370906,1.0599556648138344,-1.0801906899315625,-0.455193183532494,0.5078256797046684,0.13940078749145624,-0.9334111137247634,-1.4894932824684841,-1.4208871627630861,-0.3421600973048194,4.6552755844534,-0.6373541077625079,-0.9587984008320729,4.526557300149015,8.508989729844247,1.6954399462491963,3.2759896812653433,3.861648026544549,1.514300773708081,1.9211695297697222,0.7658035338928006,-0.22507358944856629,-0.22510863383519678,0.548247525814689,0.19542229725166976,0.047052664646999046,-0.15961395452204624,0.4111078541402466,-0.15419534225054646,-0.14081740912861435,1.794471232071425,-0.28693365544122745,-0.34015637816405203,-0.8831275528889383,1.4180683383886892,1.410982246576753,-1.592552264829038,-0.6457983794034498,-0.32038026753379445,-0.3268729589780727,1.2237335051421128,-0.14741410446929937,0.038334321193309,-1.0904621917739288
05129115,-0.9107831948011158,-1.5978243884056493,1.5181572875771105,-0.01555427295901736,-0.15152987639877938,-0.3478375755374361,-0.3129131923868148,-0.08962789770835974,-0.3535497104303222,-0.5957808498109675,-0.17545278878843948,-0.455193183532494,-1.3206695583076546,-0.1465696882703945,-0.5548301743914078,-0.27378614941789176,0.8128668541629298,1.3031537649830354,0.46738866651912897,-0.3601674920209869,-0.633120538003492,-0.8751697867255945,-0.3887760775195541,-0.9085671068896003,0.41790217617991005,-0.29841459198804116,1.03119300024667,0.014438779566464242,-0.9824907807156892,0.6013279479212097,0.6853006241337075,-0.5529547302212245,0.9248971111013345,-0.7468382247837444,-1.1160548831249175,11.39853613607433,1.7767470455315373,-0.29033923907400827,1.732201069164362,0.19883941008501788,-0.42139078946064557,-0.8328667345555633,0.9195167863107803,0.9156589752654092,0.8771623968169376,0.2576554901458098,0.4205623770933909,0.021720848246448515,0.18675599207389493,0.38364885758301476,,
05131500,-0.8942020590779093,-1.560256884830302,1.5193352684735946,-0.030796840566821432,-0.1528958969916234,-0.5568483334450943,0.09513716157535014,-0.27473198931288423,-0.30129372691934014,-1.8509184546654425,0.7915646949722407,-0.455193183532494,-0.88367069639276,-0.32218781333229235,-0.5940614245715021,-0.4200202101723256,0.7925525379192386,0.1466374861200892,-0.8944347859191392,-0.46301367077128075,-0.5605931982371387,-0.216506471134071,0.02886642385631235,-0.061641628247913825,0.9038687438496577,-0.29841459198804116,1.0147911931229807,1.7115544707857415,0.599541711154349,3.4787439072933513,-0.3062692803394705,1.6337881602305298,-0.07471452885292083,-1.0712052401860388,0.13787019224111516,0.9883606233321132,5.079269879122908,-0.4113364755383355,1.7573868209230172,0.13819001600057026,-0.4405257236172746,-0.858261676578958,2.1098687684744286,2.068044564422228,0.8946057797363104,0.6791817764745597,0.8656169612742937,0.7094158488643715,0.7212569803261624,0.33637043325934884,,
05291000,-1.0794577193466803,-0.9914021234320338,1.502534492133376,-0.14132487623584905,0.3781960924534174,0.7302179126178501,0.16697184463415687,0.9526505257878867,0.1879674257128259,1.0607559662739108,-1.0813163331807125,-0.455193183532494,0.39282597920074863,-0.022792682818113676,-0.8268296474154486,-1.1207563279352535,-0.903004216178398,-0.4723838575371829,1.6993961977028798,-0.6087408989719527,-0.851439911338849,0.2426661274636751,0.18216146004414224,0.551816956066129,0.45840903464250166,-0.29841459198804116,0.8030587738898927,1.708799887146052,0.7658035338928006,0.08669924980012797,-0.41680966724931723,0.8080980101657232,-0.10385187487429647,0.15359204321000766,0.6686572686103157,0.11934284372604312,-0.15419534225054646,-0.3975000471713354,1.1612728192331438,-0.043030995227231986,-0.41640349279216243,-0.7914555111878464,0.1493356924176688,0.14664551553758554,-1.7004328791919288,-0.699322308686983,-0.4018100404227871,-0.17437044598922002,1.2812889704444315,1.0330762608124153,0.038334321193341306,-1.0904621917738957
05362000,-0.637548711662905,-1.271594590202216,1.2611737478252023,-0.01560882605093175,-0.2825447793232569,0.4222020588591971,-0.326907417397398,0.005771903349356577,-0.5050622678687459,-0.9868505247781992,0.8685481067482832,-0.455193183532494,-1.3336070246143459,0.2080438334892066,-0.43258248315175474,-0.1573788609585743,-0.21249807745903182,-0.45435715007546446,-0.7392819119410264,-0.36087978932890136,-0.3364681859570909,-0.013576259019711207,-0.15096764225304407,-0.08960901663091277,-0.26382490407120524,-0.29841459198804116,0.573433474158235,1.8290026757476172,0.7658035338928006,0.33804280719605967,0.059643382979708705,0.7477738465429591,0.3782976044999541,0.5406354749272393,-1.0267715601966954,-0.10846742647487503,0.6602882690025683,-0.40017812554685817,1.1644222384389542,0.29810658145717417,-0.4140116260225838,-0.8611909561787418,0.40228666374984,0.4013399193529859,0.9429105324361122,0.9795386379934202,1.3536658749865624,0.9148080299529984,1.6302524776027143,-1.0753639589349764,0.4421228817499043,0.19275490403733925
05393500,-0.616331186022242,-1.2630210394944015,1.1851790375228894,0.09132790237981045,-0.29727681705270137,0.3011958305968689,-0.5801947063314352,-0.028401159716093777,-0.6074539654662104,1.06055787132434,-1.0810377078703803,-0.455193183532494,-1.6728561411009089,-0.18093342716471716,-0.3295435569538811,0.10919895300661868,-0.28604048642220126,-0.5044437997917549,-0.11940751010092314,-0.3326703117683353,-0.19059611632956172,0.013939701944947643,-0.23499788471262717,-0.10784861775025993,-0.2875297038068606,-0.29841459198804116,0.634567482528352,1.555279718211305,0.7658035338928006,-0.8388932823799007,0.531769464153234,0.5476921912364618,1.2008305912863726,0.05316160902319518,-1.0507140338717091,-0.10846742647487503,-0.15419534225054646,-0.5838681799918696,1.191518765874303,0.35837789594988584,-0.3465050032599017,-0.8278657584077039,-0.3361896279015487,-0.34044897839268684,0.9673312685232343,1.0266523895521538,1.3801761170058464,0.9589044122342255,1.502005895499548,-0.17963818170200138,0.2895460013776247,0.19450484975629387
05399500,-0.6917945707536232,-1.1889114455645702,1.2950241713571455,-0.10155970955209243,-0.20178910066311126,0.27919469818553616,-0.8172992751533088,0.025706190137536625,-0.5525578780617322,-1.7593059462466578,1.473469672359869,-0.455193183532494,-1.2919196331816747,0.08967046265421584,-0.5227824139426134,-0.3684960443643941,-1.110293741720474,-1.4090967130110088,1.0692396080955449,-0.5727822505853815,-0.4221990141009506,0.6536857943732682,-0.18728315761109623,1.1099487503181522,-0.01411130214153246,-0.29841459198804116,0.4929155119146669,1.9132323667425744,0.7658035338928376,0.3240215791573048,-0.27334617137135436,0.9166647728290558,-0.11313024568504851,1.2412479283113187,-0.548883432535453,-0.10846742647487503,-0.15419534225054646,-0.5838681799918696,1.0710688442726026,0.35219355000153824,-0.44632727280306106,-0.8834303915463961,-0.12710009999681615,-0.13422657666280022,0.2529576480406104,-0.6194261105169669,-0.36315234199741775,0.08780827676358918,1.2071797798202215,-1.5541258856595457,0.03833432119327669,-1.0904621917739288
05408000,-0.546849394563055,-1.0143099993316707,1.2643138433858534,-0.1842092756907879,-0.2630218703399922,0.20219073474587332,-0.2977509660362324,0.20226701597569816,-0.47542834734732853,-1.139348915129214,2.013184090363594,1.2499104014596087,0.7220126218932188,1.4328958240050491,-0.5317870402135363,-0.4986387766483605,-1.1477536468711638,1.7026307056324408,-1.8544692664891025,0.6793277778003912,-0.7589335494838072,-0.8321760977183149,-0.5585008385412442,-1.3086223581072813,-1.0290028081037614,-0.29841459198804116,0.5242280527871652,-0.5599600029592606,0.7658035338928006,0.5944490998737274,-0.5836863982597255,-0.03565747365345455,-1.1885509334685092,0.26834169484614334,-0.0011686069870074972,-0.10846742647487503,-0.15419534225054646,0.8988322017762788,0.8314498929047325,0.31743181448794644,-0.522994236385406,-0.5871648397209052,-0.06068805779181433,-0.06918005069814245,0.8500580633576045,0.187641751003282,0.5191090590272487,0.6280470079190388,1.591583845920286,1.0240161473753961,0.03833432119298502,-1.0904621917741932
05412500,-0.4036919994543275,-0.9268980300670584,1.3440215661998474,-0.26791950832916256,-0.3428811769648328,0.1691890361288743,-0.7192888631510376,0.03994496641480774,-0.5044502324395644,-0.41563820859974293,0.99526757792409,2.234030273957849,-0.6967961830738905,0.5765041689556119,-0.4280940595889771,-0.33068784632003295,-0.07093690055087605,0.6865846317184618,0.2939872443085856,-0.09628839449063686,-0.47566681267607036,-0.5931311868378404,-0.3349609093907251,-0.9918612853346189,-0.5171167758639751,-0.29841459198804116,0.976023285376077,0.851668688382195,0.6756120193967433,0.5417034616945595,-0.4974616008456061,0.9395099293596917,-0.44969424235813127,1.1853561467925613,0.12815027500544807,-0.10846742647487503,-0.15419534225054646,-0.5838681799918696,0.6712615983604585,0.27927784772713166,-0.5493302162419368,-0.8101759061785093,1.8012228711879787,1.88208706221289,-0.3004001301093411,-0.4320488616039683,-0.08094608133627687,0.2782418801420003,1.7576269910306546,-0.08328511532732298,0.03833432119327669,-1.0904621917739288
05413500,-0.42992443543693304,-0.9077503973086513,1.2301778954155609,-0.2629028103854402,-0.31719794122097733,0.2131913009515389,-0.9345710916532619,0.1282253793338877,-0.5384593852677115,-0.7134636878218403,1.4141662765203582,2.003212508579444,0.12832666804173334,1.5489895364858703,-0.5226365226756671,-0.5480405080620905,-0.7878847724937524,1.7348438001717215,-1.2889197118259275,0.3677424789154824,-0.7097739896891981,-0.8270168550374414,-0.5460819535884376,-1.3086223581072813,-1.0290028081037614,-0.29841459198804116,0.49440658528954734,-0.6040922575556168,0.13031166191003818,1.2903925035307413,-0.714167349961319,0.5171263605974306,-1.3946096902479088,1.605560676798819,0.6071094681478506,-0.10846742647487503,-0.15419534225054646,-0.3065170315520498,0.667474613803229,0.30657050680365544,-0.6095849025223857,-0.6770166661697079,-0.057162690604076465,-0.05709129245601441,-0.1087912777334607,-0.37539309179328767,-0.09003507748991794,0.2370559862089527,1.2609363409911494,-1.4680186881535926,0.038334321193309,-1.0904621917738957
05414000,-0.3902516126892283,-0.9190128488176136,1.2069616990144167,-0.26593768781222155,-0.34987420477803005,0.34519809541953345,-0.9306385391528601,0.123953746450707,-0.5467342672973216,-0.4662772055648681,1.066492544915892,2.1947845379952193,-0.02261043886966137,1.5785406632991705,-0.4947123348013822,-0.5027857055147689,-0.516110898023004,1.5697032247020137,-0.16001018572879472,0.31729689800430866,-0.6712455734137728,-0.7960613989522001,-0.488127157142007,-1.2976785974356728,-0.8212026241906807,-0.29841459198804116,0.5853620611572824,-0.5767056608993943,-0.015228381087552744,1.2810904237223784,-0.7152191083651096,0.3192479978893218,-1.41849230491466,1.4734192055263993,0.582497824531614,-0.10846742647487503,-0.15419534225054646,-0.16704951582747835,0.6695543827056019,0.3176032763582607,-0.5953100380784111,-0.7311050934911072,-0.2478498017888175,-0.25696227113270753,-0.4149897379027596,-0.4577112996642896,-0.196943699493856,0.1692024243515527,1.108734673468651,-1.3713417598970459,0.038334321193212076,-1.090462191773995
05444000,-0.3201816587242904,-0.7292063974508832,0.9292494547651112,-0.3160635876047486,-0.3370178308220473,0.38920036024219806,0.07073471511417884,0.1367686451002507,-0.34372229448243613,0.33539967661566317,-0.06108526849780404,2.8160922480801784,-0.6694837542042096,1.4261412807334368,-0.4327981971350897,-0.39757325018772655,-0.22968247840092787,1.0979844437640627,0.05331005845088484,0.0379107541187753,-0.6174779190503659,-0.7324307392214263,-0.5369607386513479,-1.1663534693763733,-0.6287950464933837,-0.29841459198804116,0.5063351722885947,0.9542228437997301,0.7658035338928006,1.3886883428313135,-0.7151343093973888,1.1850063053582496,-1.4218977642811848,1.9944585836305397,0.5825030295249797,-0.10846742647487503,-0.15419534225054646,-0.5775952614912471,0.5104914294141365,0.37583801856400345,-0.6588980706015708,-0.8457693166831913,-0.2445829615281804,-0.2519442960133336,-1.3979914553437254,-0.35520208361676936,0.0395595469986442,0.4201539641395404,2.121127635584401,1.0330762608121764,0.038334321193081944,-1.090462191774094
05454000,-0.36209842819361293,-0.7214024431561957,1.1606384044110392,-0.37003199160649075,-0.3047633785970248,0.4882054560931936,0.06237466223107247,0.22504905801933225,-0.34404088690492735,1.0607559662739108,-1.0813163331807125,3.378250725317895,-0.9541080129514108,1.760997763423574,-0.47053378561541237,-0.46128328560664705,0.5299301489565755,-0.26716255501490865,0.9060504791569476,-0.6193070471716915,-0.5086932555665881,-0.2990543540280478,-0.4531829843092826,0.2393117902213143,-0.15162425380408737,-0.18598046716283567,0.8075319940145356,1.7336323843618164,0.7658035338928006,1.232559968128121,-0.688488294572388,1.2522383619620607,-1.2608783328954936,1.7796372110960856,0.6231657937366596,-0.10846742647487503,-0.15419534225054646,-0.5838681799918696,0.4715480927832748,0.2653468791487618,-0.679432501272315,-0.8824108842510718,-0.4272968672566543,-0.43259140031079363,-1.474205620714524,-0.4833556463763467,-0.15717663445434218,0.18709477438310196,1.523688297341608,-0.6449437563795268,0.03833432119317977,-1.090462191774028
05458000,-0.4890949423068381,-0.9522113880887766,1.4577961182740156,-0.2708633662759901,-0.2873281526642673,0.49920602229885996,-0.3744273173173032,0.3005145722888685,-0.37540946015466187,0.9877172267214179,-0.9785855895735338,3.3216449617895516,-0.9411705466447197,1.7024021005423446,-0.49323092703437066,-0.4361461280149986,0.17946376441137518,0.02728978689222399,-0.470295913405906,-0.3569189697507443,-0.5151276375186542,-0.3300098101132892,-0.326263038655988,-0.3565151796773596,-0.37159858990601685,-0.29841459198804116,1.248889712979281,2.120112065802554,0.732407236439154,-0.13393461288206082,-0.23842505267437475,0.8452831564027898,0.2684905496098636,0.33678006751275086,0.1275296844759994,-0.10846742647487503,-0.15419534225054646,-0.5838681799918696,0.7275843519502084,0.2026911344739105,-0.5132995423512628,-0.8824291352143104,-0.009317582254494135,-0.014403413206235826,-1.0389261269418657,-0.4395731674153358,-0.037803649314544795,0.3939958866558498,2.2175390104744808,1.0330762608120514,0.03833432119295271,-1.0904621917742263
05466500,-0.37384906096116355,-0.623321400950377,0.8554664272659694,-0.3468059382731049,-0.26380155065192235,0.3561986616251998,-0.4339537216621762,0.141040277983433,-0.2823007040216125,-0.7157491698247914,1.187203884988178,-0.3283631512725499,0.5035131909357711,-1.3961601935185133,-0.4351709165403966,-0.36832600005852334,0.7393599532191133,0.19956234945765064,0.28992484251098394,-0.45607592705246286,-0.3915430903318975,-0.31797157719125085,-0.36539935290250625,-0.06893746869565262,-0.05831649653727599,-0.29841459198804116,0.573433474158235,1.6766389784000129,0.7658035338928006,1.299208737712819,-0.7071482089795108,1.0204279711151454,-1.3609798246734235,1.7214249267169246,0.5036284673549594,-0.10846742647487503,-0.15419534225054646,-0.3677375571749606,0.37302504221323973,0.2974373867474943,-0.6836309908146604,-0.8751624929788403,0.21090623035151057,0.20807769578689012,-1.4602509143790254,-0.44974612522805335,-0.08403666383659184,0.2197321486901259,1.7978514421136365,0.8149377327567975,0.03833432119282348,-1.0904621917743254
05487980,-0.40561663022809863,-0.6446437355731172,1.240527675449116,-0.3991991926572086,-0.24672170033913415,0.532207720915859,-0.7156465181695723,0.2976668170334153,-0.30339847110330703,-1.5830258597423146,1.7402076914397404,0.03907392795663382,-0.13186015434838502,-1.6186379625272143,-0.5102030080959468,-0.5316070075053272,-0.7519714655906531,-1.4995003960614157,0.15067787888628437,-0.6116489565788201,-0.4065973053614018,0.6588450370541418,-0.3103851412773654,1.170747420715976,-0.06329437505812893,-0.29841459198804116,1.4203631510905843,1.0541424067254104,0.7658035338928376,0.8793623685044445,-0.6855431297456204,0.7057792158893444,-1.136023698774441,0.6449262344024249,0.9779525392745925,-0.10846742647487503,-0.15419534225054646,0.00022301975336368315,0.3845281038247027,0.15566062369308817,-0.5718366647280251,-0.8485432508749448,0.0529462778929361,0.04094052450312911,-1.0179940674386183,-0.7134696541672408,-0.44776699546536647,-0.11860249323268511,0.9164265278422881,0.5556498276604224,0.03833432119311425,-1.090462191774061
05488200,-0.42131649275787403,-0.6459501008178643,1.2289497848847013,-0.37278604239626395,-0.23494315711854027,0.6202122505611881,-0.7383192661078644,0.3774039641861322,-0.2765247701872144,0.9576117550263568,-0.9362415196617566,-0.455193183532494,-0.09161025917201317,-2.2072964086481526,-0.4963475878752332,-0.4878117734616224,-0.6304232681443458,-1.4862920973768985,0.25440514631678984,-0.6261158082018246,-0.451143024903735,0.7035584736217126,-0.299485866719628,1.1798672212756496,0.09603178548914601,-0.27449243776991233,1.0475948073703603,1.2508241720417819,0.7658035338928006,0.9761021230779959,-0.7277842616235017,0.17146038492955487,-1.449769277972515,0.23765709818377573,0.7834590933334898,-0.10846742647487503,-0.15419534225054646,0.7210581926597441,0.39483477021347185,0.16926593807172466,-0.6069385818411498,-0.8410079374829633,-0.3280989102056904,-0.33519706503930957,-0.5282375470100726,-0.7521112823207068,-0.4761733573508115,-0.03776599899354307,1.1451347288411633,1.0330762608123338,0.03833432119324438,-1.0904621917739619
05489000,-0.4089417865724997,-0.6341798883420887,1.2226268801659683,-0.3928507825745395,-0.24063070787279378,0.3781997940365317,-0.7248349582975452,0.32472049196023006,-0.3420684069258064,0.9196673030963622,-0.9130252445058327,-0.4385782702338152,-0.09448525168461104,-2.189819027932857,-0.5236418240713695,-0.5627955015966305,-0.6138289706095771,-1.4240989902336374,0.8099078306044061,-0.6100714453375763,-0.48066360212961157,0.5315837175925943,-0.3324341232747861,1.1160286173579346,-0.07973919590975863,-0.29841459198804116,1.1400413566129755,0.9826894966916445,0.7658035338928376,0.8550276910169429,-0.6690141100747334,0.697100898691924,-1.092659642289701,0.6735680934899924,0.8923410764634497,-0.10846742647487503,-0.15419534225054646,-0.012322913878835546,0.3791740911748271,0.17771259387731078,-0.6081981287038535,-0.8437073822782432,0.10114392296129224,0.0975828194112131,-0.8296055319093913,-0.5679410022605788,-0.28539251134432575,0.01812892109787554,1.0426093523792905,0.5847310973883358,0.03833432119347054,-1.0904621917737958
05495000,-0.3743139616876582,-0.5254112239482184,1.0047318134509096,-0.39865591143724544,-0.23110953607664084,0.5212071547101926,-0.8580769972147704,0.3218727367047752,-0.31439282525574236,0.07199961159718986,0.3027464099680596,0.30744052859799836,-0.2626723136715936,-1.4158328007970806,-0.4869556143842876,-0.49351619134488206,-0.7915270357658571,-1.5353690535534197,1.1407476279023572,-0.6152717681154086,-0.2727752069402086,0.77234837603336,-0.2975023214436421,1.1488598993727592,-0.14857477521416593,-0.29841459198804116,0.9223446438803644,1.5272815263061246,0.7658035338928006,0.752466530452613,-0.6442928620053888,1.1279453492242273,-0.8411165281289146,0.8905248120694019,1.2055396811945491,-0.10846742647487503,-0.15419534225054646,-0.5838681799918696,0.22043760206932844,0.2585494644986433,-0.665106746046009,-0.8566608973265368,0.13803689058096894,0.12970838739573612,-0.9498306941844535,-0.7733706104644775,-0.5142750362509521,-0.10090394993247857,0.9792482546080871,-1.1263233289527061,0.038334321193341306,-1.0904621917738957
05495500,-0.3579133510899772,-0.45590179391166724,0.79969742004297,-0.500629117133218,-0.22082393787005983,0.5652094195328572,-0.3980861456639799,0.44859784557248783,-0.29868862054000456,0.01910043121185238,0.11457603151884761,2.5709571266470674,-0.7341710857376642,0.9677610879637052,-0.4889000631008879,-0.5079901994182854,-0.9984039973717888,-1.809529645328187,1.584510165944752,-0.6297367491515596,-0.35103513439969913,0.7947050943171454,-0.36219384885802863,1.2844409343599066,-0.23485604789830478,-0.29841459198804116,0.5570316670345448,2.0536134532951467,0.7658035338928006,1.314672178799056,-0.7398640816629678,1.2595685196621138,-1.4114207218971961,1.6542534098897435,1.0303382408615025,-0.10846742647487503,-0.15419534225054646,-0.5838681799918696,0.1725068984365227,0.27461692199344595,-0.7072188684252924,-0.8908534402924104,0.06636030004227862,0.045414593228444974,-1.323387448396254,-0.7181220934452333,-0.4147692438348541,0.0002190025771606462,1.338706784772756,-0.0781367569679352,0.03833432119317977,-1.090462191774028
05501000,-0.3100644871732009,-0.40439677596173823,0.785313459282125,-0.4771938349284219,-0.24014996635430472,0.6752150815895192,-0.720174155334073,0.3944904957188582,-0.3474320245902529,0.5897343405842999,-0.4188130895783213,3.013204190781797,-0.7744209809140363,1.4914914868862783,-0.48247867161099467,-0.5204924889731313,-0.8116770562664943,-1.5872896038808975,0.11738286860985596,-0.6117824028671841,-0.3657769600762118,0.5229849797911383,-0.33910053770832765,1.0704296145595666,-0.04697126263047004,-0.29841459198804116,0.5659781072838306,1.7536268376003585,0.32646836172734894,1.0804269040085142,-0.7370512117673771,0.8838967888352485,-1.2426045950287163,1.106229756616233,1.5461118675985466,-0.10846742647487503,-0.15419534225054646,-0.5838681799918696,0.11012727400828291,0.2634947208877772,-0.6915317847716197,-0.8677695795442198,0.07650748193098417,0.07122382889487501,-1.4055055279859168,-0.7867553253639992,-0.527398269646546,-0.18224667678685127,0.873368749617985,-1.3240040971201528,0.03833432119327669,-1.0904621917739288
05503800,-0.2210966583741177,-0.377433570962816,0.791863341908335,-0.463972192725094,-0.2947905343548334,0.7302179126178501,-0.5220900293869573,0.4443262126893071,-0.2893884164879222,0.5562762362996538,-0.37175346130560005,-0.0642162790194856,0.7234501181495177,-0.816873676186935,-0.47196211061094717,-0.5454116700647562,-1.609923749694238,-2.3017612978359088,0.6608052683767419,-0.6373541077625079,-0.3282557320541947,1.3811390123764395,-0.2575023559200504,1.8413567552039736,-0.2040121928902208,0.6668443307134524,0.6092192351553761,2.2762640064337423,0.7658035338928006,1.0624315910057385,-0.7468513708699305,1.297530682321163,-1.2492507215611535,0.9984241769709858,1.7119646257862327,-0.10846742647487503,-0.15419534225054646,-0.5838681799918696,0.06535175071397892,0.23414945352202504,-0.6700177065409949,-0.9019001541232835,-0.340772605245608,-0.34820987930575115,-1.512312703399923,-0.9118759525248405,-0.6610907309064352,-0.3187012953656821,0.7788573613497838,0.9260417897800834,0.038334321193309,-1.0904621917739288
05507600,-0.23909481927620083,1.4106924424295937,0.6976249643537649,-0.5083477866249606,0.26967333040217545,0.5872105519441899,-0.4058023673080304,0.3944904957188582,-0.31109793907816485,0.21554277785686002,0.10749634191037014,2.7232019365831492,-0.6349838440530337,1.2704490583227928,-0.5092277489022706,-0.6201396682157928,-1.7571758127112014,-2.3882499693563295,1.273104800488896,-0.6373541077625079,-0.4957667121941232,1.250438197794309,-0.29510220244695595,1.9392426145444701,-0.23581339583961067,0.4551332658830154,0.6300942624037092,2.3177552460538418,0.7412764362681493,1.3393397503573041,-0.7871233654356881,1.2799220716232305,-1.5258929151345582,1.3821785362263486,1.5982898150898375,-0.10846742647487503,-0.15419534225054646,-0.5838681799918696,0.03589315887427235,0.25371460981737354,-0.6700431519321606,-0.9419584717858187,-0.30390901568582906,-0.3112651837007571,-1.6124108853834012,-0.9403130790878188,-0.6763653352995331,-0.4088374172033814,0.7932335937488261,0.9818200926952777,0.03833432119337361,-1.0904621917738626
05508805,-0.2731500106983422,-0.16652740060246576,0.6904245529342422,-0.5008231214020824,-0.1922398335656619,0.5212071547101926,-0.5255950031972642,0.39164274046340336,-0.34114383453489877,-0.5845560406978987,1.232854570885337,2.1031172418045943,-0.3331096302302444,0.8060742083995065,-0.5227140627227701,-0.6338128639490662,-0.8968451841138116,-1.772783690674748,0.37845205920854097,-0.629739776183858,-0.48753657268510775,0.49718876638677056,-0.38426011935489673,1.2181703836262787,-0.1107491511736583,-0.2481780681299708,0.5003708787890714,1.363913335194902,0.4974946830900017,1.2618498640685425,-0.7690940403178887,1.0514986427293984,-1.432916482437611,1.3305145724966805,1.5299599910042971,-0.10846742647487503,-0.15419534225054646,-0.5838681799918696,0.052990280331176816,0.27428510010053647,-0.6815953595214019,-0.8821625862628268,-0.15054379179527294,-0.15882518196826245,-1.4860134491522532,-0.7715864322082391,-0.5056116467781385,-0.24240818672077516,0.8395587620789939,-1.3985214889059665,0.03833432119327669,-1.0904621917739619
05514500,-0.21944281528863496,-0.3133417790095659,0.6167832311671976,-0.5224855094970494,-0.2763124897000442,0.5212071547101926,-0.6290240984338381,0.28485191838387,-0.3431302903571007,-0.17766663341841116,0.6605548347204601,2.418460656980829,-0.486921729654237,1.0422299275332203,-0.4726032718820897,-0.5477322247739322,-0.9620965196873027,-1.7534276167593685,1.262798771614251,-0.6229521562945454,-0.3617219695154761,0.7637496382319041,-0.35714874421413667,1.2351940113376692,-0.16646712408359451,-0.29841459198804116,0.40941540292133644,1.2616142286217367,0.3372133500708709,1.079875278523027,-0.7482768860037501,0.9044609970933863,-1.2639219577588923,1.0285471944081261,1.6870698243758466,-0.10846742647487503,-0.15419534225054646,-0.5838681799918696,-0.045267758134953914,0.29681013235141673,-0.6783765175389371,-0.8229072263603991,0.9487890851929635,0.9371754443378763,-1.0885726783277732,-0.7464900900131963,-0.5047221468196681,-0.25294961515211256,0.6415796225253141,-0.9482668770527712,0.03834065559120862,-1.090429790841683
05525500,-0.2914917516780408,-0.5783954703372263,0.685814470407659,-0.49210029196244354,-0.3088564547529415,0.19119016854020698,-0.8122154368700082,0.021434557254355127,-0.49749488711323153,-1.4965327490813016,0.7736054126139018,1.3963260483310713,-0.31154718638575946,-0.07539368854578823,-0.3352360462242516,-0.18877892068400295,0.44058014276853935,-0.67397616186245,0.13681214585173102,-0.5590265572623981,-0.2030554518606869,-0.07892666631077629,-0.34421419621830646,0.25207951100485726,0.0017664133549410994,-0.29841459198804116,-0.03343338941828957,2.366062845247582,0.7658035338928376,1.0027018191363006,-0.7292487039877802,0.7253591225796568,-1.2254127518032607,0.8127762769034313,0.9292666135480943,-0.10846742647487503,-0.15419534225054646,-0.030500998079593902,0.2660715341349716,0.4974834310894327,-0.6896869939121042,-0.9222671679949666,0.21513079536481647,0.20479086359914178,-1.6443456941127144,-0.49513997284972394,-0.07964816948980473,0.19940933551779216,2.1118275089868557,1.0330762608124968,0.03833432119343823,-1.0904621917737958
05556500,-0.33647938941172284,-0.7130345128233804,0.8811131513425923,-0.34737157893306064,-0.3203831579349071,0.49920602229885996,-0.4292177998445451,0.11968211356752631,-0.36264772673709456,-1.2662751074608691,0.8916577182386325,1.5747780546501682,-0.07148531158382725,0.551174631687068,-0.41332678139195744,-0.3408626066129922,1.041508061309656,-0.05842229435522806,1.1677967705224572,-0.5708664560678046,-0.4232830745299646,-0.4486723917733809,-0.4464943237764077,0.13717002395297032,0.11486024130666735,-0.29841459198804116,0.47949585154073837,1.991922308677829,0.7658035338928006,1.253283355572108,-0.6970776764676652,1.1514917906866489,-1.2830284965588454,1.8072493350843433,0.6204782494841082,-0.10846742647487503,-0.15419534225054646,-0.5814383899781036,0.4073786764649038,0.3880370988983362,-0.6888727413948008,-0.8492223564838202,-0.168940332903285,-0.17603133907921584,-1.3864519866432172,-0.36097542417937295,0.0536973811995512,0.3898692460330674,2.155402978022127,0.8656758119555144,0.03833432119353516,-1.0904621917737298
05584500,-0.34549108721024646,-0.5086330848129619,0.8109400302014564,-0.44826943007668135,-0.24744729117208578,0.5102065885045263,-0.5044706866477097,0.3033623275443234,-0.3138552651835274,-1.2204277234440641,0.595842398917244,1.6103102420064854,-0.31442217889835755,0.1954634966458311,-0.49052837452180625,-0.5191637379725531,0.29713432746917623,-0.7207706671780835,1.1343399488653931,-0.5939978566887842,-0.3957955485794236,0.12228379824329233,-0.32295598726967906,0.4891943255563704,0.029507344921180116,-0.29841459198804116,0.5003708787890714,2.1731067257803085,0.7658035338928376,1.3593263826932243,-0.7343691523907593,1.2000836358048652,-1.4407092703390003,1.787062896209402,0.8548994357642759,-0.10846742647487503,-0.15419534225054646,-0.5468813308480712,0.20851397777123626,0.30182446690413045,-0.7144962502986911,-0.8972378818978508,0.5305982781595392,0.5285906217391597,-1.3145315770679569,-0.511272156637195,-0.15251279445080881,0.17347479258257945,1.7041854076414544,-0.12766927194618338,0.03833432119343823,-1.0904621917737958
05585000,-0.34805726157527694,-0.4948043745979415,0.7787194870999311,-0.4700409175306096,-0.24101837610038715,0.45520375747619535,-0.5574239545559166,0.31048171568295896,-0.32386774091663406,-1.6866713654685623,1.0402060774785766,1.2489666932440568,-0.22242241849522176,-0.1682686585304467,-0.5110233446991272,-0.5666762416295997,0.053714134260124884,-0.7489665245963658,1.295581348488622,-0.5724193469998509,-0.3062068830705402,0.35444971888260207,-0.22468655246569608,0.4958821793001311,-0.028595758867715242,-0.29841459198804116,0.5823799144075207,2.0036547482152147,0.7658035338928006,1.3363517982331135,-0.7348721241540941,1.1830652554829102,-1.4312473240897357,1.6984135265515399,0.8950604663508187,-0.10846742647487503,-0.15419534225054646,-0.5114200481887642,0.1498368412873863,0.31813493151009875,-0.7143308552561138,-0.8834645590473427,1.505327051897181,1.499136021605101,-1.1741794345013106,-0.5647591227452261,-0.22570267323245075,0.1143695366591243,1.5582491985447848,-1.2165885444648326,0.038334321193309,-1.0904621917738957
05591550,-0.25372317783509246,-0.3666749584389577,0.45284007858696146,-0.5330014801291877,-0.2688814622136907,0.5652094195328572,-0.30659191434560845,0.2634937539679633,-0.3432545389468709,1.0607559662739108,-1.0813163331807125,-0.455193183532494,0.9146371202372842,-1.1096831270112912,-0.3899494045341533,-0.3406248907443017,0.5401373677251896,-0.8333826880788926,0.5759830521223295,-0.6373541077625079,-0.2824377761342359,0.06037288607280967,-0.36539935290250625,0.587080184896867,0.2230183966131203,0.8067889328895075,-0.201924680779831,2.3593746943784617,0.7658035338928006,1.110686707801923,-0.6844614458317763,0.8683453457190445,-1.1960033321000563,1.333879392530554,0.5878869427292092,-0.10846742647487503,-0.15419534225054646,-0.2696430529903905,0.050347840802400394,0.44791738164364103,-0.6974732836088177,-0.9015667557134261,-0.4091823555236612,-0.4158004835651964,-1.6757437833675857,-0.5433169705774948,-0.13565916509483647,0.09981201482433695,2.007856593176706,1.0330762608122903,0.038334321193212076,-1.090462191773995
05592050,-0.30119934471852056,-0.3541047110252644,0.43500944243971307,-0.5092059834474534,-0.23065853606585907,0.5762099857385236,-0.6613148721955117,0.23359232378569525,-0.3925198453812799,1.0607559662739108,-1.0813163331807125,-0.455193183532494,0.9146371202372842,-1.1096831270112912,-0.458303943178053,-0.4690669101821666,0.04624033015500345,-1.1285169610861563,1.3964859202565203,-0.6291393070950965,-0.3962005871840387,0.34069173840027267,-0.3344048399152266,0.870401988950726,0.13649931888290673,-0.25894303752812925,0.044102426075516864,2.1980627293268435,0.7658035338928006,1.2005616819842113,-0.7235668868799077,1.0163254095064829,-1.306598154209687,1.439368393581602,0.8418999102403684,-0.10846742647487503,-0.15419534225054646,-0.38985146008429933,0.03098467381936445,0.42516476151453675,-0.7229822882524621,-0.9015457458836517,-0.3164005667543802,-0.3200027767407858,-1.5259990499982004,-0.6671385756180768,-0.3110454765987659,-0.05440615930520694,1.5721195421777774,0.41484988943392526,0.03833432119327669,-1.0904621917739288
05592575,-0.19450608383602674,-0.20551328023383972,0.3284907242141564,-0.5594242424094011,-0.2607015924924959,0.8512241408801783,-0.8237873904448664,0.2734608973620537,-0.4244918637609671,1.0607559662739108,-1.0813163331807125,-0.455193183532494,0.9146371202372842,-1.1096831270112912,-0.4072316945357924,-0.4158835220652601,-1.2562741416739835,-1.9257283851495148,0.029165037035182736,-0.6373541077625079,-0.28027819802186477,1.250438197794309,-0.3173860801860547,1.5355394431029192,-0.28666660318173875,1.256525432190333,-0.24218366190161503,2.1155394242011747,0.7658035338928006,1.297802856111256,-0.6872609897059292,1.2220114769045838,-1.3080252619244048,1.9409771479338394,0.48033181691949317,-0.10846742647487503,-0.15419534225054646,-0.5838681799918696,-0.05905798942575794,0.42168741610147453,-0.7416719280636909,-0.9471400475815385,-0.3979951903145731,-0.40456559987718094,-1.5485412679247743,-0.7571677823908166,-0.4859008254008797,-0.2257168726796174,0.8272767228329672,-1.6318768379504356,0.03833432119295271,-1.0904621917742263
05593575,-0.20794841173151005,-0.20164891957784,0.3504712421937984,-0.6043499967999173,-0.2502142121109301,0.7962213098518474,-0.9599453443664764,0.40018600622976636,-0.37181625625228537,-0.09782053197290123,0.5482493729081519,2.4803421949807603,-0.517109151036516,1.0885829807346554,-0.40100745312855823,-0.3940364154375946,-1.6251972746939005,-2.1984933027973628,0.41965097558128356,-0.6248448737269257,-0.1135246135425472,1.1231768783327614,-0.38928557023556715,1.7428629091594985,-0.39052767920278236,-0.25176639126269,-0.2645497625248285,2.222142723239194,0.7658035338928006,1.3344024839550488,-0.6956193987587087,1.2254396788120938,-1.3478080182075276,1.9825539670265004,0.48601795671004827,-0.10846742647487503,-0.15419534225054646,-0.5838681799918696,-0.1541685290636447,0.3930748706851221,-0.770985018686612,-0.9138082709749145,-0.3378171724198878,-0.3436305383751337,-1.5184849773560087,-0.9040950485427914,-0.7034106536962937,-0.2195916231205169,0.5055136333686125,1.0330762608123718,0.038334321193309,-1.0904621917739288
05593900,-0.2807068312755463,-0.29832391900348715,0.40965060212557847,-0.5124280378642505,-0.22809058856743264,0.7632196112348483,-0.6789726571370641,0.366012943164316,-0.38239851368777855,1.0489445314197632,-1.0647032660184272,3.369096743576414,-0.9497955241825139,1.7541587883610683,-0.43198347963240513,-0.42024948949122326,-1.0784697120795979,-1.8856047831763618,2.3475820823342457,-0.6373541077625079,-0.3018502880193328,0.6450870565718123,-0.389110592939158,1.3555753787253604,-0.23856842797605343,0.15012579960187336,-0.22578185477792567,2.1896346276740513,0.7658035338928006,1.4449845935737673,-0.7725411820510981,1.2546862519304158,-1.562437579645445,1.7975819522990821,1.1107413528432903,-0.10846742647487503,-0.15419534225054646,-0.5837746911494738,-0.01835558694579741,0.3970493321682319,-0.7157812425525606,-0.9160552616582811,-0.38025084213629246,-0.38739453350132813,-1.5243888915748733,-0.786295524272454,-0.4919433893170815,-0.2442528942908635,1.0593260739801802,1.0330762608121438,0.038334321193049636,-1.090462191774127
05595730,-0.11134126431398231,-0.20972001262746467,0.29567600464967375,-0.5948841272629158,-0.3170040145249449,0.6752150815895192,-0.8302755057364252,0.3176011038215945,-0.3773659303107463,-0.17968999522332824,0.663400741756631,2.416892531071713,-0.485484233397938,1.0410478824606897,-0.4025932164631073,-0.45304967459946455,-1.384626903990036,-2.1545341030291643,0.08299251580070738,-0.6373541077625079,-0.2145610075058422,1.3433045660500331,-0.32103670504970006,1.6540968503786755,-0.3279918726877383,0.8462604873494203,-0.4196213935124422,2.1466370426871326,0.7658035338928006,1.2491308087519282,-0.6761902197622436,1.1305841086048192,-1.2731792694071444,1.807667040197174,0.426779909233742,-0.10846742647487503,-0.15419534225054646,-0.48205331454243766,-0.1902293789701641,0.41632460688427314,-0.773338717369442,-0.9089431159488301,-0.32660062915090177,-0.33613866643117335,-1.4803778946706097,-0.7122780993576532,-0.47458443667531675,-0.0966557426413289,0.7450881518539155,-0.7367605068576175,0.03833432119324438,-1.0904621917739619
06037500,-0.6039933613141288,-0.33079923497870745,-0.6913760834458526,2.3156427044799175,0.041866087902448286,-1.5028970271323863,-0.002901109799271124,-0.8926948797464503,-0.2148119993218354,0.3008994851577493,-0.051341284776891816,-0.45430024572816463,0.3971384679696455,0.9637927937916337,-0.2481101805348043,0.3203307395096701,-1.3173256763292303,2.3996691774071737,-1.3149284776438215,2.1993621640210717,-0.595614783420227,-0.8854882720873417,-0.6868293163869128,-1.3086223581072813,-1.0290028081037614,-0.29841459198804116,0.8582284887604865,-0.5229108716016972,-0.7934384783234928,-0.8712223591858334,0.5083662547568237,-0.6274199794990314,1.1697209449992394,-0.19374330154534186,-0.6293909844113988,-0.10846742647487503,-0.15419534225054646,-0.5838681799918696,1.0393749329477957,-0.9423244510218172,2.1028937957444485,-0.18142979817022173,0.19602918081925683,0.18685949796277768,0.5739158937570711,-1.185487563033921,-1.1887439476699944,-1.1497596960523528,-0.9930222902862217,-1.0611453888064593,-1.2978943415172188,-0.7274662597561482
06043500,-0.7511048390110238,-0.17555992183781613,-0.051302825072415646,1.983498129680853,0.27152426223943904,-1.9539202415646997,-0.7887644795426009,-1.164655506642329,-0.5798000534277369,-2.4181731375627913,0.6861931072334623,-0.09241233136230201,-0.3618595553562244,-0.4538169753378197,-0.3596820901295508,0.1714785737091696,-0.9411879378359369,1.1535760318076265,-1.097774468001382,0.38994613370860276,-0.29778657866723907,-0.5105833039438635,-0.0680140204527774,-1.308014371403303,-0.9828249894564102,-0.29841459198804116,1.9004887778022326,-0.6171209297732273,0.6953734483662468,-0.17061498716736678,-0.1734570567413338,0.7515229112326743,0.3078795477098582,0.3325411749447901,-0.054185636687852666,-0.10846742647487503,-0.15419534225054646,0.22373859355858786,1.2007941895109262,-0.9547979937025165,2.0543185440090697,1.4933588079471363,0.7801648969914821,0.7675409824061283,0.3855273582278441,-0.9162075015162906,-0.8858660774592751,-0.6771471588954234,-0.5522768241668103,-1.3057643227956799,-0.9603045104191749,-0.5250444425292852
06154410,-1.3944925041312983,-1.2994151552052375,1.524812239112863,0.0994362887625164,0.8841157670557803,1.2802462229011595,1.6028681638227122,1.493724024324189,0.897322594861991,-1.7643468819898878,1.140073993964471,1.188767380563037,-0.9382955541321217,0.44850557395857477,-0.7999599564458059,-0.7974555670238699,-1.090849699144385,0.941243322956941,-0.28117362681504054,-0.3656904369528484,-0.8757150622900541,-0.5707744685540549,-0.013449776723620646,-1.307406384699325,-0.9366471708090589,-0.29841459198804116,1.5351758009564132,-0.6038063295324247,0.7651360532400562,-0.109437572537864,-0.21169497813240415,0.7965427753431708,0.20028989748690543,0.22183939385948617,0.39887339554125395,-0.10846742647487503,-0.15419534225054646,-0.5838681799918696,1.6748720377308044,-0.793833537175179,0.5206103141902674,0.07702591221962017,-0.44608119875531754,-0.4446918554646218,-1.1822302266179443,-0.5313761489096812,-0.5501095528532749,-0.29364416089584827,-0.43213161044489606,0.8563175785485792,-1.849145874884608,-1.0581967545393618
06188000,-0.7125268137987762,-0.4607268674234008,-0.356622867880877,2.181654540161864,0.10935475466932722,-2.3939428897913473,-0.3209584553483503,-1.2999238812764047,-0.5209065781708849,-1.1579245620024716,0.25438209884911367,-0.09196934849759089,-0.2655473061841917,1.0230639110000241,-0.09314560048294993,0.9099789573112785,-1.1061087564604344,0.19128389138884258,-0.665513465564629,-0.16525393220851428,0.32412127968370774,1.118017635651888,1.8293447653556403,0.844258560679662,0.5899640813048624,-0.29841459198804116,1.842336916181878,-0.6165988641015695,0.7012433842626125,-0.6675519877113846,0.1565860271284574,0.6208267230214828,0.8757920506668649,-0.24241430613755258,-0.13089520532939727,-0.10846742647487503,-0.15419534225054646,0.30272494135652017,1.0913883592827678,-0.9007258276217761,2.3030217972629163,1.2445510660543868,0.550933771220807,0.5395447795463709,0.3823070413811907,-1.2505450999048375,-1.0659655376664174,-1.3476514431428535,-0.31672945786469403,0.3099796601250017,-1.6866715515990653,-0.9584685172074554
06191500,-0.7755407588250781,0.9825950396684258,-0.38310652636813314,2.221772382006276,0.785822873711802,-2.4599462870253443,-0.35006960422234196,-1.4522787874432055,-0.43531312762166935,-1.984352139822704,0.3438661287348224,-0.32869262036463853,0.19013900706259015,0.8076784124265135,-0.2264012381123244,0.6081301921643939,-0.3495527477413434,1.1220801891304801,-0.7319576440618852,0.23233054404250578,-0.1270970072542054,-0.26637915038251536,0.20733040021516333,-1.1535857485928305,-0.8294207105601249,-0.29841459198804116,2.003372840669014,-0.5213661889110337,0.4780275525046797,-0.7133750951797955,0.2379071096300918,0.40658417982793443,0.9542671860571142,-0.16821565141478032,-0.32249510135378073,5.1892719959850275,-0.15419534225054646,0.10658583214084598,1.126754032510932,-0.9254317561799628,2.275489884021596,1.015748077635086,3.52006264846541,3.5091918127211983,0.3933097906072566,-1.2451200788172034,-1.102312916457963,-1.422116566244575,-0.5726450437855989,-0.4693716938764099,,
06221400,-1.2103170829201217,0.3917188195724968,0.09878580320253716,2.6426765678510677,1.4318616204407566,0.4002009264478644,0.5673726633220992,0.5568125452797487,0.09803039138743466,-2.0100658109623852,1.2235317252290412,-0.09427926888589447,,-0.21571932501351604,-0.020130987546238262,2.385103442327815,2.163568761389284,0.8778473774111093,-1.690790263756759,-0.422276305825287,0.07397655992834926,1.7250885244346763,0.8520986312343428,0.829666879784184,2.0352875349666975,-0.29841459198804116,2.8756507649743384,-0.6332641050252732,-0.6953836036453108,-0.7399699543817454,0.21805512679370095,-0.6569171854017689,0.6515124711798277,-0.4725578726002304,-0.4741006839364061,-0.10846742647487503,-0.15419534225054646,5.322008858820624,0.7875443006471556,-0.8400560801498448,3.2791197250759074,1.718329094086346,-0.33181817258875385,-0.3369574502501855,-0.9192376841412458,-1.7396846915825315,-1.5188628687841987,-2.8168814810179517,-1.3484006342552508,1.0330762608122903,-1.9017117801927745,-1.090462191773995
06224000,-1.2610844363662619,-0.3643457699612885,0.12397357698175561,2.5397414743774105,1.1233343956720707,0.532207720915859,0.793672631003806,0.6066482622501975,0.15901011286370922,-1.2646982802724849,1.4870131188464164,-0.31643977208945007,,-0.1863370617820072,-0.0955911128765728,2.243408057338388,1.0753533117337064,0.6958806338459521,-1.212263372135065,-0.3378438741527822,0.12048415683408759,0.8359790357641337,0.943505613155309,0.6010638790883664,1.1358408989310207,-0.29841459198804116,2.465605586882092,-0.6349381531705027,-0.9139175396123891,-0.15576488862663856,-0.18681329847111208,-0.7442961064180507,0.1269845241379722,0.1015074325422304,0.07162357055737151,-0.10846742647487503,-0.15419534225054646,5.088074167694134,0.7551648145318178,-0.8272747695796251,2.999245867644042,1.251062415520486,-0.18082669593794115,-0.1885470345984001,-0.6777139206422369,-1.631428641361551,-1.4776433775997444,-2.4362217722083765,-1.3193122822431396,0.7845604053112969,-1.8278061549618507,-1.0450982377400735
06278300,-0.9385733879152963,-0.424529812794116,0.16078490601513173,2.7313957316812822,0.4272687179676899,-0.8978658858207454,-0.5075098595217026,0.03424945590389881,-0.20696244525574595,0.794189268191028,-0.7992532729680022,-0.455193183532494,-1.550668959315494,-0.14327684842548408,-0.15165454933799782,1.133505823017713,-1.3149955331446432,-0.39659597619298853,-0.35681881143552835,-0.3134765409370783,0.3971342211118957,0.7740681235936512,1.3105413468561542,0.987135436114548,1.2653056552172706,-0.29841459198804116,1.9631138595472302,-0.6240997520898224,-1.7619942803908868,-0.8683574647732686,0.45236768040465125,-2.629377988014722,-0.7763543242251933,-1.543891016872756,-1.4319175300323814,-0.10846742647487503,-0.15419534225054646,3.385975297990088,1.0107901128999452,-0.716304400404548,2.7912934083421113,0.8601617993341784,-0.43113364187930897,-0.43796028278117266,-0.31408647670761825,-1.5437311136706868,-1.3579830865026514,-2.0518350935641623,-0.919376288127826,1.0330762608112902,-1.9017117801934857,-1.090462191774921
06280300,-0.9256483712666206,-0.43857854865033374,-0.11121359095896709,2.4062955752887243,0.400758441396287,-1.0958760775227374,-0.3861250853368646,-0.5367254728146724,-0.534144851316674,0.005454631898621463,-0.44618146854575486,-0.455193183532494,0.17720154075589903,0.21800678481483426,-0.20361842350313009,0.9313195802465144,-0.5664160813484813,0.7289404884410898,-0.5858361306209685,0.0942815462107226,-0.0130508751291875,0.09648758483892456,0.3261968704777437,-0.6197734224999369,-0.7175774002022793,-0.29841459198804116,2.2464178007746014,-0.6329844265602295,0.6019840884624439,-0.8343082906386343,0.3988607960432419,0.4051579717689738,1.0929214345713367,-0.2511524781337978,-0.3876392088805967,-0.10846742647487503,-0.15419534225054646,1.629940385257212,0.9532287157810809,-0.8489838160232192,2.8550977266901802,2.015957950421655,0.0007825947383748739,-0.008321019122146276,-0.1455565617327541,-1.5987664745041097,-1.4256225492838217,-2.282823880447377,-1.1451422323518596,0.7069849339669326,-1.8047361431884925,-1.0309376518526128
06289000,-1.0889576114362791,-0.5364463485166694,0.13496156195567519,1.997363656602683,0.632764764279096,-0.5348472010337616,0.4406909548675578,0.11825823593979888,-0.10051075552640754,-0.13217516409479316,-0.28998883674889997,2.4537170068421092,-0.4969842034483299,1.4702146755807024,-0.5028145482463302,0.1283849415744337,-0.9703695818339179,1.306663516637717,-0.5805496405456269,0.28708749811954337,-0.5174776267946454,-0.5793732063555108,0.020550370524951882,-1.2964626240277164,-0.9520397770248424,-0.29841459198804116,1.7946225681856887,-0.6258986361722352,-1.8312136408667832,-0.07728218166041481,-0.2506080475585025,-1.9669695067318325,-0.7250860043108505,-0.6186671573954866,-0.33786696976981956,-0.10846742647487503,-0.15419534225054646,1.3505058676234436,1.1065958292161857,-0.7293429037802391,2.2246499924724668,0.8537680200266158,-0.18881165261816743,-0.19631963242316455,0.1244133339116933,-0.8763235497583073,-0.8454667564792346,-0.5746598342210539,-0.5046031669899048,-1.1980132878435994,-1.2382125933622588,-0.683200274716031
06291500,-1.202137159490296,0.5708025729146473,0.36163104559151465,1.1174761600571657,1.5119810909097633,0.26819413197986985,1.127117806501961,0.5169439717033901,0.17894691419698106,-1.87335042767462,1.103007959655873,1.1042885277160976,-0.021172942613362333,-0.011732118210850205,-0.649954554800267,-0.31199146266781563,-1.0732381052510012,0.8787800400081576,-1.6749720265439487,-0.22093443251242692,-0.6148386827089019,-0.3214110723118333,0.24423222978921713,-1.1651374959684169,-0.7631987788165687,-0.29841459198804116,1.852774429806044,-0.6179479059552847,-2.327807708938912,0.25504772902954176,-0.4541270143640117,-2.0076320878295,-0.6688525850328263,-0.07778643213674079,0.30425038214959294,-0.10846742647487503,-0.15419534225054646,0.5089791800271566,1.1295501022448708,-0.7284455044230191,1.881773346514253,1.1595733078927848,-0.3376467796724804,-0.343513569258132,-0.12891825802504464,-1.0670404534581246,-0.8904800752569375,-0.8766276718724325,0.015291082187610426,0.9043968780939098,-1.8634440800701468,-1.0669731246845704
06311000,-1.2770162639766869,-0.6231683203305164,0.5883528860258127,1.9490830002212187,1.0069150189453793,0.5982111181498555,0.6228608253110163,0.7006241856801873,0.18556173511337665,0.02306854561881695,0.24054835949821704,-0.37933681967029953,-1.181232421446652,-0.3346837183847729,-0.5730310363730073,0.13512694670622688,-1.107726672202058,0.16824840171746544,-0.415919748364926,-0.3853586560072205,-0.39284754871675104,0.6278895809689005,0.7703198514090664,0.4812904984046532,0.6703409181187651,-0.29841459198804116,1.6842831384445027,-0.6142882542229889,-1.6836183865622307,-0.9588538389284039,0.4902888974090882,-1.844298654322486,0.3683760384583936,-0.9748869563442767,-0.7574898373410843,-0.10846742647487503,-0.15419534225054646,0.8358210295190691,0.9185582192312718,-0.6963950868299351,2.2346754765917645,-0.10912606065476065,-0.42973524622817294,-0.43577880874909053,-0.8524161095731866,-1.1996382238588301,-1.1219944692157922,-1.1638721892457955,-0.7143957314122283,1.0330762608113664,-1.9017117801934533,-1.090462191774855
06332515,-1.4506697879521282,-0.5625705207594173,1.6304321898154432,-0.0181489109753079,1.6025744682540375,0.5982111181498555,0.41399211504345734,1.0993099214437785,0.30338241952183176,1.019034172693102,-1.0226336271887573,-0.455193183532494,1.3156985757447042,0.7096531031972527,-0.9415464071335737,-1.5141249543916375,-2.2344135691445626,-2.22847161874496,-0.4227803112824165,-0.6368801256620459,-1.0082820525473044,0.3166152725561962,0.021807465818133934,2.370305187665041,1.2802697591286551,0.10228149116561586,0.32442422055312553,-0.6033437351995451,-0.7414865093327331,0.3846346101417086,-0.5561041704093546,-1.5263645271979995,-1.3010106324946455,-0.7885235492758965,-0.31054064523940456,-0.10846742647487503,-0.15419534225054646,1.9940040303243536,1.6405241646118345,-0.4304219533521871,-0.09635136270960852,-0.5237866721110952,-0.35319952458238396,-0.36057351497283313,-1.716266103687975,-1.1995750074172988,-0.9366446760125591,-1.0778795909726446,0.577233997320612,-0.9120786242605528,-1.2075529902246318,-1.090462191774094
06339100,-1.4904144325239645,-1.2050499563476091,1.6675847733476947,-0.08487879838106732,1.2622439372006868,0.7412184788235164,0.7852652018639319,1.2174917645451282,0.5134147064128993,1.0074902509751331,-1.0063968236856338,-0.455193183532494,1.341573508358086,0.7278059382397082,-0.9348093949993771,-1.4684824223492312,-1.7906376551273462,-2.0177026997839715,1.0153622902833441,-0.6373541077625079,-0.9987318650688533,0.3647682042443493,0.1833903810290298,1.8687161568829942,0.856350943857627,0.22906890852169806,0.1961919103133681,-0.599132506026779,0.7105716462133215,0.3523554411568261,-0.5688389696217355,-0.5397377248801252,-1.0898279183798392,-0.6148333217318743,0.023776607230967604,-0.10846742647487503,-0.15419534225054646,1.4857081429770806,1.534690236653681,-0.4305070675180263,-0.00019322949431437077,-0.7519911987125745,-0.15480948609243575,-0.16288985878407233,-1.716266103687975,-1.2614977517522554,-1.014188926262759,-1.2726248281719306,0.26724386875523154,0.3601446775774811,-1.6615656729934003,-1.0904621917738297
06339500,-1.5040450500665095,-1.1308347649099342,1.660725792820615,-0.07839024362697593,1.371534211279047,0.5102065885045263,0.8106507403348288,1.253088705238306,0.6551400762802646,0.912027885195108,-0.8727857661687973,-0.455193183532494,1.1647614688333094,0.5521878131778103,-0.9420060535530318,-1.5071407205299514,-1.6190545299102739,-1.4873674094431129,0.9431482144970889,-0.6354595546210406,-0.9974551108851735,0.34413123352085506,0.20112095773876004,1.4066462618595328,0.7643027404098993,-0.27449243776991233,0.46607619116681065,-0.39844769436434535,0.19507934626524884,0.34255078339963,-0.5109422170225384,-0.984838846397462,-1.1111285033242948,-0.6494191246056356,-0.227791727775315,-0.10846742647487503,-0.15419534225054646,1.6668454896014175,1.5190045927066964,-0.3867152124243257,-0.06119855481415232,-0.75539118338751,1.3977152184914825,1.3765874777223965,-1.7157293842135328,-1.271022730276034,-1.0204129085610871,-1.3003125014447494,0.26756387750437965,-1.371345510715598,-1.0436564549814424,-1.0904621917737958
06344600,-1.5036412949470448,-1.1848554998014893,1.661607903241704,-0.07368892658656412,1.32714153790703,0.9392286705255075,1.1263143926250443,1.2317305408223993,0.5893811239056107,0.9771537339964852,-0.9637277830263414,-0.455193183532494,1.338698515845488,0.7164076464688635,-0.934768709614405,-1.4651040497514247,-1.8689954755607356,-2.0212112017244683,0.7663863199362674,-0.6373541077625079,-0.99939417956441,0.4731123005426939,0.2475439324432996,1.9313387873927526,0.8074270095957523,0.6536871458934873,0.4243261366701454,-0.5947990988896048,0.7645592021301945,0.44604965246534123,-0.5977444775988615,-0.44795772096921815,-1.1492913902219566,-0.5238815419121747,0.10263460827560791,-0.10846742647487503,-0.15419534225054646,1.4257866847481733,1.4946810904745118,-0.4479819925957685,0.047262425029772445,-0.8127469575696112,-0.22921823620162288,-0.23344563015951122,-1.716266103687975,-1.2658457512085823,-1.0183544211045514,-1.2919130861512027,0.23277359656588345,-1.3764302600933147,-1.0418418830400296,-1.0904621917734654
06350000,-1.5454464494194016,-1.1039946706705568,1.540987353268736,-0.06242755375902771,1.561277213098406,0.6862156477951854,1.0031577404057646,1.3584556496901135,0.7281830847972729,0.9924497606065196,-0.9854608633351991,-0.455193183532494,1.3372610195891892,0.7221490082497333,-0.9392149864472509,-1.4817341372752848,-1.7646373419395878,-1.471828914193866,0.03810921446788085,-0.6316702822755185,-1.0035486666441045,0.072411118994848,0.3773735941843655,1.4145500890112495,1.125481043161721,-0.2864535148789772,0.5749245475331163,-0.582675714088895,0.7393943937106214,0.39436386932012424,-0.576125017167785,-0.8921894572917881,-1.2502804643707963,-0.7698701565898189,-0.22309229684939583,-0.10846742647487503,-0.15419534225054646,1.8889156597531789,1.3792433543162022,-0.4170565622381268,0.09459085259803043,-0.8187631966027394,0.41624711781328194,0.40828788490288825,-1.716266103687975,-1.2123817731866502,-0.9435204644840003,-1.2972288376310215,0.3210208624759176,-1.1965539752726868,-0.7573439246032811,-1.0904621917738626
06352000,-1.5328921886736973,-0.8157590827203756,1.5037659994721049,-0.045256648058384114,1.745520990342707,0.7082167802065173,0.6183687893638254,1.3385213629019326,0.6432901625719196,1.0541663891681126,-1.0755558465024104,-0.455193183532494,1.3545109746647768,0.7707817198053364,-0.9344438552982212,-1.4558061264737352,-1.7193707020093665,-1.5711961417784053,0.13854907169124805,-0.6358433138561391,-0.9965226595456929,0.42323962129424947,0.8882992584607292,1.7756941911743234,1.6949515407103448,-0.11541011221935579,0.47651370479097677,-0.5753718069469277,0.7425460286383513,0.22944172016156789,-0.508140913895296,-0.9836623956602897,-1.1406770060731906,-0.8588097603174747,-0.40740075490521444,-0.10846742647487503,-0.15419534225054646,1.9561452442706337,1.3269130656830848,-0.41225933048523594,0.10375119341769336,-0.8264901451087254,0.3814517436703092,0.3714075223122452,-1.716266103687975,-1.2423618378412937,-0.9770028843154649,-1.3228508797106235,0.2985698881191872,-0.774720528339515,-0.6068060947685265,-1.0904621917738297
06353000,-1.5048438252187069,0.46080573624491694,1.5562525434737495,-0.10729558240040853,2.638873678485335,0.5542088533271908,0.4875904722867905,1.307196055091937,0.6643404004023774,0.7973525747688757,-0.7137987661057248,-0.455193183532494,1.2984486206691161,0.6382238080999617,-0.940653015794098,-1.4991041563910954,-1.4527674171463456,-1.371966698998967,1.1391302837070991,-0.6373541077625079,-0.997962434219693,0.9426033845021872,0.684731691907469,1.7227993479282169,1.184868382047137,0.7493757627659988,0.5555405936596645,-0.5571748230123555,0.6793726993690213,0.1728760711797348,-0.4850439965600949,-1.0131355141206564,-1.087245141304902,-0.8683947171256396,-0.4374422000377057,-0.10846742647487503,-0.15419534225054646,1.9328224219915184,1.314910705904847,-0.34192850842121275,0.010544725577623822,-0.7777959385268252,2.193890019782181,2.2207477466679766,-1.7159977439507539,-1.2971649537504084,-1.0431860044543084,-1.3690405640035332,0.18639549497484012,-0.6528803226162218,-1.300051937640805,-1.0904621917738626
06354000,-1.502745463275744,-0.2642508024751486,1.5714526404597953,-0.09021987876067011,2.053117431788383,0.3781997940365317,0.4854894800484473,1.1989813553846762,0.6124663346320391,0.9245063732315711,-0.8920475372484611,-0.455193183532494,1.311386086975807,0.6884607236825717,-0.9359728119168627,-1.4723190847593475,-1.3032837655764293,-1.1516585226966045,0.5621168579894986,-0.6369344720710876,-0.9912885783028075,0.679482007777636,0.4157253477159226,1.4613650652175743,0.8663678383586902,-0.17282328234286531,0.5838709877824011,-0.5376092432236746,0.6934156557347745,0.13923513056498418,-0.46781040029457427,-1.0115778649235327,-1.050159738370405,-0.8689190849018911,-0.47711460681427204,-0.10846742647487503,-0.15419534225054646,1.9219469206440765,1.3695339253499978,-0.31730090956637047,-0.019773457996343703,-0.7736168923862077,5.7613735941895525,5.742401285253183,-1.7159977439507539,-1.2829780400420692,-1.0271459522934945,-1.3439244399674386,0.21377303949712897,-1.1069988009808451,-1.1379926919412109,-1.0904621917738626
06360500,-1.4680011705679803,-0.9154207822258702,1.4506246068001702,-0.12590521351029235,1.40291050172146,0.4882054560931936,0.43717681211911374,1.109277064837869,0.5042213038923099,0.45108736138614236,-0.22380277917065647,-0.455193183532494,0.5653255299566279,-1.2863988653548264,-0.9288942550113598,-1.4406185125344915,-1.5571258689487188,-1.2533546389913472,2.916429017553812,-0.6373541077625079,-0.9731161457444872,1.4705658855115809,0.5734575269719819,1.728271228264021,1.0122202374141087,0.9850089818145655,0.9596214782523868,-0.2984257532214755,0.647436679286773,-0.06027421835611245,-0.44994292555575954,-1.3411371719811818,-1.1091159008296623,-1.1419542853801194,-0.5786993998980139,-0.07967656896812592,-0.15419534225054646,2.246762625184194,1.154395947174605,-0.31165623677099147,0.05478153811924567,-0.7572861002567752,6.969851839310152,6.897313407337238,-1.7159977439507539,-1.464575131104049,-1.237151557226176,-1.8211672581366467,-0.33589818173934893,1.0194067690958057,-1.8968336093579627,-1.0904621917739288
06404000,-1.2172799176004228,-0.6824770459096148,1.4856729788458696,0.0673445741475667,0.8232760877107733,0.8622247070858446,0.722637406354916,0.8615223576133502,0.2368038082059635,-0.6364531939839051,1.0724432769909809,-0.455193183532494,-1.6254187646430418,-0.14817389229740147,-0.8640081359920786,-1.212361182886139,-0.04507087894864666,-0.018093772974992005,2.877487861703695,-0.6349629378377895,-0.910451080617086,-0.10644262727543526,0.05097460277654875,0.37063691828061385,-0.04029633442946506,0.040083890198480764,1.3577380693455867,-0.6123388211596055,0.7658035338928006,0.022225357573677454,-0.2917546878190173,-0.5248095285489026,-0.7486080944274732,-0.6306735142763752,-0.37415879783270894,-0.10846742647487503,-0.15419534225054646,1.3969565771419077,0.8887443575421285,-0.4654575344428276,0.949975844720798,-0.03435844310209824,-0.3765022016933312,-0.3837801877859749,0.18962475005642596,-0.7694670397240346,-1.0969479805305065,-0.2719132141096768,-1.2188743380583034,0.9456212667089605,-0.3110147586737031,-0.11407769681054124
06406000,-1.297162285646473,-0.7497156238632781,1.49630930945231,-0.04806586009270064,0.9812016827181573,0.7302179126178501,0.7450388870561996,0.9369878718828881,0.37481560129958147,-1.647051518566583,0.7502825979061997,-0.22338627886891846,-0.9267955840817299,-0.37993915830456915,-0.893163288619229,-1.3121061779726089,1.6656727776538922,1.2873128440607309,1.6046367310689147,-0.6040725997944072,-0.9581544073156839,-0.4607106246954192,0.2220490786777492,0.0003730155578666209,0.4548903791760506,-0.29841459198804116,0.9581304048775064,-0.5727085215914348,0.7658035338928376,0.11403377958604226,-0.31046531625137874,-0.04821525091954541,-0.5512243628273772,-0.1285926544841216,-0.2726325850800001,-0.10846742647487503,-0.15419534225054646,0.766226605959244,0.88021019964541,-0.45678822491356047,0.7353439702378644,-0.23522578563879895,-0.20933516526278134,-0.21671904642826495,-0.2867137835110639,-1.0062550456449422,-1.1292443193075383,-0.788968550465735,-0.9680833002430864,-1.4998050733518624,-1.0382551283224744,-0.5604645394529391
06408700,-1.006513921851162,-0.7823001386628822,1.0121809765697916,0.9619717533143803,0.36352324127194713,0.36719922783086617,0.4449378083319289,0.5397260137470242,0.04156246581223076,0.26711677969538195,-0.36953538427709165,2.763172310800568,-0.9196081028002349,1.3954081088476045,-0.556631732168981,-0.17844616149922946,-0.5579761373496359,2.9937597108488516,-0.9563241050197293,0.8026331373229455,-0.7977193133298951,-0.8854882720873417,-0.6868293163869128,-1.3086223581072813,-1.0290028081037614,-0.29841459198804116,0.15593292919158408,-0.6117278505562385,0.7658035338928006,0.5279295850441419,-0.5497854436344908,1.1309406458750917,-0.5759938097085406,0.6797625525172994,1.0351432193955061,-0.10846742647487503,-0.15419534225054646,-0.5838681799918696,0.9394730512864383,-0.4976504257482955,1.6014287493458215,-0.23013716242329416,-0.4534903454615466,-0.4565291301051961,0.9123175223929045,-0.37077419413560214,-0.5951288527110629,0.10227399337943359,-0.7606154551575368,1.033076260811763,-0.28500669570498116,-0.0981137080166174
06409000,-1.0807107190082712,-0.33235488039495836,1.1432644275657673,0.8152653105408708,0.7231679406655611,0.4222020588591971,0.4563708040649464,0.44859784557248783,-0.03551058739810907,-0.1016883510475177,0.03309905544374027,2.4773445959908327,-0.6824212205109005,1.1602655712046313,-0.8504514891105361,-1.210358494155169,0.10644338764835776,2.3114583025978854,-0.6510888095606769,-0.3632930543418946,-0.9443839254887567,-0.8786092818461769,-0.5543612102236426,-1.307406384699325,-0.9828249894564102,-0.29841459198804116,0.6703532435254933,-0.6098985965709345,0.7658035338928006,0.4244090538708779,-0.5135558689580356,0.8343621325462449,-0.5981515634522193,0.4328722789438123,0.7853107249287494,-0.10846742647487503,-0.15419534225054646,-0.22906039517652682,0.9158408849774786,-0.4959197710428932,1.527815232703364,-0.31442817503792075,-0.3450676776026686,-0.35012817282457936,0.41773052669437866,-0.5400267050523727,-0.6521815227929407,-0.1869987679288289,-0.6128479274279741,0.08470061263989126,-0.15230185859853837,-0.17087487286542027
06431500,-0.9164076200830199,0.2144197899122613,0.8247621640408888,0.9460863685827751,0.6863475655170093,-0.05082228798444947,0.3809285324048734,0.19941926072024327,-0.18678112198104918,-0.8056263126870629,0.9174986222758071,1.931785540079764,-0.37910951043181224,0.8076784124265135,-0.7242145883873643,-0.8384087720987008,-0.34861637479583146,2.398229449141181,-0.7858748401792752,0.08517839099545388,-0.8906056773965929,-0.8734500391653033,-0.45501013060118967,-1.3086223581072813,-1.0290028081037614,-0.29841459198804116,0.5972906481563297,-0.6081304466705336,0.6527371573597638,0.296450139798826,-0.4183770720070844,0.9424637327503745,-0.2829117527909891,0.5995947481972296,0.5311638656610529,-0.10846742647487503,-0.15419534225054646,-0.5013789242177389,1.0058854686001661,-0.49783854039018705,1.4379421111060053,-0.21153603535518997,-0.21476423073189763,-0.22229847330924707,0.7107793597398425,-0.13706273785765205,-0.25283901153188093,0.24559994314901892,-0.3198429057450881,-2.1887121627235633,0.573665034309187,0.3212256393697104
06440200,-1.3766700155287912,-0.7627807563037853,1.334070227786251,-0.18101574301832724,1.2021419495989576,0.7302179126178501,0.33550451006333437,1.1548411489251356,0.39225809367954356,0.20133904413894793,0.12747423495424995,-0.455193183532494,0.05070187020158733,-1.7738235941924871,-0.9213941831893392,-1.4243837340038374,-2.2575500343423918,-2.4222956222069905,1.5472102237961536,-0.6373541077625079,-0.980663506671237,3.186873950682183,0.5385006656233364,2.2778912086603484,0.23212197060330003,3.1535522616879392,1.1489877968622613,-0.21353678712294163,0.7658035338928006,0.7068022004870184,-0.693482390810797,-0.9467815753629544,-1.4430698612567017,-0.9411148135306042,0.032660332247816996,-0.10846742647487503,-0.15419534225054646,2.3053770438702754,0.907254876886518,-0.36865620680274386,-0.0032848445209505204,-0.772595050665353,-0.08427276427778062,-0.0897022822760946,-1.716266103687975,-1.5449637185991758,-1.3206884517585664,-2.0913111408690943,-0.64341552982675,1.0330762608124315,-1.901711780192677,-1.0904621917738626
06441500,-1.3812811707512762,-0.8149489838293553,1.3732233615005263,-0.22675200536439177,1.180714945904812,0.4662043236818617,0.33611248437894903,1.0366593058237858,0.4020281108416726,-1.2698533209417622,2.196741675492797,-0.455193183532494,0.37557602412516056,-0.9550040860913896,-0.9292132885579503,-1.4627159202668867,-1.789513491081418,-1.4247339419474903,0.17397981645873817,-0.6373541077625079,-0.9679796916375267,2.891077370312099,1.1162696162652066,1.9009394521938405,0.8461718429682945,2.0064849669286664,1.202666438357973,0.06346630183793449,0.7658035338928006,0.7316791244029509,-0.8072102805022638,-1.223889447462054,-1.757248348683567,-1.375326606513732,0.4716760140144539,-0.10846742647487503,-0.15419534225054646,2.4739155489959637,0.975960225012281,-0.2833699623236894,-0.096694875490346,-0.7156794218060041,4.324410426019681,4.289808608855593,-1.7149243050018694,-1.4151589378263834,-1.1839781053160963,-1.680300119658157,-0.22375634253201826,0.9861695918509283,,
06447000,-1.3786897616912817,-0.11154183354105457,1.3658087485482109,-0.17163646835531943,1.6556740693408885,0.5212071547101926,0.28122463077927684,0.8885760325401666,0.2893874079866994,-0.8045754104894665,1.419904529585732,-0.400386145394249,0.5696380187255252,-0.8776645656314388,-0.9369575107956686,-1.5022797664383496,-0.17760554713737495,-0.9962031292361364,0.18086218138630195,-0.6362945955351795,-0.9827559975655994,0.25986360306658696,-0.32126125545567763,0.5250655410910866,-0.34293235962882634,-0.07235023462672382,1.187755704609164,-0.05447783733826906,0.7259783398381228,0.055592410667318376,-0.4696708105427971,-1.6561727393533003,-1.265533506103043,-1.2820729844677465,-1.0652538771425217,-0.0827834506765199,-0.15419534225054646,3.1230750970828582,0.8657017471454761,-0.3537168203899729,0.37875225844132177,-0.6745638215986509,7.084279382612143,7.0540461756636965,-1.6201933177628138,-1.4452933041374012,-1.2368089766314023,-1.8152722173102398,-0.5044344816736018,0.8564939159887666,-1.842098290164484,-1.0869812105616055
06447500,-1.2907594670813793,-0.6694863571221329,1.3655688589073558,-0.10799926206347749,1.014587721351844,0.9502292367311738,0.338493946366418,1.0765278794001443,0.3822237956150628,-1.031890589280309,1.862041370912544,-0.455193183532494,1.022449339459709,-0.3899865414210918,-0.9215349415574146,-1.4448919900325925,0.013888319319423801,1.0790190105210986,-0.8509652585777345,-0.5659832786273903,-0.985052944724881,-0.804660136753656,-0.4274126084838415,-1.239311873853762,-0.5504326875766647,-0.29841459198804116,0.12611146169396614,1.5859800389601453,0.7658035338928376,-0.6447300158254683,-0.02077207949885693,-0.26145318018640185,0.4296408800595482,-0.9395971497304892,-1.208976743380236,-0.10846742647487503,-0.15419534225054646,1.0073611845895238,0.7532002682833159,-0.36021016776647563,0.35811604620591486,-0.8424841433002562,0.019972343463627956,-0.00873041103165233,-1.716266103687975,-1.4635089981309153,-1.2506337527241325,-1.77580388392416,-0.44731694982256626,1.0330762608123774,-1.9017117801927095,-1.0904621917739288
06450500,-1.2664904844801832,-0.7570469176942247,1.387444271023785,-0.16363147089633115,0.8973893227104901,0.6752150815895192,0.36753039424532397,0.8757611338906213,0.28858894757014464,-1.057832502506966,1.8985292957137663,-0.455193183532494,0.8600122624979224,-0.5504069441218633,-0.9044110955267394,-1.3729041415451249,-0.417833096963546,1.379135864955454,-0.47986850196421604,-0.5115175305540562,-0.9782182791096952,-0.8132588745551119,-0.5054056057719988,-1.3019345043635207,-0.9655083074636535,-0.29841459198804116,0.17382580969015465,0.8008549717472571,0.7658035338928006,-1.0906519092460936,-0.02299958799712995,-0.40717598487268797,0.8696587007836639,-1.4895337804534665,-1.2967243637068608,-0.10846742647487503,-0.15419534225054646,1.0804621206382539,0.8366829217680446,-0.305916581500689,0.19465485335726423,-0.7592966773000521,1.9499111079428029,1.9103175586012555,-1.7159977439507539,-1.3662223168289382,-1.1478840393070904,-1.493657233410069,-0.19681853608747638,0.5860179584270231,-1.7421720681571233,-1.0904621917738957
06452000,-1.3298169514979916,-0.6814251161456903,1.3715131701665688,-0.2276447276877438,1.115662045417851,0.27919469818553616,0.35922611691955386,0.6821137765197354,0.1271924151552027,-1.2398040458507749,2.063603453606107,-0.418266356281758,0.47188827329719346,-0.8646620698335871,-0.9256277920872346,-1.4559115575663122,-0.026378387185685772,-0.38284782550112867,1.32958287722908,-0.6232774621650436,-0.9681487015971246,-0.025614491941749546,-0.2268706144311123,0.12136236964953598,-0.041637085753122596,-0.2876496225898836,0.920853570505484,0.06196069665488317,0.7472154619366209,-0.001079259673260154,-0.5624932332021682,-1.1519438976929846,-0.9477006305306432,-1.2741829893710424,-0.5436852494821125,-0.09569316815879729,-0.15419534225054646,2.4353523167488174,0.8649009497010731,-0.2323131814370717,0.2084208099779243,-0.7100415719293212,14.688102740560083,14.626813960942405,-1.6513230472804636,-1.3906404936374592,-1.1727629959699821,-1.6025421796267814,-0.2790101668549769,0.26029570757418,-1.6276253750952019,-1.0887308806425047
06453600,-1.0919032767909984,-0.7235171066336837,1.4052882624795957,-0.24244040884516788,0.5402390665438551,0.9502292367311738,0.2768492785997083,1.0024862427583354,0.2935511063950685,0.3515100899227287,-0.10836344181047483,-0.44162812646798966,0.41726341555783164,-1.4236849573503287,-0.8919662019762025,-1.3661220401223058,0.3380096929396696,0.02704694133601319,2.007446355235446,-0.6330349886707747,-0.9388982793455738,-0.1752325296870826,-0.12474718098865213,0.2393117902213143,0.7257543004955866,-0.2110987290918717,0.9193624971306028,0.703762251389356,0.7658035338928376,0.21194247905853617,-0.6496057911878222,0.07509117446937577,-0.6046415304949627,-0.19276152247924802,0.012704127669809736,-0.10846742647487503,-0.15419534225054646,0.7045310438936706,0.6848962790685363,-0.14716015913063565,-0.2416827143526763,-0.709238529546826,0.7690012342303122,0.7581074231199393,-1.6580320407109914,-1.1306773105940882,-0.9138954017401583,-0.8504690579716017,0.23178703736790968,1.0330762608124044,0.038334321193341306,-1.0904621917738957
06464500,-1.2132957474913344,-0.6949610837250966,1.468683897240154,-0.2284086567742012,0.8067669898124696,0.9282281043198412,0.3507076883776982,1.0266921624296954,0.3936984398067204,0.04013553683589129,0.35421084457805896,-0.455193183532494,0.9031371501868923,-0.8153539039508229,-0.9134859300115188,-1.4256520619923674,0.053837268848115925,0.8550870639287489,0.09759222046244634,-0.5781753107682102,-0.972155355418308,-0.6120484100010434,-0.2081377509332759,-1.0386762615409433,-0.2696342347917649,-0.29841459198804116,0.4019600360469319,1.1797141496124834,0.7658035338928006,-1.5594894129850314,0.8182578305752269,-0.11441435330560192,1.4407170284330169,-1.4573508377048903,-1.3943524899621305,-0.05374180366709956,-0.15419534225054646,0.5756859752453904,0.7267413061993848,-0.24613991600075438,0.011587986615418678,-0.7876790473409907,1.2464652149135689,1.237885498781754,-1.6870148923308728,-1.2629102087275228,-1.0467411209273014,-1.1384241772089232,0.0994364532675771,-0.8883616701869399,-0.6473607046460369,-1.0904621917738626
06468170,-1.3825293175869104,-1.3005935503797457,1.8238380677447172,-0.1683585890154713,0.8497463465827971,0.9062269719085092,0.363059829731909,1.3299780971355712,0.7885786103100315,1.0496707842407607,-1.0657247580759976,-0.455193183532494,0.49632570965427614,0.12268329289421785,-0.9185995475275816,-1.408757650130596,-1.5759263817564872,-0.9218678407406361,0.8084345550470499,-0.6373541077625079,-0.9509928042178825,2.0346430852870894,2.8277151252573587,1.7373910288236944,3.598014620360835,0.6010584066136007,1.0371572937461941,2.169996645933942,0.7658035338928006,-0.3441639179615997,0.02127639509870689,0.7209403474960673,0.5112643364531048,0.24320777313581193,-0.30380847974050684,-0.014601394713931178,-0.15419534225054646,-0.49403756062926385,1.596511031210646,-0.18953406156299646,-0.3091766144197756,-0.8809603571146144,1.1848065428000338,1.1843428854742157,-1.7082153115713412,-0.8891452945313452,-0.5831690642997944,-0.4571199162708608,1.2428147588819913,1.033076260812285,0.038334321193212076,-1.090462191773995
06468250,-1.3740145491661868,0.11347064440719545,1.8264013039153837,-0.16516887793295018,1.7925664182415622,0.9502292367311738,0.3801692147157917,1.2715991143987593,0.7304638250384448,1.0477579656996838,-1.063034332798747,-0.455193183532494,0.5797004925196179,0.23894586895682896,-0.9186184824036253,-1.411138297598781,-1.3202558614046909,-0.7338362264708708,1.2335042246592125,-0.6373541077625079,-0.9438555810331161,1.565152001327596,2.325410863655541,1.5890422730530045,2.0277122429139602,0.8582215644584843,1.0639966144940496,2.1704635880299286,0.7658035338928006,-0.42461771776239604,0.05028960940822433,0.7094617601950415,0.600178811829378,0.15438348020788228,-0.3598438877716323,0.0640264362405342,-0.15419534225054646,-0.47637806768117735,1.5661056932316317,-0.18550779145720195,-0.319036703496496,-0.8841504557123068,1.4395201977260743,1.4268374103863366,-1.7079469518341202,-0.8749501871527758,-0.5706353118526819,-0.4390967392560007,1.234909431835502,1.033076260812323,0.03833432119324438,-1.0904621917739619
06470800,-1.2053837000542171,-1.2292041837717091,1.6416229721303532,-0.1496138138745691,0.4793999862084266,0.8842258394971765,0.2301870031205269,1.1975574777569489,0.43738125056170724,1.0603337496242131,-1.0807224753095017,-0.455193183532494,0.5423255898558441,0.18752690830168664,-0.9324357843914213,-1.507816715577767,-1.0880278510893995,-0.7766177673726833,3.5662799344791822,-0.6373541077625079,-0.9749823324218225,2.1584649096280546,1.9378186079674407,1.5203397755034633,2.1779433137787096,0.27452100153614284,1.1967021448584498,2.4007022947418917,0.7658035338928006,-0.2803983851003989,-0.0430749980877989,0.7871536565088036,0.4652945821262969,0.280534392492681,-0.1709257480941367,-0.10846742647487503,-0.15419534225054646,-0.5679812837718584,1.3405611890341145,-0.14074020730293604,-0.4276885237741638,-0.9050896160594676,0.1636486831998846,0.10970081993259156,-1.6998961597174866,-0.6638196815127002,-0.32907400506105694,-0.1300079444721907,1.5898388986383873,1.0330762608122959,0.038334321193212076,-1.090462191773995
06477500,-1.1185899372829973,-0.8145334510993677,1.4035402748250074,-0.2224581930398486,0.5419514615298946,0.8072218760575137,0.12793575598357798,1.1662321699469533,0.40916984246140614,1.0557498557127678,-1.0742751182901364,-0.455193183532494,0.34395110648658256,-0.09135129702497059,-0.9251094470860184,-1.4900516493878544,-2.043842545352121,-1.3776394936061425,2.175320431776586,-0.6372940968976687,-0.9630812063276042,2.163624152308928,2.4586968295168203,2.0000412849422937,3.5400824478759785,-0.02570203390137271,1.277220107102018,2.0953014328354254,0.7658035338928006,0.2806785808673623,-0.5174249295978564,1.0480190089880432,-0.33660775026781653,0.3042537029502415,1.1531828445168812,0.08806381813440059,-0.15419534225054646,-0.5696166053412867,0.8702914495246752,-0.15146582573733886,-0.37327355476624985,-0.8697710311058775,0.42293943985800436,0.42433604775552464,-1.716266103687975,-1.1481576049495807,-0.9235010476663595,-0.8525451790674031,0.3218629361669123,1.0330762608123827,0.038334321193309,-1.0904621917739288
06479215,-1.0287185122910771,-1.0960174338501705,1.5207007697162753,-0.06322399050506051,0.24300876044124906,1.0492343325821694,0.14735996838492155,0.9825519559701547,0.14078156159412136,1.0607559662739108,-1.0813163331807125,-0.455193183532494,0.8082623972711586,0.5548051986955597,-0.8294883354571617,-1.1518478828366037,-0.5850126318617658,-0.8602027267860839,1.8048824738273055,-0.6342472102584857,-0.8431042802904422,1.5892284671716728,0.7428327193801846,1.2455297853052993,1.1506940024301997,-0.18717657487374206,0.9432196711286974,1.9121479969882784,0.7658035338928006,-0.12227610228015989,-0.31165890486765524,0.9350101644955697,0.23915848596176018,0.28906426186935646,0.15690699820536066,-0.10846742647487503,-0.15419534225054646,-0.540915102389829,1.1399892746855902,-0.08612035006809818,-0.24196261365549937,-0.8438839497365509,-0.3627238916012558,-0.368439688091199,-1.716266103687975,-0.8089440989571719,-0.5390340993796148,-0.31994000916055676,1.047276392155992,1.0330762608122903,0.038334321193212076,-1.090462191773995
06479438,-1.0586488016514315,-0.9844802696927906,1.5392105177951652,-0.08758441227377908,0.346889808106189,1.1372388622274994,0.22048774196354728,0.9526505257878867,0.20441464705290605,1.0607559662739108,-1.0813163331807125,-0.455193183532494,0.578262996263319,0.22822303151314677,-0.8761351592925231,-1.3145788573871162,-0.3863946416645644,-0.4525508565789374,1.0814592027961596,-0.634875056546684,-0.9070060780446715,0.6846412504585095,0.667014499960842,1.023006651649264,1.5008819706475551,-0.2134909445136845,0.8925231763827465,1.9950617362664362,0.7658035338928006,0.3728638095579853,-0.4698863688588568,0.6005974184405883,-0.4101532205600849,0.4570471363949205,0.12536131897408026,0.3336656510603176,-0.15419534225054646,-0.053953326224265255,1.1064364378783307,-0.08481835003848251,-0.2610339343342141,-0.8727796811736985,0.09359376156755363,-0.005490366490704577,-1.7090203907830046,-0.8498485605783938,-0.5741063628593546,-0.3655091075677091,1.067470281206029,1.0330762608121926,0.03833432119311425,-1.090462191774094
06601000,-0.8101821716225935,-0.6951477108552868,1.4094173944336534,-0.3528241887584627,0.12832594665966743,0.9832309353481721,0.08238604527742022,1.0366593058237858,0.2065945820854449,-1.0127253957855824,1.835085065380002,-0.455193183532494,0.3295761439235926,-1.7471431482696227,-0.7371641019738282,-0.9371105108219367,0.11032551247514938,1.1938325880758802,0.9562828534558908,-0.35510629482490186,-0.8644345590396995,-0.7874626611507441,-0.5295234403180293,-1.0958270117148978,-0.523932916648357,-0.29841459198804116,1.1355681364883328,0.5912995307293303,0.7658035338928006,1.4032526947786084,-0.6337447536624344,1.1092759293948222,-1.3091264406506276,2.4444575112535616,-0.23382676650115702,-0.10846742647487503,-0.15419534225054646,-0.5838681799918696,0.5909110806834582,-0.04303839645904383,-0.437943016413953,-0.7882635026056292,-0.20119156705910687,-0.20757206147873022,-1.6183147996022658,-0.573520833746853,-0.2232421845347111,0.11540142660329439,1.6845689302916511,1.0330762608123447,0.03833432119327669,-1.0904621917739619
06614800,-0.24113591787289443,1.780506557499054,-0.44115360177500124,2.8672354873346633,0.3859303632318738,-1.9319191091533674,-0.6083622020075532,-0.5922567002960303,-0.35230000583139615,-1.8356981865183637,1.5776101545028878,-0.455193183532494,-0.6680462579479105,0.6072373408414443,0.20650087467925285,1.0037838547108102,-0.6780332541777179,0.08299213321238126,-0.3544128090972404,-0.051787447004394895,0.8201501864095608,1.0268710149564553,1.8240434231623543,0.8132512387767716,2.9017432182195537,-0.29841459198804116,2.3373732766423343,-0.6343486646028504,0.7658035338928006,-0.7646875557692194,0.49211875762720425,-1.4175685108354403,-0.512005552134799,-1.1665306344815345,-1.4183768734605164,-0.10846742647487503,-0.15419534225054646,2.189467003892979,0.24034807665825247,-0.6214033390322271,3.228267110831195,2.1147487166677834,-0.46334374675127393,-0.47020281988269746,0.48696733889742766,-1.437646157677325,-1.2776495291779084,-1.8624971751327069,-0.8262313758535589,1.0330762608129862,-1.9017117801922894,-1.0904621917733661
06622700,-0.709403535014104,0.9801003632953887,-0.6377782611200432,2.656771081389955,0.6814045630134359,-1.4588947623097213,-0.4702565620686283,-0.3900660771587806,-0.3144767066232013,-1.6625969559635145,1.102666549727348,-0.43218802953493113,0.4417008519149143,-0.2947474812913703,-0.2035331881663823,0.5814215422463335,-1.6351974971151486,-0.046809571929668586,-0.5719629646765032,0.03394141062432545,0.38156183089005313,0.5900551346424944,1.6810380812815446,0.06725155299547288,-0.5265970215703192,-0.29841459198804116,1.7856761279364037,-0.5340630556628704,0.21605406099768593,-0.8847742235215248,0.42649885433385276,0.004604550769741665,0.9925833144021912,-0.4920364696555462,-0.45311560973729326,-0.10846742647487503,-0.15419534225054646,-0.2921652543626473,0.40821788146059845,-0.6618368851911764,2.643671971494128,0.533659706935016,-0.40771932814074996,-0.4132271629911585,0.29535848652154756,-0.7069844954453045,-0.8193086460348733,-0.26993317648283177,-0.6961997011099803,-0.35897066342122924,-0.6989847015689276,-0.35221722409316
06623800,-0.2759772670997546,0.4663601010242981,-1.0101820293460446,2.8350587222025134,0.008834618072273773,-1.3378885340473934,-0.3643057773394537,-0.7275250749301059,-0.35338378825476857,-1.369231107588011,0.7572209976742883,-0.455193183532494,-0.8261708461408,0.05142286137871665,-0.04060065644840583,0.479522248144145,-1.2414540130702494,0.2190742133871211,-0.24492094531787828,0.08812947225593636,0.5405859928180062,0.660564784614433,2.194351992664221,-0.09082499003886918,-0.24515390343728374,-0.29841459198804116,1.9362745387993738,-0.5993366713062609,0.3078632399551625,-0.8613513862840743,0.37636493524469683,0.10248901617605823,1.045239746641181,-0.3719258700189071,-0.4360493939452504,-0.10846742647487503,-0.15419534225054646,-0.446199438223981,0.3416460728090155,-0.6805983910655927,2.8131001085711427,0.948108097888577,-0.35544988397055666,-0.36224032489010777,0.7555954358557699,-0.8649017481655271,-0.8639674449223073,-0.49091300207846184,-0.6371919888445334,-0.5377967445738031,-0.752165426430721,-0.3848600432370395
06632400,-0.7170244128939183,0.8793615494766966,-0.5928978282296626,2.788701977198665,0.6524411127968824,-1.1508789085510682,-0.21704047542843377,-0.4043048534360517,-0.32242428111047017,-1.0660877766772363,1.0574976429108007,-0.455193183532494,0.17145155573070328,0.2918846018480848,-0.2543567273796742,0.44247162085222236,-1.542944977142911,-0.15874399674009904,-0.6036280534986519,-0.2141394771882066,0.31960061062876205,0.8720937345302486,2.29954725344094,1.0406382660646327,0.2734139163733577,-0.29841459198804116,1.9064530713017558,-0.5144318930633547,-0.6378459834212233,-0.7149651356185971,0.2802426518060286,-0.6762162442353573,0.6601926954240684,-0.42714683183923613,-0.4751031978884886,-0.10846742647487503,-0.15419534225054646,-0.016136285275146784,0.44950791947530105,-0.6434701116800743,2.852604078355939,0.4848095182835769,-0.3699450187241388,-0.37601343841706053,0.2336357469606897,-0.8913799916018772,-0.9658228691133514,-0.55076283905873,-0.7265618466366757,-0.3304617524102583,-1.4962119814368042,-0.8415626773722129
06746095,-0.35643809199964294,0.3586508650260575,-0.41109393441890235,2.71113895711676,0.04465795637015988,-1.8109128808910395,-0.6109394140350973,-0.5509642490919436,-0.32871523914419204,-0.7709052744120641,0.8204242933577145,-0.455193183532494,-1.0662327209427325,0.2783755153048619,1.0499816081781919,3.186495204968831,-0.3294907973161414,0.06632275266138293,-0.2879227460308477,-0.015271773215549738,2.3162021365714027,1.0423487429990759,2.495243833806504,0.9056652177814638,4.067349177158444,-0.29841459198804116,2.3075518091447167,-0.6333137253981035,0.7658035338928006,-0.9451363041634547,0.6767340727642424,-0.457462292705852,0.5033467224992644,-0.7285777820221702,-1.242001384160619,-0.10846742647487503,-0.15419534225054646,0.793905384740693,0.24877661378892174,-0.622499954879057,3.3218425368431683,1.5964691103067186,-0.4604823237172267,-0.46718501666405304,0.48696733889742766,-1.0480499065620645,-1.0007550588851042,-0.8660417421135979,-0.6682146884533645,0.10447070834400231,-1.6255556620658327,-0.9209550208412051
06784000,-1.072437621320103,-0.5602464135914156,1.494633858319524,-0.3069492568051989,0.5890975937482642,0.8072218760575137,-0.37607373083165274,0.9227490956056169,0.14176857203677018,1.0607559662739108,-1.0813163331807125,-0.455193183532494,0.9146371202372842,-1.1096831270112912,-0.9091430519692804,-1.435861051284833,-0.5487032184852317,1.457918707330989,-1.332034653495513,-0.5363346323038837,-0.9873870640764393,-0.8252971074771502,-0.4384516173307806,-1.2119524721747412,-0.539517930441838,-0.29841459198804116,0.18128117656455914,1.1687483043047768,0.7658035338927637,0.20583778756558652,-0.37771724433208226,0.9906910490332991,0.07179888965287894,1.3057434305564803,-0.9456959688872247,-0.10846742647487503,-0.15419534225054646,-0.5736615998792419,0.3433475273311782,-0.18198727219190183,0.03927257220373307,-0.8132953353487782,3.071254027406482,3.26273788319857,-1.6778906612653546,-1.1751162392599896,-0.9390871362148975,-0.9264043850113663,0.3175264511336159,-0.8316130903317666,-1.2362683681590962,-1.090462191774028
06803510,-0.8173313548195649,-0.5260100538239182,1.3796735636219906,-0.4110264085159004,0.2096217407628561,0.8732252732915102,-0.18748987785306478,0.7931762314824494,0.025797722505867263,1.0607559662739108,-1.0813163331807125,-0.455193183532494,0.9146371202372842,-1.1096831270112912,-0.791137921381109,-1.1032835440700264,-1.0222634222470777,-0.5066744849793439,0.0034811800870888825,-0.4771089940310331,-0.9190421065375379,-0.5776534587952197,-0.5221641010867359,-0.8222329949246904,-0.7358103087554994,-0.29841459198804116,1.1087288157404764,1.1006218421853955,0.7658035338928006,1.0284071114776696,-0.7227486077139941,1.2578027305029735,-1.18822516025201,1.0442550759632114,1.5519600498101982,-0.10846742647487503,-0.15419534225054646,-0.5838681799918696,0.31659090672474793,-0.0549957032208476,-0.49130200168848914,-0.8081027240869142,-0.399152685874547,-0.4034251509864142,-1.716266103687975,-1.0708822877446809,-0.8198945596848156,-0.6098398264039032,0.6825370036915511,-0.41371698808828267,-0.47797636372857366,-1.0904621917738957
06803530,-0.7906417826319936,-0.542402531423288,1.3650462583986809,-0.3857013477539619,0.1688786893003916,0.7412184788235164,-0.4746730002742479,0.7846329657160864,-0.02714314931500425,1.0607559662739108,-1.0813163331807125,-0.455193183532494,0.9146371202372842,-1.1096831270112912,-0.7925168640360298,-1.1173215633271842,-1.220437421702019,-0.46519422841794356,0.47140834830548256,-0.4820537003976046,-0.8963682693776681,-0.45039213933367206,-0.4964064137772111,-0.8058173539172778,-0.6471122478901665,-0.29841459198804116,1.1907378513589257,1.1879041377446438,0.7658035338928006,1.2802831631224616,-0.7595640443816185,1.256832022090424,-1.4333284225876721,1.4298515174189281,1.406532774038009,-0.10846742647487503,-0.15419534225054646,-0.5838681799918696,0.34013281528817524,-0.0465293107970957,-0.48597119223926866,-0.8042089023020247,-0.2837145373120707,-0.2914623121923655,-1.716266103687975,-0.9375457001342212,-0.6194330633893752,-0.3435888814786395,1.2493588573878054,1.0100540600809096,0.03011849060581182,-1.0904621917739619
06814000,-0.6076960675178275,-0.37869824973518795,1.2919485894254608,-0.42953904501553863,0.027699448934558654,0.785220743646181,-0.5881180713693122,0.8145343958983562,0.006861136832951682,-1.0340524971543492,0.5546795492541403,-0.28523109091713555,0.3612010615621706,-1.1522367496224448,-0.6952039306173099,-0.90746963356578,-0.8495098552380674,-1.3013506474560697,1.9423606057970413,-0.6220962173823044,-0.7444323928833982,0.34069173840027267,-0.3235610098699436,1.0521900134402196,-0.03834827877964792,-0.2876496225898836,1.2951129876005885,1.090198396014824,0.6740106884392033,0.6982240528337429,-0.6886756059025348,1.0715638832324266,-0.899783952694302,0.42949377044758563,1.954088133701119,-0.10846742647487503,-0.15419534225054646,-0.5838681799918696,0.13505185441816275,-0.019659138703180673,-0.4557802356211298,-0.8195861877124955,-0.04629280844188472,-0.05309679711040563,-1.7044582752502457,-1.1047795921601518,-0.8711521377692787,-0.6789895186016971,0.49028397849786354,0.40811170551114445,0.038334321193147454,-1.090462191774061
06847900,-1.192619797227255,0.9338152070171815,1.6041755333333174,-0.3700253752653109,1.6922305891159608,0.8182224422631792,-0.12847770169852366,1.2146440092896749,0.44202891018397655,0.4919532183468458,-0.2812815897229739,-0.455193183532494,0.660200282872362,0.21994871600542254,-0.9603578540186515,-1.626793774800393,0.5288784813457277,-0.23709816442807133,-0.7644337875962398,-0.6373541077625079,-1.0194981733721344,-0.6240866429230817,-0.37863821225195693,0.27943891268387805,0.165219590974275,0.8725748569893591,0.6599157299013272,1.8642897764361783,0.7658035338927637,1.3563811564653168,-0.5868552105466873,1.1213407447950603,-1.209863515466247,2.559377091421201,-0.552032721912264,-0.10846742647487503,-0.15419534225054646,-0.5838681799918696,0.10088257641269228,-0.265883318628912,0.1607870377156774,-0.8413498247129315,0.4368940183094668,0.4275702438406222,-1.7135825063157637,-1.5088154523831967,-1.341193626250314,-1.8028513365011627,-0.7328241966588439,-1.3338430215901556,-1.0570398018152036,-1.0904621917739288
06853800,-0.9300964715370154,0.11579571357070798,1.3840734679394597,-0.36140133902096727,0.6644873405653027,0.6532139491781864,-0.8252921154376534,1.065136858378328,0.19269556415442451,0.3060236041235148,-0.07590165253849201,-0.43967624643569697,0.5667630262129272,0.011064465330837806,-0.9001522454530981,-1.4284131784447818,0.015201605788293231,-0.5450394660663677,0.9194643153292892,-0.636738171468682,-0.9710567931940406,-0.15631530652387957,-0.2386925317069125,0.6995577251328411,0.5116571413124145,0.00898508971491358,1.03119300024667,1.5529853505817273,0.688331446039991,1.3710026335303267,-0.674505223223934,1.077321196711551,-1.3419453203565996,2.2012010910104953,0.1979553809079056,-0.10846742647487503,-0.15419534225054646,-0.5838681799918696,0.1257322620975567,-0.1517594079325525,-0.254825258889776,-0.8391490980991694,-0.1193854214676498,-0.12333675186993985,-1.716266103687975,-1.372730114085061,-1.2038168976482824,-1.3282753379580208,-0.4381021549000353,1.0330762608124153,0.038334321193341306,-1.0904621917738957
06876700,-0.8521765863071933,-0.19423521479765207,1.430676608526074,-0.48204021582386847,0.4012012048454182,1.0492343325821694,-0.1667575819187565,1.1249397187428658,0.3385892967307629,-2.327270156123212,0.916265936325756,0.6454964990854708,-0.011110468819269472,-0.1336516242634377,-0.8645945046728446,-1.326363546265095,-1.184321956271267,-0.8880988050376097,2.357798305381927,-0.6303091716958734,-0.907702755541616,0.25986360306658696,0.009674041808388214,0.9725437552190701,0.25439849237669787,-0.29841459198804116,1.3428273355967777,0.1809642764994321,0.5680407526275655,1.3098885439009689,-0.7478271824746159,1.1011723627235857,-1.419454052557218,1.621416020218698,1.114754272849731,-0.10846742647487503,-0.15419534225054646,-0.5838681799918696,-0.020250999601977977,-0.12625784695456324,-0.39553827203626374,-0.8026187340747423,0.1550115335899268,0.14385580209709448,-1.716266103687975,-1.360074458329636,-1.207309264967697,-1.3373086330498531,-0.4956803828729491,-1.2046240644606527,-1.10315359748795,-1.0904621917739619
06878000,-0.7288080448779621,0.1914096464892589,1.3104279287841603,-0.5156117763684819,0.3918879779860653,0.9832309353481721,-0.35041712023281496,0.9683131796928836,0.20126287901457982,-1.5301455697117052,1.7327781276695724,-0.455193183532494,0.30226371505391186,-1.5429026460942719,-0.7845564391191981,-1.1149268164078812,-1.0439092273262234,-0.8971825450556666,2.145755802751794,-0.5707215963923999,-0.847886696085052,-0.10128338459456163,-0.3807205845771932,0.4095480673352213,-0.10348142159727258,-0.29841459198804116,1.3696666563446331,-0.3205723756515722,-0.07477289449432338,1.0323335374444793,-0.7187104894012393,0.465060847411211,-1.1418463665168155,1.2223363020676485,1.2266400263150055,-0.10846742647487503,-0.15419534225054646,-0.5838681799918696,-0.040983395788514634,-0.07712168572319125,-0.465004189918707,-0.8403364718121876,-0.0095173530617993,-0.017666851570583904,-1.716266103687975,-1.1786438142613838,-0.9983509830934325,-1.0047325723784504,-0.12692744049409863,0.35117345280529344,-1.6583641518293875,-1.090462191774061
06879650,-0.44948714742692464,-0.25780821983549407,1.3417369046990084,-0.5428489795625019,-0.07910696214079588,0.5102065885045263,-0.6428220428270357,0.7034719409356421,-0.12159818830624619,-0.9784225507939686,1.7868372889887119,1.7978667039553111,-0.5990464376455588,0.12504738303928084,-0.6595953175912345,-0.8816808283738538,-0.741900189013935,-1.017293425220432,0.793737146621627,-0.6373541077625079,-0.6839461455747865,5.057959296278992,8.348889925065643,1.5166918552795936,2.802931535721979,4.305403987290843,1.2518718597290428,-0.6079577148818031,-1.3620478638266391,1.3382325251770493,-0.8420603546663795,-0.5307033493351179,-1.656310373569869,0.9627370911477929,2.445146817587102,-0.10846742647487503,-0.15419534225054646,-0.5838681799918696,-0.027379441121467948,-0.049670516932024164,-0.4547369745833349,-0.7326600331149292,-0.45894878899056074,-0.46528426851277505,-1.6328062254122062,-0.5702486159939908,-0.2793869388424439,-0.1406044509569514,1.3105943417134045,1.0330762608114423,-1.9017117801933887,-1.090462191774789
06885500,-0.5758110598627811,0.14311337691760886,1.3390435189841685,-0.45898250465868407,0.18802550114046165,0.8842258394971765,-0.6787169397324252,0.872913378635168,0.04857765232148497,0.5324114477515979,-0.6940594949806109,-0.2591035801442565,1.1475115137577214,0.7132836702057429,-0.682672275811789,-0.8874070342723432,-1.3462570674183858,-1.38730554434983,1.871649452445784,-0.6074661710006017,-0.701059327416173,0.3269337579179432,-0.3532935490829635,1.1987148090989748,-0.1711770238619738,-0.29841459198804116,1.0848716417423825,1.4446717078663243,0.6950237657174362,0.7809779521859691,-0.7438846295279222,1.13760089060237,-1.0523824459838158,0.31497328859265966,2.3701034049985865,-0.10846742647487503,-0.15419534225054646,-0.5838681799918696,0.083996696487885,-0.040275886685169154,-0.4638845927074149,-0.8041558471763313,0.1587895520927858,0.1561901954849262,-1.6958707636591697,-1.1225972627334,-0.865414934070691,-0.6990614772014218,0.5999269368481611,0.8403699758792027,-0.030435915354503875,-1.090462191773995
06888500,-0.43938065209294414,-0.1066975447855546,1.2726240480692006,-0.527490265894892,-0.036302099221348784,0.7632196112348483,-0.6789726571370641,0.7490360250229087,-0.07789439119996332,-1.5546135755572554,1.6992763153402035,1.0769437834953977,-0.19223499711294278,-0.11836947011141642,-0.5781271154184815,-0.6815790151449364,-0.2482490969409181,-0.7544292574697573,0.6114974310793204,-0.5328370454428284,-0.6641564024139687,-0.056569948026990814,-0.3837456431082912,0.6484868419986688,0.24147922801438948,-0.29841459198804116,1.1102198891153576,-0.4904462890732208,-1.183638201213221,1.38521406344565,-0.8414924444721797,-0.3796628727607885,-1.685439923566921,1.0934705956692328,2.311266555140972,-0.10846742647487503,-0.15419534225054646,-0.5838681799918696,-0.03492652495002474,-0.022226749372669788,-0.44158170735065244,-0.7560316648648807,0.029220556719460288,0.020143415500222837,-1.678964100214239,-0.6079751173879595,-0.328888563796771,-0.16272871475239048,1.1582861758809033,1.0330762608123827,-1.9017117801927095,-1.0904621917739288
06889200,-0.4736804259432207,-0.2992077462175584,1.2778893673418013,-0.5213743709167087,-0.07194488885059942,0.7742201774405146,-0.5354303888895003,0.7931762314824494,-0.01173840204700189,-1.3194989122067706,0.9155871716622616,0.17661047553104536,0.64870031282197,0.23168473493984706,-0.5990556029135865,-0.7167671034090775,-0.8287466551107409,-1.348251322850634,0.5816561446551477,-0.6091128074199762,-0.6686598684326345,0.12056405068300112,-0.40874136624751084,0.870401988950726,-0.2371305495769328,-0.2505702835517836,0.7702551596425131,1.117228442808886,0.4665862218977326,0.9110650979324019,-0.7676330056960406,0.854434130104676,-1.207227722478453,0.36441756997418695,2.204331622641566,-0.10846742647487503,-0.15419534225054646,-0.39176555303929106,-0.0011893318965715501,-0.006088980175651537,-0.5237957662071265,-0.7995275302313423,-0.23911276677520715,-0.23487265338693222,-1.6695715094115,-0.6839735808970123,-0.42428510636242256,-0.2454200266884,0.831167385809823,-0.33510000118174754,-1.4134567904347477,-1.090462191774028
06889500,-0.45226393443840157,-0.2863535867937636,1.2565760273106714,-0.5312889764720322,-0.0864841293654295,0.8952264057028428,-0.3716271511100215,0.6992003080524598,-0.04285754515791251,-0.604781947810766,0.2526225975583945,-0.11173075757592905,0.962074496695151,0.41878558356348466,-0.5988463632116161,-0.7271135460338769,-0.8629777666527267,-1.3743792933089667,0.28757123510542304,-0.5864305062565192,-0.6663370878966856,0.09304808971834214,-0.4163471905248284,0.8667540687268567,-0.19030110698587674,-0.29841459198804116,0.8761213692590571,1.1789313791069695,0.5515647233001446,0.9257299287761457,-0.7677812552334621,0.9591519703802904,-1.2114715668810327,0.43375153773476216,2.20873023541258,-0.10846742647487503,-0.15419534225054646,-0.4463232029461864,-0.027872978155550187,0.004004449708131542,-0.5393556229049705,-0.808543506071175,-0.025875056812902936,-0.024591423297085885,-1.6762805028420278,-0.6696979363507177,-0.4053425736488119,-0.2415282217152684,0.8628764582335897,0.2831346393064879,-1.6340834424566404,-1.090462191773995
06892000,-0.34225522286342,-0.30143841648770636,1.1879104628993615,-0.5218536170312448,-0.18253556530119797,0.8732252732915102,-0.3121003290305856,0.5525409123965679,-0.16305238338958306,-0.6972173485147798,0.6742267253328058,0.51213024609267,0.7910124421955705,0.9561939326110706,-0.5592444589731296,-0.6848601245060991,-0.9338621583966991,-1.5626784209800793,-0.2591879069077493,-0.6215724453427426,-0.4617679768599532,0.4713925529824028,-0.34894999818813954,1.0996129763505222,-0.18219568003821168,-0.29841459198804116,0.9551482581277447,1.2292745987826121,0.7431693039832936,0.9296436889217212,-0.7409161512797942,0.9341306292101397,-1.2056062187019425,0.5139384595568738,1.7036046750921006,-0.10846742647487503,-0.15419534225054646,-0.2232321341424481,-0.02461793818369182,0.048046096375491745,-0.578719643038355,-0.7862866686222932,0.17632825385178175,0.16581675381416783,-1.5364650797498238,-0.9563952670497832,-0.7144553776905719,-0.4095639600331108,0.6025385265452293,-1.385529325662323,0.03203261837185211,-1.0904621917739619
06903400,-0.3446078728864245,-0.6411401725688823,1.2231795769374516,-0.39194664521793937,-0.291217490642466,0.5432082871215246,-0.7512141420804077,0.20511477123115301,-0.3822494778516618,0.894721225119182,-0.8477844769636115,-0.455193183532494,-0.0815477853779201,-2.1969112983680503,-0.5041871535105635,-0.552278173503941,-1.3234137218758333,-1.8733438934766633,1.4373664024730268,-0.6360343872961325,-0.21508218482211502,1.119737383212179,-0.18096312058001274,1.5841783794211781,0.0641019736081666,-0.12737118932842062,1.3473005557214197,1.972205561350006,0.7658035338928006,0.8489562029651166,-0.688239091500936,1.182011082806175,-0.9748189717533996,0.8926281493184753,1.406003437565609,-0.10846742647487503,-0.15419534225054646,-0.5838681799918696,0.3278788860489848,0.1560442542086832,-0.5563658668992612,-0.8788678629572669,-0.18284790645891086,-0.19012026922207326,-1.1205074870570866,-0.8043668146861553,-0.5396990760024298,-0.16658110320851496,0.9768080972196999,-1.5867158061141238,0.03833432119347054,-1.0904621917737627
06906800,-0.047748862433842465,-0.23594960971218878,0.7697805902791851,-0.5762955276651394,-0.3637671532425436,0.6862156477951854,-0.1863211995028699,0.41300090487931,-0.1950605366468517,-0.9321582360906858,1.7217654178000117,1.833722016819969,-0.05711034902083727,1.016140504146622,-0.373788412767619,-0.4272497281190976,-1.042003373445546,-1.8279099514056447,0.8380062235924166,-0.6039936745714117,-0.4013329898317489,0.5952143773233679,-0.38132474654787013,1.2868728811758194,-0.12055530669573276,-0.29841459198804116,0.4705494112914535,-0.39731746172486093,0.7626130769840194,1.383495015143626,-0.7541291464201658,1.2247982975248906,-1.494739135513331,1.7319539530523427,1.0911430202769725,-0.10846742647487503,-0.15419534225054646,-0.5822146311026283,-0.10413693237525522,0.17337670557404145,-0.6111243486879124,-0.8024979806086641,0.36554058642965237,0.35317788542752676,-0.7727132676185137,-0.4181003217229891,-0.2052943267022988,-0.054023698724409916,0.558627586752408,-0.2029480496942862,0.044874549994415,-1.0570084190545608
06910800,-0.41833394592590034,-0.12834271523696617,1.1648519327898348,-0.5720839416337505,-0.06231710548125267,0.8732252732915102,-0.5967033552399769,0.9170535850947088,0.07972900432068569,-1.4255221174467796,0.7302709168654505,0.2057796735232612,0.18295152578109516,-0.9070468288629491,-0.594141047904314,-0.7321790029734541,-0.8498002582759621,-1.6871431124548015,0.8925783195327744,-0.6371499628402912,-0.6208211399041476,0.7413929199481185,-0.2968454104830107,1.2230342772581044,0.03924406327162969,0.1309880762273702,0.9536571847528635,-0.2930903985776009,-0.6476973355765634,1.3896179718297665,-0.84259401180261,0.11778706958284639,-1.6942446193456948,1.0920481545319913,2.337806579917388,-0.10846742647487503,-0.15419534225054646,-0.5838681799918696,-0.13010811855779666,-0.010593246502646663,-0.4867472766698235,-0.8434208845994988,-0.2044819097676622,-0.21259003659810413,-1.696407483133612,-0.5606900540232732,-0.2785273353830635,-0.1320237573424014,1.167047453632472,1.0330762608124315,-1.901711780192677,-1.0904621917738626
06911900,-0.419966436577173,-0.20804234177993883,1.1604742651980227,-0.5693955077994247,-0.08785146203957013,0.9502292367311738,-0.6490177217413904,0.9170535850947088,0.05484931923129689,-1.4778806683140306,1.4141249504017277,-0.20979868677778227,0.5509505673936383,-0.9908875972218258,-0.5934772531497006,-0.7297299691246592,-0.9983465974999938,-1.7723331282871526,1.305205063139032,-0.6373541077625079,-0.6622119617755828,0.6502462992526858,-0.3455965698374885,1.2899128146957106,0.03209394941655687,0.5388608056464655,0.7866569667662033,-0.38226011362159584,-0.3134420021718559,1.4244888295626534,-0.8421288596147635,0.4145288060027414,-1.71690212292438,1.1877381243988685,2.245109737693901,-0.10846742647487503,-0.15419534225054646,-0.5838681799918696,-0.10251613371080194,-0.0028466238726234977,-0.4987193332132995,-0.8444741349547641,-0.2935209337059615,-0.30221762250067385,-1.6684980704626153,-0.6564929263115469,-0.3925551599552276,-0.23240071230310658,0.9351275058847413,1.0330762608123285,-1.9017117801927417,-1.0904621917739619
06917000,-0.1685347298897963,-0.06055002786584833,0.953028080807264,-0.622438435155341,-0.23507742809839266,0.9172275381141756,-0.11397384608640534,0.6493645910820108,-0.08022082365979452,-0.7204470337593653,0.11245383198450816,1.9978003446894572,-0.38054700668811126,0.7468030911911147,-0.4060359879564097,-0.4283539346138112,-0.6632396415965988,-1.6795849931260987,0.6009914260958115,-0.6364059207383758,-0.33300966642844143,0.7018387260614214,-0.28985508915087765,1.1987148090989748,0.19174926947108697,-0.15009723583564297,0.8060409206396552,-0.4666916280402209,-0.6183380791896974,1.1880650072709182,-0.7795292566536118,-0.34330394441001755,-1.527949905647692,0.6240605092759443,1.334495011430081,-0.10846742647487503,-0.15419534225054646,0.18876215295029292,-0.2353524906036443,0.06637709726616955,-0.589483043501459,-0.8436212207541172,-0.015769004208054434,-0.023731700287123212,-1.5573971392530712,-0.8310009261049737,-0.6121806167540063,-0.39913456955832666,0.4110128714274558,-0.7049395194033212,-1.2814738031563508,-1.090462191774061
06918460,-0.02001884436151079,-0.06118704156358041,0.550843323638825,-0.6283972805421245,-0.3313545673677632,0.6642145153838528,-0.41458867084907985,0.4443262126893071,-0.1832693846119333,0.21580355104515672,0.10712955814998916,2.7234040384474705,-0.6536712953849205,1.3238943819594182,-0.32303186370096654,-0.33820351607757854,0.8249439950514943,0.18025690760844157,1.2077997924486759,-0.3444312903275307,-0.39140419620339456,-0.5002648185821165,-0.4086462934440447,-0.07623330914339159,0.4335352918678169,-0.29841459198804116,0.3110045601791969,-0.4348265617169507,0.47637300279466277,1.1443192707237686,-0.7404412406860752,0.8844110357962104,-1.3422689786971134,1.203616313049539,1.263033059527007,-0.10846742647487503,-0.15419534225054646,-0.40527458716548137,-0.3537629712318287,0.12260425534287282,-0.492536103160027,-0.8054905019182743,-0.08339142248084616,-0.09200657388102856,-1.4119461616792237,-0.11315410473300576,0.07304956469577889,0.12567966878647688,0.5225743808125143,0.8983344081362024,0.011067070220291684,-1.090462191774061
06919500,0.04201774151744511,0.1166257923686291,0.712523628554695,-0.6304251416415294,-0.31955845183478065,0.45520375747619535,-0.87497511751378,0.38737110758022264,-0.25470045277416736,-1.1128796940563914,1.9759544943960994,1.2293964868163931,-0.43660936068377215,-0.4190310774890208,-0.45528344833875245,-0.6368411902785629,-0.29777380499113604,-1.2924272832464727,0.7812870989420132,-0.6354020728785499,-0.35778408102980197,0.8291000455229691,-0.25428334964636484,1.0746855214874143,0.2732781206560746,-0.13574394330476536,0.3393349543019345,-0.29458104357559833,0.09651002405624425,0.7782117254851196,-0.6177379522917427,-0.3204021091828189,-1.1999625586107845,0.45877655193734357,0.2909370914796461,-0.10846742647487503,-0.15419534225054646,0.5882002553695779,-0.27083530686324453,0.11807346793521793,-0.5790504331235096,-0.85237552871403,0.16263807793939974,0.15309636234023052,-1.0641519422406511,-0.211391315512034,0.006167837236320535,0.07318936875914407,0.6512675369588471,0.16037694139126282,0.038334321193309,-1.0904621917738957
06921070,-0.011472047289474874,-0.06351038406848279,0.5373606777925134,-0.5779022996225727,-0.3371525967919855,0.6532139491781864,-0.22918530544549362,0.34750253400386416,-0.2254877856679729,1.016902376680276,-1.0196352048315538,3.344263748850123,-0.9267955840817299,1.7557629923880753,-0.3451897727484031,-0.38834062849879764,0.20642335750735955,-0.8495819655530246,0.7387528779746191,-0.5481948679580549,-0.32954582745046934,0.06037288607280967,-0.41497312836527545,0.646054895182756,0.08725047724386646,-0.29841459198804116,0.0828703338224205,-0.4333795850156343,0.5980118658087566,1.161185230961532,-0.7449461659473606,0.9622295739460281,-1.3696129076569692,1.19532679260538,1.2775443706806673,-0.10846742647487503,-0.15419534225054646,-0.38422300293603084,-0.2999386288535157,0.14923018678698824,-0.490182404477197,-0.7792761765336708,-0.047021384327350556,-0.053336583800259144,-0.9691525952643744,-0.11541516819721337,0.06421378766467636,0.13889443424414544,0.5379944780876196,1.0330762608126387,0.038334321193567465,-1.0904621917736967
06921200,-0.017773927074704217,-0.08868553540101132,0.5908214620240732,-0.5920124267223457,-0.3403820480112299,0.7742201774405146,-0.5685442761826509,0.49558580728748347,-0.19525239609776515,1.0607559662739108,-1.0813163331807125,3.378250725317895,-0.9541080129514108,1.760997763423574,-0.42761280894805687,-0.5535228946003391,0.13257770056975576,-1.228275000188563,1.431871565867763,-0.6345494964153262,-0.499183479987819,0.3768064371663877,-0.3903915422288627,0.9281607258286586,-0.10569740156242839,-0.06517358836128545,-0.06027271016614587,-0.46016839644393775,0.7044494054222155,1.2254802135796774,-0.753379512282964,1.076289681771204,-1.4143143002380674,1.293140774292445,1.3211008021310862,-0.10846742647487503,-0.15419534225054646,-0.45198559915342834,-0.2869146282109547,0.15565383923059334,-0.5357423773594369,-0.7920223521507547,-0.27556506349641663,-0.28032685225380155,-1.0383894074674236,0.021845658442267785,0.2306608906383675,0.29096399336861334,0.7272580360510656,1.0330762608129156,0.03833432119389055,-1.0904621917734323
06934000,-0.0012199671768461163,-0.15393988660258942,0.38736874249852526,-0.5559282448317832,-0.36832308975239525,0.3011958305968689,-0.6159884714104897,0.018586801998901066,-0.38319533116435417,0.6950897272784547,-0.6572991719609315,3.0948556834305774,-0.7586085220947473,1.6728509737290445,-0.36435890711293467,-0.4329361237096493,0.4398590209843111,0.18346293168025382,1.3237323538635073,-0.06301005817502002,-0.40654779736972263,-0.4280354210498866,-0.32481031392701554,-0.6951637737932385,-0.343805469645272,-0.29841459198804116,-0.03343338941828957,-0.522153713836457,0.4269830305374907,1.2082109069709126,-0.7454320205212908,0.948210197369997,-1.341739892846904,1.2130033672017397,1.3100796567113713,-0.10846742647487503,-0.15419534225054646,-0.5838681799918696,-0.16432924675750918,0.2448565688768969,-0.540157152726691,-0.7288078065485831,4.390422926610072,4.362621884189165,-0.13374873329502487,0.4654911120604989,0.7121513168706904,0.4710752844324027,0.8678564651497921,-0.7205376447403227,0.13592517949997335,-0.5618589959648738
07014500,0.018818321756741866,-0.027434910872544103,0.3520450764485933,-0.5484291207659934,-0.3451926964958363,0.10318563889487702,-0.6087446988935009,0.02428231250980919,-0.37515935354033075,-1.2505380694125394,2.028475006157321,1.5869744186599837,0.41295092678893436,1.4191334420891397,-0.41235298175531515,-0.5401714626816941,0.03529613472162179,0.26058562578416805,1.264544252830976,-0.028413508003909817,-0.5346682815781425,-0.5724942161143463,-0.4635960263710314,-1.0186127003096612,-0.5971043866373583,-0.29841459198804116,0.044102426075516864,-0.49342808471042454,0.7572533137237593,1.1473673139942548,-0.7196968636492956,1.2661812782328263,-1.2451293606737641,1.4225695209083216,1.1045074547499596,-0.10846742647487503,-0.15419534225054646,-0.5838681799918696,-0.20855170131323109,0.2887353884443904,-0.5461622650418033,-0.7281280642781995,1.793754968361954,1.7797449332922328,0.3707675726806823,0.9214206209902311,1.2391602060831957,0.7410761607338799,1.1468121535218043,-0.7743969707111953,0.2541711798597222,0.013559920297131947
07056000,0.2549908025110621,0.031222543741928985,0.04305515568631198,-0.6141964017775795,-0.4568627704158891,0.6202122505611881,-0.5220900293869573,0.42866355878430856,-0.21286858204517659,-0.6384400352306767,0.8818002606714883,0.6265055347701527,0.45463831822160544,-0.16311831928584297,-0.13788727696168232,-0.14133015717988265,0.8546458553005921,-0.5376506696388385,0.5144296211275136,-0.5191161528508039,-0.11116383871586379,-0.060009443147573234,-0.3509946810434096,0.5493850092502162,0.48841024336188676,-0.29841459198804116,-0.43900534738589314,-0.6049428127856706,0.48512083370835957,0.3505270995442705,-0.5568989484628185,-0.11902984560028494,-0.8941877933027975,-0.20097641005090075,0.4670407706000208,-0.10846742647487503,-0.15419534225054646,0.7278409417069789,-0.6263010348106669,0.18764134635327442,-0.38211582819634105,-0.09015779211685804,0.7971689180603377,0.7834897215093132,0.6571074122956183,1.1460431220520144,1.461867024954909,0.8845164657141961,1.1387088337564193,0.46557060610000617,0.327921467418425,0.39079830645253677
07057500,0.0025167088085412018,-0.025016848809107418,0.12612485126316092,-0.5960264019496646,-0.33485505526346415,1.016232633965171,-0.378280953949359,0.5454215242579323,-0.16628070972349498,1.051082158099988,-1.067709889349542,3.3707534259221674,-0.9483580279262146,1.7595624229783569,-0.15285598728536076,-0.005876903725793359,-0.10193434465623562,1.284259235939001,-0.04573349023119234,1.0950940131396256,-0.3885399285607797,-0.7977811465124912,-0.5378026969532335,-1.3086223581072813,-1.0290028081037614,-0.29841459198804116,0.009807738453256082,-0.5215236686585405,0.30967950352438306,1.0287659341695756,-0.701882238929738,0.8132264771777141,-1.1275871752444848,0.9246672664462031,1.159278258904272,-0.10846742647487503,-0.15419534225054646,-0.5838681799918696,-0.5034256763449785,0.21844403961669798,-0.5531088568300476,-0.7417647171249212,0.390036012772451,0.37920351396041,-0.1490452383166289,0.5764697496874328,0.7992406349157698,0.512580019395101,0.737493082958729,-1.8334514379124573,0.00012731024885097027,-0.3708746426454142
07060710,0.3110952939425643,0.4687863523829063,0.010220118704282403,-0.6227912440100224,-0.37709095757917604,0.6862156477951854,-0.7704875233246267,0.4742276428715768,-0.2348806563548572,0.3548358040797023,-0.12791097987596603,2.831155443883899,-0.5343591061121039,1.6586664328586604,-0.4709632495121544,-0.7699443910957434,-0.5470753681606392,-1.0169987039184636,0.28977803535188146,-0.47401367749704787,-0.508832667300052,0.1119653128815452,-0.36490961705159064,0.5700565571854762,-0.35909924181120206,-0.29841459198804116,-0.28840693652292315,-0.6079577148818031,0.03976120873991603,0.7192454715525469,-0.6564769656193731,0.5174599269293336,-0.8105999593068627,0.8326093450573495,1.2362344954571305,-0.10846742647487503,-0.15419534225054646,-0.5838246553784926,-0.6239639353146476,0.2206323371558163,-0.6190633107316202,-0.5978149134320944,-0.3775598118496526,-0.38349361344932065,0.5757944119176187,1.4754307467791026,1.7765824924879414,1.0536613825961392,1.0909137076738433,1.0330762608123882,0.3616753380909835,0.563451947822748
07066000,0.021413613077497756,-0.060249589266117294,0.1885151386778409,-0.5970501892089876,-0.35571922907563175,1.3132479215181576,-0.4077350800813457,0.7091674514465502,-0.05001014481623835,-0.739281166799327,1.4504791815577431,1.9832037006666614,0.14413912686102215,1.5456966966409598,-0.2110058981913773,-0.13628847752962947,-0.1354530117789413,0.6061570871260749,-0.6563079932879722,0.49987359789586605,-0.3561818051945922,-0.6206471478024993,-0.5089215691560093,-1.3086223581072813,-1.0290028081037614,-0.29841459198804116,-0.21087112102911673,-0.5310626560219655,0.6150646538624825,1.1901344809850485,-0.755065383280441,1.0931931224659417,-1.3555015951621456,1.1552221907625506,1.5222785288794323,-0.10846742647487503,-0.15419534225054646,-0.5838681799918696,-0.40144402578124705,0.27333465858199607,-0.5295082565238329,-0.7616264339795005,0.15328410366793524,0.14187317556391535,0.14346687525439286,0.9200910936888961,1.2169937318519373,0.7301236845521745,1.048874903514782,-0.3415315732622102,0.2799169720345924,0.1452516249917027
07067000,0.13122141765794587,-0.053886728921567074,0.11090896727804864,-0.5995633840068886,-0.4152757521039137,0.9172275381141756,-0.5123093169336891,0.5710513215570198,-0.18067334837552643,-1.2775879477469125,2.133100120994683,1.5660104887530943,0.44457584442751236,1.4815285355606507,-0.18586236366447736,-0.1565160046916423,0.038600915828607384,1.1553609720992708,-0.6930469447927887,0.7984859731580944,-0.39536988495753955,-0.7805836709095794,-0.5085817911819241,-1.3086223581072813,-1.0290028081037614,-0.29841459198804116,-0.10798705816233438,-0.5389901349325782,0.7073603494300726,1.1450116467413414,-0.7551900273282055,1.1807962607837974,-1.3211148007108162,1.1374514341729958,1.6096135310699358,-0.10846742647487503,-0.15419534225054646,-0.5838681799918696,-0.432688568755956,0.2945916131157331,-0.5519256461408412,-0.726167571273577,2.089597907144936,2.0513940106170327,0.4120949722127351,1.0614532050427898,1.3699063220899557,0.8185377086137912,1.1027014256294034,0.08091894013445212,0.3050433119685969,0.27377478389066323
07068000,0.10377577518657684,-0.07264416149858124,0.18346255667734457,-0.6005946903907246,-0.4054455498907281,0.6312128167668545,-0.5255214079466572,0.15670293188842993,-0.31944165991491325,-1.3380499522736702,2.2339286424738307,1.371543064459712,0.6041379288767009,1.4515552497928756,-0.1037521066749473,0.020156242847538135,-0.37872199340490476,1.3961298433758136,-0.06955800926952951,1.376340165581718,-0.39445673673738174,-0.8098193794345296,-0.518696720102762,-1.3086223581072813,-1.0290028081037614,-0.29841459198804116,-0.05729056341638425,-0.5366450915506275,0.7179830666920026,1.1398075113907054,-0.7543225298072405,1.185959155102281,-1.316645299956693,1.133334662940609,1.6164453785235655,-0.10846742647487503,-0.15419534225054646,-0.5838681799918696,-0.5036234752341239,0.3048231993266759,-0.592778221657421,-0.7243129762998388,2.6592854934594152,2.634642967178571,0.27415806728107894,1.1171118393562383,1.4313648328649833,0.848649675825201,1.1223820340467452,0.239895928073744,0.3144988806422324,0.32214074400730963
07071500,0.057499226879237926,-0.03089108943095839,0.09309855468797099,-0.6111958169110729,-0.3685362236698557,0.9282281043198412,-0.38272728899982406,0.4500217232002152,-0.19689963362173865,-1.1033514349979214,1.9625527688959694,1.2220119894605395,0.7435750657377037,1.4285898026693962,-0.34521944234941215,-0.42544877824132943,0.0476251249674781,1.6454590341389463,0.28043732465210136,0.5107647545035542,-0.5955734218744295,-0.8149786221154031,-0.5016750316359783,-1.3086223581072813,-1.0290028081037614,-0.29841459198804116,0.02620954557694628,-0.4945424029186101,0.7658035338928006,1.0422389150078277,-0.7435739367568003,1.1895158351110768,-1.2327956316271402,0.9770305796632105,1.7441819292419538,-0.10846742647487503,-0.15419534225054646,-0.5838681799918696,-0.49849990789198995,0.2830389070263259,-0.6060479931503493,-0.7674614367032602,0.7233771072090046,0.7148113044617517,-0.12918661776226573,0.7335070805155314,0.9896025453418764,0.608521775931168,0.8667163015527156,-1.2988869355142203,0.1879277498883528,-0.14600695191557558
07083000,-0.8323731741498344,0.10027944122092583,-0.23880729916176383,2.6218843013803514,0.5002646847517046,-1.0628743789057382,0.13717457440624706,-0.182179943510622,-0.23422383395880145,-1.3932264754423032,0.7322499165272206,-0.455193183532494,-0.8563582675230791,0.11770181723140402,-0.1968901154848361,0.7890769161914108,0.06710211814456431,0.6528816378933715,-0.6573764160918317,-0.18921635718232233,0.052375885795099136,0.3940039127692995,0.6099637228956335,0.2387038035173361,1.0696141286374714,-0.29841459198804116,2.3224625428935255,-0.5925629942111921,-0.7305474896599667,-0.667130705347341,0.2967662468678253,-1.184770947051427,0.04085587188330006,-0.835063702916089,-0.9994344739174496,-0.10846742647487503,-0.15419534225054646,1.1678540300025229,-0.01388686835316455,-0.6537331531262189,3.432631769978757,2.392224052957199,-0.4300113999912124,-0.433837121406862,-0.7601003599691211,-1.5966918640052699,-1.4417916549752472,-2.3436506435536395,-1.1366911573515235,1.0330762608129644,-1.9017117801922894,-1.0904621917733992
07142300,-1.0287398647252803,0.081684166554819,1.2973919292270926,-0.44671931224029915,0.8308257503223362,0.9172275381141756,-0.344878194971878,1.4082913666605623,0.6502894941299064,1.0607559662739108,-1.0813163331807125,-0.455193183532494,1.652072699718669,1.7426760647993287,-0.9557190038986749,-1.61404866876486,1.4225224201080593,0.7432717236271037,1.2158629429763723,-0.6373541077625079,-1.014212838637707,-0.6258063904833728,-0.3606985984958178,0.1864169469752076,0.7733980816396779,0.8618098875912052,0.643513922777637,2.3805824701150584,0.7658035338928006,-0.8082803052869194,-0.21014270945007157,0.8123221569353632,1.0667187908333082,-0.246768379993663,-0.3970392028643768,-0.10846742647487503,-0.15419534225054646,-0.5838681799918696,-0.26365501514951245,-0.19035128090891928,-0.1041249297107391,-0.8791885281369578,0.6036145082295699,0.6522854629684811,-1.7154610244763115,-1.349979244054249,-1.199307125700894,-1.3918800500765005,-0.5088506673800831,-1.5666907209740712,-0.9739444768664519,-1.090462191774127
07145700,-0.5297635649405197,0.023513555671311543,1.0848583786877188,-0.5698481105263938,0.0957930279614545,1.1592399946388312,-0.3095643021392759,1.0637129807506007,0.2591157044575222,0.0005974622560953338,0.4098220972812822,-0.455193183532494,0.5969504475952059,-0.05926721648481599,-0.6005445791730023,-0.6909730948476002,-1.6523117652982104,-2.021124315786308,0.5441506702603472,-0.6148796313628854,-0.5496279203666828,0.40948164081192,-0.39573451889388966,1.5780985123813958,-0.175881084611063,-0.29841459198804116,1.2414343461048767,1.7923973104075757,0.3994333307756378,0.821373896977495,-0.7382073732098222,0.881267779931958,-0.9832611778025653,0.7265666465736912,1.6489867611071212,-0.10846742647487503,-0.15419534225054646,-0.5838681799918696,-0.3831101811727934,-0.0995480348832434,-0.46597111478300474,-0.895646015906546,-0.23079877582412536,-0.23828815160338254,-1.6234136346094672,-1.306820422518039,-1.2141688764355918,-1.234347631984517,-0.6782888757227312,-1.4067405529283397,-1.031025183373118,-1.0904621917736637
07148400,-0.9558280958810672,0.7444465622766377,1.1534333391765557,-0.4807280514290279,1.0066019598521163,1.126238296021833,-0.33163581051336916,1.3556078944346586,0.5614156667310739,-0.7426329415505891,1.36934005388203,-0.455193183532494,1.1302615586821334,-0.14741400617934547,-0.8911579851398587,-1.3928528240687166,0.40979635167178036,0.27913301324036505,-0.6818964385031336,-0.6280798548921792,-0.9430100073714751,-0.412557693007266,-0.4136138474251673,-0.30726825665512225,-0.3375949234475099,-0.29841459198804116,0.6375496292781138,0.12229175422539539,0.7658035338928006,-0.09774908398054505,-0.437512834937143,-0.0008515340026107106,-0.4645284443729917,-0.4917643414317167,0.2939630180890887,-0.10846742647487503,-0.15419534225054646,0.6484754223099609,-0.4665544271062318,-0.17628894046588373,-0.2722807972294669,-0.7738738914150667,1.0293378498207941,1.0248905851774677,-1.7149243050018694,-1.4816205664642992,-1.3104190338392832,-1.7601638626541514,-0.6074503836131795,1.0219962266743352,-1.89775769759033,-1.0904621917739288
07149000,-0.9088711813748305,0.4010376208069168,1.1802229123389134,-0.4845063153417241,0.7585896479456908,1.1042371636105004,-0.34087247257992753,1.3242825866246615,0.6193763145253874,-1.358642204432954,2.3216253753072764,-0.455193183532494,1.2236988153415682,0.25203279654557714,-0.848384741187373,-1.2585879105714324,-0.6452795572657878,0.6220765013298528,-0.03300637084852974,-0.5818949748258329,-0.9174037599472888,-0.6223668953627904,-0.4727347363554297,-0.7273870691040851,-0.1960595132571992,-0.2792768686135388,0.3587189081753863,0.6273025794749529,0.7658035338928006,-0.09031586102003238,-0.3960419804533021,0.2296621952343436,-0.3750091390941793,-0.1946945484806738,0.2908751766519027,-0.10846742647487503,-0.15419534225054646,0.33625936915157073,-0.42350532324243034,-0.1653147639964571,-0.2552196624528447,-0.8039224046232804,0.8805085983784606,0.8514487784873137,-1.7154610244763115,-1.4154996570064144,-1.2601077472199755,-1.5834408388124268,-0.5704321538479633,0.6041766967664751,-1.7486522965080662,-1.0904621917739619
07151500,-0.6675508228473913,0.3483990514734656,1.0792416782538425,-0.5266885781120187,0.37435270507197826,1.0602348987878356,-0.04545010132675504,1.0181488966633325,0.26478110428496276,0.2601060688426177,-0.5049392123857076,-0.455193183532494,1.5370729992147496,1.3128338173521548,-0.7251695958799199,-0.9656328870158736,-0.5541582225378389,-0.3628494986858802,0.41443817804447036,-0.5512821946117187,-0.7919506761040145,-0.36612450887940406,-0.47403480542250975,-0.4464972118661388,-0.41126557374580003,-0.29841459198804116,0.8015677005150122,1.8393037422131093,0.6118356496275721,-0.4342651283896926,-0.1657258567104977,0.3945445158527169,0.4358573723138855,-0.22605435352001851,0.022018679097542748,-0.10846742647487503,-0.15419534225054646,-0.24930889579720283,-0.4062776161111395,-0.1117316959846346,-0.38495298931131994,-0.8547568549756522,0.7734549481108209,0.7624703711841035,-1.6891617702286417,-1.3100192048527812,-1.2223496317813856,-1.3041204868145604,-0.7233688680707961,-1.0315565643024964,-1.164915428082662,-1.0904621917738297
07167500,-0.3128509798365908,-0.11898967682878646,1.1150491239741536,-0.6175256138136728,-0.1467119278525376,0.8732252732915102,-0.5482371340119745,0.9213252179778895,0.05585109842872627,-1.0696682184036557,1.2125302012117667,-0.2034993455517648,0.5063881834483692,-1.1547697033492976,-0.4247831738638052,-0.383380949206306,-1.0644036176046447,-1.7204927841690258,0.8348641931332316,-0.6294029178880003,-0.47246309429097083,0.7637496382319041,-0.25957512195672333,1.316056242966775,0.44766121486376115,-0.1656466360774261,0.9283089373798885,-0.5945545083841871,-1.4343728255419201,1.4246204032969942,-0.8466092088986502,-0.5945025416875154,-1.7262058516864258,1.1578683476180653,2.3040827012978564,-0.10846742647487503,-0.15419534225054646,-0.5838681799918696,-0.2950301437986078,-0.026750752317830705,-0.4784520791497954,-0.748627715964116,-0.2779153082882419,-0.28479507252326736,-1.6714500275720476,-0.6997863555565218,-0.4494451629117068,-0.3045028053047877,0.9417665523538306,1.0330762608126278,-1.9017117801925478,-1.0904621917736967
07180500,-0.46094272837641115,0.25950536244804817,1.1840386231765752,-0.5992475372296009,0.10993317099382194,1.1592399946388312,-0.3754111497832244,1.2602080933769415,0.3476885616456146,0.7583276711987571,-0.6559436633991701,-0.455193183532494,0.049264373945288494,-1.9182019566231814,-0.5429534711556007,-0.5809307099038981,-0.4986546822820875,-1.0611020026664328,0.3801509722695043,-0.5846443941884046,-0.6319717540447048,-0.1683535394459178,-0.4895464582794702,0.557288836401933,0.3079757336766236,-0.2182753753573101,0.9879518723751243,-0.41748938085686926,-0.8384160904142463,1.4746188707093113,-0.8497279466922217,-0.06572954934047394,-1.7698279122824998,1.2375139909826878,2.242832146092099,-0.10846742647487503,-0.15419534225054646,-0.5838681799918696,-0.20126962958857866,-0.06381735477158114,-0.40275204043174817,-0.8817311419806881,-0.30383263273009475,-0.31131197134755784,-1.7122407076296582,-0.8809352872619306,-0.6436372762885357,-0.5371059333106223,0.7298489516661584,1.0330762608123882,-1.9017117801927095,-1.0904621917739288
07184000,-0.0016586626431812548,-0.08191338296406166,0.8476251971743627,-0.6505394821013608,-0.34811557349129957,0.5102065885045263,-0.09129962367392398,0.4884664191488479,-0.11289304193815144,-1.0588436540238464,1.1549353140021799,-0.455193183532494,0.4776382583223892,-1.3481185044991761,-0.3348712102262418,-0.3727777240802427,-1.6098943879205458,-2.1806150793050922,1.5187249821016644,-0.6373541077625079,-0.034712351118951185,1.2951516343618799,-0.26266376432876365,1.7908938587737793,-0.1058086141265191,0.48264374323386333,0.704647931147754,-0.3012613342065963,0.20526484872122724,1.038390998043222,-0.7374045709855294,0.7127745429546885,-1.2133604788650723,1.0212428296833522,1.6440981779727633,-0.10846742647487503,-0.15419534225054646,-0.5833448387436315,-0.37702258429327096,0.04670215603227387,-0.6086943138315851,-0.9063173116680128,-0.16556185601503623,-0.1715104827070992,-1.6953340441847273,-0.986751403596313,-0.7995043139148706,-0.6275982817972091,0.120101978606557,-0.4329253087987808,-0.4848311518817262,-1.0904621917742263
07195800,0.1747027382151772,0.13585018743592128,0.34927650687474626,-0.6363782268235151,-0.3892260350428511,1.1152377298161666,-0.45862618320971393,0.6678750002424643,-0.11196136264879247,1.0607559662739108,-1.0813163331807125,3.378250725317895,-0.9541080129514108,1.760997763423574,-0.31256455190205157,-0.42203564239073627,-0.7382546888088801,0.23325298746268439,0.38488492213664544,0.051142397627946326,-0.44080824204596813,-0.5879719441569667,-0.3904890271682166,-1.0496200222125516,-0.6898346918318364,-0.27449243776991233,-0.07816559066471646,-0.6079577148818031,0.7658035338928006,1.2133572991039767,-0.738901022880845,1.2659727899746043,-1.340805115048218,1.4384816471444342,1.2688642516699218,-0.10846742647487503,-0.15419534225054646,-0.5838681799918696,-0.57400915372884,0.08362998538954676,-0.4940882720211366,-0.7582945720859554,-0.4432491537811681,-0.4500373441116005,-1.117287170210433,0.09896621539062567,0.279301828040485,0.31121974854585727,0.5347854948619605,1.0330762608134751,0.03833432119447299,-1.0904621917729365
07196900,0.31617037932635583,0.13636788902306035,0.2711244180948041,-0.6468943268486732,-0.4606143899758065,0.8842258394971765,-0.8011178844980531,0.6038005069947443,-0.15020534172809255,0.3455068787839699,-0.07530129140427871,0.09913210957064238,0.6443878240530727,-0.6946164429707676,-0.18870048326950184,-0.2674761480180525,0.4743238567204549,-0.7390357719920617,-0.41168676640915386,-0.5724930333503732,-0.20965212892073343,-0.0875254041122322,-0.4551765478199872,0.5171617139393695,-0.04551352159315406,-0.23860920644271966,-0.34208557801863493,-0.6067884955903644,0.36894519945244064,0.06586487510306148,-0.44027751300178325,-0.6225452817967232,-0.7640408052292951,-0.7143342479189703,0.10185961958206874,-0.10846742647487503,-0.15419534225054646,1.2124381238192374,-0.6461001275008477,0.08038146139334262,-0.4189607546043183,-0.23502205395613635,-0.40322448497638425,-0.4102853896985652,-0.26524500453337424,0.2521660591048064,0.47427667873111506,0.3440947706984142,0.6479602184195581,0.9019325295765533,0.04613443473794238,-1.0505640118120352
07197000,0.25983198168381993,0.15215312545260318,0.3128921502055774,-0.6729536820302529,-0.4291475918983634,0.8402235746745119,-0.7452970200883381,0.5169439717033901,-0.15728935176705416,-0.45103576807945667,0.5677736551948435,2.206596806544996,-0.34173460776803843,1.0335334530710214,-0.2228370381149615,-0.29925872844261936,0.32730157716889097,-0.21689561147983052,0.07194598740502338,-0.30055096934637593,-0.24568347433993276,-0.35236652839707455,-0.42801557955531305,-0.017258598857502333,0.15270426185978025,-0.29841459198804116,-0.31971947739542145,-0.5528417711878609,0.6598864603188908,0.89704510882025,-0.67647525870854,0.7517036436083189,-1.1618347253374806,0.8972830228009472,0.8733298564920234,-0.10846742647487503,-0.15419534225054646,-0.10729913526178578,-0.6382035349555495,0.058674265257701336,-0.5223453789106799,-0.5202084222138299,0.009302232108741376,-0.0003320284309286578,0.08603789148907307,0.4063087141600228,0.6543121099599836,0.45030124967274243,0.816851094982059,-0.36658455893064273,-0.10176411726210824,-0.8316467712977113
07208500,-1.1337181369152611,0.23212262873775827,1.1214975594543077,0.7650792395752088,1.1400181714829338,1.7312694373334734,0.7852652018639319,1.048050326845602,0.5237781404444335,-1.5264334313110917,1.668454370927796,-0.38565713909371596,-0.9196081028002349,0.38323979959662824,-0.829347173487598,-1.105919573798618,-0.6399269040611947,0.7730123957697399,1.0428190576417506,-0.5119438381239474,-0.8621984939282643,-0.2973346064677566,0.6200195001853569,-0.9225508010810998,-0.7523715360182137,-0.29841459198804116,0.990934019124886,-0.6117278505562385,0.6705622367702785,-0.213293386223408,-0.4366917058768622,0.7479517462609813,0.17551102348782424,-0.30558221942821523,1.0907988905320918,-0.10846742647487503,-0.15419534225054646,-0.5272510135918399,-0.5515829845303983,-0.5662018683308202,2.43758974844288,0.5539736656810058,-0.37216012444043406,-0.3792066953112076,0.10992190810175288,-1.0279457487638286,-1.150952957433271,-0.7372428345266976,-0.9051168656253753,-0.8109625876305889,-0.8334016613668852,-0.4347235930821106
07226500,-1.5479990358717577,-0.13937589114785223,1.7669746145495442,-0.5117411658072051,2.3818896288733407,0.9942315015538384,0.8867315780207338,1.4495838178646483,1.2247747543466587,-1.3292835552488038,1.3362630193543121,-0.45494487781334003,1.1360115437073295,0.5329373648537176,-0.9653013456613362,-1.6417697299766731,-2.438087103200324,-2.5720567471340607,-3.164545268739793,-0.6373541077625079,-1.021839963196591,1.7130502915126378,0.16130334637877292,2.5137900498039056,0.6299683109585101,6.631833485003868,2.807061389729817,0.24629668926757375,0.14103436997582083,-0.4412852017602219,-0.1611974260827738,0.1307172939287773,0.30720186465568144,-0.3396529682730519,-0.027585781847449493,-0.10846742647487503,-0.15419534225054646,0.002488989705697049,-0.7309232045256097,-0.47712742670259384,1.0533477463315768,-0.6076400860490028,2.614724852206409,2.5954056768803433,-1.7087520310457835,-1.7358152277758367,-1.5554521942218333,-2.5876780606856453,-1.131448182869075,0.8661881539773085,-1.8223029562890647,-0.9279892980802416
07261000,0.3484057610153584,0.20979794412003258,-0.07946920673133097,-0.687686500336972,-0.45818527574145823,0.7192173464121837,-0.7939163645975279,0.4528694784556701,-0.21411360107075006,1.0607559662739108,-1.0813163331807125,-0.455193183532494,0.9146371202372842,-1.1096831270112912,-0.09391913177584921,-0.11711386954471262,1.0114160198928404,-0.5757979673099557,0.5853389162017869,-0.6357253810418422,0.07914446798338276,0.1910737006549397,-0.3432172951512472,0.6235593871355612,0.3820847655624144,0.006592874293100842,-0.9429881480956362,-0.6006860680478525,-1.595231348208219,-0.31293684481501927,-0.17862303090733683,-1.3228386728857584,0.35502830433206,-0.14389041839430328,0.45432776278342735,-0.10846742647487503,-0.15419534225054646,-0.466477035510619,-0.7577278345711532,0.20883477364729072,-0.7148524857750114,-0.6751856276717775,-0.20377096071813508,-0.2059461907524063,-1.0362425295696545,-0.14668523630464253,-0.02540777268972986,-0.03510332556956352,0.1315003158825281,-1.7632422208791894,,
07263295,0.48807106256683386,1.0854254044056744,-0.09715541881369749,-0.7209428174548814,-0.3209165440197339,0.9172275381141756,-0.3959999309414589,0.41300090487931,-0.19835268268638617,1.0607559662739108,-1.0813163331807125,-0.455193183532494,0.9146371202372842,-1.1096831270112912,-0.08373605497904166,-0.17705980279314418,0.2150196597418522,-1.2022998900367992,-0.13186594379184113,-0.6373541077625079,0.10819317892540832,0.8617752491685015,-0.2679882504266966,0.9670718748832661,-0.00017200335950093607,0.90606587289474,-1.133845540080391,-0.6072735050742205,-1.5009362154555257,-0.0022273662134816305,-0.4410032004733422,-0.8716126427980995,-0.04636722858582298,-0.054927687201529955,1.25291651944807,-0.10846742647487503,-0.15419534225054646,-0.5838681799918696,-0.8388829904476868,0.18597236857964103,-0.6346867809073785,-0.3938693125026629,-0.3957742089862982,-0.40295727451840724,0.6069241414352688,1.1741468271956554,0.9596989425651068,0.8229345458639619,-0.23251358646800754,1.03307626081278,2.3017214394776166,1.8865832595006524
07290650,0.6358959056791201,1.1450886129992972,-0.23883397358548228,-0.8536834206393026,-0.37801194596503246,0.38920036024219806,-0.4271424427597748,0.21935354750842412,-0.26246863532264947,1.0607559662739108,-1.0813163331807125,-0.455193183532494,2.145133915629225,2.390436764546866,-0.18353670120834267,-0.4103957589654859,-0.6088819362980982,-1.1331971136683499,0.1522893483075468,-0.37399769267792626,-0.024122623416819377,0.25298461282542234,-0.43483539029471435,0.666118456414038,-0.45434550938116997,-0.29841459198804116,-0.6328448861204097,1.1513088002998497,0.7658035338928006,0.7663280882637622,-0.5134314997631202,1.0398067530424928,-0.6781162219227971,1.5002314058691297,0.06176438253555903,-0.10846742647487503,-0.15419534225054646,-0.5838681799918696,-1.3878075542446562,0.3030148316872471,-0.8315832177477985,-0.8214558503419306,0.5265206034457224,0.5184844900302108,0.42121920327825313,0.8479480081035641,0.6410857128581071,0.5537216994350261,-0.282471596767445,-1.6823508539460035,0.8353811536128389,0.7209655521151531
07291000,0.7199419983946027,0.7279932569607603,-0.23488501439322676,-0.8561018530391632,-0.5031643575070377,0.7522190450291827,-0.37454075131928655,0.36886069841977087,-0.2079269992847384,1.0607559662739108,-1.0813163331807125,-0.455193183532494,1.8087597916552594,1.6995314196519105,-0.11654468899949993,-0.34134378661747233,-0.930402993824023,-0.7140335140752534,-0.18352451557359536,0.13904399971042947,-0.2294910356552652,-0.20274849065174147,-0.5007803606788291,-0.3960343154359451,-0.6460585772215833,-0.29841459198804116,-0.8162469112307601,1.1260890465723437,0.7658035338928006,0.3677654362461716,-0.39867708525390183,0.9897463193817982,-0.2641004268458508,0.9636639318239418,0.1234699715506074,-0.10846742647487503,-0.15419534225054646,-0.5838681799918696,-1.4866532282455298,0.309147985782227,-0.8019011689529743,-0.8189053843395978,-0.18409353619857824,-0.1905706003225299,0.9074870471229243,1.2973904222171113,0.7955711186065089,0.7393008564028446,-0.8358607426501948,0.4772695713573484,2.004199040128248,1.6498510485527653
07292500,0.7074440304299717,1.238789270287479,-0.24507958273461866,-0.8609693679573986,-0.3899013120310653,0.6312128167668545,-0.438641823136904,0.20369089360342557,-0.2704699566030792,1.0607559662739108,-1.0813163331807125,-0.455193183532494,1.675072639819453,1.4252969628244858,-0.10847944457315055,-0.32334359540613494,-0.5115881482017218,-0.25713276677906843,1.3848458874501735,0.2995683672552936,-0.144499218835419,-0.3678442564396952,-0.5098785769410052,-1.0064529662300965,-0.6647111276635459,-0.29841459198804116,-0.7029253347398124,1.0070719190944062,0.7658035338928376,0.3953102831974646,-0.403848567118698,0.9916697359995442,-0.2912375961970209,1.0046980980239089,0.10970911523762557,-0.10846742647487503,-0.15419534225054646,-0.5838681799918696,-1.5209012417311452,0.2886749450512573,-0.8188477994693506,-0.8309924030750669,0.7523556254922099,0.7418604127684002,0.8245638883215978,1.2300193629306009,0.693370774465904,0.6940933357285698,-0.9254761935025853,0.5351366723099179,2.051570869501042,1.729010428987148
07295000,0.7962255107123842,1.381178641984911,-0.24580646379454782,-0.8644141457734104,-0.39851636285069947,0.9502292367311738,-0.6334219833864494,0.7034719409356421,-0.09700219293166673,1.0607559662739108,-1.0813163331807125,-0.455193183532494,1.5830728794163171,1.236169751219365,0.05009234270045684,-0.12208120765071359,-0.8438091426424239,-0.9911149974304553,0.2819293964316168,-0.05377037667132832,0.16532409539887055,-0.06688843338873794,-0.5136017929426363,0.10616270205008001,-0.6235092836041901,-0.29841459198804116,-0.7431843158615965,0.9986391590784772,0.7658035338928006,0.5137559133978643,-0.47448954687580763,1.002238639829886,-0.46023239278499584,1.0184338693475041,0.38711991229923265,-0.10846742647487503,-0.15419534225054646,-0.5838681799918696,-1.5396786935570028,0.27719563451065415,-0.8442041317660006,-0.8354242038344876,-0.19156731463658253,-0.1995479800524121,0.8063154261905615,1.2140531085782995,0.6206738071476873,0.6981245053483507,-0.9572011010392297,-0.19545185998036424,1.6440923732914847,1.3633218742661948
07299670,-1.0527827056369716,2.4413982912728103,0.9510474715500732,-0.7303539163685874,2.0798022217162426,1.2142428256671622,0.5202123604596383,1.5549507623164542,1.117778209662974,0.6702037320241998,-0.5319952237565369,-0.455193183532494,0.05645185522678348,-1.9369458142019045,-0.9023228644836075,-1.4139143768511153,-1.0510549489666707,-0.2255341278433459,-0.09942025437546148,-0.5571493739153696,-0.9923127895618126,-0.6447236136465758,-0.4852474157036747,-1.1122426527223104,-0.4765792739150761,-0.29841459198804116,1.0028626061239332,-0.5423493415540314,0.7658035338928006,0.32699816852174785,-0.7311338307836225,1.0787995970574482,-0.6834108995378237,-0.5661870495452361,2.9007797313393997,-0.10846742647487503,-0.15419534225054646,-0.49861994620483574,-0.9390652472334641,-0.24365433565051606,-0.3338204757637852,-0.8356073501283813,0.0210005755600515,0.013236389141271163,-1.7130457868413216,-1.567463988345515,-1.4214313860500087,-2.0657789390066297,-1.0400395171334544,1.0330762608123827,-1.9017117801927095,-1.0904621917739288
07301410,-1.1114135782606702,0.21825395870897119,1.1127609091395099,-0.502674192641444,1.0794462755964087,1.0822360311991683,-0.12653126711102422,1.6531983186296246,1.0609665649932503,1.0380266678715775,-1.0493470283864665,-0.455193183532494,1.3430110046143848,0.7383599121016005,-0.9415758759819152,-1.5555227574632051,0.5595309904030601,1.048284744474474,-0.3592870335982075,-0.6316937390901677,-1.0040577168448268,-0.7995008940727825,-0.488127157142007,-0.4319055309706612,0.2041159787384703,-0.2948262688553219,-0.08114773741447807,1.1510895384432602,0.7658035338928006,-1.447437934503727,0.6283227177598325,0.6675974687436906,1.7854185810944019,-0.9084027480593757,-0.6504892311957516,-0.10846742647487503,-0.15419534225054646,-0.5838681799918696,-0.7242556536216029,-0.26712734234266605,0.03599011674335397,-0.7532772549593824,-0.013483391148004394,-0.020093960748369628,-1.716266103687975,-1.4819885620130298,-1.2951323376409183,-1.7709747174558177,-0.5059776004731302,1.0330762608119537,-1.901711780193033,-1.0904621917742923
07301500,-1.0847589464199765,0.5627420864822504,1.1261389554481576,-0.5321521026743139,1.1983989156386865,0.9722303691425065,0.16542920666598052,1.2246111526837637,0.5905504150894927,0.16555553041430196,-0.28216634865068885,-0.455193183532494,1.2409487704171562,0.4622679558744825,-0.9377571445717677,-1.5431726445858744,0.6285670240156215,0.28917425380128375,0.2396593363120238,-0.6373541077625079,-0.9982654713268363,-0.6395643709657023,-0.4285165093685353,-0.13642399283723708,0.11241814512820242,0.15491023044549898,0.22452230443610563,1.1097807553070946,0.6152191220078431,-0.7986842029695984,-0.22317704605294364,0.44955309335657984,0.7560304514258768,-0.7673879536679586,0.10714645139548933,-0.10846742647487503,-0.15419534225054646,-0.16021737989539203,-0.7828252489618399,-0.22927990993273678,0.10433643741450505,-0.7866368324518697,3.5796883588340163,3.5540670144589095,-1.7141192257902058,-1.5229033997163905,-1.3438036837436809,-1.9029386450231172,-0.6777968582287339,0.9752177007104348,-1.8810640526633327,-1.090462191774028
07315200,-0.7272396115292924,1.845357388581312,0.4611177304437962,-0.7936943805431602,1.0580011861089165,1.2912467891068258,0.0915665077308057,1.2986527893255742,0.6892405145421117,0.9287273012573801,-0.8956148408259081,-0.455193183532494,0.9261370902876761,-1.0601216657558423,-0.8734708735817366,-1.3790090651363522,-2.3464746007633894,-2.551239764675903,2.478824794440025,-0.6373541077625079,-0.972849139398243,2.894516865432682,1.2287292187898582,2.4943344752766015,1.0489990310270456,3.34134117230025,0.45414760416776334,-0.5910856148978786,-0.3414388893993916,0.031099703834596946,-0.5741168342277745,-0.08827731751388863,-0.3218202128714207,-0.6061604476630862,1.9067676015188804,-0.10846742647487503,-0.15419534225054646,-0.2892262492193051,-1.0430805776380203,-0.14155866018749375,-0.571645824294282,-0.8614199421012344,-0.17097917026019338,-0.17859881119740362,-1.4685700662328804,-1.1247320044562996,-0.9735717023576352,-1.039285885143478,-0.3781613904282698,1.0330762608122415,-1.9017117801928392,-1.090462191774061
07315700,-0.5356587779107118,0.5083296467496495,0.5427817497248786,-0.7712626641663866,0.2765320971322766,1.016232633965171,-0.11799841245484972,1.1491456384142273,0.4942542399241506,0.010025611937873984,0.3939590638493722,-0.455193183532494,1.3372610195891892,-0.053694718285736034,-0.736080191495348,-1.0460977393516075,-1.5641677880720046,-2.0522403698287173,1.1714288716317585,-0.6373541077625079,-0.699314694333985,1.329546585567704,-0.07747602803586864,1.7994056726294745,0.20048161338196602,0.3965239880485994,0.6852639772743022,0.02576867823931255,0.3222801405651125,0.04949747165691508,-0.4237307652716362,0.5659918999370077,-0.04675129777681688,0.15857732217712722,0.9016058650598872,-0.10846742647487503,-0.15419534225054646,-0.5838681799918696,-1.0063283918082733,-0.10960569214660214,-0.6011115872641976,-0.8466082243306552,0.408984861406542,0.399643867156461,-1.5989928985223452,-1.0700420981236567,-0.9251699962573865,-0.9282863762556013,-0.261372182016298,1.033076260812475,-1.9017117801926449,-1.0904621917738297
07335700,0.6930884006897453,0.09024417532575092,0.11121591257666148,-0.662056783161056,-0.6280957639837843,1.038233766376503,-0.5474755678578541,0.7134390843297309,-0.1071920664631136,0.38773823875902635,-0.13470071478373122,-0.455193183532494,1.0454492795604928,-0.7083788248866769,0.4035068888748952,0.4827820742314112,0.8190953323853596,-1.0461247438972046,0.15480644058026116,-0.6373541077625079,0.44446122752103717,-0.05141070534611731,-0.43972534912081174,0.5803923311531062,0.04975269969564007,0.5544102058882496,-0.8102826177312368,-0.5401429959783522,-1.6718352359183322,-0.0007197807724936383,-0.44266205457063906,-1.0187028652628392,-0.05231622234441527,-0.06756630802122962,1.2808890348500155,-0.10846742647487503,-0.15419534225054646,-0.5838681799918696,-0.8845418874216671,0.07260338352811846,-0.3932227414401822,0.1750915210077716,-0.4054454663046591,-0.41170071601428604,0.8927272615757624,1.4667303840102972,1.4968927265804928,0.9891577377370534,0.4743013801847883,-0.5799610896851554,0.9373128176500006,0.9560426047331562
07340300,0.7977017403679075,0.16609024516236315,0.001686340589470809,-0.6839395555793408,-0.6491381917153015,0.6642145153838528,-0.7173658740548184,0.34750253400386416,-0.29752502691279503,1.0607559662739108,-1.0813163331807125,-0.455193183532494,0.5825754850322159,-1.4713889192060845,0.2730065504956174,0.213663596334955,-0.08763217765608736,-0.9567682035848213,0.3693239800091501,-0.2040810284791785,0.4252058530582392,-0.025614491941749546,-0.46205311814606886,0.3870525592880262,-0.3439499559364078,-0.29841459198804116,-0.9534256617198024,-0.6087921170861722,-1.379780751670808,0.5657161951750764,-0.5581051700810286,-0.7208294124556572,-0.6022649947678149,0.7850211171345298,0.945758869249467,-0.10846742647487503,-0.15419534225054646,-0.5838681799918696,-0.9342585421894752,0.09585311972726954,-0.530169836694142,-0.5426806634730269,-0.3303198915339652,-0.3251435694330115,0.8575721359997956,1.489187583334303,1.4521830424818405,0.9656653928915567,0.22679394719103832,-1.2827727887156648,1.4752746684227422,1.3229380969263387
07346045,0.2299298387140022,0.6395886316559525,-0.18082277430844343,-0.7905768477283918,-0.2912816093527753,1.071235464993502,-0.13994003871363686,0.6365496924324672,0.033594209768132,-0.1325048355613301,0.5970336799891313,-0.455193183532494,1.0166993544345129,-0.6635455439213553,-0.3845365989358576,-0.5818798324674698,1.7698715598496906,0.004833903382048327,1.096792846312457,-0.6373541077625079,-0.32305625803143134,-0.23886318941785636,-0.12082922641657476,0.304974354250964,0.4128316706029473,0.1632829844218446,-0.6924878211156456,-0.5677447703105064,0.7658035338928376,-1.280492887119406,0.6626169261130883,0.4278152182150162,1.4219875312352936,-0.8737326299047335,-0.6187183436988056,-0.10846742647487503,-0.15419534225054646,-0.2902880304639912,-1.2418319740553807,0.0883495042084111,-0.8341913703422857,-0.8223620318887739,0.098282499927245,0.09069918687566175,0.569622137961533,0.39456354270629934,0.3963493090530143,0.29580632030726867,-0.011356513264319017,0.6027922778698641,-0.37801740993474325,-0.24562763948248176
07359610,0.7251811092956729,0.23551119627795059,-0.07389279909505322,-0.725205187466078,-0.6090050200824259,0.6202122505611881,-0.8177231218808612,0.4357829469229441,-0.2351783047919069,-0.09665213640195923,0.546605996440189,-0.455193183532494,0.2634513161338389,-1.8205988063483984,0.2639702131432834,0.24446870403663026,-0.03554217615317934,-0.4588028690094163,-0.30785855250472594,0.23783902836750231,0.17704430494188458,-0.38160223692202466,-0.504892651828296,-0.2963244959835139,-0.46366407245788144,-0.29841459198804116,-0.992193569466706,-0.6036557969299357,-1.2947254611037682,0.3227630705764151,-0.5041193272317929,-0.6834050496481449,-0.351919981054506,0.4651384015093416,0.9964234349840848,-0.10846742647487503,-0.15419534225054646,-0.5838681799918696,-0.9336382602361368,0.13468799981480017,-0.5829181325807006,-0.4204471716085176,-0.2646305496024497,-0.27233201310673383,0.8205384922632811,1.046306965979809,1.1368808365045908,0.7511850932471472,0.38251071915301954,-1.432558767439852,1.0586646275253944,0.9149675272310026
07362100,0.39008280088250247,0.4813651590900299,-0.28619806199605535,-0.7835244069470639,-0.41330368707615306,0.6312128167668545,-0.29472390221286415,0.3973382509743131,-0.1510635724079989,1.0607559662739108,-1.0813163331807125,-0.455193183532494,1.345885997126983,0.747816272681857,-0.279273669905169,-0.46295367480243194,-0.03735203863405543,-0.9656142334760633,1.5006785787188426,-0.610018100890317,-0.06897639450465173,0.9512021223036431,0.034986690666010345,0.9208648853809198,-0.05581854959894873,-0.22186369849002927,-0.5075947226304147,-0.36334784922632796,0.7658035338928006,0.2293689023322191,-0.40709188538109775,1.0530698661597107,-0.19030278022436947,0.5500496099510029,0.595145718809331,-0.10846742647487503,-0.15419534225054646,-0.5838681799918696,-1.1269857141869433,0.18581817625022193,-0.8608199721972224,-0.8677258621206485,0.1195463396812839,0.11033830162025096,0.8876284265685614,1.2950160568220386,1.012892380366196,0.8306261050979136,-0.3693716261890837,1.0330762608124913,2.3017214394771637,1.886583259500222
07362587,0.6773380687700413,0.6709122909987166,-0.05257893839738076,-0.6934322202640301,-0.4980736842855588,0.7192173464121837,-0.6349074858908218,0.44575009031703455,-0.1895976863750967,1.0607559662739108,-1.0813163331807125,-0.455193183532494,0.9146371202372842,-1.1096831270112912,0.140415206345685,0.08095750343795713,-0.22242520360183127,-1.479016429556077,-0.1774548588933302,-0.6373541077625079,0.2542401085967287,1.0337500051976198,-0.2977914046021499,1.076509481599349,-0.07050766231773294,0.711100316016996,-1.2098902821993172,-0.6067735055994483,-1.8260295515503946,0.02360220745287849,-0.47263715173207627,-1.110929705747455,-0.10194754648123351,-0.11195513709028865,1.4339296505879287,-0.10846742647487503,-0.15419534225054646,-0.5838681799918696,-0.8539790784823628,0.17617190412175374,-0.6004245617027228,-0.42655890986789385,-0.42471747359762607,-0.431123437892422,0.9582070374577162,1.3771573005345343,1.1352648220464918,0.902496395005561,-0.20029289196612296,1.0330762608115402,2.3017214394757732,1.8865832594988325
07373000,0.6984944488036668,1.1285433507786564,-0.29966668873706515,-0.8574098243992332,-0.40938447510234655,0.5102065885045263,-0.41492976453031905,0.40872927199612935,-0.14851729860271923,1.0585059334133136,-1.0781516078537714,-0.455193183532494,0.4575133107342035,0.002874581614008511,-0.20943668135001395,-0.4769435058562203,-0.5356028693572487,-0.15286235935017498,-0.3432939798196562,0.12373078062945594,-0.3252707318443151,-0.4348527226463645,-0.5166987094517325,-0.9997228264450411,-0.6735735373029365,-0.29841459198804116,-1.0011400097159917,1.6630066585702226,0.7658035338928006,-0.33117360926662986,-0.16073606617530534,0.596971655525061,0.46916666831127773,0.05442308020593689,0.18516086716992858,-0.10846742647487503,-0.15419534225054646,-0.5838681799918696,-1.4802718135986364,0.2085547603770659,-0.8854129427589006,-0.8759882429551323,-0.388635340431129,-0.3940617731704263,0.7097059207909582,0.9909241082367081,0.48123980287195023,0.7513335813375666,-0.8773642919983794,1.030162178417173,2.300161536002417,1.8853420776622989
07375000,0.9600976786928299,1.6717391757658633,0.06615262430974075,-0.8711604602317735,-0.40776554539367477,0.3011958305968689,-0.3950898069226074,0.141040277983433,-0.30798104601846255,1.0607559662739108,-1.0813163331807125,-0.455193183532494,0.5552630561625352,0.08409796445513738,0.03180761784707581,-0.22538249563269971,-1.1090790644347739,-0.15691407897131904,0.4098111856256952,0.6366379253687354,0.039443593366863934,-0.3403282954750363,-0.4307781599615671,-1.175473269936047,-0.589309665331156,-0.29841459198804116,-0.5761840978749363,2.148933980169883,0.7658035338928376,-0.2647162695902348,-0.037999180333333306,0.7176575468231774,0.44510199083562046,0.30532237931840167,-0.11452230097589206,-0.10846742647487503,-0.15419534225054646,-0.5838681799918696,-1.65699839972854,0.3417633640703036,-0.897448612780291,-0.8994498561982597,-0.31920323366863185,-0.32445930009855134,0.2942850475726629,0.5136179775269756,0.1308535731768537,0.32653660149816205,-0.833880739688633,1.0280774488360662,-0.6077530779874399,-0.4295048562805088
07376000,0.942743002512383,2.0680051088843463,-0.004545923150569498,-0.8677342088427603,-0.3228883536534666,0.10318563889487702,-0.4759480800487151,-0.01843401632200416,-0.37001323381903556,1.0607559662739108,-1.0813163331807125,-0.455193183532494,1.0526367608419878,0.783108761276027,-0.027530940178324494,-0.3033016040151942,-1.0632975655571177,-0.16292603360474892,1.1430807128361398,0.5326828657447452,0.25340966186836716,-0.15975480164446187,-0.29862417193621693,-1.1918889109434596,-0.3469919480813413,-0.29841459198804116,-0.6731038672421945,1.9982042165552678,0.7658035338928006,0.12407145371294669,-0.2600032167147479,0.9071035433444815,0.010063911238284089,0.7157902632921221,0.025915741231904935,-0.10846742647487503,-0.15419534225054646,-0.5838681799918696,-1.6785488767575618,0.3153267808067155,-0.8841533958961969,-0.9044890320366183,-0.08285086617872638,-0.09252123799583613,0.8417389115037498,0.975435120197804,0.39001676304021826,0.587365487098752,-0.9908789553428872,0.29607642865548833,-0.3209239487761845,0.016477360652428028
08013000,0.7531857973170605,0.7789398488466842,-0.2192234351938654,-0.8574942346890002,-0.5057010157068028,0.2131913009515389,-0.6067919176088382,-0.09532340821926787,-0.3342567136638446,0.3286844924366952,-0.05164020046415798,-0.455193183532494,0.6673877641538569,-0.042634153678472564,-0.011984440500884541,-0.1955342674037608,0.03413622087566741,-0.8743387073539841,0.5217414157059568,-0.45494304770521526,0.2972885843257293,1.2212024892693591,0.37147566220008765,0.9372805263883321,0.10820293911834399,-0.29841459198804116,-1.244184969821577,2.050305062781421,0.7658035338928006,0.20104063524037402,-0.43267981368161623,0.6986455836870408,-0.30096286425359303,0.3570251424775189,0.3129222871960732,-0.10846742647487503,-0.15419534225054646,-0.18136831102557466,-1.5840240522768534,0.19219310391773084,-0.8695604640626506,-0.883438031484496,0.2944104278050615,0.28780384593526415,0.7376153334619547,1.0654581284047753,0.4090575062930041,0.6327317784378195,-1.0888422326028369,-0.20674154199524436,1.6380490252271176,1.3585133114422254
08014500,0.8611543808605442,0.8701377637994357,-0.11457968416241199,-0.8626129516859998,-0.5285464503284495,0.07018394027787876,-0.6906601881442491,-0.0383683031101834,-0.355749374455485,0.4237054691176243,-0.1852894892186186,-0.455193183532494,0.64870031282197,-0.03022268041688695,-0.04593172803662532,-0.29561344880280627,-0.23561373473064592,0.006042649729829968,0.36749324540719724,0.2458301788730074,-0.04534474591753601,-0.3919207222837718,-0.2342299536624047,-0.8453364896758633,-0.3390518706668677,-0.29841459198804116,-1.1308633933306296,2.077699018762224,0.7658035338928006,0.2652614521024351,-0.35068164978455607,1.0110030515669068,-0.1191626720437977,0.9529356630333043,-0.10816103411824685,-0.10846742647487503,-0.15419534225054646,-0.5838681799918696,-1.6411111161372818,0.17865871801062694,-0.8924613161118078,-0.9106202945822498,0.3011438791336408,0.30233141026687804,0.48079506494134194,0.9568532732013068,0.21492152646101248,0.5957553054772479,-1.1981603917020702,-0.14427099328237616,1.6714894063783252,1.3851211076356928
08023080,0.5428410268606927,0.782569186598039,-0.3206227914847768,-0.8382194300021735,-0.41559278224126533,0.6752150815895192,-0.4007175278119308,0.4329351916674909,-0.15353832890750874,1.0607559662739108,-1.0813163331807125,-0.455193183532494,1.2984486206691161,0.7084710581247206,-0.2646704233285518,-0.5030417802674804,-1.5127200306728752,-1.9545158372526974,1.092185540043708,-0.6373541077625079,0.20032269310022957,1.3897377501778954,-0.19268842036997555,1.7227993479282169,-0.014718209972953545,0.9539101813309958,-1.022015036964324,-0.15962023570260608,0.7658035338928006,0.3168156378435894,-0.5109175342455284,1.0564421441883682,-0.31515860980581645,0.5404863188248238,0.8005292466971974,-0.10846742647487503,-0.15419534225054646,-0.5838681799918696,-1.3951914059802284,0.11445981650294883,-0.8556927258773277,-0.8787086975801868,-0.35547926203045443,-0.3562690514671698,0.5994100687930775,0.6383223547165522,0.372652585785847,0.3459147990019053,-0.5775491295078534,0.2407213059139764,-0.18420141895332476,-0.09141240001681333
08025500,0.5232637563928387,0.7748058087809135,-0.3721699653853097,-0.8599606056271586,-0.40835377505111387,0.7412184788235164,-0.6083622020075532,0.5055529506815722,-0.16317931691017504,0.04652899766792697,0.3324439928157361,-0.455193183532494,0.9563245116699549,0.28816960304869815,-0.2656947122178355,-0.49674292591741603,-0.5379482496755784,-1.2926418561040742,0.49553054946024294,-0.5401979245575108,0.0201606583400818,0.49546901882647926,-0.35716437036695525,0.9634239546593965,-0.1913013115739001,-0.29841459198804116,-1.1591937874533662,-0.2786545684248461,0.7658035338928006,0.29047964940671395,-0.5733292040317394,0.9126638106617464,-0.46300334212120137,0.259269594149244,0.9584003355686352,-0.10846742647487503,-0.15419534225054646,-0.3061584374359441,-1.5242791858671323,0.14026236090796446,-0.8441914090704177,-0.8347474326511427,-0.24066392833781183,-0.2487568875750367,0.7848466472128721,1.04713813962655,0.41966911323488365,0.6296348293109141,-1.1214864546956251,-0.38760757790693473,1.5412317360755354,1.2814778648036997
08029500,0.6706848443856746,1.4153806905790163,-0.20313423044408804,-0.8634640128670668,-0.33565677666446464,0.4882054560931936,-0.7862706201578842,0.44290233506157967,-0.2098133023814625,1.0607559662739108,-1.0813163331807125,-0.455193183532494,0.7981999234770656,0.2880007394669068,-0.2237160107332147,-0.48821403389126145,-0.4926657925994189,-0.06690952088107291,0.19958751126581953,0.1793480435647924,-0.28393638649535846,-0.4280354210498866,-0.49670422876408943,-1.0477960621006168,-0.6621456932942489,-0.29841459198804116,-1.0130685967150381,1.4710680677861685,0.7658035338928006,-1.1695777778521137,0.07818485426202432,0.6216477338856041,1.3454940882211852,-1.0362715867782992,0.28010573917035897,-0.10846742647487503,-0.15419534225054646,-0.5838681799918696,-1.618039700077162,0.12362007440908669,-0.8659981092994484,-0.8724617748605438,-0.26981871498040394,-0.24789716456507405,0.8881651460430037,0.6503783436053361,0.10697104685093854,0.37075216132284844,-1.0500976949471224,-0.3925188627076766,0.15477099341136835,0.17830069992108769
08050800,-0.31080599897913624,0.6386396107457155,0.2218648623804094,-0.7768863591528105,0.09400097802877651,1.2032422594614958,-0.2243754717753521,1.1306352292537756,0.3453628841374245,1.007990749499291,-1.0071007868957835,-0.455193183532494,0.9189496090061811,-1.0898416561509339,-0.6426959075743985,-0.8960206191071045,-1.7568536950195022,-2.2800935480451208,2.8567241519533386,-0.6373541077625079,-0.7795453943449667,4.394136738006594,1.096842113092212,1.912491199569427,0.08304302459472579,3.7575866556956945,0.24539733168443784,-0.4801230723511599,0.7658035338928006,-0.7404387696784986,-0.21094473181683684,0.01554908125844989,0.18880416365533848,-1.4486648503951916,0.9614519388567875,-0.10846742647487503,-0.15419534225054646,0.4366124867525011,-1.0926896912622155,-0.07138203045288968,-0.6747251039066549,-0.8583045451205181,-0.4064090666693074,-0.4087297004424423,-1.3730339997821612,-0.8693461818877786,-0.7096963674527452,-0.6632740360549507,-0.0796242341666919,1.0330762608120243,-1.9017117801929684,-1.0904621917742594
08066200,0.3949375679679342,1.98036238402855,-0.14065137761559074,-0.8622444288292099,-0.06130876837559678,0.7632196112348483,-0.4304053768057134,0.5924094859729264,0.0005904308879735677,0.6761430509432801,-0.5403490186442365,-0.455193183532494,1.2078863565222795,0.5159665748837944,-0.3688968448327917,-0.6205282851382948,-1.3837676075790128,-1.9398651562653824,1.361947989048125,-0.599964168010157,-0.34283719218441433,0.557379930996962,-0.41442553925214787,1.4656209721454219,-0.2896716274445888,-0.2697080069262868,-1.4141673345579997,1.3027777320728677,0.7658035338928006,-0.2903089979712517,-0.5019951916781795,0.583209646433313,-0.1571365802903811,-1.048056675793993,1.808091885067303,-0.10846742647487503,-0.15419534225054646,-0.03524515427140813,-1.6377389331339882,0.051256997443317916,-0.8557563393552421,-0.8321326638364694,-0.25176883497918606,-0.25335962232905446,0.5529838342538236,0.6763972656849766,0.1628729371181496,0.398624370445038,-0.9762895284067789,0.48231765755157496,-0.31352754542331335,-0.19431443334111803
08066300,0.5094341729861446,2.529051154081361,-0.11101480037875795,-0.8650366868117946,-0.004106931840077278,0.33419752921386714,-0.5905190910777974,0.35889355502568043,-0.18525246996345499,1.0607559662739108,-1.0813163331807125,-0.455193183532494,0.8585747662416231,0.33925083654025917,-0.3672409622917445,-0.659987793279764,-0.2611617744560383,-0.39544892951401744,0.8576489720305147,-0.258751683516579,-0.2647401142611637,-0.06344893826815565,-0.28775523185302593,-0.03671417338480607,-0.32897384715985545,-0.29841459198804116,-1.0891133388339642,2.060385208840388,0.7658035338928006,-1.0835778279959054,0.35619628634170075,0.1316565597663924,0.995547486598221,-1.0595627929141378,-0.0002931341362153877,-0.10846742647487503,-0.15419534225054646,-0.09652757322425153,-1.682852442879646,0.06230333592291287,-0.8803493099169202,-0.8812937555244718,-0.24034076967893583,-0.24404888061571736,0.4979700881234936,1.220029133212798,0.42071572207120356,0.6680639265951563,-1.2520034998147076,-1.0523545781319517,0.3628122335256469,0.6375520946887524
08070000,0.2737139756108337,1.6055071657875382,-0.09252711547216139,-0.8619490097259673,-0.07640044398061,0.5652094195328572,-0.3434895879592443,0.5682035663015664,-0.015130882209726443,1.0607559662739108,-1.0813163331807125,-0.455193183532494,0.8068249010148594,0.29576846422926134,-0.44975521284322756,-0.718561309077118,-0.9398837930085944,-1.2433712505418537,1.5063326510327846,-0.4646904073511084,-0.28764320514261527,0.4077618932516289,-0.2670989125886844,0.8320988266000972,-0.13070391607435045,-0.29841459198804116,-1.4022387475589524,1.5734610462628547,0.7658035338928006,-0.9002342866760823,-0.13728567931446656,0.3778180704521093,0.6505763238434604,-1.2135903406052733,0.6749990183470608,-0.10846742647487503,-0.15419534225054646,-0.02363808772961204,-1.7106575896363032,0.04229657279610684,-0.8584662735143924,-0.8612244870181799,0.028462602774096603,0.021418378875541648,0.511656434721771,0.6530350862690054,0.1779283755107263,0.43956539205015394,-0.9535607216608809,-1.536135496659621,0.7669470814728838,0.6653961224275726
08070200,0.29706480354133,2.2314742690016236,-0.07244847517740627,-0.8615832169588513,0.062428754707345845,0.5212071547101926,-0.3456150808158966,0.4699560099883945,-0.05962568945425878,1.0607559662739108,-1.0813163331807125,-0.455193183532494,0.8858871951113042,0.3618785565001573,-0.458552064631976,-0.7428223547338828,-0.7293990527835242,-1.0118687264360482,1.5086414573826006,-0.46305189363304794,-0.29786993874905915,0.45075558225890855,-0.17896228436950531,0.6873979910532763,-0.14244269921923514,-0.29841459198804116,-1.2859350243182424,1.7049998162456648,0.7658035338928006,-0.8336291712329637,-0.11195798360762507,0.34887996312164893,0.597160439282334,-1.0312331331023934,0.4592147014465546,-0.10846742647487503,-0.15419534225054646,0.002421501236829739,-1.747357925271808,0.041045764619857955,-0.875756416811506,-0.8818478632572135,0.11560380404299704,0.11573642636988046,0.4652302001825169,0.6501307377142045,0.18718886861468365,0.4292426940981517,-0.9114169401930152,-1.3804576702034863,0.683612999081495,0.5990889750834734
08079600,-1.336674965137667,1.4296048549509444,1.1566276105809312,-0.6979394593368252,2.5226572877423576,0.9282281043198412,0.3507076883776982,1.535016475528275,1.0526748684477831,0.3814019422108477,-0.16983887796510433,-0.4425729802345308,1.1360115437073295,0.3574881033736096,-0.954029632553075,-1.5913818984729573,-2.4182075994350565,-2.779180222349068,0.19076139579622425,-0.6373541077625079,-1.0133910183280472,4.6417803866885246,0.7515237012102229,2.5247338104755137,0.05738206716321631,4.594862053330197,1.7454171468146198,1.8590447213219468,0.7658035338928006,-0.522106893544606,-0.26792939603456073,0.7769193690631903,0.530221909814551,-0.643587630315804,1.0981741554533013,-0.10846742647487503,-0.15419534225054646,-0.5838681799918696,-1.1918042181221216,-0.3335336612383113,0.245889148469462,-0.871046264107044,1.5020014555167478,1.5815232191652642,-1.716266103687975,-1.6100054480726658,-1.4264670543827929,-2.2131922364257304,-0.9037601637930106,0.39350741945172274,-1.6008025910110337,-0.495729381885366
08082700,-1.0142299151196885,1.5576909073120326,0.7941538916966164,-0.8106846190602048,1.5307087895707407,1.2142428256671622,0.31810359923029863,1.6617415843959875,1.3205688292703337,-0.5089988559285608,1.1265815735174036,-0.455193183532494,1.1733864463711032,-0.26840476253208556,-0.9224018570827519,-1.493934199231806,-2.438087103200324,-2.7665901117049234,1.8585253113825733,-0.6373541077625079,-1.0069978839072642,2.648592964311042,0.7115711536414457,2.665178739094487,1.0816141337080416,5.981150890270766,1.7588368071885474,-0.36832877999885866,0.7658035338928006,0.3325816086947683,-0.7365570354043344,1.1968536421485634,-0.7155135189597269,-0.6812072427223123,3.2691246393718063,-0.10846742647487503,-0.15419534225054646,-0.5838681799918696,-1.1359519570356778,-0.22667529310418671,-0.38876979798617944,-0.8945836400696616,-0.30352122529517794,-0.31069203502744863,-1.716266103687975,-1.563657444693255,-1.4759866003208477,-2.0304634586017882,-1.3531127902128037,0.9672171246546563,-1.87820892259823,-1.0904621917741602
08086212,-0.9567947788113114,0.853827919148263,0.6569032126191098,-0.808795210159458,1.060236349437214,0.9942315015538384,0.39708689790708895,1.4410405520982852,0.9870970659966681,-1.337522653876222,1.3456964963959412,-0.43629760540235046,0.24476386480195197,-1.6332446623520744,-0.9101811932484515,-1.458613698939849,-2.1386897405786085,-2.257269628288454,1.5464671582175005,-0.6373541077625079,-0.9896865892868955,1.9882099011592271,0.6307552395584783,2.276067248548414,1.0980629633398562,2.065094244763085,1.092327008616787,-0.5876336501541002,0.7009211742153001,0.576428974533556,-0.7693387360623617,1.1205124057281155,-0.9543976520669676,-0.30271697682874726,2.94497224324926,-0.10846742647487503,-0.15419534225054646,-0.5045829076509478,-1.2504775138508413,-0.2066642125921573,-0.3203853092282797,-0.7627393182960452,0.4654671193660821,0.4573622779409608,-1.7060684336735723,-1.287710040136863,-1.1360750967676667,-1.3682861347034438,-0.5620433272080183,1.03307626081216,-1.9017117801928713,-1.090462191774127
08086290,-0.8788108362788793,1.4187088250675406,0.5919377407542944,-0.810301682481015,1.1612852005847139,1.038233766376503,0.5624205601734203,1.4652464717696467,1.060430179497255,0.5095491797537351,-0.36119422454417627,-0.43802045936540934,0.9146371202372842,-0.9403973862665294,-0.9019158354903489,-1.4424924237053827,-2.3835604799205425,-2.6307995649685516,0.9485674057312434,-0.6373541077625079,-0.9889988348753489,2.4748984607216324,0.38572322274166343,2.5174379700277743,0.6905061430665412,2.487320266713053,1.3502827024711823,-0.5893891307974054,-0.10652141717564356,0.16341960058934643,-0.6829171299795849,0.3413294871033614,-0.4530159943603746,-0.6250994203542678,2.6160936825526235,-0.10846742647487503,-0.15419534225054646,-0.5414775691254999,-1.2666931820056317,-0.198268748639938,-0.3611233804846137,-0.8117942997326607,-0.035041011501021395,-0.04369248010346713,-1.6985543610313807,-1.2664132184615209,-1.1199649555839855,-1.3296489766400406,-0.603633601961869,1.0330762608122959,-1.9017117801927745,-1.090462191773995
08101000,-0.6106174687427637,0.9271163142388099,0.27762189993699016,-0.8285046464119283,0.522044054811688,1.1152377298161666,0.45300917624215836,1.097886043816051,0.5731416718388236,0.8260262224869546,-0.7682505537350567,-0.44577792189182874,0.5955129513389071,-1.0868865434696033,-0.7904071602607401,-1.1689895963941226,-0.9725911387773175,-1.0700035464631727,2.0474742543522346,-0.6373541077625079,-0.8391453621704178,1.1833680429429527,0.10468954974428459,1.4109021687873804,0.4463784976791115,0.3726018338304707,0.4511654574180017,-0.5998513160745734,-0.24802374198902633,0.6447422685502862,-0.6555508875073753,-0.2987199239826208,-1.163905462192159,0.003780532358852908,0.7744125095779585,-0.10846742647487503,-0.15419534225054646,0.6469955211871236,-1.5285501055706203,-0.1292220402953183,-0.47225612640094006,-0.7398568548049868,0.22590666773533516,0.22014306020561783,-1.6982860012941596,-1.3002903545490496,-1.2200236296230176,-1.3883534925123018,-0.8470592123878751,0.7825819621536291,-1.8277406085898456,-0.9570308595246263
08103900,-0.5762526670246886,0.9692101053850819,0.20590103713347538,-0.8279896628070462,0.4931880940828696,1.1372388622274994,0.14366078758248996,1.2473931947273977,0.587461925864219,1.0607559662739108,-1.0813163331807125,-0.455193183532494,1.4738231639375936,0.2450249579012801,-0.7539547021962175,-1.080088269379448,-0.8453616776097505,-0.5270335822941792,1.2448114163338897,-0.6373541077625079,-0.7532360105105749,2.963306767844329,1.4718863748271585,1.4832525865607906,1.0499044784515055,3.0698247219244914,0.37362964192419523,-0.6034519429782095,-1.0855058049704391,0.6438888410922121,-0.5339915115902002,-0.5453514652518376,-0.6186526391281437,-0.39682258100349577,0.5165420338734847,-0.10846742647487503,-0.15419534225054646,-0.5838681799918696,-1.6002416408092084,-0.13859385007741992,-0.47894826427752707,-0.7684518697897045,-0.41518135535479517,-0.4221519066183899,-1.6623257965065297,-1.3957054403910278,-1.3233645310017017,-1.6552279748653729,-1.1344150793440626,-0.076479774383855,-1.5717431657375234,-0.4828488600957763
08104900,-0.5228084947817477,1.0176204577583534,0.23750041398332714,-0.8276189085558945,0.4444148846755561,1.2912467891068258,-0.08630495230334533,1.1961336001292213,0.5631520840066183,-0.7869676806013913,1.2889694442502766,0.850860209061429,-0.06861031907122916,-0.33620349062088495,-0.7168933451111272,-1.0001485264174446,0.23365276479870034,-0.4699385614449734,1.7483954562128292,-0.6333804854221232,-0.7683417797684265,0.9288454040198577,0.11944290670299289,1.0382063192487199,0.5483987846287672,-0.23860920644271966,0.3229331471782443,-0.5987461197264372,-0.8656267372263684,0.5965200332563689,-0.6593375805671423,-0.6696834382993849,-0.9705895374464214,-0.6346763360415085,0.8466697602602531,-0.10846742647487503,-0.15419534225054646,0.30995075390097726,-1.6551298723582637,-0.1172628832255618,-0.562320088432042,-0.7157420268543223,-0.26440140073524676,-0.2691270593008866,-1.64568749279882,-1.2383697552927904,-1.2151811643490475,-1.2972907321869693,-0.9910323150554409,-1.3830557342772705,-1.3268889130484534,-0.7964358795987437
08109700,-0.43951167839372934,1.0875427565372995,-0.05552248292144322,-0.8483946697707492,0.37206605995674513,1.093236597404834,0.5932243204372369,1.1107009424655947,0.557606530019904,-1.1935950501616852,2.087678331371253,-0.455193183532494,1.1590114838081134,-0.16742434062149425,-0.7762575719140814,-1.1784198491139393,-1.4276871786267964,-1.503982838524451,1.4810596563864247,-0.6373541077625079,-0.8041063231244762,0.2667425933077518,-0.16269369948105913,1.1829071547955408,-0.033020172225626344,0.36901351069775146,-0.8952738000994477,-0.410287345850994,0.7658035338928006,-1.1849450201491576,0.05216998684457819,0.5982782145572624,1.2314558967753673,-1.2808660198077095,0.2901524005062068,-0.10846742647487503,-0.15419534225054646,-0.2965425961653712,-1.7101237246733676,-0.06875891054480955,-0.7841911767016261,-0.8477446651230077,-0.10722290466995414,-0.1090197319489291,-1.6405886577916189,-1.1517560659621369,-1.0487008490454055,-0.9501874785861955,-0.5114944385012999,-2.687378082998049,-0.6906268301644761,-0.9503608479870987
08150800,-0.816986804176761,1.0143571223011543,0.47611232861418956,-0.8331556639556514,0.8689084330046538,0.9282281043198412,-0.00685887926931919,1.3869332022446557,0.8558354153851179,0.13433729080378368,-0.5279245680327318,2.660266860957607,-0.6134214002085487,1.5561662387119573,-0.9063345512606744,-1.4653829145465,-1.06660729375892,-1.0334297974017954,1.4615995467579272,-0.6357261332967041,-0.9779791651244709,-0.011856511459420122,-0.08599183486064976,0.9549121408037013,-0.19036856993747464,-0.17043106692105256,-0.11395135166185848,-0.5510172415442708,-1.4734689888424977,-0.09088771843124147,-0.5706931105482417,-2.0338163993617915,-1.0096813570289,-1.544920273411633,-0.22616365173272301,-0.10846742647487503,-0.15419534225054646,2.280903836486245,-1.6517173614261154,-0.20390416989555238,-0.249074600486321,-0.6695683631838636,-0.13813449929443564,-0.14384143808034183,-1.6126792451206222,-1.2482894336052508,-1.2224366033906602,-1.3094510575334815,-0.9720390637417804,-1.5022342437372478,-1.161400962399122,0.2000996825067907
08155200,-0.5340243461290554,1.061775336631829,0.15356881576088105,-0.842272028649764,0.47396265196263987,0.9502292367311738,0.2565287371474917,1.1050054319546867,0.45818554993914745,1.0607559662739108,-1.0813163331807125,3.378250725317895,-0.9541080129514108,1.760997763423574,-0.6770392881594034,-0.8907073466743974,-0.30199169097453427,-0.2411485499116399,1.2697562021725752,-0.6373541077625079,-0.6472095725333261,2.5213316448494942,1.7429791864782633,1.3282159770463398,1.6413065182104063,0.48862428178839534,0.04112027932575524,-0.6066748214925857,-1.0864260117238957,0.6436214600758442,-0.53446734298977,-0.547951022596357,-0.6200978161810035,-0.39866050843872775,0.5158987087633365,-0.10846742647487503,-0.15419534225054646,-0.5792526452242015,-1.7183928704661817,-0.1317230398784982,-0.5370146469177234,-0.7024988308197425,-0.3289626251666862,-0.3313721749133532,-1.4801095349333886,-1.2301783650694085,-1.2815330658688744,-1.3087706566777328,-1.2752106462840027,-1.4216600339993644,-1.1905669159077734,-0.7243281977463992
08158700,-0.49219978035287243,1.0588284236998817,0.23495452286091878,-0.8418069933382755,0.4225156557179286,0.9502292367311738,0.1173772032900973,1.1306352292537756,0.5072112896161494,0.9152954118204357,-0.8767225653244302,3.265517321119737,-0.886545688905358,1.7311933412375888,-0.6932611891664713,-0.9502726595249522,-0.030327296142968394,-0.09850244735956308,0.9292560327232581,-0.6373541077625079,-0.6713692115033603,2.172222890110384,1.8011456071162077,1.2570815326808857,2.7185047821235933,0.8582215644584843,-0.29649012376569955,-0.6025970532197155,-1.091183939403755,0.6457855191022533,-0.5351194606706572,-0.5496881651847276,-0.6212203450898215,-0.4001785700686189,0.5200934531962248,-0.10846742647487503,-0.15419534225054646,-0.5838681799918696,-1.759360285050046,-0.1367941172084387,-0.4980323076518247,-0.6968338167187047,-0.2774922642257134,-0.2848009209791174,-1.6051651724784308,-1.2333089806496393,-1.240007394363116,-1.2818932136868235,-1.1025624931300189,-1.2342164180635125,-1.299532352002039,-0.3650674970984054
08158810,-0.530870009258274,1.0626068460897522,0.14598569289540742,-0.8449016022884822,0.47037698809264106,0.9062269719085092,0.19858501498679965,1.133482984509229,0.4868648944163026,1.0607559662739108,-1.0813163331807125,3.378250725317895,-0.9541080129514108,1.760997763423574,-0.6470222874644135,-0.812922661253101,-0.26836465985585234,-0.31635086132402324,1.4451971498143736,-0.6373541077625079,-0.6187887056097086,1.9624136877548595,1.8059795905037246,1.2680252933524943,1.5803517975959023,1.603396668353196,0.32442422055312553,-0.6079577148818031,-1.0855058049704391,0.6438888410922121,-0.5339915115902002,-0.5453514652518376,-0.6186526391281437,-0.39682258100349577,0.5165420338734847,-0.10846742647487503,-0.15419534225054646,-0.5838681799918696,-1.7454375477072899,-0.13261365477322423,-0.5742666995843523,-0.7544569887343008,-0.4470330478960068,-0.4528679967430422,-1.5692049676908006,-1.2351502721826417,-1.230697082225446,-1.334972081437537,-1.1288462928765275,0.01957907315707578,-0.39362879428459324,1.4301818563490876
08164000,-0.230226765125941,3.525474220706787,0.2590308868976222,-0.8668711566653761,0.9113815246699194,0.6202122505611881,0.8018140022595373,0.7234062277238213,0.4185682142977262,0.3957009927350882,-0.1459005197383878,-0.455193183532494,1.1460740175014226,0.37927150542455673,-0.5736029812543445,-0.7697774671083851,-1.5045761831970634,-1.861591207840575,1.722524351660637,-0.6241071783607062,-0.5719364512506239,0.4593543200603645,-0.29836659506312196,1.5367554165108757,0.19890736956444313,-0.28884573030078997,0.009807738453256082,1.7498112013996132,0.7658035338927637,-0.6241474115460686,-0.35164036073263155,1.0320272035099443,0.5509784044439294,-1.058380155839507,1.5764529375152663,-0.10846742647487503,-0.15419534225054646,-0.5580967574168472,-1.9750206059229878,-0.055292986031967604,-0.8731991549993501,-0.8949904667734785,0.7822683660801656,0.7676871938023805,-1.5176798981443456,-1.0938117623212262,-1.0683448821261565,-0.8297198005227214,-0.7334184724858346,-1.0060955437511503,-0.1902983117353336,-0.9471141000714458
08164300,-0.2890313689188314,3.480521896883299,0.07745496335360226,-0.8631554711013615,0.9736383642991719,0.9942315015538384,0.656424396465295,0.9441072600215237,0.5063072658283136,0.1703591528179896,0.17104819709778327,-0.455193183532494,1.2610737180053424,0.4075561553744298,-0.673188356775832,-0.9750322299898612,-1.5515838435814882,-1.9986308291959822,1.425797276363319,-0.6348257190887143,-0.7998424558963493,0.34069173840027267,-0.3588787618924267,1.62856140881159,0.24576885981254756,-0.1943532211391813,-0.6954699678654079,1.2757084462228112,0.7658035338928006,-0.2898373149215761,-0.4655058139592116,0.9871438689008364,0.15429575437942813,-0.7936985230494347,1.9034022947898213,-0.10846742647487503,-0.15419534225054646,-0.5762809542379501,-1.8776709060448744,-0.06308833343808694,-0.8355018079873209,-0.8582979662849323,0.04049585610824185,0.03351298557351971,-1.6835262157469981,-1.0821712343689003,-1.0572355454827014,-0.7942026968983509,-0.7719556743057833,0.2926976879750771,0.027889598050390985,-1.0892182472845995
08164600,-0.10998829643771565,1.7840237611063874,0.4300485956526257,-0.8692433827297028,0.2615964672555207,0.8952264057028428,0.9863967759025388,0.9412595047660688,0.46870178059391737,1.0607559662739108,-1.0813163331807125,-0.455193183532494,1.2840736581061263,0.6959751530722385,-0.5639134859644338,-0.7977734920999764,-1.9954030693294071,-2.3105024001360315,1.9977119194956487,-0.6373541077625079,-0.6435168063862999,1.2040050136664473,0.049216791791625095,2.114950771994181,0.3997186029030223,0.3403069256359971,0.2603080654332468,2.3686345978880974,0.7658035338928006,-1.131420853150482,0.08486662294422916,0.6200757958540714,1.1882764403403203,-1.3650564248333965,1.0308768017543397,-0.10846742647487503,-0.15419534225054646,-0.5838681799918696,-1.9881943960155817,-0.06348244903208229,-0.9188736321418356,-0.9408954592874258,-0.3165180789939715,-0.31816051314800864,-1.5624959742602726,-1.124560414441517,-1.1029326238020158,-0.8880462853486438,-0.7395275661933967,-0.11955243268858157,-0.014990434426390458,-0.5188730599576211
08165300,-0.7294495884692215,1.0056503722141479,0.6586664918838416,-0.8460340906908173,0.7221612954912594,1.016232633965171,0.06709139483012769,1.5236254545064571,1.0445089526440412,1.0607559662739108,-1.0813163331807125,3.378250725317895,-0.9541080129514108,1.760997763423574,-0.8373381193555351,-1.271369056572688,-0.7791429509633537,1.322702360917751,-0.19454371382879604,-0.36672477648711316,-0.9558287086306104,-0.8218576123565678,-0.5270036665594888,-1.3043664511794337,-0.867380442838032,-0.29841459198804116,-0.4852286220072013,-0.5965767992705265,-1.911354275550864,0.42364427268174604,-0.7680758592337332,-2.6007154377810835,-1.727505007805155,-1.8156316128942414,0.18299790092594997,-0.10846742647487503,-0.15419534225054646,2.9307015393163676,-1.7629878782694204,-0.221858941502447,-0.11477382591359717,-0.7617781716389836,-0.20954081168206604,-0.21528032628914373,-1.3228507289218117,-1.329858040841397,-1.351172425005223,-1.4341831789047224,-1.22125275407505,-1.1556830480767317,-1.341128981471817,-0.5387049524416999
08171300,-0.494412668988381,3.4013809677363938,0.3021067628762066,-0.8524093628232979,1.2501426507245632,0.8732252732915102,0.42461548289816636,1.0964621661883236,0.5439831310907802,0.2526169761872915,-0.08910143943557215,2.7519348161009707,-0.6076714151833528,1.5346361320336963,-0.6920412314672262,-0.9462553849557884,0.02315144391170095,-0.09035579003756168,1.133294229209798,-0.6373541077625079,-0.7256584787410952,0.2787808262297901,0.30229834397192007,0.6819261107174719,1.261696862372421,1.1931317235122922,-0.1721032132822131,-0.5925943055074713,-1.1542100707345975,0.6571568166794287,-0.5895872084963156,-0.693049518627604,-0.7608912262952502,-0.5187177802261819,0.6329622366973283,-0.10846742647487503,-0.15419534225054646,-0.3063728537557104,-1.7792573169960175,-0.13076273005087535,-0.48370655242551863,-0.6836914254229426,0.1614923336033849,0.15547668387121566,-1.5635694132091573,-1.1956784162784697,-1.219399193690822,-1.2166979148497297,-1.0373740207786575,-1.7717505765156272,-1.1894340027620594,-0.42702514230041483
08175000,-0.5965598025161811,1.1837173209619913,0.36134529562339,-0.8626938620127768,0.5994341876922932,1.016232633965171,0.8942114711348216,1.2160678869174022,0.809753275362622,-0.9406615164006125,1.733725486041759,-0.455193183532494,1.1877614089340933,0.08072069281933053,-0.8038574327018976,-1.2098437329961846,-1.992427092544932,-2.1675937630852546,1.0488381638978164,-0.6312890365924231,-0.8215979030696166,0.9340046467007312,-0.06115406495503653,2.1210306390339633,0.46806084126238134,-0.2493741758408772,0.5093173190383563,-0.2371505801730799,0.7658035338928376,-0.6802359622295999,-0.31974103769090717,0.816564490769633,0.6336360212698914,-1.0762430698027823,1.514221730797204,-0.10846742647487503,-0.15419534225054646,-0.5838681799918696,-1.9259991278335353,-0.10235618558662751,-0.8220793641473982,-0.8661165940481165,0.36960063430753054,0.36096218016399134,-1.527609208421527,-1.1266654989684914,-0.9928875054844578,-0.8655124077416476,-0.3761117808895713,-1.1577063947755353,-0.4383516689895524,-0.9070384492806167
08176900,-0.5427934026298277,1.9698417297289565,0.4514771182145238,-0.8648028197767283,0.8134015449627773,1.0822360311991683,1.2599357165950202,1.2203395198005829,0.9525824056338569,0.5254467907349096,-0.32839110473608285,-0.455193183532494,1.295573628156518,0.5435757705065063,-0.8141514000141978,-1.2508661668957315,-1.5922027978557602,-1.9154491079660876,1.104147852443604,-0.6373541077625079,-0.9107264207162972,0.5023480090676441,-0.08399983326420991,1.6717284647940445,1.2808305287259925,0.22189226225625966,0.6867550506491834,1.6401602243185287,0.7658035338928376,-1.1585508827523354,0.20456707695636683,0.5482782162742741,1.2669152516594286,-1.245413738569886,0.7103685806607646,-0.10846742647487503,-0.15419534225054646,-0.5838681799918696,-1.993903678514894,-0.08859914595584253,-0.8536570945840692,-0.8717404373716163,0.07804101665765015,0.0686914475117877,-1.1932329758440103,-1.1160117441173785,-1.0633711864737985,-0.8232713577555716,-0.6004574934852825,-1.3405769112403916,-0.15490308787829488,-0.8285454224495723
08178880,-0.5543761276193312,1.0723420927165632,0.642852569767951,-0.8586817205960319,0.5032097698695376,0.6972162140008518,0.20505567560274635,1.3228587089969357,0.8165059855528519,0.9853528321645221,-0.9752600117705882,3.31981253204069,-0.9196081028002349,1.7455467456897629,-0.6544359269340717,-0.8213901129988747,-0.5579909065133698,0.12253871828536364,-0.20175113010527976,-0.5669274936926324,-0.7368396371436116,-0.34720728571620096,-0.08881224096714813,-0.0032749046660029493,0.5201187018316006,-0.2792768686135388,-0.28989800989780357,-0.581822185681825,-1.5641842871090594,0.5386845707215512,-0.7713302801596782,-2.085681609812408,-1.6890960599301361,-1.4542253975534383,0.40838803429144255,-0.10846742647487503,-0.15419534225054646,2.4825702265551306,-1.828330645279712,-0.2023104379786758,-0.27590676547058346,-0.5667409507544786,0.03405618537864073,0.025430419588700664,-0.537898497550033,-1.0954107062887402,-1.1031799489183856,-1.1401174481558505,-0.9007995027904584,-0.9446306632354629,-1.078864707021984,-0.6695695929627637
08189500,-0.6262940377079518,3.512765618604584,0.5334988411228339,-0.8656482302493267,1.524866866378813,0.5212071547101926,0.5327542226192162,1.089342778049688,0.71791333076206,0.9873184920514777,-0.9785856742740461,-0.455193183532494,1.338698515845488,0.7192783273592991,-0.8300874508226421,-1.2749773951681322,-1.831700889273498,-1.9585569367679845,0.5795172700276171,-0.6349950541131361,-0.9221416351419978,0.24954511770483992,-0.13580652184221587,1.8456126621318207,0.73254515617902,-0.27808076090263245,-0.24367473527649627,1.8677246690400755,0.7658035338928006,-0.8846735451833344,0.02927199610380084,0.3750037965985792,0.8625387093770128,-1.0688400293176759,0.8625448903226516,-0.10846742647487503,-0.15419534225054646,-0.4408376409100264,-2.103307588365488,-0.09185445441454153,-0.8805528730462462,-0.8949032441468385,0.5967694202733788,0.5897771668427606,-1.4355618185546823,-1.1527940076178504,-1.083624542745011,-0.937257506757626,-0.5812634741705462,-2.300885825186047,-0.053755768631429036,0.7577756241954586
08190000,-0.9502929625967373,1.1019340367970265,0.7892983672714704,-0.8554221911413193,1.1636378502648463,0.9392286705255075,0.18187047974811235,1.6119058674255387,1.282337407810554,0.6862262001390679,-0.5545312104664385,3.0879863600502278,-0.7801709659392323,1.6842492654998893,-0.7970922133051989,-1.0693826828015558,-0.4919709485379137,0.5908475041122988,-0.3841954874904165,-0.5031600687140731,-0.8798271340251674,-0.6051694197598786,-0.29184819496106357,-0.8270968885565162,0.1138982034181824,-0.29841459198804116,-0.2198175612784016,-0.5540203506689256,-1.6796880352040597,0.5457218156121172,-0.7497068331409965,-2.3260486151623208,-1.6754531605236225,-1.7684568871393904,0.05246169614123217,-0.10846742647487503,-0.15419534225054646,2.657377793215212,-1.8850336336272364,-0.2595003729602734,-0.24383284990618057,-0.6130572266028012,0.6867485421284082,0.6521275546605287,-0.9439267799655889,-1.269252365742386,-1.3339748582297766,-1.3663510073194458,-1.3186706291308068,-1.6506958845727318,-1.2587099370500816,-0.731607971019948
08190500,-1.0144822620693459,2.5568771457257653,0.8646943824265536,-0.8515694823786758,2.02454033884337,0.7962213098518474,0.25636365531799427,1.7258160776437077,1.4235468440381966,0.9508767473673309,-0.9328501576474912,3.293093216847547,-0.9037956439809459,1.7359215215277164,-0.9358091006883703,-1.5424537481592027,-2.212464188864509,-2.1416031098148056,0.13059648888876396,-0.6373541077625079,-1.0047357326627493,1.2985911294824624,2.548449430292967,2.3763850547048233,6.535423105993438,0.40370063431403863,-0.680559234116599,-0.562436363751808,-1.8260295515504203,0.1337420993368943,-0.627411395525636,-2.8151887944308562,-1.7348287493214989,-1.8950004285516633,-0.6938997450895087,-0.10846742647487503,-0.15419534225054646,3.4856975065591236,-1.876553246302325,-0.2742516447311528,-0.2150413898021569,-0.6982593018358347,0.5913638572521807,0.5805073643203742,-1.343782788425059,-1.4345755350586669,-1.4397104443082873,-1.652325265908315,-1.3828377159239835,0.2692973542948813,-1.6792891119471698,-0.7059744892836746
08194200,-1.3190951178329042,1.4989936902162044,0.9033485294754818,-0.8709371575866808,2.492207520781447,0.5982111181498555,0.79356586999885,1.9322783336641387,2.483899034817242,0.9958930467724172,-1.0076635688066433,-0.455193183532494,1.338698515845488,0.7253574163037487,-0.9213948067826356,-1.4380772413610805,-2.436431524824889,-2.763201720864165,-0.39579354937562705,-0.6373541077625079,-0.9997391915723958,3.687320490726917,1.2414518567233235,2.6189717495921405,1.2656795646800019,5.258701832883272,3.1380796789533765,-0.1909210687249133,0.7658035338928006,-0.028917037543679566,-0.624067808244301,1.0298175532177354,-0.30625561752710906,-0.9978007654027007,2.879349222701787,-0.10846742647487503,-0.15419534225054646,-0.53331251908081,-2.1660924124598413,-0.19595339662137906,-0.7610104253496459,-0.8737384934052295,0.25145382862247556,0.2487712515917894,-1.7141192257902058,-1.4062152540437585,-1.340107013074383,-1.6354014753031485,-0.9885522796991738,0.5565644525314793,-1.7316611262417518,-1.0904621917736306
08195000,-0.7417146207880069,1.0805526504495124,0.7793827241170048,-0.8522243835022157,0.7717781627358858,0.8952264057028428,0.046325288548195905,1.559222395199635,1.1658600746894796,0.6924896387424749,-0.5633408874845248,3.0928405884587553,-0.7830459584518301,1.6856001741542115,-0.7328163876978132,-0.9556676399368189,-0.5216139924387238,0.8484236772222583,-0.7082508893583966,-0.4166896249378493,-0.814415680520651,-0.6498828563274495,-0.34655186868001164,-0.9377504686805557,-0.24654532546808924,-0.29841459198804116,0.27223665243229417,-0.5651338218488344,-1.9851209457857084,0.54704071386083,-0.7562225003194318,-2.451038411893943,-1.65227880832467,-1.7324412902442725,0.2503125686175397,-0.10846742647487503,-0.15419534225054646,2.386856937823033,-1.8735113682401283,-0.24145925364890375,-0.23056307841325221,-0.5394992659159482,0.13847168586745662,0.11802317260726411,-0.36292794888186225,-1.0062817448211556,-1.1248165770368903,-0.988120326840255,-1.13152544472492,-0.7536478413635104,-1.0333524469269817,-0.6461893592736194
08196000,-0.8308988856246886,1.1417801624190305,0.8049186955539197,-0.8619052717379467,0.9483203633649113,1.071235464993502,0.27369141572228894,1.7315115881546157,1.4927023198182556,0.956171837232493,-0.9342162406577251,3.297196965168029,-0.9052331402372449,1.7395520885362081,-0.791309167117806,-1.0987196026779196,-0.35961693046979143,0.007937893035840667,-0.2936696497905712,-0.5929414428080727,-0.8530903095823611,-0.2956148589074655,-0.07830395369938876,-0.04644196064845786,0.2664722123273383,-0.29841459198804116,0.1201471681944429,-0.6052692397542954,-1.931780238412161,0.5291519973204891,-0.7587835964422822,-2.4957614902580416,-1.691769842111083,-1.775199303930764,0.15205703701847528,-0.10846742647487503,-0.15419534225054646,2.5834855506960226,-1.8704176399836894,-0.24618802400753356,-0.2832732062130623,-0.5003878761367887,-0.27359085787128345,-0.2711330796574662,0.0001627755783143006,-0.9559995894674358,-1.1555177716946932,-0.8272531985524697,-1.2380069382491536,0.009260260882754483,-0.6977485720185911,-0.26958456816914245
08198500,-0.7120813243761006,1.131399046802413,0.7770166651530148,-0.8584194437557945,0.7459694028841429,0.8292230084688456,0.49474181714148874,1.4837568809300987,1.0801037473825588,-0.3145008302455511,0.8307146472386555,2.3124127673862778,-0.23248489228931463,1.6570622288316534,-0.8608946561332277,-1.3447523370466001,-2.0849251465029197,-1.2660218442064537,0.4666690823949446,-0.6327022127719415,-0.9187862138895012,0.5780169017204561,1.2347108826746205,2.4177281505753436,4.413763547465793,-0.27090411463719316,0.45563867754264453,-0.1398056462002954,-1.395562462216066,0.5490251159100703,-0.7457468147681254,-1.7211100191156707,-1.5118921332506285,-1.3480239325470298,0.5743480413891044,-0.10846742647487503,-0.15419534225054646,1.8955941727134118,-1.90697586767942,-0.22762450108409135,-0.4070904796255052,-0.6444565233111688,-0.0988677844350154,-0.09785502973111468,-0.6074036694903032,-0.978827212160734,-1.073600128815931,-0.9918295664379628,-1.0547568371386762,-1.030306714995662,-0.9773148881155052,-0.6123484859748739
08200000,-0.6126255681229639,1.0951060392870218,0.6842966229171942,-0.8607304870189048,0.5879781495918517,0.8182224422631792,0.5686619682838786,1.4381927968428303,0.952570549465135,0.7317125269933954,-0.6185088230366299,3.12323872444568,-0.8017334097837172,1.6936211942892507,-0.6385793607394006,-0.7487837513905047,-0.23590174152836663,-0.41818221168108,0.2671352860313247,-0.6348036688924404,-0.711749687859352,0.10164682751979806,0.09436958365812814,0.7852838503937725,1.3097678892709108,0.03649556706576156,-0.37339811889113406,-0.551170272638627,-1.327783429548345,0.5749529928044979,-0.7588564015028101,-1.7171796733324298,-1.5902337952318792,-1.3007482529983474,0.5349775993439482,-0.10846742647487503,-0.15419534225054646,2.058302290551425,-1.857937106191887,-0.21320690151407415,-0.37542369031975403,-0.5345025341781443,-0.31934424835614134,-0.32688056082048705,0.061617155401951076,-1.0554132822661302,-1.142818848890009,-1.0588402817019342,-1.044141770568308,-0.7465273010918139,-1.0317338619980596,-0.6454618036869905
08202700,-0.731241251811823,1.1555110450899941,0.7376344248565627,-0.860073439492698,0.7856274377257342,0.8182224422631792,0.5686619682838786,1.4353450415873772,1.077324235539381,0.06699118158874051,0.18938075488622963,2.6080729436455354,-0.4179219093518852,1.7109297114227553,-0.9310184576146944,-1.549300123257779,-2.438087103200324,-2.984402294269573,0.5043598748735648,-0.6373541077625079,-1.0240135748702743,-0.45039213933367206,0.09866515687810547,3.02997076148143,8.662906423293236,8.136536985324167,1.7822679602223814,-0.38037458375794747,-1.6439170788640145,0.6223319867280428,-0.7258364090629454,-1.7053509294405338,-1.37546011375343,-1.3644839907086226,0.7149010142762057,-0.10846742647487503,-0.15419534225054646,1.3043508239452724,-1.8961295751950218,-0.2157424401790444,-0.45851561517144585,-0.6464066175111552,-0.21026938756753188,-0.22071354177387376,-0.4208936521216242,-1.0655184699580904,-1.1502817658729834,-1.010904753905151,-1.0851371037742636,-0.13060102494685266,-0.5666650912494698,-0.1339610852836747
08267500,-1.1195100330840737,1.3875432043215263,0.6371320882880611,1.4451659763692968,1.7265593576581513,1.3132479215181576,0.6280968134075575,0.8657939904965325,0.38046788158344524,-1.6554107388381083,1.6671710979302097,-0.455193183532494,-0.8448582974726871,0.4676715904917726,-0.39809087440983143,0.5869938081082204,-0.36779074775355136,1.2370706370785458,0.7947489696910781,0.11695989529178138,-0.3548831679622434,-0.4658698673762927,0.6599297629396754,-1.2174243525105455,-0.8876421387751351,-0.29841459198804116,1.5545597548298649,-0.6389537967689393,0.7658035338928006,0.8026801014501108,-0.6342360791188791,1.2470481175846617,-0.8345072101526756,1.1559765577193617,0.7958158653160543,-0.10846742647487503,-0.15419534225054646,-0.5783304858432786,-0.5190460274547679,-0.602369221119398,2.859016316929703,2.1835096451099427,-0.4091529774637634,-0.41597008878484887,0.25564124541282157,-1.030371314136238,-1.117464587824414,-0.7989397675832022,-0.8046138341156374,-1.0900532088014656,-0.9163998540259594,-0.4856686488193835
08269000,-1.2139353499522096,1.8130123119990822,0.7419269040424487,1.1020933311139118,2.271504804440465,1.5882620766598123,0.6282460357084954,0.9199013403501621,0.4808286769849183,0.17776979642607102,-0.2735594051522725,-0.455193183532494,0.5624505374440302,-0.9013054670820793,-0.7066479519009404,-0.540152375299882,-0.7089149961093169,0.8194373606260463,0.13027292308929214,-0.4149915612628268,-0.6719955780457519,-0.09956363703427042,0.7777978896602187,-0.7504905638552583,-0.5964391599581649,-0.29841459198804116,1.1355681364883328,-0.6302578863882025,0.6090228376399753,0.4498566951790218,-0.5642586276308885,0.9469123502007724,-0.5143855782271796,0.6280830499332993,0.8579402329138076,-0.10846742647487503,-0.15419534225054646,-0.4939968537074847,-0.5386761269192719,-0.5991139126606989,2.5851730172041147,1.5078142074935585,-0.36978050158871106,-0.3771070996610266,0.32917181341140866,-0.7556190715890874,-0.9578642408350314,-0.35953576789928166,-0.8605758475772444,0.6022635565667189,-0.4131252103177827,-0.17675403329101247
08271000,-1.10864164407515,2.2343102564505597,0.6396428623996896,1.5072182508902467,2.1461334758040427,1.5552603780428143,0.8133803681273837,0.9355639942551607,0.47920716134208274,-0.4365351655800853,-0.3573810563415216,-0.455193183532494,-1.2056698578037348,0.03056820902761541,-0.236558139841906,1.1974815001625432,-0.3093534800071214,1.236398671526605,-0.2243479870202135,0.2750435678989765,-0.18635228953195626,-0.5742139636746373,0.6964434075872369,-1.17790521675196,-0.7187455890668701,-0.29841459198804116,1.5545597548298649,-0.6344708449256331,0.7658035338928006,0.37597239233185337,-0.5269091784008051,1.1146950323690923,-0.3493326973078896,0.7204376373809034,0.615837618869491,-0.10846742647487503,-0.15419534225054646,-0.5838681799918696,-0.5254466458773065,-0.6007927587434156,2.498022552461489,2.0179125012521992,-0.43999406474449015,-0.4454697000926833,0.03880657773815593,-1.0934446714167185,-1.1052298263013285,-1.0573294779513143,-0.8110033172300878,0.5168474313695397,-1.74819153769058,-0.9962300517659448
08324000,-1.223831232639737,0.4968967740349743,0.5306074874507499,0.9239386060479533,1.532970601505805,1.489256980808817,1.2185600785070692,0.9113580745837991,0.6175069882667691,-1.9428595282734764,-0.22505583800848122,0.016615716184200616,-0.2698597949530886,0.8344432901402744,-0.8766985883614525,-1.2644769562485185,-1.0681833064022812,0.9168827683053504,-1.2160599104169407,-0.532161040678183,-0.9042438190733368,-0.20102874309145038,0.27760311507006885,-1.1262263469138096,-0.8536440031138199,-0.29841459198804116,0.5287012729118081,-0.5942391363277576,0.1697648158720389,-0.47543002584341243,-0.10333867578342676,0.014435162691497468,0.4384674860592104,-0.22044385582424228,-0.22901251228411554,-0.10846742647487503,-0.15419534225054646,-0.10632133857333455,-0.6880392531323574,-0.675577888819702,2.1629194735044055,0.606179060481295,0.2440329306922874,0.24219758721629261,-0.15897454859381016,-1.0323263905794717,-1.1867791701545463,-0.8167750659595415,-1.0892797806086993,-1.5609737018104406,-0.6030247030947369,-0.22914160172939835
08377900,-0.8613668681008654,0.4911530688047395,0.6938439976383273,1.419711102844817,0.7171828595188645,1.1042371636105004,0.8308706169075769,0.8259254169201724,0.605212505801968,-1.8944130029912094,0.4714067370370793,0.31634159400075873,-0.4136094205829881,-0.13390491963612255,-0.5565547542887638,-0.32666541686254513,-0.1717279728495921,0.30329226657462605,-0.04069724938703007,-0.3501092953932121,-0.4716354821404326,-0.13223884067980302,0.6318304676929194,-0.4002902223637927,-0.44925775718659494,-0.29841459198804116,1.6380598638231945,-0.617135336820052,0.7658035338928006,-0.25254088314229567,-0.35274198953425234,0.288844399714902,-0.16046084611133304,-0.32109376563533737,0.38067933410287563,-0.10846742647487503,-0.15419534225054646,0.1900423870618125,-0.6658473699967863,-0.6086399147722197,2.8732021225045967,1.2541266673600335,-0.384022985027172,-0.391260362818235,0.8994362550062907,-0.8582407259923446,-0.9835370256009539,-0.48038981882135007,-0.7309447464486507,0.8601495844072554,-0.336433008577062,-0.12967965290853709
08378500,-0.9226784417821328,0.6274117417422629,0.6785686370448096,1.3399027608593692,0.8875722424026534,1.1042371636105004,0.6956179860067131,0.7988717419933576,0.5833550468307767,-1.1009202532284537,0.14408431102448244,0.22001597643031576,-0.05423535650823919,-0.30555475052594894,-0.5874062688194531,-0.37205892564861337,-0.14717505946680423,0.7406153216492659,-0.06477842412525997,-0.24979257056081858,-0.5476559957598953,-0.2887358686663007,0.6391254770358196,-0.9499102027601205,-0.6751727691175635,-0.29841459198804116,1.494916819834629,-0.6191453286821249,0.7648927584718517,-0.5761870181321583,-0.20281545628225098,0.006703215392336977,0.025387380817371782,-0.8095121528909183,0.32821526158138536,-0.10846742647487503,-0.15419534225054646,0.4387522926953759,-0.6790749306611867,-0.6101479157539399,2.8063825253033903,1.2380823729093453,-0.20427038773639797,-0.2123502499082506,0.8734053604958418,-0.8343851702162426,-0.9737588050603655,-0.44797778037248565,-0.7714793677619891,0.5074562880317437,-0.44131975123899664,-0.19406010240764468
08380500,-1.0701907629029195,0.4826093892910256,1.0029307030541676,0.5583248382232038,1.1228069797047862,1.3462496201351568,1.1177717346676177,0.9740086902037933,0.8260642639946465,-1.8621349394547515,0.7701290944334005,1.1129806447750528,-0.810358387321511,0.6962284484449248,-0.7831630709732456,-0.959549908633101,-0.08759688806629115,0.38506586279088345,0.3916291165515133,-0.5090415101814616,-0.8143801572268486,-0.35408627595736575,-0.1286568872353136,-0.5772143532214602,-0.46214652409597134,-0.29841459198804116,1.4278185179649887,-0.6181515164069373,-0.6713859589986505,0.03155895133433808,-0.5313853522601747,-0.580367306777801,-0.4402629915811713,-0.34239470242831704,1.1955279455610148,-0.10846742647487503,-0.15419534225054646,0.011261962407982188,-0.6899020193699403,-0.5877209498245699,2.243937598976091,0.6086588570562043,-0.34933924751181106,-0.35585965955766374,0.4955548504885038,-0.8958449283204434,-1.1823272660859112,-0.5119040454995814,-1.1859702306711375,0.21534585015421837,-0.3486699484719145,-0.15555596429137583
09034900,-0.47610198609479165,0.3805464996434736,-0.38483237154752986,2.6966282160362858,0.16723791790078799,-1.72290835124571,0.1903839855275684,-0.5694746582523962,-0.382236100653268,1.0607559662739108,-1.0813163331807125,-0.455193183532494,-1.6728561411009089,-0.18093342716471716,0.09290510307215874,1.054540637570682,-0.3854919092877744,0.1972837150240925,-1.0245939884152695,-0.23138616723691657,0.7172383854606108,1.0750239466446083,1.9471295387199736,0.7755560631301209,2.8319133461186823,-0.29841459198804116,2.335882203267455,-0.6404576807419818,0.7658035338928006,-0.7646875557692194,0.49211875762720425,-1.4175685108354403,-0.512005552134799,-1.1665306344815345,-1.4183768734605164,-0.10846742647487503,-0.15419534225054646,2.189467003892979,0.09904093432832028,-0.6239561472380926,3.577314264147099,1.2003964682473158,-0.4565162856310216,-0.4600849912620485,-0.9291669944184272,-1.4638111526743243,-1.283930209910248,-1.947077555607745,-0.7603921674870139,1.0330762608123392,-1.9017117801927417,-1.0904621917739619
09035800,-0.5684289410199642,1.8557027623645157,-0.41192171941666883,2.588017135190479,0.8087424151821244,-1.5799009905720496,0.09581418438834148,-0.4612599585451362,-0.3352208055566439,-0.3175181574777798,-0.0342961225731636,-0.455193183532494,-1.2861696481564788,-0.06188460200256533,-0.3633700347699238,-0.03058686896702267,-0.8685971820533175,0.7014949109820319,-0.6787340938125718,0.07482156072708533,-0.1600810020184597,0.156678749449116,1.3892656577926172,-1.0952190250109195,-0.5224898598156272,-0.29841459198804116,2.1211676372846053,-0.6403676531357209,0.7658035338928006,-0.9987551924847841,0.7394660940056972,-0.15070819775486427,0.8225168401102075,-0.5856344625405707,-1.1820840750279362,-0.10846742647487503,-0.15419534225054646,0.34866784961646263,0.10677621515819818,-0.6313579958195336,3.1956842874434783,2.1109818027435523,-0.45223296449792005,-0.4592018744286855,-0.18661560152758583,-1.143333991710253,-1.0743034379626875,-1.0464403600713834,-0.6661132163068532,-0.5178885053866256,-1.4404735202596488,-0.8073498961005939
09035900,-0.6170183461774736,1.1667037395907405,-0.3552677627659937,2.51968382840342,0.6210012858670704,-1.72290835124571,-0.17389994267191874,-0.6677222145655674,-0.39063737183766256,0.1142695081407747,0.12608991483634965,-0.455193183532494,-1.5132940566517201,-0.13170969307284944,-0.2329733093586352,0.37751271026618927,-1.0237177031186944,0.7385512206131944,-0.6978409890833763,0.23488618180716672,0.030312705088950027,0.13432203116533054,1.0459703958517477,-1.1310902405456356,-0.279895972268953,-0.29841459198804116,2.113712270410201,-0.6347997919485094,0.7658035338928006,-0.8653442586041725,0.5896464563074633,-0.84967710178363,0.08067839596132714,-0.9029422092058782,-1.3086829769789035,-0.10846742647487503,-0.15419534225054646,1.3649798168141898,0.10586979694774587,-0.6316145718556871,3.156918234002488,1.6493064977642675,-0.42291366071990016,-0.4306848037036656,-0.10396080246348047,-1.1599607188624508,-1.084691802160571,-1.129493072382849,-0.6664261898862717,-0.5848347245929788,-1.420564520178952,-0.7951295683286771
09047700,-0.8698505784354796,2.0215842372386765,-0.06093109941979356,2.210373940640677,1.4110642063091592,-1.8659157119193706,0.017904522651466925,-0.5153673083987658,-0.32217860382011587,1.0359421789491912,-1.046415144589598,-0.455193183532494,-1.65704368228162,-0.17628967866548462,-0.5338284907539951,-0.2447774876885395,-0.9584958894677699,1.0329523783155978,0.04047693530465921,-0.021229661992410758,-0.4984881924662477,-0.47274885761745744,0.505383639082522,-1.285518863356108,-0.7783232211609973,-0.29841459198804116,1.6544616709468847,-0.6418261003571473,0.7658035338928006,-0.97928294257941,0.7164615572302049,-0.27577968108847745,0.6954836438979612,-0.6457031828396886,-1.2086255358261242,-0.10846742647487503,-0.15419534225054646,0.5298207711293852,0.06719531317591741,-0.6280342259665727,3.275353807183379,1.222298685236063,-0.4518628009432076,-0.4583479998745729,0.16815597107873625,-1.1379794429042474,-1.192287932770757,-0.9873592830421674,-1.006058691432538,-1.2410974003550899,-1.2253998966980886,-0.6753357233950624
09065500,-0.48732171970286026,1.6793859054599887,-0.4519722305073023,2.6461395146941715,0.6344922810500454,-2.0419247712100295,-0.09626575406524615,-0.4940091439828591,-0.3236982977800724,0.9406749530077277,-0.9152428458207406,-0.455193183532494,-1.5822938769540722,-0.14834275587919288,0.2772085697513102,1.5456104889011595,-0.6873450320877765,0.2344193849610562,-0.49552733589030645,-0.10882517362138738,0.9956174707014401,1.025151267396164,2.0726469201267164,0.6867900043492979,1.3390534544057207,-0.29841459198804116,2.1211676372846053,-0.6447064029342292,0.7658035338928006,-0.9024928587248356,0.6140298776659173,-0.6023889789258584,0.32563105452724134,-0.8005454252670338,-1.221523435151431,-0.10846742647487503,-0.15419534225054646,1.005805945696567,0.07322337835093858,-0.6468802292375103,3.296040910201118,1.4130407753649337,-0.44351355632024847,-0.4504876752120571,0.5175603489406356,-1.269518309609046,-1.133445571784409,-1.5391568082204126,-0.7110216309727806,0.07906242003343836,-1.6179995428401488,-0.9163170052076454
09066000,-0.7007218293805292,1.2341025761308184,-0.3942200274185565,2.4825387274861885,0.7693921653637574,-1.8879168443307028,-0.15155619379179616,-0.5623552701137606,-0.32652498553526704,-0.547953608385321,-0.05327784766825483,-0.455193183532494,1.008074376896719,0.7618319499704511,-0.1761681236372599,0.6491009469081822,-1.492367021973498,0.07095538264099589,-0.1768460108172815,-0.07726257787971108,0.36714178083095705,0.6450870565718123,2.8500691181724105,0.14142593088081792,-0.1336036416490246,-0.29841459198804116,1.887069117428305,-0.638747156223025,0.7658035338928006,-0.7640534492593206,0.2886679987723821,0.01473175348123924,0.574456184065117,-0.615816134712448,-0.3302356694024275,-0.10846742647487503,-0.15419534225054646,0.12931136523612283,0.06756978680099858,-0.6460753452779414,3.3660539039936244,1.0685054579630893,-0.4466687599532738,-0.45351717534240177,0.35171403133798274,-1.0183645821930334,-0.9688705765316684,-0.8312406053389726,-0.5386103772650399,0.2152845967205148,-1.658510379133583,-0.9411829299565245
09066200,-0.4307105932416519,1.6545829723926588,-0.47909729569731674,2.629835953909997,0.5552171451767246,-1.3928913650757244,0.24731041771284465,-0.424239140224231,-0.3516198158124109,-0.9560368792707875,0.9776604552259697,-0.33360323132849135,-0.45385931575936017,0.34279697175785595,0.14459218927238626,1.1179901670391608,-0.7469275642301447,0.0721883281432687,-0.9812074947485389,-0.2032709962005149,0.877834712507707,1.1317756161342172,2.0233757161046553,0.8849936698462039,0.8430148287461626,-0.29841459198804116,1.978024593296039,-0.6531155621822619,0.7658035338928006,-0.9343164023369717,0.664497529484228,-0.5150312983966645,0.4424651035983263,-0.7548379080160011,-1.2525770489730053,-0.10846742647487503,-0.15419534225054646,0.8775847665401062,0.07754422787110436,-0.6496556911670568,2.9421845779548916,2.104658905083916,-0.45625188309194126,-0.46317297595089396,0.07798709937243943,-1.0581536833769944,-0.9207576593040412,-1.1527724576208114,-0.4128178210526025,0.9853254046376994,-1.887511250114117,-1.0817457755099176
09066300,-0.5217350496804868,1.7317721359695035,-0.4664544448645348,2.512273685981199,0.6984766664964893,-1.1728800409624005,0.1605113745405117,-0.38294668902014506,-0.35462684354105894,-0.524063431663691,0.7669965020979274,-0.455193183532494,0.9850744367959348,0.6962284484449248,-0.421897555162748,-0.226674809191084,-1.198572911124557,-0.146379292021366,-0.25852118456186585,-0.5028473329169754,-0.0024355737764282397,1.0939411698078112,3.397209706664637,1.01753477131346,0.548464461045935,-0.2852574071680708,2.1166944171599624,-0.6398088610968603,0.7658035338928006,-1.0362602472745202,0.7867584897433403,0.027377115601953245,1.0160845704184245,-0.5074180833934372,-1.152934376513534,-0.10846742647487503,-0.15419534225054646,0.08916745375942765,0.07706413347997529,-0.6533051152197511,2.778888780148818,2.072035944956556,-0.4565926685867559,-0.46343030800829776,0.33185541078361985,-0.6362095586365935,-0.6276603044009356,-0.3547081641910949,-0.34433631064486636,-0.9053428462278792,-0.8614692146702577,-0.451951716028198
09081600,-0.4108246830430595,2.229749312374474,-0.6464387237030862,2.3963029951816357,0.7250751517252089,-1.2938862692247284,0.4366371401970108,-0.6321252738723896,-0.29676511454607063,-0.11902383699942887,-0.09496036414806254,-0.38401506059001006,0.617075395183392,-0.524824111480636,0.09524018212623715,0.9669941532080246,-0.23735713717863802,0.7156384462019088,-0.40539808136830935,0.20131467569294,0.4524591465701956,0.4576345725000731,0.8967052384117773,-0.23370186547375527,-0.4330730024941478,-0.29841459198804116,1.9959174737946097,-0.6348301562890827,0.46052867026700434,-0.16891581202359066,-0.2085235028185708,-0.4944314331679299,-0.42928594583605917,-0.7159094058660114,-0.16054494554844878,-0.10846742647487503,-0.15419534225054646,0.8859433698242232,-0.002364602966055772,-0.7054233561020912,2.8391307437336843,2.2151850406924187,-0.21136225139573062,-0.21709334760267046,-0.0696107560991769,-0.7115262704620711,-0.53848750454599,-0.7232877946611201,-0.025666300538890442,-0.5456151588910649,-1.3729970836509098,-0.9802625257515396
09107000,-0.9519487468125971,0.7928963317995322,-0.3368768798160926,2.434873510455827,1.0216346066488964,-0.8758647534094136,0.14753094271713177,-0.190723209276985,-0.22934876055123907,-1.6998477136006476,1.4231216909988544,-0.308133706510042,-0.8678582375734709,0.21885110272378522,-0.43891726898507655,0.1686651087730233,-0.5501320347464574,1.0769908479855035,-0.32215576061805257,0.18373176538302685,-0.3815610927276957,-0.3919207222837718,0.36923586330360214,-1.2976785974356728,-0.8904693521617076,-0.29841459198804116,1.8393547694321155,-0.5875514574626697,0.5353017108898968,-0.9849654572611368,0.5802850218787977,0.12348664432821278,1.0554284663446156,-0.5697946494070413,-0.7221123906113547,-0.10846742647487503,-0.15419534225054646,0.06968582708987124,-0.07379112610074079,-0.6646814252843029,3.232669163502867,1.214440796679866,-0.2708645739127662,-0.27856646704292565,-0.08598070006966527,-1.325676629765918,-1.2994097238140108,-1.5331196549867467,-1.0811591934172846,0.8882684598780206,-1.85864768255284,-1.0640290516747464
09210500,-1.329339433424011,-0.28412661650635246,-0.7866614071454108,2.3470276736353677,1.3733706525264588,0.22419186715720524,-0.05973269150555236,0.3375353906097737,-0.01396987593751494,-1.1951685734572395,0.3833757623736614,-0.2786715742908248,0.7004501780487338,-0.7697607368674454,-0.725207259464268,-0.49713178487060516,-0.6774919479322007,1.1645994212721014,-0.13032678434702485,-0.2955493611423857,-0.7292047994548133,-0.43663415885134255,0.3105026752077067,-1.2557275148611746,-0.8376947022790207,-0.29841459198804116,1.3979970504673707,-0.6097744831597012,-1.8245533091024073,-0.08341009848121225,-0.08550000582466184,-1.6147031101995342,-0.16952296557409657,0.1961048772660005,-0.573798029680405,-0.10846742647487503,-0.15419534225054646,0.33611251715720486,0.5476008054708826,-0.9021289778194913,2.1395860498054313,0.2819878371368343,-0.23168011762105983,-0.23953972115530098,-1.0120901532197535,-1.4062739599794851,-1.2456910203369504,-1.7850205822630973,-0.7674844367855085,0.7718934922476216,-1.8240391674282295,-1.0427860260678308
09223000,-1.0802613473248344,-0.09379785090730768,-0.902615305243816,2.5614930946969023,0.8463280813792398,-0.3588381417431024,-0.14600153820518438,0.10971497017343589,-0.13632942451876406,-1.0209332398743474,1.3354746706569136,-0.3829176863996875,0.8844496988550054,-0.8909203568019753,-0.5977635951991318,-0.24650139186342288,-1.0817662603871347,0.3574055537392753,0.3362289599905367,-0.41940343709162137,-0.46035948430726925,0.567698416358709,1.1382068201559719,0.1572335851842521,-0.19814668303836092,-0.29841459198804116,1.5843812223274827,-0.6216166167707,-1.4305560379760234,-0.012279041235236236,-0.2155880748790114,-1.1967426981619322,-0.1918631050083351,0.23633955703901569,-0.25755817000362147,-0.10846742647487503,-0.15419534225054646,0.14513755728029906,0.5503738306740469,-0.9202040194433325,2.149191684970494,0.31941822831352434,-0.26996560527989305,-0.2773499882261077,-0.5542684415205213,-0.9983828903640265,-0.9076808014553298,-0.7728179735765865,-0.37617055299731705,-0.6776011157981797,-1.3707764337217647,-0.3580666058096863
09306242,-1.4103942442207955,1.6152837782215552,0.18083962193307254,0.8874305873524418,3.0021612258556134,1.8192739669788025,0.7919868225901481,1.1406023726478645,0.46219025835625227,1.0559482639895812,-1.0745541843027708,-0.455193183532494,0.4532008219653066,-1.6109546695557562,-0.9465821416046099,-1.5469192926405386,-0.48542253357824566,1.201348643684742,0.6947669540940008,-0.6218561244249657,-1.001050185968994,-0.328290062552998,1.4591540034580701,-0.7656902314547142,-0.16990297368532906,-0.29841459198804116,0.4645851177919294,-0.6146510716951121,-2.4844430787470553,-0.3064296755599804,-0.03193166805363485,-2.1680808079476526,-0.13714578357471313,-0.45307915039857916,-0.4878855721862219,-0.10846742647487503,-0.15419534225054646,0.7569188863564417,0.12976505498304478,-0.7822481423119351,1.8901703255989444,0.3145155102584491,-0.41753747575859995,-0.42130972897597746,-1.716266103687975,-1.5776071677972925,-1.416009852173307,-2.2326889717797926,-1.0883732143032465,1.033076260812818,-1.9017117801924186,-1.0904621917735315
09312600,-1.1865974402170383,1.7436341820172465,-0.8081679119898999,2.10107477326863,2.1349357427597826,0.24619299956853793,0.1932552858258005,0.45998886659430566,0.17617550908306306,0.5218381832770917,-0.6188138341064781,-0.455193183532494,0.03632690763859736,-2.008712836462777,-0.79127647623148,-0.920841173892187,-1.1602968493288441,0.08898591742110214,2.2477624899764495,-0.5583450365813096,-0.7576207247207313,0.519545484670556,1.7728625639629103,0.6734142968617768,0.28003796398636904,-0.2685118992153804,1.0446126606205985,-0.6158778284100916,-1.3869662807187237,-0.0997064071494728,-0.2348582482057743,-0.8414443653337322,0.18569455138299823,0.23438159250731547,0.4262415373063482,-0.10846742647487503,-0.15419534225054646,-0.5838681799918696,0.12122705633119733,-0.9404198673688309,2.1313671884589005,0.5665619492440263,-0.35096679203015,-0.3564737474219228,-1.594430782989586,-1.0424395336223444,-0.8772819331204891,-1.0127529742240615,-0.1384315763881763,0.1890142188778625,-1.600495105786086,-1.0904621917738957
09352900,-0.5199657093372769,0.6252103753355287,-0.15139106521208154,2.244556088841546,0.3008069427342836,-0.4798443700054307,0.3692885373750368,-0.21208137369289168,0.009903472737461455,-1.0657865571784106,1.2823233469009536,-0.3077996080836841,-1.4687316727064514,-0.04618028889606931,0.22592091619862723,1.4696666142510828,0.680480244383074,0.650668904995596,-0.510695068522063,0.134479704982704,0.4817375598485587,-0.22510520893552693,-0.0812608310691052,-0.15770352747647542,0.05018991658063427,-0.29841459198804116,1.8333904759325923,-0.6388551893505381,-0.6534441575568426,-0.42138526682319144,-0.04940653956509082,-0.2511225847894771,0.48871992830993066,-0.1516998087993275,0.2422859297307967,-0.10846742647487503,-0.15419534225054646,1.9183219077319973,-0.33933517458960427,-0.7249379373133908,3.210239051190275,2.3321552518676403,-0.35516197898355806,-0.362801776651716,-0.3210638298753672,-1.3937398586296565,-1.2766658571007417,-1.7537815193097392,-0.7898919089766899,0.34625037022117783,-1.697458024364632,-0.9650893536213312
09378170,-1.1587956003205677,0.21898680196006917,-0.32911677950147605,1.6056147937163194,1.194965494585492,1.8522756655958015,1.8645933578966458,1.3883570798723814,1.1071642794598573,-1.7625655497560049,0.9312949077140839,-0.455193183532494,0.2878887524909219,-0.31813508736932444,-0.8586635614890651,-1.2133237813544018,-1.8068319555565673,-0.002328853651337256,1.4689633950349652,-0.6332096861909323,-0.8565960659238899,1.2177629941487764,1.4448613920036124,1.786637951845932,0.8076477757529987,0.05802550586207755,0.895505323132509,-0.5983360144626713,0.2089502853188547,-0.7907136125573171,0.28521698609683094,-0.21635742895697577,0.7080716794605199,-0.5298373981561745,-0.40703502869518526,-0.10846742647487503,-0.15419534225054646,-0.015808299648979042,-0.26844251641785555,-0.8375532302587122,1.9704632574224055,0.45588683484257697,-0.45284402814379465,-0.45973993236689337,-1.039462846416308,-0.9514380142433951,-0.8430463334885154,-0.9526644476185762,-0.2562898649701774,-1.155686720150504,-0.7427598086646201,-1.090462191775417
09378630,-1.1891325564959523,0.32702666841732986,-0.35684619012881097,1.6011100380868069,1.3354303356616,1.8852773642127998,1.9891055027811975,1.409715244288288,1.1098522106033795,0.12385025587562708,0.21890310720216374,-0.455193183532494,0.4316383781208216,-0.9314476164316441,-0.8317327091362539,-1.0885076870713386,-2.105272562762946,0.03695685055424163,3.155055647414659,-0.6373541077625079,-0.7529816762115478,2.1103119779399013,2.845202942843968,2.0614479420440954,3.989892265666204,3.0602558602372385,0.8328802413875106,-0.6356682120889028,0.21176964755032,-0.8304013372873346,0.3258308640600095,-0.079533497861221,0.8620110869777312,-0.49861420724649597,-0.348608954154979,-0.10846742647487503,-0.15419534225054646,-0.21679405536377921,-0.2859390764081796,-0.8441495781112672,1.737510701300146,0.15322241041745704,-0.4595892306963331,-0.46581647799513287,-0.9975987274098131,-0.9709052490330943,-0.9384895915971703,-0.8522531626545571,-0.45911681916459757,-0.2697780272915262,-0.4266095056837576,-1.0904621917733661
09386900,-1.4490324444748919,0.3915604849771206,0.34574890448505397,0.6390141366196612,2.3050016860089455,2.5893136013754363,1.2826979239984053,1.529320965017367,1.283530143024422,-1.2425660796776548,0.3502914023681561,0.17407848977087337,0.7062001630739295,0.1362768112283357,-0.930394856877424,-1.4536299762825273,-2.2622719561822326,-1.6793142494007276,2.4454800873596523,-0.6373541077625079,-0.9784695572482413,1.148973091737129,0.15268730642281417,2.383680895152562,0.9050516239332353,1.1309341225451526,0.0828703338224205,-0.6035275794370226,-0.11273468301587862,-0.3172467237527152,-0.21273481488738769,0.10263096014864016,0.3501079461252289,-0.11130301757993177,0.4091553988471665,-0.10846742647487503,-0.15419534225054646,-0.4488443655102964,-0.7608522888686238,-0.7872156023965053,2.0130206741470897,-0.1868144689870957,-0.3570480504289978,-0.363684893485079,-0.9079665751779586,-1.448195626077129,-1.4624207793556376,-1.828384210281262,-1.4999041510514757,-2.075988963916962,-0.9481024886013191,0.05392559778573314
09404450,-1.3522447719318387,1.936795629747313,-0.711853608903252,1.2100895160028935,2.930258389501016,1.3132479215181576,1.3144327954655024,1.3584556496901135,1.0922709856885062,-1.3013681189353041,2.0946329675849187,1.5475806150285323,-0.30292220884796545,0.20137372200849082,-0.8526175805478374,-1.0934706805124288,-0.019207209070828964,1.7776062082663484,-0.667064832030733,-0.42568705455003775,-0.9418468533892601,-0.7565072050655028,0.3776465367107954,-1.3086223581072813,-1.0290028081037614,-0.29841459198804116,-0.6224073724962436,-0.6192471767069178,-1.5515919071355326,-0.12437813994520322,-0.25692136393869974,-1.4938708220578287,-0.3556231976709086,-0.4342991064700651,0.010065337959519815,-0.10846742647487503,-0.15419534225054646,0.6640687126964806,-0.3658498276229049,-1.0370670026794955,1.6679302791574568,0.21280862208370863,-0.35233580962138816,-0.35802358822219565,-0.8245066969021901,-1.3313735838240142,-1.3034445389964615,-1.6268212452432957,-1.1624755772325386,-0.8044550093266198,-0.5211791375292348,-1.0751714074221923
09430500,-1.3945594731294737,1.193546892482532,0.9759677118621386,-0.1872743632233067,2.6258875205802825,1.2032422594614958,1.6513364907052364,1.1192442082319578,1.2430181101275224,-1.9245345969099295,0.4954045855407343,-0.455193183532494,0.15276410439881638,1.0520240152770581,-0.9098329220459084,-1.3605241680843583,-0.8189177644517618,0.5595260066650052,0.4635223626715649,-0.5844634453035293,-0.9621439538105899,-0.47790810029833103,-0.20629450270280397,-0.9207268409691651,-0.4731264251413067,-0.29841459198804116,-0.10798705816233438,-0.4466545446618827,-1.0770861117220452,-0.31618416294274204,-0.28982381321119216,-0.7305575413989578,0.029288079725359552,-0.589921559727289,0.65941027242005,-0.10846742647487503,-0.15419534225054646,0.07582566047042513,-1.1874353591628426,-0.7862201367177751,1.8676129863305246,0.25332278938620156,2.357478808517177,2.3402083058618355,-0.43001788318714235,-1.4883601133539517,-1.454882280696135,-1.9182727702311406,-1.3864158041859305,-2.6935528229564976,-0.4312064965965778,0.6005237338900604
09430600,-1.1831926975269764,2.6560261016209923,0.6562562214589297,0.1734864279698746,2.6410983520808817,1.7312694373334734,1.0820701732830693,1.3043482998364822,1.1634994829248118,-1.719432088682057,1.5845633997325521,-0.455193183532494,-0.4984216997046289,1.008203915802479,-0.7149006260493634,-0.6050724517491722,-0.3390776388062246,-0.4419827913422001,1.1250619209885815,-0.6373541077625079,-0.685936244569166,0.9460428796227696,0.5435067277748629,0.9743677153310049,0.015561704069754597,0.5017814666083664,-0.0349244627931708,-0.6296914381814892,0.37373168290718206,-0.8700011972455906,0.0020279204497725646,0.3761418486072869,0.7758062438084369,-1.1463682893463891,0.8684071183433009,-0.10846742647487503,-0.15419534225054646,-0.2978263328089647,-1.1671657739693544,-0.7931594083109588,1.739495441811073,0.8120845177538407,-0.3537694589444016,-0.3610823306317907,0.19606538374973273,-1.0939966375577617,-1.2715170238263727,-0.9610081228710627,-1.2592127121006094,-1.2203211473986635,-0.3434310582799533,0.1748479649828244
09447800,-1.549370444486655,0.8506646312247652,0.34156240382614317,-0.6794392041493196,3.221745643307935,1.489256980808817,1.512433200311173,1.587699947754177,1.622672131770131,-1.5921254126390278,2.1240313461969444,-0.34329668838066757,0.6990126817924346,1.1926873789083656,-0.9447975613434416,-1.51525244589219,-1.508794442766066,-0.8417898436114069,-0.45706127095875276,-0.6199434667289182,-1.0157765176078866,-0.5862521965966756,-0.3887760775195541,-0.36381102012509836,0.497812727598021,-0.29841459198804116,-0.388308852639943,-0.322405098255091,0.4561272371731507,0.27912061257307175,-0.7230491766126805,-0.4031634061718852,-1.0032539209026645,-1.1072677473375445,1.5019748996959037,-0.10846742647487503,-0.15419534225054646,0.9737286976798845,-1.2077068647338947,-0.8475220727403244,0.8090211003582358,0.28250268407656315,-0.006262264025121294,-0.0180937888476402,-1.2866221643969602,-1.7283684487965307,-1.5952928357731697,-2.6292132615326405,-1.615131321241177,-0.5317835592643014,0.1277030292742209,2.9143786341931337
09480000,-1.297680567458469,1.2939631664711624,1.2223598593364626,-0.832933470829227,2.2736257238703206,1.9622813276524635,2.069684376426213,1.4979956572073698,1.8255841018555794,-0.9443062555568847,-0.04289026517278726,-0.44926303881611684,1.377510914765561,1.334954946566682,-0.9472088248343585,-1.5624113165824505,-1.383714795073543,-1.0479033979422323,-1.2670997245369464,-0.6373541077625079,-1.0077596742530017,0.13260228360503945,0.08706330383008914,1.01753477131346,0.38440786505436614,0.21112729285810214,0.8880499562581045,0.0277678781374731,-0.26571651302678695,-0.33087145357506126,-0.28000518834552346,-0.0018862695147105098,0.29956941024688194,-0.4331915330792918,0.9582358185865673,-0.10846742647487503,-0.15419534225054646,-0.46006291091360435,-1.5150133641183328,-0.9127972367073495,1.0237293110146668,-0.11373803662103593,-0.34033780995912033,-0.3151661037527646,-1.379742993212689,-1.549891826785491,-1.3775630772509404,-2.090468972880601,-0.8225410508353571,-0.5414134743062182,-1.2011021794604881,0.26848203219052535
09484000,-1.2004881692307698,3.261413284085501,0.29460310909047577,-0.34996341392717284,3.057974171527327,1.522258679425816,1.1693469647173218,1.8582366970223283,2.138568749761331,0.4438365691883573,-0.37143190956071775,-0.455193183532494,-1.602418824542258,-0.16869081748492143,-0.657240100239712,-0.3448028031357945,-1.151549909982925,-1.2683283127114002,0.206726834832846,-0.6373541077625079,-0.5985778351962177,2.500694674126,0.5752498821718587,1.567762738413766,0.3112871306730407,2.51004631322028,0.41836184317062214,-0.6241167124651394,-3.0855753340219,-0.20404579939289724,-0.06384894350452301,-2.8407750747087053,-0.8289927420079991,-0.6480321405150492,-1.124972339784162,-0.10846742647487503,-0.15419534225054646,1.9076619518106124,-1.3303959465758242,-0.9264179703189284,0.7295678664432433,1.4084549025204995,-0.4048109002108663,-0.4149056698201332,-0.5204551146306602,-1.5026615771434253,-1.4938231358410536,-1.8954264676173052,-1.458418997122481,-0.9685474608440727,0.3111253547554449,2.601648999962304
09484600,-1.4139668946889041,1.6513684254909682,0.8873033329696299,-0.8237394422628909,3.0467368444146508,1.7312694373334734,1.6719930978427733,1.4510076954923756,1.6507621516526643,-0.3960864929883731,-0.41024445773413754,-0.2350647558498959,1.305636101950611,1.0684882145016101,-0.9605429175654364,-1.619571929635622,-1.7612904523855057,-1.6555056215601616,-0.2840560048088795,-0.6361229975304105,-1.0172930658048462,0.12056405068300112,-0.31426276780271445,1.6084978475803078,0.18836627909399511,-0.29363016114441554,1.918381658300803,-0.24358353270678976,-0.5843479967567979,-0.049468154087664015,-0.392393060754124,-0.4275025893432876,-0.11697768917921633,-0.5637201147504421,0.3694574329665512,-0.10846742647487503,-0.15419534225054646,0.11852184030148957,-1.3843259097201852,-0.9182278905494958,0.748193892776558,-0.03112929593189542,0.22736969511824637,0.25268386855549707,-1.5496147068736588,-1.688426969083119,-1.527727332689789,-2.4687759345597953,-1.2292914752905473,-0.7514562678157081,-0.1229965404191183,2.4857677214806886
09492400,-1.051055099596973,0.9801487097367201,0.261950453181704,0.46319756997305933,1.3323597381955887,1.236243958078495,1.841205965566589,1.1192442082319578,1.4380569952213642,0.284862864330628,-0.35828668041668954,-0.455193183532494,-0.2540473361337996,1.1699752271575727,-0.5907883207050292,-0.2533054487666821,-0.4930371896274539,0.9804925177944095,-0.18765032916016738,-0.15176556493797635,-0.5714601443322079,-0.42115643080872195,-0.03256610911710068,-1.1997927380951765,-0.8170584609787389,-0.29841459198804116,0.899978543257151,-0.6130892884386734,0.7658035338928006,-0.4036427240676338,-0.07499415273314668,0.13362888516912927,0.32698334321781525,-0.25387253722878045,-0.4903159665652961,-0.10846742647487503,-0.15419534225054646,0.1641043858197433,-1.0412773431049371,-0.8649982313567014,2.175031479699293,0.4070911868603508,-0.38993385067861247,-0.3971731516826721,0.9434472519105543,-0.6226544359008869,-0.9384783974949129,0.02169418630899867,-0.7413569287735895,1.03307626081235,-0.28500669570439874,-0.09811370801595562
09494000,-1.097795578065611,0.567609290464272,0.2555341050252956,0.28506473090627577,1.2323237629842994,0.5102065885045263,1.5948018931011192,0.7760896999497234,1.0138047711203149,-1.8416865957581652,1.220200327691566,-0.455193183532494,0.3281386476672937,0.6444717606262012,-0.8070571975691864,-1.036073199388409,-0.4899427014111027,0.8608838752078721,0.604378215376212,-0.5425905822717834,-0.8204998126506803,0.06725187631397438,0.21547393133175738,-0.4483211719780736,-0.50205431305536,-0.29841459198804116,0.44669223729335883,-0.5994539644161322,0.20455159506604692,-0.13826558323676683,-0.3956074762075937,-0.10167265989484164,-0.03832598801042261,-0.30676223409470876,0.4758464992966002,-0.10846742647487503,-0.15419534225054646,0.00980071164932296,-1.057759943741196,-0.8867226970332379,1.7742029553611292,0.09957964615188229,0.49097315096936556,0.47976186384679076,0.5355404513344505,-0.967837755594455,-1.1692410693954551,-0.6978746392630829,-1.0330628065104175,-1.2817170581361774,0.021217711024937323,0.6160083442272132
09497800,-1.226960334815554,2.413895209456765,-0.13869027417668786,-0.4650553460274201,2.6742797668739717,0.9502292367311738,1.298278014126914,1.2174917645451282,1.317024322711633,0.4952520474161699,-0.45010286758636314,-0.10738765896659813,0.9117621277246861,-0.47467162768892096,-0.8797867087716643,-1.2767116971673798,-1.4402499078711775,0.3189527232046221,0.555812049304498,-0.5358161656285467,-0.9382312812749741,-0.3936404698440629,-0.36393830761394086,-1.0921790914910283,-0.48102602682185824,-0.29841459198804116,0.2230312310612244,-0.6111715242296286,-1.7787241749527196,-0.049964225463831266,-0.4944019657769654,-1.5342449829015252,-0.5083078050724672,-0.8525242999863799,0.9581526891612386,-0.10846742647487503,-0.15419534225054646,0.5965868082152243,-1.0372752762604815,-0.9108285090453246,1.1291241212231213,0.32015866564770146,-0.024535417281562562,-0.032931321339308685,0.42953835513210786,-1.4916425726335407,-1.4681408639693723,-1.9518649096540723,-1.5743521033477013,-1.7367161207210353,0.2604254389530359,1.7490294498254526
09497980,-1.144979604826548,1.3516818614609292,-0.4907040055120611,-0.48177622881363463,1.7821684986464936,1.0822360311991683,1.6065524625215306,1.4424644297260127,1.7742783277368301,-1.5690275782045675,0.2606136749437548,-0.455193183532494,1.0296368207412039,0.8940521345122445,-0.88159580216276,-1.310970794816662,-1.8037901585342537,-0.5225497112416055,0.7282886855768291,-0.5864229518006716,-0.9302509794254521,0.13432203116533054,0.07830302408210753,0.6059277727201922,-0.05957646863370205,-0.29841459198804116,-0.5538179972517229,-0.6004157521306557,-1.0705316234141746,-0.5343479990293155,-0.11273991187832508,-1.110665609178632,0.22298084314491048,-0.6432333645747162,0.0174471636143758,-0.10846742647487503,-0.15419534225054646,0.28659343308124946,-1.040209613179066,-0.9292464744097945,1.1399129670773909,0.5567340177605818,-0.1620599912752166,-0.17034079153708198,0.6251726035663052,-1.3427686189005208,-1.431689052473764,-1.5567754836354708,-1.5228429842538875,-0.8923530802191514,0.31982519429430395,1.6065625217994695
09505200,-1.1218646242374621,1.3566902567849022,-0.45901183421913827,0.41628920892459065,1.7167788454851922,1.2252433918728285,1.6295134076246816,1.3043482998364822,1.5726485830210575,0.8076966970735167,-0.8222997559231995,-0.3124722160076867,-0.537234098624702,1.1894789708543503,-0.8100898012904615,-1.0354067942605387,-2.2285255417588004,-0.5172531909505059,0.07508697893219075,-0.4499063650912349,-0.814852559531505,0.0758506141154303,-0.0484700806518418,-1.191280924239481,-0.434848208174507,-0.29841459198804116,-0.45838930125934496,-0.6072366506817742,0.7658035338928006,0.029522751604285927,-0.6102940722841147,0.9364255365670638,-0.3830049914222229,-0.6714834571271657,2.2907967348498106,-0.10846742647487503,-0.15419534225054646,-0.38469132020048374,-0.877570916862467,-0.9795662159617882,1.3839978818346572,0.058266680876949695,-0.2978571353468791,-0.3044926718263574,-0.426797566340489,-1.3863117969209846,-1.4567854312825308,-1.5337454127528738,-1.4015277865341753,-1.4606330497766302,-0.4725276838956997,0.6475491867634819
09505350,-1.1788144779503296,0.9237894870775102,-0.4827474386691596,0.10493734200625647,1.644949327507015,1.3022473553124922,1.771948395260835,1.3541840168069312,1.6116927629529452,-0.007487541920221655,0.12405489156702468,-0.29146636690301536,-0.2856722537723776,0.8119000019712712,-0.815421810985991,-1.0260713006119253,-2.438087103200324,-1.563090587448819,0.6781696327204986,-0.6373541077625079,-0.7736115809906086,2.9323513117590876,1.4755177106899993,2.395232642528149,1.5284087482568205,5.783793117971203,0.18873654343896362,-0.612192693802343,0.7658035338928006,-0.011873808761297283,-0.5827018104467927,0.8636466651826864,-0.34850079965735753,-0.6973600121050864,2.171573623143889,-0.10846742647487503,-0.15419534225054646,0.7617766115387712,-0.8672220021672787,-0.9859571796315574,1.2436665495556556,0.03454721972295233,-0.25086399073433335,-0.25627215334239734,-0.3704420215240537,-1.3020581263702504,-1.4548193347916403,-1.3692019699004032,-1.5076848916178562,-0.9266068005261556,-0.31969286117984325,0.5969478588364675
09505800,-1.0576073852014827,0.8340664345841812,-0.46922847952003494,0.5237170179472104,1.2737254597469336,0.9502292367311738,1.8629499195166863,1.2075246211510393,1.5841783282394948,-0.70150179695023,1.1384599641801985,0.7679278390768581,-0.5645465274943828,1.3585114162264273,-0.8297457984036107,-1.1410895575211097,-2.2157448121082326,-0.22750194132328974,0.05109753546646013,-0.4307193704149452,-0.8768903281228333,-0.1683535394459178,-0.029219789362105356,-1.3086223581072813,-1.0290028081037614,-0.29841459198804116,-0.5374161901280327,-0.6068702290949166,0.4461099124817303,-0.10915853658897987,-0.5271798089884752,0.5815809606183848,-0.17800704263023323,-0.561442513117595,1.70312232122101,-0.10846742647487503,-0.15419534225054646,-0.3372706618189937,-0.9037072555155576,-0.9809200246140894,1.4067206161456542,0.049668779427580856,-0.10439673530778426,-0.1072359529146528,-0.2912758990438228,-1.2547618654729096,-1.4037061107289135,-1.2369332746400175,-1.368036472827995,-0.7663076435786405,-0.37795024835278207,0.17913500856732428
09508300,-1.2199528541364626,1.9389719596040782,-0.5162368423873223,-0.6763099458348257,2.3674231385290447,1.3682507525464886,1.8987854303741647,1.6232968884473549,1.8218281195654957,-0.9774762995187753,0.49220668354440095,-0.455193183532494,-1.2904821369253758,0.10250409487027769,-0.727185416110284,-0.6223644287449632,-2.197346511293396,-1.9170031794353544,1.4219489221198873,-0.6373541077625079,-0.7682895333061369,1.6047061952142934,0.8768702846273452,2.187301189767591,1.7083421117134518,1.975386166445097,-0.8147558378558797,-0.6206840173028415,-1.666400870070895,-0.5885816126794778,0.10621354703241433,-1.8018179849080604,0.025466473385871317,-0.7490334139903422,-0.4937596111145793,-0.10846742647487503,-0.15419534225054646,0.8391302813894629,-0.9762533587703559,-0.9808509464505095,0.6162086487999157,0.8767037508638705,-0.41106842696910095,-0.41536769783229,-0.36856350336350574,-1.5579216315029962,-1.5457503100981012,-2.1445659941245028,-1.7215334068820367,-1.612934063690074,0.2293392257987534,1.5517922997533582
09510200,-1.439526728994141,1.1053911773509508,-0.8817235521760769,-0.8435335330016158,2.785521269512077,1.2032422594614958,1.6239459162513161,1.8981052705986885,2.458423533531631,-1.1013064661908571,-0.048928190805220116,-0.455193183532494,-0.9828579380773907,0.20905701497994894,-0.8700572577852662,-1.130655023155946,-2.2453706617911964,-1.4544229754428477,0.7429932978540942,-0.6373541077625079,-0.9159061175491874,3.369167192073048,1.7711163934725722,2.1520379609368536,1.7972783073878873,1.2529371090576118,0.34828139455121937,-0.5989461710746163,-1.3885660856444824,-0.9214265348892609,0.4653135601484293,-1.7089132424050153,0.038792497996558914,-0.9754143254485788,-1.0153389644764514,-0.10846742647487503,-0.15419534225054646,1.3007229741249713,-1.0658696981961564,-0.9715303285217748,0.3505205969429444,0.9896629945366715,-0.21581596527623945,-0.22217565573639528,-1.2922577188786037,-1.6073409757862571,-1.587936165234733,-2.1908682969854434,-1.7221644904281594,-0.8467913567307643,0.23777634659390423,2.6006961558566766
09512280,-1.4717242586406936,1.209480399554367,-0.7542879312419327,-0.8508251849697658,3.0379173691119417,1.071235464993502,1.6176006867117456,2.039069155743672,2.742775170340221,-1.2025752908941931,1.4667116069483583,-0.455193183532494,-0.8261708461408,0.6322291509464054,-0.9074140894359864,-1.3194142401008804,-2.025710817692507,-1.9301376453087125,0.739347025139381,-0.6373541077625079,-0.9930322230592429,5.018405102392294,3.1454432268027626,2.207364750998873,1.3342390081584727,4.332914464641691,-0.8803630663506388,-0.6168499723088708,-0.10221469545766754,-1.100398416724754,0.3626563493825675,-1.0796812514559795,-0.06832850692850553,-1.4586462060245082,-0.7062722360423376,-0.10846742647487503,-0.15419534225054646,1.602759674288249,-1.0287968093131354,-0.9969560268736911,0.3572636256018628,0.6650925331537544,-0.3548329447127025,-0.36109987599934096,-1.2273146624710924,-1.7006858299128034,-1.593523403484585,-2.43358872438355,-1.6281533925793839,0.9619413226293614,0.6680926152249598,4.141466694686113
09513780,-1.4730335510833652,1.3239993551477935,-0.7053104462872634,-0.8527238785308009,3.1328640699432757,0.8182224422631792,1.563556944882871,2.0177109913277653,2.711548990902137,-1.5912746288996764,0.6934727539333215,-0.455193183532494,-1.0719827059679283,0.5222145274100339,-0.8650490427092082,-1.0813825402494026,-2.401898261646125,-2.0767619341127266,1.4211180779349704,-0.6373541077625079,-0.9570097548853057,3.6924797334077906,3.6487866500880006,2.3660492807371933,2.2936011907604157,5.255113509750551,-0.18850502040590328,-0.6202288690395366,0.09011914145873942,-0.7686595101702097,-0.2905062816358877,-1.0589799075391402,-0.538880015103465,-1.626951846273151,-0.03728688314607882,-0.10846742647487503,-0.15419534225054646,1.8022472382688925,-1.0121010467672142,-1.0058997987493248,0.22854811439001677,0.4244353318905272,-0.3614371325777314,-0.36091272541213815,-1.417313356423646,-1.7240106343344823,-1.6186503886614216,-2.5223400265309173,-1.6336857245209406,0.19862631800490743,0.48649205681803187,3.4912361302731667
10023000,-1.210380169657536,-0.2603347900598853,-0.7194921812983586,1.8241441536019025,1.0528350961293749,0.5212071547101926,0.08749789368896188,0.46283662184975893,0.21438756710415763,0.2553578575595642,-0.48642059575369345,-0.12739912447674237,1.7512599414032999,1.1878747668273433,-0.8301007759392137,-1.070500384700258,0.1687607248933918,2.1119927901225775,0.16482978542419843,-0.5061739909260073,-0.8883316039354002,-0.7582269526257941,0.36345352533616354,-0.9730136975112934,-0.4362084850028792,-0.29841459198804116,0.5525584469099029,-0.600912673218981,-0.21679548460460044,-0.024689484200427325,-0.19006311624563516,-0.15964583911077426,-0.03870094615717415,0.33040943254576033,-0.19561233216944465,-0.10846742647487503,-0.15419534225054646,-0.1182019836616513,0.4542493316820961,-0.9537852584828911,1.905971913512863,-0.03217151082101644,-0.38847082329570126,-0.386365205271713,-1.190549378471799,-1.4387073779996031,-1.2611910458687094,-1.8852309546932902,-0.7424906472751752,0.28920933312138797,-1.650139425910838,-0.9625922176930681
10166430,-1.342117894728843,-0.16795418795261918,-0.505442029694377,0.23467405053861834,1.4909380607247023,0.7192173464121837,-0.1810408386258449,0.6920809199138243,0.32152277441465227,-1.0630109933606509,0.24064788526797956,-0.17453566436218504,1.1762614388837014,0.7919740993200174,-0.8940658248048422,-1.300320514496001,0.1811890562075704,0.7496611827213685,1.3704859798250524,-0.6244194017032939,-0.903977795776377,0.3664879518046404,1.7240902157846143,0.541481182098499,1.622301005931895,-0.2972184842771347,1.545613314580579,0.2894521299755468,-0.1896716180766538,0.06256083643108026,-0.29394591747188403,0.056235525612551476,0.008016872979533825,0.27012954283536544,-0.08760128117787455,20.542228824885203,-0.15419534225054646,-0.4607612111217203,0.22289952610704153,-1.0059892303003874,1.0423426146523986,0.21108051052962343,-0.42448244911844357,1.0096845999672437,-1.6282441098794471,-1.7095254772243362,-1.51021246822438,-2.837332900902346,-1.4707342840854214,-0.6439808231810454,,
10172700,-1.3275458289510251,0.1947717714860233,-0.8060729342866123,1.1512383483199913,1.6794589103179576,1.2472445242841612,0.5423686015222579,1.1078531872101414,0.6022156458027274,-1.1391932758528216,1.168387287039848,-0.2866832238141848,1.2251363115978675,0.7706972880144415,-0.8916910254611027,-1.2943149573763821,-0.6695168063069284,2.3677572170246894,-1.0260615996608948,-0.4556467355552861,-0.9751259618192152,-0.8442143306403532,-0.42189310406037145,-1.308014371403303,-0.9828249894564102,-0.29841459198804116,0.14251326881765636,-0.40645380480286597,-1.9629346596935853,0.24896705707686492,-0.26268817196216687,-1.379274245091113,-0.011086897666909819,-0.23057872069532925,-0.6922193201429128,-0.10846742647487503,-0.15419534225054646,-0.5838681799918696,0.14112216789960444,-1.0232421184237654,1.3919241211827822,0.016442051969829986,-0.424623463805953,-0.32064610688429523,-1.7117039881552158,-1.6686575072332208,-1.5338450302896185,-2.4361591885916183,-1.4146994375255975,1.0330623104346606,-1.9017084612530861,-1.0904604941107832
10172800,-0.9316454935818729,1.1882089766943538,-0.5922309352993422,1.4522654386473468,1.1646884684280576,0.8292230084688456,0.2801506806988106,0.6408213253156478,0.3461109845463814,-2.0875439575983674,0.22442547852474176,0.2642848385978125,0.969261977976646,1.0705990092739899,-0.08147001743373129,1.3583452724055634,-0.12313733844183147,1.4283319789251094,-0.43970944720373006,0.7564743936806926,-0.03934896134982764,-0.655042099008323,-0.21136343533660207,-1.3086223581072813,-1.0290028081037614,-0.29841459198804116,1.564997268454031,-0.5739661716410941,-2.6504534431865627,0.31806415991702913,-0.29232671117022907,-1.9064438560294787,-0.0834995257276477,-0.32045443325737616,-0.6988209740723503,-0.10846742647487503,-0.15419534225054646,-0.5838681799918696,0.24039416571980052,-1.0352179282650993,1.6875995665285664,1.9037754337890047,-0.45920731591766145,-0.4278541510722239,-1.6180464398650447,-1.3462321951543408,-1.2306071565381436,-1.6600800742836344,-0.9219762839019935,1.033076260812149,-1.9017117801928713,-1.090462191774127
10173450,-1.118907312100453,0.5058362283707482,-0.7012268483713016,2.266862903574472,1.2514408474973677,1.0492343325821694,1.186294413904097,0.9369878718828881,0.7517653628378456,-1.7103651155071664,0.99242685830439,-0.3622220133471366,-0.499859195960928,1.1701440907393625,-0.700172162991552,-0.6039304764073571,-0.7281470988914991,0.548896948322621,-0.021634180619719594,-0.5224344972089294,-0.6605284144989496,0.03126267391281513,1.3498678158733717,-0.14781683459701095,0.2485835078062918,-0.29841459198804116,1.4054524173417753,-0.6049917595232449,0.09309786771219616,-0.3452162338945576,-0.06536760448600219,-0.0029090424190017132,0.3506417520126635,-0.0521078894275057,-0.07738641683524898,-0.10846742647487503,-0.15419534225054646,-0.2399162489354921,-0.3114397700874149,-1.0316702711498216,2.3908083967846854,0.21092155737304594,-0.30793380989182983,-0.307861382396007,-0.5185765964701123,-1.4379731843208416,-1.389925996411648,-1.8813011181502088,-1.3086778926949494,-0.8404847426565197,-1.3086680371925457,-0.4272226979299937
10205030,-1.1425104869806209,2.2888957567099224,-0.563341096700279,1.9919179334114745,2.2881188651938653,0.5982111181498555,-0.42745573650819746,0.5781707096956553,0.222435443321877,-1.2931113797297076,2.1215307749721353,1.3096106099140763,0.0607643439956804,0.24071893656562732,-0.8050430757902601,-1.0040794510681341,-0.7139761514262998,1.298862451466021,-0.28008063776969877,-0.3406553985225138,-0.8583676619886013,-0.6653605843700701,0.019667249817196607,-1.2976785974356728,-0.6134024402776,-0.29841459198804116,1.4099256374664182,-0.6283966631764015,-0.044032269484340136,-0.13852980452841326,-0.3335319956724221,0.30754112852562365,0.1379573106814509,-0.13356108964282065,0.9989884145874279,-0.10846742647487503,-0.15419534225054646,-0.5838681799918696,-0.06387429635756973,-0.9708315288848467,2.200858551732509,0.6369571877780443,-0.38662588113411844,-0.3843357910917331,-1.6287808293538897,-1.1539320724004523,-0.9706458115703531,-1.1591369402799918,-0.21444537276334052,0.22886273406585825,-1.5278138051569374,-0.37924666105193966
10234500,-1.0483035472804605,1.5947201620626692,-0.5052216393290603,2.2355824876831627,1.6371952018175957,1.3132479215181576,0.4436097014303841,0.9554982810433399,0.5127204866125822,-0.37590314252944673,0.05593799755291405,-0.455193183532494,0.2002014808566832,0.8288707919411945,-0.6588193600365544,-0.5093413021579122,-0.7554612299448276,1.2965626915486563,0.0703132985308217,-0.061496529612348,-0.7117543148709227,-0.5329400222276489,0.8798607853517707,-1.3086223581072813,-1.0290028081037614,-0.29841459198804116,1.505354333458795,-0.632350457883436,0.7431278529856571,-0.34282691182510444,-0.03387608286586148,0.7404653094957705,0.5048642072231995,0.1439875145271727,-0.03344852036349174,-0.10846742647487503,-0.15419534225054646,-0.5636555613641088,-0.18512309502611082,-1.0348398486733634,2.2128814990583168,1.040190574042033,-0.326800399958207,-0.33319104468273,-0.7735183468301772,-1.099217243251039,-1.1860581044457805,-0.9759901124052807,-1.1067913309136075,-1.3320184409328268,-0.8701434274274878,-0.47681483539696523
10242000,-1.4997211821405594,1.8493169127937747,-0.7034326891099206,0.6231342812135238,3.707277523174826,1.3682507525464886,1.3671740585037866,1.170503802830134,1.0323271405420855,-1.9448994287698607,0.6293037104757313,-0.10055411661350043,0.21026395465077588,0.42663774011673267,-0.705693904990067,-0.13954018785507097,-1.0556117147967088,0.5021420827007409,-0.16314621388874254,-0.3329121953936591,-0.7058749276371091,-0.1270795979989294,0.33209687229917667,-1.1128506394262883,-0.7316176560148192,-0.29841459198804116,1.1445145767376184,0.09516862261952147,-0.22702584842457246,-0.2048970045024371,-0.20813644217336028,-0.7786788025784748,-0.43512472208227376,-0.6073748442714617,-0.25335517750488495,-0.10846742647487503,-0.15419534225054646,1.0212904275847337,-0.3019454234084382,-1.0636059696498181,1.6230827772278578,0.28848093563969485,-0.34309347197753537,0.6405827028124589,-1.2552240751420891,-1.655632441144759,-1.5355231495275827,-2.5199539920521934,-1.560963731125494,-0.4251414544543977,-1.3752679783188564,-0.6075113800445071
10244950,-1.3736282642201643,1.186721386294236,-0.5655556306931655,2.3550525817281067,2.5241253797220153,2.237295482794118,2.129551371850746,1.4453121849814659,1.2946286242461182,0.07799431029974091,-0.25424385865138427,2.616600479932483,-0.6852962130234984,1.2029036256066783,-0.6723606150254181,-0.17731784642773069,-0.8493898889807864,2.109652815834752,-0.46818542627407395,0.03853932513382125,-0.7780378788622168,-0.8166983696756943,1.3001922760621454,-1.3086223581072813,-1.0290028081037614,-0.29841459198804116,1.0789073482428584,-0.6293218170369367,-1.9860258853865913,0.08666279540423988,-0.15824071797920058,-1.4122961761761816,0.03580234903377067,0.7324709216567369,-0.3650734472821193,-0.10846742647487503,-0.15419534225054646,-0.42336758841419525,-0.008254400956432775,-1.1656498364901557,2.0929446477986478,1.1660105924034159,-0.4491423925966699,-0.45568695246278373,-1.5493463471364377,-1.6149051918642112,-1.505200787459748,-2.3064349662427728,-1.3996357894059481,1.0330762608121002,-1.901711780192936,-1.0904621917741602
10249300,-1.8527225360670916,1.0261325147527753,-0.41105626336426526,0.6645319426752762,6.74531916408076,1.918279062829798,1.1667216353854215,1.8710515956718736,2.1362005677333165,-0.7359029764892929,0.7102657998447368,-0.4457852268613369,0.5940754550826078,0.6935266311362805,-0.7536772201868934,0.5423914071881342,-0.8558029506581711,0.8562130033714566,-0.5459465579403867,-0.46739980004845066,-0.7377885831295381,-0.13051909311951182,1.390081348101507,-0.6902998801614125,-0.30649755326751377,-0.29841459198804116,1.202666438357973,0.05924648971632803,-0.8376835932104718,-0.7428975889585383,0.13444216786515026,-2.5765305148998294,-0.8528984846052186,-1.5021293171976946,-1.1621830261657138,-0.10846742647487503,-0.15419534225054646,2.6183464251135806,-0.06857538063550936,-1.3233090262440614,1.9045978623899131,1.1175776292604296,-0.436216046241631,-0.11642972551098818,-1.54988306661088,-1.8485792540478971,-1.6724613252024931,-3.195381037980157,-1.835178238772138,0.25814522237633103,-1.5330138258349568,-0.3361413632252901
10258000,-1.5288507552183326,1.0567474793985723,-2.4496142746377196,-0.6235419326658608,3.260702615922754,-0.4468426713884324,2.354091479364999,2.473351832200441,6.318237699734107,-0.8758031230413045,0.6493242154017447,-0.455193183532494,-0.9224830953128328,0.05007195272439451,-0.7854311848019649,-0.5617834450700356,-0.6124800749158328,0.7563021674436083,-0.25780929101046146,-0.6373541077625079,-0.706480289110273,1.1971260234252825,2.2476623280713954,1.1829071547955408,2.023202043780844,2.1643711847683176,-0.1735942866570943,-0.4347671073374296,-1.838950821103925,-1.9536733398901047,1.8793564550833728,-1.7920092251553206,0.8482772734937422,-1.9329858434303804,-1.772193725425132,-0.10846742647487503,-0.15419534225054646,2.21585567541324,-1.0445899944037316,-1.2809869324343852,0.7784230174814454,2.7625051128735225,-0.44004106964032663,-0.42832202754023074,-0.5448758507177821,-1.591363502443219,-1.6070064402968354,-2.053018923692516,-1.5937481200243686,-1.7717674760978777,0.13075547558882183,1.762497590584693
10258500,-1.7262840969386966,0.6387867467266304,-2.4726627035646302,-0.8535540992084801,4.48703297980739,-0.9308675844377445,2.0381472984793496,2.5374263254481613,7.361501457840094,-1.9282113134857444,1.4906546480008687,-0.455193183532494,-1.4888566202946372,-0.11516106205740097,-0.9377839920292635,-1.4149939208739106,-2.438087103200324,-1.1907167851211011,-0.20842961041218824,-0.6373541077625079,-0.9952921363069551,3.3072562799025658,3.0978258729809025,2.283971075700131,3.234508604196217,5.5230416369935975,-1.1978739850017348,-0.6063372179691074,-3.215888171509793,-1.1974264055140127,0.8909917308548502,-2.7878794937060714,0.2397118212696731,-1.19879690436899,-1.3763677687296867,-0.10846742647487503,-0.15419534225054646,3.271853885738373,-1.0561122597908403,-1.2795307400753504,0.7248859144687493,1.4844111671091964,-0.3238097134606093,-0.305685756819775,-0.9500990539216748,-1.757849992086593,-1.6554203041113416,-2.7206805338107745,-1.9069691702480385,0.9437912721630719,0.6637745299262029,4.126005558081531
10259000,-1.566469862021865,0.6231939340669187,-2.4681959654653163,-0.7087463387208683,3.1396939294555564,-0.5238466348280952,2.1359924076112997,2.5317308149372533,7.238970169238976,-0.5923333445286659,0.029959333251871847,-0.455193183532494,-1.49891909408873,-0.1274036717371967,-0.7817193944725888,-0.4827765795995475,-0.4039872021745738,1.3935091488650033,-1.197993824011013,-0.47166950717845624,-0.8607703226028737,-0.6602013416891965,-0.14453800678102433,-0.9742296709192501,-0.4095442652734379,-0.29841459198804116,-0.9534256617198024,-0.6306446716595455,-3.0839994086074505,-1.263807983898787,1.0173063887154927,-3.007986502110821,-0.7614179262048435,-1.8453243816022014,-1.770931266327263,-0.10846742647487503,-0.15419534225054646,3.3727907151174867,-1.0532316934440633,-1.2804219717393934,0.6037404071287079,2.6200130518142477,-0.4525149938729391,-0.45876324023992904,-0.35273027886745956,-1.5734787982506941,-1.5923223232229287,-2.1037727457155713,-1.7682051254324078,-1.58324142094798,0.014101406173236944,1.7998160042173008
10259200,-1.8436642511393988,0.6189770143874322,-2.4916400383443293,-0.8614286167563202,6.0223181069661065,-1.4038919312813902,1.7374430003472314,2.678390210593145,9.551466103132386,-1.4498735065120885,1.5879426817399211,-0.455193183532494,-1.4773566502442455,-0.11988924234752846,-0.9274545736209562,-1.2493442821513567,-2.1447460682523283,-1.3611286820941702,-0.3348151048792694,-0.6373541077625079,-0.9901976903295162,3.4826705310522663,4.261244060888197,2.20493280418296,4.308229471157098,4.039868075469616,-0.4094977900724468,-0.6226830998710832,-3.2311594588470034,-1.1255292758462374,0.8049986950720447,-2.7639599382622926,0.12853134610977482,-1.2199762011121005,-1.4098565616157712,-0.10846742647487503,-0.15419534225054646,3.0059882943017793,-1.077981519495571,-1.2706899686757682,0.48408345517186196,2.297283178851886,-0.4192237763967346,-0.306165330199482,-1.3488816234322603,-1.8740750554022358,-1.7200169500726805,-3.131975928104029,-1.9772569811549199,1.033076260812095,0.6850163549883036,4.202063054934841
10263500,-1.3721646519121202,0.6317481215316464,-2.522801392412251,-0.3848912007316299,2.1390620604273534,-0.5678488996507598,2.0801694309124446,2.2426836565086483,4.571574896971354,-1.6168421928398575,0.23757750471485797,-0.455193183532494,0.3540135802806756,0.4045166109022057,-0.47485203995408815,0.8084779609409071,-0.5983933296001177,1.1079395105143297,-0.11680430958156188,-0.3931217971873119,-0.34906080371366804,0.029417429987568397,0.867722870646761,-0.056777734616087844,0.5825247951995667,-0.29841459198804116,-0.32717484426982596,-0.5012119424785361,-0.6727311073051696,-1.1035652349643883,0.7848897307262205,-1.098580909191245,0.43048264459086494,-0.9612185035562104,-1.1786464820959675,-0.10846742647487503,-0.15419534225054646,1.0098286958723397,-0.9263312236031446,-1.3599537584845218,1.134900225017742,1.8252022781806065,-0.4307752295485556,-0.29115234403231094,-0.9731779913226911,-1.6882221988249275,-1.6426587244714073,-2.5072019126897778,-1.8826780494484041,-0.28373795435331484,0.3607396331543118,3.0799308674541126
10310500,-1.2666622745189913,2.0575396336609235,-2.0404540698083973,1.5768518129006521,2.6229884642266073,1.038233766376503,2.256039837021182,1.5079628006014603,1.8727815950094204,0.6841980643078225,-0.631948687877714,-0.455193183532494,-1.4644191839375544,-0.10536697431356469,-0.7551589647158735,-0.7016931036301074,0.37496632864873297,1.951910744941227,-0.8024193198915733,-0.3799360973608591,-0.8358145382038337,-0.8665710489241386,-0.4136138474251673,-1.1402100411053093,-0.5552525945735262,-0.29841459198804116,-0.41067495326315645,-0.6251998020328873,-2.3105386333028743,-2.521584679517499,2.6117639847623546,-2.621773007508528,0.5205578105149699,-2.162540553366853,-1.7839032368927166,-0.10846742647487503,-0.15419534225054646,2.166818721270846,-0.02521133485112795,-1.4807622150458644,1.4521406393764826,1.549497497545831,-0.4425088266717431,-0.4447327946555724,0.19740718243583819,-1.3915912180193317,-1.4387579841520448,-1.6473223116468974,-1.3699231376678318,-2.0156479556588085,-0.657963823544173,-0.9279127335845749
10316500,-0.7414030693616963,1.1447176527282332,-0.9558113483702618,2.818336736166544,0.7974409134051741,1.4232535835748197,1.5469075888389476,0.961193791554248,0.6890681248588693,0.6311413132386958,-0.4770529923664986,3.0452950143209243,-0.19942247839443777,1.4287586662511862,0.12635468769765462,1.6137706811982366,-1.089381472094579,0.12238003331631599,-0.18338171578856363,-0.23103701296354104,0.8498519079944417,1.3725402745749835,3.389669669371858,1.2145224634024092,1.7086821545606359,-0.29841459198804116,1.8885601908031853,-0.6445830634053481,-1.8259475605462283,-0.2795208468648846,-0.09926749722746692,-1.2352590646971908,0.4116817786780744,0.13652290236554365,0.20158676711831447,-0.10846742647487503,-0.15419534225054646,-0.5837303143065501,0.2777320667067245,-1.2142413904140188,2.2019272581614704,1.823144800406217,-0.42764940397542806,-0.4194499200156501,-1.683257856009777,-1.463713240020501,-1.2328052296199619,-1.9540714342287002,-0.5661170167044451,1.0330762608127255,-1.9017117801924832,-1.0904621917735975
10329500,-1.3458002190635339,1.1376707149053185,-1.240340973987087,1.474867194804409,2.3691616828959203,1.6432649076881434,0.4042269937606586,1.0665607360060556,0.8322506621421063,-0.9094145816514301,-0.1407380671207938,-0.455193183532494,-0.32592214894874943,1.0425676546968017,-0.8506601146461731,-1.0877328785644025,-0.737359488263996,0.7084018935322289,0.3931699168186645,-0.5295218242426323,-0.8672593846689899,0.156678749449116,0.44914717891886513,-0.5164156828236363,-0.2475781626817014,-0.29841459198804116,0.6360585559032325,-0.6123829939052674,-1.528910896827821,-0.06444224076466981,-0.35475671546314735,-1.1608287292036863,-0.030568416940002705,-0.14491360433756775,0.6579803509836919,-0.10846742647487503,-0.15419534225054646,-0.2912285140252583,0.43978504786614514,-1.3339507640512607,1.267483435686779,0.4380388783388163,-0.19865330268393563,-0.17208363138040766,-1.7108989089435525,-1.7079567310018275,-1.4818507984450762,-2.6172533831763705,-1.0787360995035788,1.0330762608129047,-1.901711780192354,-1.0904621917734323
10336645,0.08641527561498485,0.16901624085847963,-2.0691196265376512,2.3990712378524077,-0.3314664245405566,0.532207720915859,2.709692102265241,0.8615223576133502,1.3771845027812069,-0.782384078372275,1.510856791337554,-0.455193183532494,-0.5472965724187948,0.16515248371447486,0.30089032102540697,0.8244214431672549,0.07421806339209089,0.052358948154662334,-0.5065275720773909,-0.32709340511082485,0.947736209894023,1.3931772452984776,0.9383580971902465,1.0199667181293728,1.8703585922135375,-0.29841459198804116,0.9849697256253627,-0.5494577763334815,0.7658035338928006,-1.728034253630265,1.6517000493690461,0.29967494205244166,1.884147798152988,-1.1104707026054836,-1.3769691809746305,0.11515529791017903,-0.15419534225054646,1.1315878077236698,-0.0370005327197035,-1.5005161027524223,2.033237037428262,1.5296663404436512,-0.45419541889909415,-0.46085113897840974,0.19874898112194395,-1.0162385191858703,-1.2703172483698772,-0.8851424359999155,-1.226666018443397,-0.5061530262561312,,
10336660,0.33568262192641163,0.12978154972009326,-2.085655789990944,2.4159093237089104,-0.47147062410596885,0.5542088533271908,2.951739585079668,0.6906570422860968,1.1977669030261462,-1.8459693898969514,1.5298749297420031,-0.455193183532494,0.18870151080629133,0.7659691077243125,0.8324046110022363,1.5327362146391736,0.6323271069830684,0.3443280751565776,-0.5006304510575278,-0.1804942130435106,1.569697551396853,1.2091642563473206,0.9938597805595855,0.860066214983096,2.200728154937452,-0.29841459198804116,1.1952110714835686,-0.6207866487739789,-1.4240163667733388,-1.0616636362805378,0.7630551340656548,-1.093876176090122,1.4203808342589397,-0.27541023282826554,-0.9441369171795051,3.6441545013894965,-0.15419534225054646,-0.5828964910812773,-0.026330914971241213,-1.5032064505161287,1.7224724751212,0.7909161592636844,-0.4482022946799398,-0.4536165990918532,0.4059226982566491,-0.8176588872640544,-1.027827205626515,-0.7685659617238991,-1.129031754452214,-0.9591735481821779,,
10336740,-0.9982204422939864,0.04669022298486171,-2.0352575029510893,2.7578750706722324,0.754485224497418,0.9722303691425065,2.3097430333579263,1.426801775821014,1.7816057145727895,0.2845634883873357,-0.1562635020439478,-0.455193183532494,-1.4917316128072353,0.031074799772986585,-0.810964589375259,-1.0974146572429826,1.1478640094971067,1.1105148429074814,0.15089884451927352,-0.5882045595219804,-0.8183149719424431,-0.2079077333326151,0.49936236152964225,-0.0014509445540681642,0.3693395875554684,-0.0448397572758759,0.4481833106682401,-0.6182208619955437,-2.251237991511375,-2.3547227270743902,1.6956185895664533,-2.4153908858705644,0.3373434508514144,-2.2435814760972512,-1.9109731273718806,-0.04185660549497326,-0.15419534225054646,2.104719229649563,-0.03417181656716838,-1.4892255236230276,1.7284521420451464,0.749048237373999,-0.4624565293423599,-0.46795701283626434,0.47703802862024636,-0.8654841240297487,-1.2194869992611626,-0.6279243884453044,-1.2652440833895318,0.9868695942917735,-0.6028511899394616,-0.4345195630634283
10343500,-0.48908814835049763,0.06950424265527771,-2.0698432564733062,2.643436556369464,0.07145031792264861,0.6092116843555219,2.3660217172167033,0.9882474664810644,1.3922725947625199,-0.9958555442867598,1.8113572135627998,-0.455193183532494,0.25482633859604503,0.9944415338865698,-0.35123070012303836,-0.070317716705658,-0.6032418179379353,0.6036021480939396,0.07236752914134142,-0.14407784462388137,-0.1802863815755563,0.09304808971834214,0.8008223758545516,-0.36745894034896776,0.31973800823774245,-0.29841459198804116,0.7762194531420372,-0.5959096726178469,-1.0855058049704391,-0.6494950845673735,0.2898503257341272,-0.8023121409987963,0.9205547830098582,0.01935288063981982,-0.5424634833958049,-0.10846742647487503,-0.15419534225054646,-0.5838681799918696,0.03592004416017595,-1.5078840290213906,1.7779815959492398,0.7438853369825233,-0.44949492931544366,-0.4566110084870973,0.6962879339299022,-0.7523509104149186,-1.112488889630183,-0.3182672498791408,-1.0735994780824176,1.0330762608117086,-0.2850066957050458,-0.09811370801665044
10348850,-0.5316348146287894,0.2888977294586888,-2.1169489528329395,3.204583563886453,0.1931222019493113,0.5872105519441899,2.508136436845749,1.1320591068815014,1.437186121670303,-1.5287078616733762,1.3251289631295733,-0.455193183532494,-0.029797920151156357,0.501528738640724,-0.04030913844084228,0.7879089672421842,-0.5380182277492819,1.4068324899899887,-0.6946534588045818,1.0223633084406036,-0.09728113845480399,-0.785742913590453,-0.30267180851342795,-1.2575514749731092,-0.47486898433554625,-0.29841459198804116,0.9834786522504815,-0.6063787691719965,-0.26870077082874516,-0.3938223179145311,-0.12982137022597473,-0.5618201613233953,-0.12591353848626685,-1.182811943512213,-1.1043541515862274,-0.10846742647487503,-0.15419534225054646,0.5076175519930639,0.021090888606966736,-1.4844801004928205,1.6312761931832227,1.911520845478732,-0.45446569705015405,-0.4595176910445901,-0.3422642491158358,-1.3248942111462985,-1.3488933208131701,-1.547166639348156,-1.2598920113556216,-1.6321815339030974,-1.1102512926751191,-0.6051291275991151
10396000,-1.2034406285418224,1.0942329173563925,-1.0130076051291812,1.4161505041840154,1.8182810079604328,0.6752150815895192,-0.21929658345690553,0.6621794897315546,0.4010683839426447,0.35614993789917176,-0.31075565419848994,-0.455193183532494,-0.2770472762345836,1.1147568359121487,-0.6087796858341619,-0.1358275937157764,-0.34632115046697054,1.0206632007410228,-0.43256956734040747,-0.13968500074446896,-0.6298071971977136,-0.38676147960289825,-0.22949894987086006,-1.19857676468722,-0.8584276004472189,-0.29841459198804116,1.1042555956158344,-0.5268106066922144,-2.204304259169244,0.2901871697897817,-0.6279394422020587,-1.537217059067262,-0.5097751880640697,-0.5453631204147199,1.7478869778961263,-0.10846742647487503,-0.15419534225054646,-0.4205481099023252,0.6810247978984685,-1.4233570275723975,1.086324973282363,0.25453944952860247,-0.1549563763919248,0.094448047075567,-1.7041899155130247,-1.6164794965479252,-1.4117555400132327,-2.32259776677602,-0.9755332679863787,1.0283248958573388,-1.9000161816710368,-1.090462191774028
11098000,-0.9160358936148602,1.4366605740662635,-2.6036175854291446,-0.8131484515022384,1.246389772027801,-0.2928347445091051,2.520259994738947,2.1344689568013893,3.9104392885484573,-0.026666512686633625,0.4481695336789372,-0.455193183532494,-1.6728561411009089,-0.18093342716471716,-0.5402751380408872,-0.21957660318778172,-1.1288163964567846,-0.5563076203838108,0.2569071409177726,-0.61726707244278,-0.5115043323200653,0.660564784614433,0.589122406192871,1.2868728811758194,1.4047392635696034,-0.27329633005900594,-1.0488543577121803,-0.6378674578989901,-3.307295139754482,-0.21172693113258648,-0.03644178821295822,-2.7234139175916434,-0.27371688002829614,-0.3117095972933335,-0.7322805805006604,-0.10846742647487503,-0.15419534225054646,0.9009719758806315,-0.964469922034473,-1.3808042620379095,-0.2086927647063072,1.3532497709135054,-0.441286699379994,-0.4453059433288809,-0.9313138723161963,-0.7417184037413355,-1.0577045885766398,-0.5890651904181945,-1.7058475728139493,0.9962547054709785,-0.6039675975967802,-0.4333774608798073
11124500,-0.8547194671076361,0.7193159340699254,-2.6433498638580373,-0.7603324081642602,0.8063186391406699,0.18018960233454065,3.7735057304373845,2.091752627969576,3.9657801275202402,0.9365669522490883,-0.9066414984727124,-0.455193183532494,0.9678244817203472,-0.8508152561267829,-0.7347587166940114,-0.9072305682382382,-1.0151845409388698,-0.3445606694888868,-0.06235486172887251,-0.6373541077625079,-0.7161586545845,1.3450243136103242,1.4972105187032783,1.4571091582897262,2.4146512415159265,1.9945238898196025,-0.992193569466706,-0.6092632742319609,-2.662817051176079,-0.1505644075100156,-0.20708185370978113,-2.043549143649929,0.05733549509980586,0.03401748376012004,0.13743122578834144,-0.10846742647487503,-0.15419534225054646,-0.1560443319922508,-0.892565224886224,-1.487578132775512,-0.10130049129134316,0.883919247958172,-0.35318189774644526,-0.3600120632112249,0.17486496450926414,-0.9235718121969111,-1.1424435319887487,-0.9083517739014336,-1.3483927920664711,0.00048265977157832394,-0.36268298254884684,0.4507192399195893
11141280,-0.9742028360772593,-0.06451307939519986,-2.5207157732305476,-0.8697849940304669,0.6568102000243544,1.3902518849578214,3.267345423514169,1.8226397563291505,3.286177426434982,1.0607559662739108,-1.0813163331807125,-0.455193183532494,0.9146371202372842,-1.1096831270112912,-0.6836004281663987,-0.6602155626487306,-0.8367598505929907,0.6412882754310743,-0.029092273038378136,-0.4356962686567707,-0.6937645117505079,-0.2079077333326151,0.08070647520615457,-0.46899271991333374,0.24642854293608057,-0.29841459198804116,-1.0041221564657534,-0.590772910412284,-1.826029551550387,0.3271967265211861,-0.5254246340666847,-1.6770433357336885,-0.8611207189686519,-0.47385713410634167,0.5103144414124245,-0.10846742647487503,-0.15419534225054646,0.8054739878144728,-0.7698780634218595,-1.5223417185970574,-0.5942413316494504,0.29908559416329056,-0.4339774380774175,-0.4398200917415001,-0.5083789264557097,-0.29542092401846615,-0.5764303343569803,-0.23531254024286352,-1.187313677398669,0.8703115815271345,-0.5986668611622009,-0.35957091765424437
11143000,-0.29845555692353726,-0.36835053262957856,-2.4971530593670925,-0.7485272737531437,-0.23721413914550754,1.467255848397485,3.8753775666387558,1.37981381410602,2.0946648708590803,-0.9638815857498806,0.1918628560142481,-0.39428757613493065,-1.4931691090635344,-0.21031569039622747,0.3423885630908238,1.396601590583454,-0.34158173439279776,0.25470809366302044,0.0856266151776091,-0.08048074743620656,0.7251708852896878,0.3389719908399816,0.14538207997998634,0.205264534798533,0.22080989224302613,-0.29841459198804116,-1.1308633933306296,-0.6285986811440747,-2.5070876052626745,0.14866355737824527,-0.24124270160792113,-1.9189285669978209,0.19184443177367805,-0.9006436393193306,-1.3121107819629876,-0.10846742647487503,-0.15419534225054646,-0.3524170889677008,-0.5758680792112927,-1.602577239133655,0.005862773603129394,1.9612366815609847,-0.39484586229352725,-0.40164722040798795,0.8218802909493866,0.026816645484017496,-0.689195761070054,0.1031794217029378,-1.8056474128579418,-0.025834690112089668,,
11148900,-0.68715332801021,-0.055861113719523785,-2.5716737086880452,-0.8563113847147594,0.24032648815523,1.2912467891068258,3.208421784328932,1.621873010819629,2.810200960665488,0.5126226281255515,-0.6354995916634915,-0.455193183532494,1.26394871051794,0.25532563639048755,-0.32264026102107995,0.20637468262260297,-1.3838662138016484,-1.1609831884037451,0.37736967757535417,-0.6373541077625079,-0.1336619460820171,2.6743891777154096,2.382674188366483,1.6759843717218923,3.1689029648563745,2.7408951014252154,-1.339613665813955,-0.6084959918283279,-2.088655323437971,-0.1394150196134916,-0.263425784386167,-1.5748980129696886,0.11778766475733561,-0.5183424468034642,-0.096874137068029,-0.10846742647487503,-0.15419534225054646,2.0961083590586393,-0.6636715822161872,-1.56066899753614,-0.3774847670041781,0.4243277360956209,-0.2286600530635644,-0.24683859405620845,-0.5757372204982111,-0.9069378306323395,-1.0472482658992825,-1.013016394753894,-1.381095645491009,0.00741720295747038,-0.5823098651331352,-0.11731649216075599
11151300,-1.3647767096781585,1.5448933576243915,-2.5621080724660676,-0.8547687626727786,2.72673290575997,0.7962213098518474,2.4862850194766026,1.7784995498696115,2.8812774550732567,0.3317350768106481,-0.6167378811816281,-0.455193183532494,0.8470747961912313,-0.6880307632809468,-0.925478706598154,-1.4476231121897296,-1.6977961722010362,-1.225881790449039,0.8912423474265936,-0.6368765892847347,-0.9808396726982056,0.7843866089553981,0.3850584426508858,1.7854219784379752,1.611434485113887,-0.1943532211391813,-1.3500511794381211,-0.5279308788278966,-1.4764828921584787,0.3989626881063047,-0.6124231142801653,-1.284204940407999,-0.8796579480626389,-0.04509229361438217,1.2539208143934781,-0.10846742647487503,-0.15419534225054646,0.33212235382392197,-0.571601000262934,-1.5589722651432103,-0.28485082046533755,0.22018349677559326,-0.10833927094607113,-0.0933809610057988,-1.347808184483376,-1.2997659423917047,-1.204662669048261,-1.4429006730434946,-0.693348136093544,-1.7204789029986667,-0.8365731222753422,0.8557258540455737
11162500,-0.401110296046239,1.1890101956267722,-2.4418562671237845,-0.8726746157333226,0.36402938896961645,1.269245656695493,2.739417231733704,1.2545125828660333,2.021035032498117,0.7569819321338905,-0.6540508490422705,-0.455193183532494,0.8269498486030455,-0.9696952177071448,-0.39639871523878323,-0.2545936232039674,-0.9476226334734488,-0.5586774945610476,0.6439135344386107,-0.5457284672299861,-0.2454073349182257,0.669163522415889,0.2296337038038775,1.076509481599349,0.6178661242013221,-0.29841459198804116,-1.3604886930622873,-0.5667935704799517,-1.2508190096536045,-0.5895631273766977,0.12338637922670001,-0.9609248781718679,0.7409958952723021,-0.18123873087946102,-0.1589551403491417,-0.10846742647487503,-0.15419534225054646,-0.46031776493562654,-0.38095359716784005,-1.636843092115835,-0.5215184036977937,0.47421356080059485,-0.39586821877797124,-0.4028870930482062,0.48696733889742766,0.6403236376277758,-0.6437611740717286,0.8374991885073566,-1.5624037736219647,0.3836848624583526,-0.09370030417165941,0.04532398827392537
11176400,-1.263088653485694,0.8528471770525559,-2.306497401153102,-0.7934436767594388,1.8722898867548938,1.1372388622274994,1.1140611282863322,1.3969003456387445,2.07782671194754,-0.8772022754523963,1.644468537588094,-0.455193183532494,-0.6594212804101165,-0.5448344459227848,-0.8017346960362152,-0.9136936914253644,-1.5983000321244558,-1.2642466802177752,1.268147815485232,-0.6373541077625079,-0.8074231066563206,2.836045448382781,2.1420619507576655,1.8231171540846263,2.0601133458248926,3.374832188205631,-1.2769885840689574,-0.6126300425561519,-2.5262125006946956,-0.1330916492417017,-0.17687106319403048,-2.414580326946099,-0.6189788309379451,-0.6750161484815634,-0.5546362141426536,-0.10846742647487503,-0.15419534225054646,1.4162703346817749,-0.3232385698438134,-1.5970602375870346,-0.07417570430867476,0.6913361449677408,-0.2667868991989494,-0.2756363906620325,-0.7689562312974182,-1.1815120951197295,-1.1788944254870066,-1.5313223476026299,-1.3180912190732952,-0.4930912372261516,-0.37577946585428523,1.2365496903796747
11180500,-1.2545117688927443,-0.14052463712719745,-2.375525190589886,-0.8736602003651222,1.2412535468913184,1.236243958078495,2.1359103414343648,1.4139868771714705,2.085608166958283,0.35611703974896186,-0.2296978024963981,-0.455193183532494,0.916074616493583,-0.8636488883428447,-0.7858235871737292,-0.8490333928105397,-2.203323429236188,-1.0894548812136053,1.4577756762984084,-0.6373541077625079,-0.7387950457819848,3.998594799139622,0.9536187424954446,1.9410665746564044,1.4392015985971638,5.042206337209212,-1.318738638565622,-0.3086557037043432,-2.867190994574536,0.44362341554291546,-0.4913424264090303,-2.037094872652584,-0.4490244445644696,0.7110121049693519,0.7946777955824997,-0.10846742647487503,-0.15419534225054646,-0.5838681799918696,-0.31464872099772384,-1.618031011157369,-0.9060746003854734,-0.42119758330632495,-0.45142213004474036,-0.45679231061845,-1.5670580897930317,-0.5668314526506688,-0.5794819085535828,-0.25800577612003317,-0.04557070752613309,0.5570502598433666,-0.5517219505848016,-0.4868255604457654
11180960,-1.1474642517155331,0.13756160212616897,-2.353982891966961,-0.8736602003651222,1.1217885905787621,1.412253017369154,2.381705583259431,1.3556078944346586,2.010825939312449,1.0607559662739108,-1.0813163331807125,-0.455193183532494,1.5500104655214404,0.1491948752352925,-0.6633505235514868,-0.4294611399557032,-1.386415332240624,-0.9366651178278751,0.9878907912248839,-0.6373541077625079,-0.563421634138055,2.8412046910636546,1.383303275361701,1.6650406110502842,1.0430679350539902,2.4538292508076722,-1.2904082444428853,-0.5548724711900411,-3.30553123097482,0.41906180320251935,-0.46926535737432906,-2.4042561716136026,-0.41406025135718494,0.7080636900935571,0.7376644740208238,-0.10846742647487503,-0.15419534225054646,-0.5838681799918696,-0.2932057851123165,-1.6199158581921902,-0.8007306809593506,-0.2759462312699877,-0.45686294673781586,-0.4620793147069278,-1.148148539990862,-0.39333073752704273,-0.5814696006107621,0.01361107759045756,-0.4560453839919356,1.033076260806778,-0.6083477126073763,-0.4288965359410467
11224500,-1.3829932477482167,1.1714441821635695,-2.5728385060350694,-0.7856150030228327,2.5564410336400303,0.8952264057028428,2.180393399170535,1.9493648651968647,3.2010963197812594,0.7669626150616683,-0.6792083012594459,-0.455193183532494,0.7608250208132914,-1.0543803039749724,-0.926310104806661,-1.4476575843656818,-1.9362801416875497,-0.9324460365987882,3.052953549854586,-0.6373541077625079,-0.9679473396017062,4.192926273452525,5.180845446115156,2.019496859469597,2.7437938975022194,3.8484908417245838,-0.8147558378558797,-0.618094156475621,-2.2750716788902827,0.5306203706393514,-0.6848785675705468,-1.5194730114521804,-0.8136564243689262,-0.15950955854700435,2.140840178873946,-0.10846742647487503,-0.15419534225054646,-0.4396249994495351,-0.5818442941920731,-1.5222381013516872,-0.1289977995752404,0.5042463696916034,-0.32032547555672836,-0.28238550871303186,-1.3266077652429074,-1.3960619288824805,-1.3272245945403538,-1.740697919205939,-1.0673908869085047,-2.5030324418466883,-0.25716947678534113,1.8164783503230408
11230500,-0.8787001918471016,0.6676830200494105,-2.0404732037637263,3.568149479038967,0.8255304287349208,1.093236597404834,2.2819615355718246,1.5065389229737327,1.9841665256200414,0.21850659019997756,-0.5944427107018276,-0.455193183532494,-0.7399210707628604,0.31257039061739467,0.14603219717253393,1.9923597847307921,-0.1809084676514629,0.5509074920876704,-0.9895136975326655,-0.2556318729954508,0.5750164227246958,0.33209300059881675,0.39533321242380576,0.10190679512223241,0.12295997965812022,-0.29841459198804116,1.8333904759325923,-0.6486284187929986,0.46083792519205546,-1.2207490590577328,0.8373279320334929,0.26590619491979817,1.6101171338873774,-0.658539639162263,-1.0728439650667414,-0.10846742647487503,-0.15419534225054646,4.756724920198492,-0.3658575091331627,-1.4298916984931846,2.877158880830869,2.227567045926743,-0.38607944922001913,-0.3894414930488583,-0.968347516052711,-1.7822157669891834,-1.6414420733782735,-2.978460874679703,-1.7251839647851455,-2.4154388185324684,0.7043124068766644,2.1125730101538935
11237500,-0.23341507177841145,0.27896500241894173,-2.196327203688236,2.814995257602956,-0.08423847586304557,1.434254149780486,2.9794278277395523,1.3741183035951103,2.1086289844201653,0.21628016104434314,-0.008185302288425088,-0.455193183532494,-1.207107354060034,-0.037652678015660225,0.24916448966036778,1.0902576470084675,-0.2797595799481531,-0.023230841908828296,-0.2280217024341865,-0.6085260600204043,0.9207416843835666,2.0535603084502925,3.0042792721950895,1.2728891869843202,2.08323557247804,-0.2960223765662283,1.117675255989762,-0.609189292535452,0.07697496615990577,-1.684211956731342,1.5164759298363046,-0.28614923378000606,1.4126415849445866,-1.053169287501232,-1.2522646501450971,-0.10846742647487503,-0.15419534225054646,0.4650569448882986,-0.3929021863742707,-1.4447114316583267,1.834355860076915,1.240984488284774,-0.43056370751729134,-0.4344629061828212,0.4491286159492496,-1.078253035178148,-1.3350867896631522,-0.6489318419477869,-1.1047707786290875,-0.048200351326950976,-0.5440359817413908,-0.3631046472148559
11253310,-1.4773535367485544,0.35498203612541057,-2.55712826429099,-0.8290407093240255,2.4137427066916364,1.071235464993502,2.4760497058845274,1.9664513967295891,3.147731833526327,0.7128708364546803,-0.66399532120581,-0.455193183532494,0.8786997138298093,-0.8077550427702597,-0.9252687092099228,-1.417723900214992,-1.5235704497062756,-0.7096615160559149,1.1840265291403695,-0.6373541077625079,-0.9705342549026829,3.9091679260044803,3.4473618774548624,1.7331351218958466,2.6972492353268587,3.818588148951924,-0.9385149279709933,-0.5968873539501275,-0.671587279935061,0.17783610413922984,-0.6212753560713508,-0.9635185317751044,-0.7740519415859346,-0.8402049716876623,1.2110803508778039,-0.10846742647487503,-0.15419534225054646,0.5778059035438644,-0.5458391352349247,-1.519942485951294,0.054387134556176775,0.8900611215289422,-0.39494574769717977,-0.3346239163660011,-1.3936976995481876,-1.5478113876703756,-1.441888550937546,-1.9699859492040839,-1.0698924364342404,-2.58016552325233,-0.6268404374279299,0.9203091692543843
11264500,-0.43768798639982265,0.46929739400107173,-2.1898313805471497,3.5846937754367807,0.15889029804803645,1.2912467891068258,3.39997566436571,1.3000766669533015,1.7700729256542824,0.2876441199735782,-0.271434448179372,-0.455193183532494,-1.2056698578037348,0.006842875786081489,0.289710932875739,1.4919459430956246,0.7568802285903021,0.45160972540702726,-0.732986682975884,-0.5093497712618993,0.8181798417780796,0.5539404358763796,0.5543177529264133,0.5068259399717395,1.1596791995310145,-0.29841459198804116,1.4844793062104629,-0.6324324900356456,0.2869142641207547,-1.0047140504039704,0.5895702605880868,-0.23883698857474098,1.0488018766505136,-0.7626036060953804,-1.173095712363201,-0.10846742647487503,-0.15419534225054646,4.135820866700506,-0.29054030105276535,-1.465992440195453,2.383531014911286,1.8010172052435238,-0.19074472895944367,-0.1963781169816654,-0.16809877965932846,-1.5937376085188906,-1.5337873472523211,-2.313515759376803,-1.5682612070519413,-1.528315221289176,-1.1092412993190464,-0.4978390243182689
11266500,-0.37016964832204524,0.5361195018957999,-2.18600466607202,3.480853203960935,0.11562627419360455,1.2802462229011595,3.1147345230019035,1.2217633974283104,1.6552108399689418,0.16355796530791572,-0.06300791114088863,-0.455193183532494,0.7047626668176308,0.6645665268592464,0.29505649538252576,1.3951517550352506,0.9055657355192211,0.5209731180448626,-0.6192676951426971,-0.4521416250360444,0.7780461931081445,0.5505009407557971,0.6731403800843653,0.5469530624343031,1.6301425223059776,-0.29841459198804116,1.3249344550982063,-0.63101284855811,0.5270211999715588,-0.9787894908439667,0.6333417956255029,-0.5904442909150287,0.5450860537135925,-0.8987660897484541,-1.2434305778550443,-0.10846742647487503,-0.15419534225054646,4.1710544826855624,-0.2933670968277354,-1.4726233271297984,2.2304897097450023,1.9946370053900044,0.0237738644144053,0.016417949123717978,0.09274688491960124,-1.4388150561863997,-1.4533972298587718,-1.878022543299417,-1.4653117417251798,-1.8536338131603318,-0.9972437773330033,-0.5074862653158027
11274500,-1.4543501711564346,-0.06763458218010658,-2.402388963735015,-0.8736602003651222,1.986786934852749,1.269245656695493,2.407272031144677,1.509386678229186,2.5000015250695276,-1.4614373439606378,2.3144282842458552,-0.455193183532494,-0.3388596152554404,-0.6147439687839624,-0.8857411194870163,-1.2074859393694064,-2.438087103200324,-1.6084052138897071,2.417383895732636,-0.6373541077625079,-0.9399518796832133,2.6795484203962836,6.668698828518264,2.264515501172828,5.929639248062494,5.959620951474449,-1.1346303155408646,-0.5953655244080865,-1.7397382841260471,-0.24163922575681474,-0.2448743680477184,-1.7624966273358271,-0.47806531748478726,-0.8351051082950984,0.033465183942187775,-0.10846742647487503,-0.15419534225054646,1.0726339402737677,-0.37044721151236176,-1.5626056531936452,-0.48598391493485155,0.1757148126244176,-0.2613872117897309,-0.16253895143306715,-0.8975005454263351,-1.2745270095147876,-1.213962432361387,-1.4825709489419112,-0.890633267059872,-0.4991892939361871,-0.7183659539454836,1.0537121812272223
11274630,-1.4168562672625424,-0.06711651059469033,-2.352796544124289,-0.8729222804220766,1.8316392479063943,1.4452547159861522,1.7099798776267405,1.509386678229186,2.4127837659150817,-0.84317950740865,1.4862719601723111,-0.455193183532494,-0.6781087317420034,-0.4991568470485124,-0.901461431902638,-1.3090691967729078,-1.303580799519809,-0.8002659445068798,3.0592773976263588,-0.6373541077625079,-0.9420704184124958,4.096620410076219,5.437002123320448,1.6413291295951324,2.9017827371058607,3.4465986508600146,-1.068238311585632,-0.595698303455321,-1.7068484702070792,-0.22718828138080696,-0.28314168759932923,-1.6592025748789363,-0.442241832705063,-0.824570456949354,0.22998830351449187,-0.10846742647487503,-0.15419534225054646,0.9197616344304249,-0.3375876310058921,-1.567779730999638,-0.3081206306863978,0.24513977901975512,-0.35557914743410696,-0.30627645086063365,-0.964053760257173,-1.3553928447623145,-1.3058100448072358,-1.5759907132221587,-0.9360852649800725,-0.9597574340560374,-0.800211530575198,0.8280051977104969
11284400,-0.30861834503859903,1.2484388499802415,-2.271695994417432,-0.6940881578171536,0.28684558835587204,1.1152377298161666,2.2858035085230086,1.3627272825732941,1.825192345255705,0.7408162179296713,-0.6328310769017924,-0.455193183532494,-0.12036018429799311,-1.9891246609751012,-0.6239042250625028,-0.8528091531849991,-1.4494332452164604,-1.3989559761787436,0.6117008523784505,-0.6373541077625079,-0.6083547405325925,2.5694845765376475,1.555825952843516,1.724015321336173,1.5302745187072166,2.8975852115539653,-1.083149045334441,-0.6079577148818031,-1.8260295515503946,-0.12896088687694462,-0.18944837921941088,-1.799163468278268,-0.40589171862647483,-0.4326668289131047,-0.30964330515589733,-0.10846742647487503,-0.15419534225054646,0.9018471055231606,-0.26936237727125967,-1.5046108342524795,0.17545630572272095,0.1317711619971038,-0.44119856520030054,-0.4482126258863736,0.31709562523645834,-0.7525500202293326,-1.378641252872946,-0.29606993029857365,-1.6563113501750324,-1.1935557191700588,-0.47591300069316606,-0.29341379099858844
11299600,-0.8432231224201274,1.2702001258905269,-2.2370007186176517,-0.8722928396035391,1.0267021266586567,1.038233766376503,1.4576193207929675,1.357031772062386,1.949009117001753,-0.5183242696845793,1.139697992221643,-0.455193183532494,-0.8894206814179559,0.7386976392651818,-0.5585267416458027,-0.34946818238827265,-1.6949969289062685,-1.435327486127599,0.9623191652079107,-0.6373541077625079,-0.5327966073025061,2.6743891777154096,1.3905114393552833,1.9027634123057757,1.4347470716468405,3.2552214171149916,-1.3634708398120488,-0.6097958904842641,-3.0019168410559147,0.9408584127653165,-0.5179433647026674,-2.2618182851440647,-1.0637929037218232,0.14148523892147388,-0.44966091410998593,-0.10846742647487503,-0.15419534225054646,2.734844813687447,-0.24647723783489855,-1.5311498012228022,-0.5839741163140784,-0.11603680910707947,-0.4437838344713083,-0.44855183632567863,-1.6062386114273153,-0.921979481961296,-1.0012254287595888,-0.8344665454699491,-0.77680759079316,0.18343654161975334,-0.3355412215930289,1.5247000849189276
11381500,0.13670705211753556,1.2000311122614375,-2.0128932737585954,-0.061872661087436664,-0.0905050363578213,0.8622247070858446,1.2981183793964386,0.6892331646583709,1.0935539846818245,-1.1038916594837027,1.775469153981736,-0.455193183532494,-0.471109270834948,1.1400863731806927,0.4660204411404932,1.0899490121841617,0.4753688124925999,1.214531298932844,-0.9360099823467719,1.7014091598153518,0.17755919010435986,-0.7375899819022999,-0.5159454594362939,-1.3086223581072813,-1.0290028081037614,-0.29841459198804116,-0.45838930125934496,-0.6007528730323035,-1.9138154433413714,-0.3456767367342057,-0.0721361909551981,-1.3635249474441233,0.4787885138157972,0.0927157982741768,0.027801368024549057,-0.10846742647487503,-0.15419534225054646,-0.33493270073299924,0.15556532756234445,-1.6180495142368998,0.23188146063272744,0.5170156773434899,-0.26733333111304874,-0.2729928886177935,-0.13562725145557283,-0.7929382769955307,-1.0802193345535034,-0.6030739129319156,-1.020349305446287,-1.7366574501033312,-0.4445044821563288,0.0924226215919512
11383500,0.19156048501782394,1.701671592259476,-2.0720722542414136,-0.13507145062416168,0.002052912476902648,0.9942315015538384,1.2852568577028416,0.7063196961910954,1.1718748651641835,-1.4325046829385824,2.32402359878619,-0.455193183532494,-0.494109210935732,1.1587457989685193,-0.009593958407538695,0.13775939358967879,-0.05928855246036715,0.8275236150457582,-0.3664763894533084,0.5733102247545386,-0.03267903677520392,-0.44695264421308967,-0.3740573990569683,-1.1870250173116335,0.12544265808002023,-0.29841459198804116,-0.7938808106075467,-0.6090705862555823,-1.1408197596946308,-0.2593740042958834,-0.19265756346835505,-0.6798042085786941,0.3655059893709162,0.047445255743376935,0.28511212355325394,-0.10846742647487503,-0.15419534225054646,-0.5594899644689073,0.1477781965382231,-1.6133725525009548,0.3742229788138219,0.6266214126314629,-0.1485578349461806,-0.10176179823897218,0.16171533738542918,-0.5607045354612837,-0.973314288028753,-0.12580770100183844,-0.9983441186441517,-0.9820843989883391,-0.35877288805909535,0.10933139708877992
11451100,-0.21004095028332792,-0.3550333080306708,-2.3381512157218123,-0.26596688163538684,-0.29545664879082006,1.3352490539294903,3.209814903456471,1.1178203306042303,2.305097545161604,0.9204935040765957,-0.884033807085795,-0.455193183532494,0.8413248111660355,-1.0833404082520066,0.20784669999599742,0.9673421111153762,-0.4239037349333047,-0.5822356670339484,0.05009779051770548,-0.6355984272076526,0.6365891642474101,1.547954525724684,0.8248027015246059,1.2741051603922766,1.988895247495439,0.07835933694748713,-1.4067119676835953,-0.6137385895826039,-2.5245098640977726,-0.3587017571057687,0.016220454546221418,-1.9735007907134563,0.31339247186057745,-0.015400563743054393,-0.2598157522066784,-0.10846742647487503,-0.15419534225054646,-0.13918927252964833,-0.015185043586778732,-1.6547990972613644,-0.02412461988568351,1.225324312944106,-0.37458675218799364,-0.38167474367994386,0.620342128296325,-0.6590514243973857,-0.9739705453963255,-0.5103251137614077,-1.5362840831247178,0.9480088672682039,-0.6032881087436797,-0.42372048345519137
11468500,0.2305383830887682,-0.12649785450200815,-2.2641697200577497,-0.8710815590649266,-0.4844309192208727,1.0822360311991683,1.5788674189171734,0.6593317344761013,1.3430917756974103,0.9836774284104942,-0.972903516100644,-0.455193183532494,0.8743872250609124,-1.0952452907682224,0.18671828112213396,0.47265638083072065,-0.5496984839185655,-0.6275793309714728,0.20005805264463408,-0.5278453706129435,0.7581471950318173,1.116297888091597,0.3101073791349432,1.1135966705420215,1.391687053620545,-0.29841459198804116,-1.409694114433357,-0.5669051264268403,-1.4939969108857767,-0.12631254562084238,-0.2751676511590072,-0.9236106825728368,0.165330429811088,0.037454700724221905,0.7392700447165291,-0.10846742647487503,-0.15419534225054646,-0.5838681799918696,0.03527671767606288,-1.723741571591297,-0.614941157362772,-0.022192902780602795,-0.30500775512600736,-0.3125869347228766,0.9673312685232343,1.0177320618017198,-0.5038269069196214,1.1307007793757435,-1.6307561402120752,1.0330762608123447,-0.28500669570439874,-0.09811370801595562
11473900,0.2806438110746412,0.01888867589319521,-2.254887822349564,0.4175090175402895,-0.47238298375165266,1.2582450904898268,2.7901845317681224,0.6379735700601946,1.3403480632471083,-1.0412403719461507,1.6442869366201238,-0.455193183532494,-0.08298528163421914,-0.6802630385185937,0.22617836168016398,0.5028572772436753,1.6841702437393744,0.00011190010882145166,-0.2499561917838078,-0.6095360335050604,0.4652059109763218,0.9443231320624784,0.017901008401686146,0.8801297762143779,1.4521934177240683,-0.29841459198804116,-1.1248990998311055,-0.546689836657351,-1.8865528755517476,-0.29096225415046406,-0.09645737658499559,-1.6040623077293998,0.003408400509050025,-0.27151411573047285,-0.24281155218310718,-0.10846742647487503,-0.15419534225054646,0.26861902231197937,0.08867281585748751,-1.6982998372371212,0.3542356240531408,1.7086159738949023,0.6653495632988393,0.6563910789752415,0.8624026112697759,-0.3831787960187539,-0.7798092412914222,-0.12405277824067193,-1.2322000101794004,-1.2976290471256464,-0.41566667188112544,-0.18289239802141627
11475560,1.35302614344711,0.5041288589949695,-2.2342587232476943,-0.19172232293869415,-0.7519852700382431,1.3462496201351568,2.5968222799795004,0.5539647900242953,1.1086579535094618,1.0607559662739108,-1.0813163331807125,-0.455193183532494,0.9146371202372842,-1.1096831270112912,1.3939917720725885,1.3651168145089485,0.14027106393506253,-0.3033658989003183,-0.5339937845934815,-0.25895039905342276,2.1571158254387894,0.7981445894377278,0.2055074446257606,0.8576342681671831,1.164751429769741,-0.29841459198804116,-1.379872646935739,-0.6039848837410001,-1.1125397555194072,-0.42141405717281666,-0.03378416476536877,-0.5470487515900373,0.5539504358318679,-0.08733160168012355,0.25676382502994965,-0.10846742647487503,-0.15419534225054646,-0.5838681799918696,0.09315305671550704,-1.7179513412369456,-0.21226784216509223,0.9366866026498057,-0.45584646586535144,-0.46273434176213746,0.9463992090199868,1.3999696748698007,-0.24301401203341727,1.113705331888188,-1.74135592710467,1.0330762608129862,-0.28500669570375164,-0.0981137080152608
11476600,1.1177087306260682,-0.8307759807309443,-2.164030020620955,-0.8145781678830708,-0.9347576402301153,0.8842258394971765,1.331748095955934,0.23928783429660336,0.6806165528102797,1.0607559662739108,-1.0813163331807125,-0.455193183532494,0.9146371202372842,-1.1096831270112912,1.349154581345921,1.5114486585185662,0.3541184226140529,-0.28233082741134385,-0.36426945254296095,-0.5489282445860918,2.3273594333110856,1.1403743539356732,0.43851272010587333,0.9488322737639189,1.3859019896091282,-0.29841459198804116,-1.4842477831774017,-0.6063787691719965,-1.0855058049704391,-0.20916427365989873,-0.23219216065054696,-0.6680069872870328,0.2579863415854996,-0.05724549554404344,0.7096762689712625,-0.10846742647487503,-0.15419534225054646,-0.5838681799918696,0.21253332801377253,-1.7401562702119515,-0.3571666221583426,1.025742389992705,-0.42349534630587693,-0.43032804789681034,0.9582070374577162,1.1350432945488091,-0.32453913743498825,0.9914262535545117,-1.580162654947926,1.0330762608116815,-0.2850066957050781,-0.0981137080166835
11478500,0.9173714578542009,-0.11930612402058335,-2.1304164020507335,-0.09980768163725445,-0.7452657187272418,0.7522190450291827,1.603473918020932,0.17378946342115592,0.7596519862428305,0.856753050354708,-0.8543525372319478,-0.455193183532494,0.8341373298845405,-1.0633300738098577,1.2401000994479918,1.5498212526289532,1.0377555453203642,-0.37028152170300316,-0.6981559780675374,-0.5374544180056513,1.9191048496095284,0.9735588405874284,-0.07312350454764632,0.8995853507416814,1.237454453074345,-0.29841459198804116,-1.490212076676925,-0.6059931520679519,-0.877919377579255,-0.36422028975678794,-0.1372319225534665,-0.5790155983208897,0.2697473645289258,-0.134677094744677,0.3815451318758986,-0.10846742647487503,-0.15419534225054646,-0.34940888716722535,0.23733884501465266,-1.7331836930756133,-0.0021143565273269854,1.6199417590159901,-0.12940333989280486,-0.13632617231298114,0.9547183608738414,0.39688434690169616,-0.2977368463419203,0.5026566923100954,-1.32026770677253,0.4217253037419494,-0.2528625077918549,-0.08080361197871538
11480390,0.5255620547651534,1.1541075182980938,-2.1850308673224537,0.5996853816331723,-0.32388531724884334,0.8402235746745119,1.745771086048284,0.4799231533824849,1.0907209501585697,0.8776506544140359,-0.8237743087558463,-0.455193183532494,0.8183248710652513,-1.0753193881169687,0.516968257365169,0.797089155015848,0.16881594390289717,-0.510702951411082,0.10314714606003723,-0.6373541077625079,1.0959081608703318,1.6511393793421552,0.6100099972689947,1.1294043248454557,1.5790683577536826,1.2182499854413213,-1.420131628057523,-0.6079577148818031,-0.8835103394702208,-0.44501017139772203,-0.08352809143150502,-0.6658623593489176,0.2105372698211491,-0.2392223308182182,0.19262508415293336,-0.10846742647487503,-0.15419534225054646,-0.11197370669493953,0.1996783205968882,-1.6989172233241163,0.369235682145339,0.6456529228791917,-0.3231692717548369,-0.3303954827863888,0.8986311757946274,0.39530991100687674,-0.40903814463061167,0.6187435204156341,-1.4094487548026498,0.8435826565229104,-0.29627731928260714,-0.10964372909217164
11481200,0.7837323955737104,-0.7538731958193657,-2.0260436969924602,-0.8656084174977939,-0.8344480337867355,0.1691890361288743,1.2242311919189957,-0.035520547854729335,0.550117061171034,-0.2827961401692521,0.15317818544415757,-0.455193183532494,0.49632570965427614,-0.7699296004492353,0.9493908442651876,1.2476956209866212,0.6070013244595823,-0.29607588137623286,-0.5087472803540556,-0.30151440526888523,1.5463891076163125,0.4782715432235674,-0.28892322476769444,0.6490948287026472,0.4729424044666522,-0.29841459198804116,-1.4827567098025205,-0.5892009287773803,0.7658035338928006,0.22881666830585798,-0.5599896453764546,1.0555089032575098,-0.4021418135705113,-0.15848922354922532,1.7724773299799383,-0.10846742647487503,-0.15419534225054646,-0.4891345709058794,0.3392225563225927,-1.7449547355034782,-0.6032998909044504,0.5354975364890353,-0.40378266811444274,-0.41011578447891267,0.8004115119716969,1.0574647037770897,-0.7161439283639865,1.1502126638890995,-1.4205990249930363,0.998376073488135,-0.26849562660049847,-0.0854453999958608
11482500,0.9374757452207759,-0.4857424508329632,-2.0213126175146674,-0.8088199381988435,-0.8234263058737218,0.10318563889487702,1.3238759712931483,-0.2590693354078857,0.4542842207942893,-1.238982983845962,2.134176123464216,-0.455193183532494,-0.39779696176369933,-0.4529726574288687,1.0566083785121345,1.2649011942222756,1.5280567553142075,0.06020150888314002,-0.8185698793115195,-0.5197987708059572,1.60498050529415,0.2547043603857134,-0.21966785688559157,0.6399750281429736,1.1159234058782774,-0.29841459198804116,-1.3619797664371684,-0.5986567378099754,0.29553106045379257,0.0032925557345120844,-0.44744138936459804,0.6219063923763879,-0.11630292045724798,-0.16349652332324738,1.3342309722558625,-0.10846742647487503,-0.15419534225054646,-0.5043661843154904,0.3945928026403422,-1.7430705052379756,-0.2702706113273742,1.4488149977379787,-0.0438191757984887,-0.04917248323499782,0.9217101131956437,0.8538114821782166,-0.4884346288489157,0.9039530787997376,-1.4971647169303808,0.8098370527849599,,
11522500,-0.08663358624645116,0.8490972198633482,-1.9186961027183589,0.3518454094603408,-0.028058437422008874,0.38920036024219806,1.156210284779392,0.17663721867661078,0.5548172810840106,-1.5159420036354925,0.8090838137557333,-0.4458469744373588,-0.6622962729227145,-0.8859388811391631,0.442459729639107,1.3165043186445298,2.483150026625808,0.9760302288900415,-0.45649637051995384,-0.019849967740559915,0.31975433030069683,-0.7031950306964762,-0.42997042760691223,0.039284164612473756,0.43351467677020783,-0.29841459198804116,-0.4345321272612512,-0.6303537043239763,-2.171999263593375,-0.6585021824003308,0.2607970610130662,-1.6498283559076568,0.9134201772931341,0.025850752773781585,-0.5732956835764151,-0.10846742647487503,-0.15419534225054646,-0.5459404547259793,0.4096370404807775,-1.7076913836373886,0.6614251089014181,2.262385851596301,0.675990296593828,0.6656842753210283,0.94237381296167,0.25983771472959943,-0.29403287240636183,0.5356016768333907,-0.9235248384235888,0.982922143422343,-0.29983583709735406,-0.10726881432220167
11523200,-0.23063634363655072,-0.406452091715845,-1.9221694127537907,1.2499700729702483,-0.2971897689936524,0.6532139491781864,1.6205199329408777,0.6094960175056524,0.8695198333124038,0.182257716605549,-0.004234942948593364,-0.455193183532494,-1.6038563207985568,-0.15974104765003613,0.7508016023095314,2.2182878764315306,1.9489829296870484,0.5923806806661701,-0.6524936374026942,0.04999172712225672,0.9917982624059049,-0.02217499682116713,-0.0786068533323836,0.38766054599200456,0.5615665008605579,-0.29841459198804116,0.24539733168443784,-0.6289871045560363,-1.5883285094184891,-0.376223893933038,-0.29125083929963735,-1.0159313932882883,0.4088694837075953,-0.31964594296793924,0.7551908402628119,-0.10846742647487503,-0.15419534225054646,-0.5493774290798593,0.3584839432947096,-1.6600780258513614,1.0877753605788099,1.976880303702436,-0.2407109332336483,-0.24738834890611655,0.9136593210790099,-0.7823834042857207,-1.1538853304845014,-0.1951920722916939,-0.8525575363310297,-0.7978875885094081,-0.1948506966841292,-0.4241285217617771
11528700,0.31788633858405735,1.4361841149535715,-2.1076214763762677,0.46093014212370015,-0.14517307068875085,0.6642145153838528,1.1809121797424798,0.29339518415023297,0.8498001888844822,-0.3660435756223031,-0.09064836809678017,-0.455193183532494,-0.3891719842259053,-1.4420066559745757,0.05944800299206103,0.17457717762681818,1.0979239190616488,0.36735686501585657,0.07007632917257517,-0.4815050358969646,0.2466284943561993,0.3750866896060963,0.1407200172864739,0.650918788814582,1.4515156835697922,-0.29841459198804116,-1.0592918713363464,-0.6059505805049306,-1.6149499373280571,-0.5689306930407755,0.059331166400419244,-1.1748149187244348,0.7193210173896883,-0.10508671632620237,-0.11930595413659698,-0.10846742647487503,-0.15419534225054646,-0.5130425638185842,0.2698777224678455,-1.7087176877820036,0.33034240174852036,1.3035992987461074,0.6977065584702934,0.6868790793217405,0.9418370934872279,0.1376688579642544,-0.5846839743847574,0.5421753628637466,-1.3164278365898299,0.839410437202877,-0.2965254728469935,-0.10989759400096775
11532500,1.6497813034242552,-0.8407560428834043,-1.8553664950890152,-0.6349076235391702,-1.0414400431725641,-0.061822854190115815,1.1531142022919179,-0.4199675073410495,0.26324871727769505,-1.7728466726788377,0.7761299799465807,-0.455193183532494,-0.7887959434770263,-0.8118077687332277,2.5262297337410553,2.479655680495244,1.623733560825784,0.21945753237974644,-0.573237366056354,0.6913370053483547,2.9950719727929136,-0.30765309182950373,-0.42397921596845506,0.31956603514644194,1.0670005535505904,-0.29841459198804116,-1.5036317370508536,-0.6118232148674313,-1.3862192463342846,-0.14782558617444463,-0.2917343477168136,-0.7782155057535569,0.18030419347500112,0.020326957242552582,0.7214119736910706,-0.10846742647487503,-0.15419534225054646,-0.5722732559749539,0.4891157067434855,-1.7446130453014854,-0.04370484838771284,1.3988610502516141,0.4614364495481018,0.4573973686760614,0.9654527503626863,0.27113996118478717,-0.6545689980022414,0.5465725870108897,-1.3867251097534632,1.0330762608126711,-0.28500669570407566,-0.09811370801559205
12010000,3.311176356655879,-1.4779913449129856,-1.3647696710175645,-0.7573901166832911,-1.3134979522215289,-2.547950816670674,-0.17223440412265673,-2.4133961861590056,-0.5096621802174564,-1.351078064918306,2.2719753679970114,-0.455193183532494,0.1642640744492083,0.06358103926761742,3.69609958470298,2.2323147989701964,1.045726925024367,0.07917229837552589,-0.8215692339650206,1.213906364953564,4.412235655876704,-0.4108379454469748,-0.4504422648714211,-0.033674239864914884,0.0469403663795231,-0.29841459198804116,-2.071730692880475,-0.5962402756669248,0.7658035338927637,0.8833273551542402,-0.5627885442886029,0.8770139109172195,-0.8797014437503726,1.3258031035232969,0.12446123792004501,-0.10846742647487503,-0.15419534225054646,-0.3011175664174589,1.3691268053063206,-1.7240925133330551,-0.7814812425424756,0.02336107702175704,-0.3821721672536096,-0.3892017063590047,0.9622324335160328,0.7323480035054118,-0.05926468045811684,0.8226828748352472,-1.274291648579141,-1.1020881120431472,0.7309488142787303,0.6813898634536798
12013500,2.5645982004274646,-1.2084472065140093,-1.4371985754410654,-0.7879899549135896,-1.2163933039730455,-2.1079281684440265,0.13554926875745135,-2.3407784271449237,-0.45173274245196754,-1.0959711425774146,0.927325867851728,-0.455193183532494,0.5624505374440302,-0.1778938826924916,2.046632300471654,1.2412244067518385,1.3903686339633297,0.05467089225705884,-0.563980734152812,0.11521757268115462,2.6000184261080523,-0.31969132475154205,-0.3896792691524856,0.2411357503332491,0.4609625049607737,-0.29841459198804116,-1.9882305838871448,-0.5413690247946857,0.7658035338928006,0.9149358688277035,-0.5175249220483789,-0.03305958244362058,-1.0709127201158841,0.6315989796700922,-0.5590110631041261,-0.10846742647487503,-0.15419534225054646,0.8041331314340749,1.422309741578084,-1.7184910143899124,-0.5728417576790714,0.3263130602281352,-0.26729807744117134,-0.2733437959687987,0.9394218558522377,1.1609679464691285,0.2225729815105286,0.9401130606933185,-1.3197018008412276,-0.14300047904903473,0.27459501890521754,0.3312471555771712
12020000,3.0072273674829724,-0.08596488874783277,-1.3938580863264214,-0.6594147070912312,-1.1230684185625492,-2.8669672366349936,0.06396576393239961,-2.2268682169267544,-0.3642690896793654,-0.7510442964152995,1.0909053456929774,-0.455193183532494,0.027701930100803535,0.4353342145789316,2.231283380733128,1.1625999807990712,1.0421746133145018,-0.13383507314982096,-0.22259555613382317,0.13386158472531934,2.7447696816292404,-0.22166571381494451,-0.4048475756937741,0.29220663346742115,0.4537556857800918,-0.29841459198804116,-2.052346739007023,-0.5899025473380183,0.7658035338928376,0.4211368677611325,-0.38454013629742856,0.9519852805011977,-0.3003171627765795,1.0896912959739222,-0.008506605514296602,-0.10846742647487503,-0.15419534225054646,-0.5838681799918696,1.4158553525837385,-1.695360931438391,-0.41150525499275936,0.6033546178098815,-0.29283936271633215,-0.2990536078857773,0.9576703179832737,0.7799206441383278,0.10778688180262545,0.8303338560531229,-1.2334418918388077,-1.3652858955990372,0.8561837806426735,0.7774778344268124
12025000,1.0282294139713224,-1.2478854707035976,-1.401460649230527,-0.7280902520566354,-0.9936879301868989,-2.2949377939403517,1.1981142222589356,-2.0403402476945027,-0.31500575545181086,-1.12336468567414,0.7930042322917376,-0.455193183532494,0.7478875545066006,0.5491482687055848,1.1004616696477139,1.247001565441371,1.4465498886323112,0.287148873428463,-0.7766342372330151,0.23687421139846704,1.3009657484391268,-0.47446860517774864,-0.4493802360892503,0.040500138020430336,0.1624923032738231,-0.29841459198804116,-1.7958821185275091,-0.2511802052588358,0.500308582523597,0.7120772766113055,-0.5687356597735272,0.9553291777490603,-0.7171798264585111,1.1125362941986476,0.6140065032894833,-0.10846742647487503,-0.15419534225054646,-0.5491760613534863,1.4163892175466748,-1.674852734856314,-0.664814124047603,-0.2652598678528242,-0.22780808932652774,-0.232275938989494,0.5961897519464241,1.158803351063289,0.5023024088314141,0.8856839359184309,-0.975862050773707,-0.7015500065131488,1.4974994980812206,1.1883997660662484
12025700,1.2999643738894304,-1.3351340240631844,-1.355894151932963,-0.4280999563468172,-1.063565850234256,-2.3939428897913473,1.02662309071027,-2.04176412532223,-0.3461325968658427,0.7028561173158031,-0.5779215888897149,-0.455193183532494,-0.4193594056081843,1.0049955077484636,2.1656349030938675,2.4122661412477577,1.1302929452500419,0.3635869088312247,-1.162801799013973,1.207776076910923,2.4380084539479863,-0.6051694197598786,-0.4844014916561651,-0.19114279619527855,0.11795436316423176,-0.29841459198804116,-1.6885248355360842,-0.6076230470411373,-0.7838583553737405,0.39807577000557715,-0.3911947764864659,-0.43088462272299105,-0.3551578764881234,0.8986362718778743,-0.06728543908971212,-0.10846742647487503,-0.15419534225054646,-0.3309504331991308,1.4456749754055744,-1.6531967305740394,-0.25833672287064674,0.57670736259962,-0.405016546630151,-0.4109111744745244,0.614169854340239,0.7151475385129912,0.13003663197090792,0.8371633052477576,-1.070272839384652,-1.0510893835352781,1.3100321826636994,1.1256982503851396
12035000,2.644720298075694,-1.454300700661596,-1.5071490389401008,-0.7653313297196643,-1.2562088440599282,-1.7119077850400437,1.2263007015630256,-2.118653517219494,-0.3236952046843895,-0.6912975186653043,0.20366227099041473,-0.455193183532494,0.9203871052624804,0.5164731656291656,3.4092830364592186,2.484354609482723,1.1946126021425638,0.4437654518236397,-0.7935483732691545,2.1801958270061927,3.5902044013653405,-0.5329400222276489,-0.476860539865234,-0.2075584372026911,0.43815560541120585,-0.29841459198804116,-2.000159170886192,-0.10307511715085696,0.7658035338927637,0.5899376446144127,-0.42368393298455453,0.5197499896349974,-0.7155804838650853,1.0791766962195783,-0.431501875786301,-0.10846742647487503,-0.15419534225054646,0.04926594040062726,1.4894691857644093,-1.708759628095605,-0.7762394919623354,-0.3575365257663179,-0.013348252072474432,-0.022866128821310453,0.8881651460430037,1.1284413691623585,0.20500035424545285,0.952536681407203,-1.280963543369384,-1.1042903731644118,0.7319966958127679,0.6821938626347852
12040500,3.471884482113631,-1.600563978970532,-1.383864323723808,-0.5436259563428891,-1.3382584804572404,-1.9429196753590339,0.09096355362900138,-2.400581287509462,-0.4974097893742432,-0.3671355641908852,0.9038620761428147,-0.455193183532494,1.0325118132538016,-0.5720214825910206,5.3109056485677115,3.4341730778149433,0.33353744209616276,0.14836755021596676,-1.0420213539891625,3.298660663290805,5.419303769731737,-0.5759337112349285,-0.5132060704447622,-0.5316153504230923,-0.3583749418388179,-0.29841459198804116,-1.9509537495151223,-0.5105693732481557,-0.46894291452484826,-0.06294897346563459,-0.2111787184267483,-0.41667526240860586,0.06824185730391616,0.324240353569412,-0.32474474541265935,-0.10846742647487503,-0.15419534225054646,0.0025459145974412465,1.592633788907884,-1.7593883710757547,-0.4101948173477243,1.0692974648794404,0.21200496979168892,0.20331120426907,0.9590121166693795,0.3513070159011662,-0.12463093832258093,0.6160913960904998,-1.0295374915566393,0.8819783373002802,,
12041200,3.210054139969781,-0.6766244625201491,-1.4219144711749039,0.009690940322387005,-1.2132935076529352,-1.9429196753590339,0.2562775360398824,-2.3236918956121975,-0.4863588159833723,0.5265327730983441,-0.32991856504582345,-0.455193183532494,0.9606370004388521,-0.9097486461715933,5.244032738565889,3.618986658487703,-0.3463135082467272,0.802762455259685,-1.6734390232879277,8.358657034564395,4.1436943556401244,-0.7633861953066675,-0.5511768807485632,-1.213776432286676,-0.7519358962196538,-0.29841459198804116,-1.5886229194190644,-0.5667628297597523,-0.5264357172836699,-0.22650162099798266,-0.06638913374716118,-0.6375720484230396,0.18660491041321037,0.11308726519032544,-0.5268882321401953,-0.10846742647487503,-0.15419534225054646,0.549776150152727,1.64427082124021,-1.7553966400517498,-0.0068980900664842425,1.7306215422685,-0.08038898475928948,-0.08515218362472761,0.8956792186851951,0.16600696790975922,-0.10691669839515719,0.20153712852860012,-0.7686371245282607,0.9833679472364315,,
12043000,3.56403382360885,-0.9682602112898238,-1.3744737956502324,-0.5261655623757227,-1.275371790915951,-1.9429196753590339,0.011077187827093778,-2.3507455705390132,-0.5662839209361471,0.5916768591666068,-0.4344456060768067,-0.455193183532494,0.9520120229010579,-0.9327140932950713,4.1031190116442815,2.389781888857813,1.0559234885350197,0.06586610127104188,-1.2428511634878716,1.1661127127164452,4.456830112305568,-0.5226215368659017,-0.5091761146891368,-0.09386492355876037,-0.003855234132563362,-0.29841459198804116,-2.095587866878569,-0.5507630892188214,-0.8837928892394722,-0.13569320310065822,-0.09679116753520225,-0.6175086095464646,0.26896094421199235,0.39055605081567135,-0.2871047238494871,-0.10846742647487503,-0.15419534225054646,-0.3999740305083136,1.6737159704369646,-1.764152297285492,-0.4843426872046619,0.5681884071772829,-0.2675918580401495,-0.2688346365083823,0.9673312685232343,0.49169911936858474,0.024401237009852222,0.7270066331105319,-1.0938165716656802,1.0330762608125021,-0.2850066957042372,-0.09811370801579036
12048000,1.0758366071555292,-0.4854280509649462,-1.4993871275764996,1.5770465199286285,-0.8598715792879771,-0.8098613561754163,1.8285733174434513,-1.109124279160972,-0.2820073427162559,-0.3093505539803731,0.8411278972185942,-0.455193183532494,-0.021172942613362333,0.3785960510973957,0.5449897611639698,0.4365552187393473,0.4046626351950557,1.1571065942459675,-1.1588995764002488,1.693288239690827,0.16507385821942985,-0.8459340782006445,-0.572575574821092,-1.2861268500600864,-0.7849200523963332,-0.29841459198804116,0.15593292919158408,-0.6201549076001963,-0.6701191960655614,-0.38960824836483476,0.10737328442203156,-0.45974836906116817,0.5739073629729893,0.2709414848278745,-0.4641765104618268,-0.10846742647487503,-0.15419534225054646,1.1123366151490877,1.6841205760815239,-1.686420243409345,0.6412723590981599,2.9210546260546577,-0.22774345759475256,-0.23384917361316715,0.9353964597939207,-0.05940165997014415,-0.1306804432054962,0.07106662054850285,-0.5143729259014596,0.7084846523274092,-0.28953997408387955,-0.09220885852564015
12054000,1.742014113525897,-0.10425363217592358,-1.570390723947777,0.9914317231830427,-0.9405967410081266,-0.9748698492604091,2.1204365018648383,-1.2586314300723187,-0.19141377237620366,-1.1308347391107616,2.0012086970457865,-0.455193183532494,0.27782627869682885,-0.09962561253269483,2.855846666577581,2.7670015664466536,0.41760457886498775,0.6737259507186982,-0.9667320841578566,2.8518973714753053,2.294865328380496,-0.7737046806684147,-0.5464419212682293,-0.8763438115787536,-0.42099486258030155,-0.29841459198804116,-0.9623721019690881,-0.6136594632783258,-0.34252389893564644,0.01542266825339966,-0.16574348823705407,-0.03134462630726227,0.17816336232588595,0.7519967877904083,-0.3127406421445444,-0.10846742647487503,-0.15419534225054646,1.4336991582727465,1.6206943458806213,-1.6789493166643241,0.02218599203594534,2.729046852847246,-0.36483911191389845,-0.3679308724322415,0.9531082024505149,0.14645501806685252,0.017821225476012014,0.3779033571100544,-0.17239510738366284,1.0330762608125457,-0.2850066957042049,-0.0981137080157573
12056500,2.649517801814849,-1.4239620260614367,-1.5337602785177042,0.7918391367899561,-1.2527431115890575,-1.4588947623097213,2.173321373315482,-1.7171200262004485,-0.23014588096497818,-0.02267531321795088,0.442555815646362,-0.455193183532494,0.599825440107804,-0.6103535156574147,4.673374398623237,3.6759269512106467,0.2985752920977072,0.535571375934809,-1.3782603895827616,3.006251466594796,4.16763512225834,-0.7479084672640469,-0.533981501583139,-0.6611165183704572,-0.248377778589014,-0.29841459198804116,-1.4007476741840712,-0.6182598853685998,-0.4624155628907686,-0.12991592277741437,-0.06843317037018305,-0.16115771696195644,0.3323160813616662,0.5701105520412201,-0.3106975209301391,-0.10846742647487503,-0.15419534225054646,0.538525264438981,1.588101697855621,-1.6985835511232532,0.02003585648244107,2.4202089339964425,-0.3793577491153989,-0.38630672071321204,0.9673312685232343,0.3077731847759044,0.20928982215880554,0.6679499544710855,-0.08450777260482106,1.0330762608121546,-0.2850066957045926,-0.09811370801618699
12073500,0.532987849041565,0.12413885401907082,-1.5314079134981804,-0.7969133366480858,-0.5591651518502293,-1.0408732464944064,1.9058554000789572,-1.339792454852764,-0.32692802242707497,-0.24235572816052334,0.7515416021106119,-0.455193183532494,1.0281993244849048,-0.6203164669830423,0.1320347262644508,0.1555310824296138,-0.6257711718751537,1.0122428213296168,-0.270670082973634,1.4014791411821528,-0.012214559109171031,-0.6275261380436641,-0.4384516173307806,-1.3086223581072813,-1.0290028081037614,-0.29841459198804116,-1.4380245085560937,0.35545383676288483,0.7658035338928006,-0.9636414196347396,0.6897229128992961,-1.4175685108354403,-0.3925608242423282,-1.2872691543557222,-1.4612955925843132,-0.10846742647487503,-0.15419534225054646,2.189467003892979,1.5640969782991454,-1.6596734251789658,-0.9115835275728541,-0.6305367683137469,-0.4565045344070625,-0.4633484296263965,0.9673312685232343,0.4332941326972008,-0.007520801007863381,0.818914301959267,-0.9608233375579646,0.7266919742990754,2.1559374389516637,1.774728805288475
12082500,2.6969687340033133,0.31523129605884287,-1.373707183670621,1.0880286666637031,-1.0350535172175124,-1.9429196753590339,0.752984825783678,-1.9791135097022368,-0.2644842659749868,-2.1557625606680877,1.3226274067076025,-0.455193183532494,-0.11029771050390005,0.8614614632267202,2.588779719119386,1.6724261828032676,-0.21722298862525985,1.248209665665585,-1.1753656668721866,5.97536653979873,1.4391569254814212,-0.8424945830800621,-0.5315932544768301,-1.2836949032441736,-0.8186371898213832,-0.29841459198804116,-0.1646478464078086,-0.5865168827927013,0.365855375117558,-1.2282853251916366,0.7245998995790685,0.2033287695480815,1.4457791198728893,-0.547977945160568,-1.050183355510745,-0.10846742647487503,-0.15419534225054646,-0.3267290113146149,1.4418361406541027,-1.6217236090623013,0.35216182467313395,1.6205618673250943,-0.2600651990943292,-0.2620094885313318,0.7826997693151031,0.15944748390423422,-0.17530158218625053,0.3165868721879492,-0.6552187790321925,0.13302775190050392,,
12092000,2.847883856683778,-1.2804343423360032,-1.3278015597533752,1.6531608174951538,-1.252794254872278,-2.2289343967063546,1.1860602362619976,-2.018982083278596,-0.31908773765588166,-1.2902143496464362,0.1775133934331113,-0.455193183532494,-0.042735386457847295,0.6715743655035434,2.5444045059367935,1.5345627378770461,-0.09922413625519666,1.2535235401024105,-1.7362002740484543,6.408747545373431,1.2797109775798179,-0.8648513013638474,-0.5543612102236426,-1.300718530955564,-0.9089404796206481,-0.29841459198804116,0.3885403756730042,-0.6130763625606964,0.6598943322040907,-1.6052420378693766,1.1323121184074436,0.6302282194684953,2.0242520304118305,-0.8434616479008733,-1.167876878604352,-0.10846742647487503,-0.15419534225054646,-0.5695036976477247,1.4708549660315355,-1.6187254934090736,0.7271251088913335,2.6741205789808964,-0.3241798770153218,-0.3315768708681062,0.7631095084979613,-0.044700770578920176,-0.2570893185629365,0.008340363719913665,-0.7448398640485379,0.08400533012323931,,
12095000,0.9238412454174701,-0.5543789069381898,-1.1224773275788307,-0.4888251512029045,-0.8332305173112753,-2.250935529117687,0.7126343556833215,-1.9962000412349619,-0.40610596666751725,-1.3216703944387793,0.7095271709470437,-0.455193183532494,0.15563909691141406,0.4544157993212345,0.7548317765036,0.8394899551479933,0.7292176407390879,0.6986426122536362,-0.9342140435900964,0.9941192693496993,0.4274321806189446,-0.7823034184698706,-0.4945369042144235,-0.8064253406212561,-0.5955610103456687,-0.29841459198804116,-1.1204258797064635,-0.47416223499026466,0.5727653225128586,-0.7568021676517785,0.34645431524586334,-0.655767788465403,0.07782250268257115,-0.7466037102484825,-1.0698045138680825,-0.10846742647487503,-0.15419534225054646,1.1104665070914346,1.516143230135565,-1.6222719169857156,-0.0025850962638929993,1.2173683785156273,-0.34476802139171087,-0.3361269695194732,0.891385462889657,0.7643098048683185,0.12862981732950127,0.8646460232396566,-1.0011814445489944,-1.6014376194775903,1.0585534088854152,0.8928954119451997
12114500,2.824760141007975,-1.4562179577258179,-1.34321616443606,1.126056242706864,-1.2725932086650882,-1.72290835124571,0.3073073753850894,-1.78546615233135,-0.3647529342153809,0.8711483334929611,-0.8146286380133433,-0.455193183532494,-0.5674215200069808,1.1182185393388506,2.7652432165544822,1.750690646420774,1.3341692729037384,0.6420838025000869,-0.9692147132024096,2.22625689098697,2.3465798996522116,-0.7960613989522001,-0.5201758925040886,-0.5541108584702872,-0.19847131619995143,-0.29841459198804116,-0.3569963117674439,-0.6239992725553808,0.7658035338928006,-0.6881779931741724,0.38559266687465316,-1.2138538929054774,-0.4425029960991149,-1.0651872946903478,-1.4455866830015631,-0.10846742647487503,-0.15419534225054646,2.055872301306738,1.5550308758170557,-1.5887431033381605,0.11842046142473675,1.7702541456024714,-0.42660354504306586,-0.43366751618720945,0.9463992090199868,0.748674603688784,0.34376721080944067,0.9646864569189514,-0.22960699945524485,1.0330762608117356,-0.28500669570501347,-0.0981137080166174
12115000,2.7998437914243746,-1.4589756042065452,-1.3147833667258688,0.7936563693104777,-1.270772806161269,-1.854915145713704,0.4546696261453042,-1.8894092191554286,-0.3420702484642339,-0.04622712863244763,-0.1698818735277552,-0.455193183532494,-0.5803589863136719,0.9718138139266717,2.8309858227852716,1.8276725079720944,1.2712538618078153,0.6051298336878008,-0.9351888443993457,2.011366682631673,2.2533835531525974,-0.7840231660301619,-0.5144259723361856,-0.5322233371270705,-0.19845246426337523,-0.29841459198804116,-0.6403002529948142,-0.6201515530367425,0.7658035338928006,-0.6458355047821794,0.35183610994227577,-1.2205667745848823,-0.4843659501023949,-1.0493469324283513,-1.4318948587586793,-0.09582860661694594,-0.15419534225054646,2.0749046476464867,1.5604194552630928,-1.593437334615,0.178942324312426,1.7873968933755158,-0.4053103272291292,-0.4076769783894268,0.9533765621877359,0.7016302970413127,0.3100299751790648,0.9228460687905503,-0.30816926574200687,1.0330762608116433,-0.2850066957051104,-0.09811370801671655
12115500,2.7669610427529676,-1.4958119171897521,-1.2192192090611718,0.4354562211981034,-1.2725236666380833,-2.0089230725930305,0.420790410121258,-1.9791135097022368,-0.3558258723908094,0.8683428813422152,-0.8106827020981473,-0.455193183532494,-0.44954682699046306,1.1535110279330192,3.437640223531383,2.4107644739136034,1.1520359305304055,0.2382763361228272,-0.7660600157058356,1.55852087008041,3.0287558338470726,-0.7152332636185145,-0.5172473011692775,-0.3863065281722933,-0.29929706968676434,-0.29841459198804116,-1.1308633933306296,-0.6135557951256617,0.7658035338928006,-0.43639164458027946,0.23699903957760363,-1.290051353429259,-0.7000412385441994,-0.958562648561684,-1.4058692879472725,-0.10846742647487503,-0.15419534225054646,2.189467003892973,1.5566843209001053,-1.5957847586380787,-0.008297586580599429,1.827619045266192,-0.44531149358599476,-0.4472534791269595,0.9463992090199868,0.19896431307409396,-0.3135633448928636,0.5985855632323338,-0.8019378228380765,0.6378005172769966,-0.09692629556599634,0.046193146162910634
12117000,2.305045774786909,-1.4339465035266619,-1.1195886938874047,-0.25778597649788126,-1.2194970464469077,-2.3829423235856813,0.76589697621579,-2.194119031489031,-0.4555753575993335,-0.3413081943323738,0.8907206253780207,-0.455193183532494,-0.116047695529096,0.5238187314370424,2.3426742065945825,1.7052952505515278,0.7501673171171505,1.2697589773485403,-0.7093093402866856,3.612410620816445,1.572070096805786,-0.8390550879594797,-0.5378026969532335,-1.236879927037849,-0.7920905211303939,-0.29841459198804116,-1.157702714078486,-0.5621490338619363,0.39542788572298215,-0.49403323694164636,0.19919543540812717,-0.5995871441826325,0.018025928418584143,-0.45123853713402773,-0.9484068347188932,-0.10846742647487503,-0.15419534225054646,0.8678228715916546,1.5635650337137743,-1.6070753377674731,-0.1512625168452543,1.48193540272384,-0.4393594986506973,-0.4461539694271433,0.9673312685232343,0.21026270632803604,-0.4336762713751795,0.7053069890005009,-1.2284580073344449,1.0330762608123991,-0.2850066957043341,-0.09811370801588952
12141300,3.3165561995096486,-1.365824789022374,-1.2751758446357415,0.8300781501059225,-1.301137659474852,-2.250935529117687,0.3036080114031026,-2.2539218918535693,-0.3497728862491507,-0.06711198486300889,-0.42832018358669116,-0.455193183532494,-1.158232481345868,-0.1274036717371967,3.89071340549089,2.3627974039641386,0.5225459863883114,0.45366687176408943,-1.0758561670230118,3.228164644795034,3.0605428348231545,-0.7551354219921188,-0.5408440565335128,-0.8080992097656282,-0.4063984256515406,-0.29841459198804116,-0.6292349190022761,-0.6293428498719404,0.7658035338928006,-1.167703501421472,0.7723456513613884,-1.5569654804601072,-0.36046928948888873,-1.5901327608264095,-1.627455331446293,-0.10846742647487503,-0.15419534225054646,2.4925466777186394,1.582663188592906,-1.594842335120668,0.39310345905879385,2.523362953779596,-0.22979992178759964,-0.23627628279095292,0.9179530768745481,0.0017323717275275292,-0.11884722835240016,0.32660288674224425,-0.29524470511744905,0.7738354970893943,-0.3158660756525442,-0.11268934123300325
12143600,3.0952780121765584,-1.2716798131383542,-1.2948566379604638,0.6592539718608421,-1.2729904664544027,-1.9649208077703662,0.36753039424532397,-2.094447597548133,-0.3574672998984408,-1.5627753481269044,0.4986787817614902,-0.455193183532494,-0.6292338590278376,0.13163306272910316,3.256735852612891,2.0065076680511935,0.9030500313236333,0.5356377064510923,-0.9102360957831417,2.7179169530628626,2.6392050376212732,-0.76682569042725,-0.5196287189735168,-0.6902998801614125,-0.23302244260619903,-0.29841459198804116,-0.6313538127455293,-0.6222639199494415,0.7658035338928006,-1.3246448694931034,0.9103529221482631,-0.8484039662822814,0.31999518650107667,-1.2940804462837834,-1.4195057860392781,-0.10846742647487503,-0.15419534225054646,1.5113153275156164,1.5762606497928022,-1.5991597203444063,0.2821742762717932,1.533036189807193,-0.3687581451042671,-0.3760777714314115,0.9614273543043697,0.3599395945324272,0.15034675198851313,0.6768319422949587,-0.2843433399915896,-0.25860393971329143,0.3296015440841761,0.3734515458383071
12144000,2.80282536769116,-1.0373399746622525,-1.265090459518046,0.21126493374571886,-1.2183068508627648,-1.9979225063873647,0.4982847852478712,-2.2895188325467473,-0.35846635410230965,-2.0837730038491493,0.6619537073104106,-0.455193183532494,-0.2669848024404905,0.2437584810378529,3.207231846890422,2.1708223591700238,0.6271193565119046,0.9704898272462781,-1.0706384130866293,4.459982632642924,2.2066156328152533,-0.8218576123565678,-0.5397897185456825,-1.1517617884808957,-0.6181794559997399,-0.29841459198804116,-0.6060055653725542,-0.5406357239699087,0.7658035338928376,-1.1861389624008436,0.7361327484680842,-0.5342704201780006,0.425839427955617,-1.0515958767831945,-1.2578464790983055,-0.10846742647487503,-0.15419534225054646,1.1301877992936098,1.5839959306226814,-1.6036146451259874,0.1546801438359022,1.8257956467063616,-0.34225913507643746,-0.34816894011480054,0.962769152990475,0.3750864689042039,0.1093492543233113,0.6677331998379077,-0.445159212888777,-0.4456266272654919,0.41859081925490954,0.4417295925996853
12145500,1.7411774863312495,-1.1748692463445478,-1.1062811071561178,-0.6530137124234898,-1.109405443848971,-2.3389400587630162,1.1021998033792964,-2.11580576196404,-0.5171602344165919,-0.7701497477034879,0.07633072883816942,-0.455193183532494,0.48626323586018344,-0.2894282784649767,1.5606669416871084,1.268250107001301,1.1174410991930834,0.15487797147249918,-0.6393966173582838,0.626752193316981,1.6659779892153734,-0.5965706819584227,-0.4971590734713208,-0.13095211250143307,-0.21585340155904006,-0.29841459198804116,-1.8137749990260796,-0.5455791064502368,0.5810059579561604,-0.1882296977248266,-0.016953555049868115,-1.2815190570255819,-0.7858332128256439,-0.8201264634365059,-1.1533485144169602,-0.10846742647487503,-0.15419534225054646,2.0224717140512,1.593010182910529,-1.6109474155438495,-0.4421415059562985,0.8527107374817979,-0.41930603496444846,-0.4235379906548603,0.9673312685232343,0.559760545906965,0.09702547477633593,0.7922293571135669,-1.007400972300605,-0.6363192015510911,1.507388441095364,1.2771221137213462
12147500,3.357548990917126,-1.4952477931523207,-1.1066533941297052,-0.09131339760168188,-1.3187435488460741,-2.470946853231011,0.45600536584520496,-2.225444339299027,-0.5186485532353674,1.0141259286040736,-1.01623343611089,-0.455193183532494,-0.5329216098558048,1.157057163150616,4.4122149134546875,2.793152405151863,0.3498912768516264,0.8405536963474455,-1.4217182097338907,4.4790267652236,3.1693114307276637,-0.8201378647962767,-0.5724250428822701,-0.9261987213049692,-0.5449053426173639,-0.29841459198804116,-1.2471671165713396,-0.5989774611572802,0.510167478301147,-0.495357425746068,0.22379842269858793,-0.9674138113776463,-0.30404922685051167,-0.6864099988618171,-1.1726857632189018,-0.10846742647487503,-0.15419534225054646,1.4781310003963788,1.6261366958984653,-1.6035295309601483,-0.2014026601373255,1.4139410147376994,-0.4052574467213131,-0.41096965903302524,0.9673312685232343,0.36410657873106556,-0.07654942829531904,0.7556423537908976,-0.6240346200454698,0.35382833315134227,0.038193561626676364,0.1498654135241166
12147600,3.9241047743866946,-1.5325719118620025,-1.1240248061381388,0.47434813774593243,-1.3587356689147094,-2.481947419436677,0.473060967535379,-2.1770324999563058,-0.5073671002014573,-1.2821014372018515,1.2541723409336127,-0.455193183532494,-1.1280450599635894,0.4589751160295721,5.190791710620601,2.9742544273907336,0.825992480832708,-0.14055074741855628,-1.219493484194105,2.3174160912504655,4.936998894357442,-0.6206471478024993,-0.5274536261592276,-0.49756809500031085,-0.4933401117944868,-0.29841459198804116,-1.147265200454319,-0.6305366385320326,0.7658035338928006,-0.976395545229301,0.5685893889472131,-1.1043572876493672,-0.14241922581341118,-1.1948716879131644,-1.465449047370889,-0.10846742647487503,-0.15419534225054646,1.891560510422618,1.625070886350158,-1.591896028090125,0.39199658454308445,2.401895790150602,-0.45740937865191517,-0.46320221823014435,0.9673312685232343,0.45121556522789663,0.31199035199859265,0.8009200607454168,-0.02707226373106181,1.0330762608108444,-0.28500669570591813,-0.09811370801760969
12167000,2.4555882004340326,-1.5023911278592899,-1.2013911353066904,-0.22832860244695571,-1.244385820573821,-2.7789627069896636,0.4896892365376688,-2.263889035247659,-0.45719342121442114,-1.9675440459595752,1.0924178617051974,-0.455193183532494,-0.09879774045350816,-0.33983405762937663,3.4544573419432187,2.693303949098955,0.596034365627968,0.5847452445319573,-0.8471179603467185,2.468825458701361,2.633915475978772,-0.7565072050655028,-0.5435344900083752,-0.6130855687561763,-0.46096598517290305,-0.29841459198804116,-1.4678459760537115,-0.5826430681673236,0.7658035338928006,-0.3532358279253352,0.14987045774032767,-1.1302235710232638,-0.6858122649354179,-0.8188750622978258,-1.328619593901826,0.14412497940366173,-0.15419534225054646,2.014578777456405,1.7315980706091043,-1.6194983053641228,-0.3548638142578441,1.7082596556707454,-0.06396664927641056,-0.06795772342547443,0.9394218558522377,0.46413043841678725,-0.06669089137153615,0.6849881890031494,-0.8517885176301224,-0.7434555418822766,0.4683141999506537,0.48530967793626345
12175500,1.56265269566213,-1.0788525478507582,-1.4525434683262735,2.52232323433392,-1.0655573405231662,-1.5799009905720496,1.9292010292084598,-1.4437355216768433,-0.2652515239540931,0.42846675208501606,-0.5143648590659577,-0.455193183532494,-1.0906701572998154,-0.001684735094329091,2.7378274499205117,2.829097430351635,1.648767036489087,1.1073756581143825,-1.763869011251013,3.539154870619596,2.030348699381091,-0.8631315538035563,-0.5694144041058323,-1.073331503667703,-0.6715864917732626,-0.29841459198804116,2.048105041915441,-0.6397446543226327,0.7658035338928006,-0.6098650578006731,0.38832360289323153,-2.2545762556611915,-1.3356590200424123,-1.6345858823453254,-1.722441969166862,-0.10846742647487503,-0.15419534225054646,3.4825930495775665,1.810552473796699,-1.5593793328928776,0.9915154457988525,4.230955331892677,-0.30482561115464096,-0.31232375420962266,0.4029707411472168,-0.8047361083708992,-0.7131770127660152,-1.0887329161713375,-0.6167037452346177,-1.903142768223389,,
12178100,2.011852589060771,-1.404095856651933,-1.3286082010766525,1.7313563470397164,-1.1813514397225808,-1.7449094836570422,1.770026285143831,-1.581851651566373,-0.4718301308454233,0.9585472457353444,-0.9375573098405166,-0.455193183532494,-1.611043802080052,-0.16176741063151934,3.0908592696349126,2.745656993152107,0.6753405034315481,0.7792475209895412,-1.0856836509133294,4.57291181746753,2.2752963184442976,-0.823577359916859,-0.5378026969532335,-1.1967528045752853,-0.7360125104791877,-0.29841459198804116,0.613692455280019,-0.6364494367199487,0.7658035338928006,-0.5792790380708837,0.3658355331673766,-2.021300600153542,-1.1670220934666742,-1.4700081404519865,-1.6571159050359976,-0.08358357592239139,-0.15419534225054646,3.1597993713040267,1.8073512043966478,-1.5695905657163374,0.6941351592449643,4.4458729450360055,-0.4247703541054421,-0.43014089730960753,0.7555954358557699,-0.24453018417564307,-0.2455313854594863,-0.0005635276947046566,-0.16774036850113624,0.3648626535106033,-0.48372538242882396,-0.22008906972992298
12186000,2.2926070112989314,-1.4233446469388553,-1.2975132394932967,1.2693762980890562,-1.2166806097260714,-2.2289343967063546,0.3238457084812494,-2.164217601306761,-0.41617827405801283,-1.1828169483118853,0.32770038203960866,-0.455193183532494,-0.831920831165996,-0.03706165547939411,3.421080148613261,2.8134481387030252,0.7021434909011073,0.7381361019725513,-1.068801745978062,4.214689689278208,2.5672520474872402,-0.8166983696756943,-0.533981501583139,-1.0477960621006168,-0.6405658630113362,-0.29841459198804116,0.12909360844372778,-0.6346822580684255,0.7658035338928006,-0.5696519324077799,0.3506287934313347,-1.9276864439438748,-1.1005297953693025,-1.4155506885204174,-1.6239622085958076,0.2809961273898765,-0.15419534225054646,3.025177441598262,1.71378272794307,-1.583912566042114,0.5939820996166504,2.6816575901369,-0.2316037346653255,-0.23946369122924985,0.9139276808162311,-0.03792810195416074,-0.06300088147274718,0.28782604097586406,-0.10153588178941662,0.5918913947404083,-0.41620976644476065,-0.17864736227528455
12189500,1.8733218782175936,-1.3637042302390123,-1.378425365098512,1.378697038525928,-1.1574501373631096,-2.09692760223836,0.8898536203640032,-2.2453786260872066,-0.3956280788572432,-0.8322026576800897,-0.3148521806927995,-0.455193183532494,-0.9339830653632246,-0.002529053003280054,2.778100423796224,2.5408603836479684,0.3545938601022981,1.0519706402770608,-1.229183883002414,5.135242654664368,1.7800234487000124,-0.8442143306403532,-0.5543612102236426,-1.267279262236761,-0.7673285024354375,-0.29841459198804116,0.1320757551934894,-0.6136633504324851,0.7658035338928006,-0.6070047600366644,0.36994965896448284,-1.9229200326943066,-1.063503548865116,-1.447015321846512,-1.629037403384976,0.845091879353329,-0.15419534225054646,2.9994569183178017,1.7629136675536998,-1.5899439531996775,0.5681804729746001,3.2029804385077387,0.624402423413264,0.6143874690599229,0.8237588091099346,-0.023898527200036223,-0.13131521164842944,0.22175323764389898,-0.33973414422958403,-0.013315842188935771,-0.2755900817193257,-0.06205864653196071
12358500,0.05152928038933421,-1.0256052326878449,-0.6233618118785277,1.8754008118171335,-0.6344556183609094,-2.426944588408346,-0.0151563682896949,-1.7641079879154433,-0.5472687746474285,-2.3016200408898837,1.0776108398043773,0.13341035274009713,0.044951885176391586,-0.22737091215704563,0.5474834183324876,1.3509671461140258,0.3143257545828672,0.7512776074186996,-0.8767333514283464,0.5978546731262031,0.8471363572160212,-0.14083757848125894,0.06789028846435269,-0.41366592985131406,0.03308702078531768,-0.29841459198804116,1.6380598638231945,-0.6263831770386439,0.7614608112215359,-0.48562916808325873,0.09263336651320744,0.567170804359089,0.7065881108209624,0.1611742750015004,-0.4402251570949872,0.7878161069873606,-0.15419534225054646,2.28481378296523,1.776486896179714,-1.1237687327426182,1.017584249048143,1.280057041711926,1.2612423790421705,1.2333821877771878,0.263155318055013,-0.49222632628085145,-0.44833806513745195,-0.23906640840462373,-0.21737510233981477,-0.5493696543233475,,
12374250,-0.719033482839307,-0.7067515967729077,-0.37805462579352045,1.2898110200624133,0.01794159784266121,-1.7999123146853733,-0.32400590343984137,-0.6022238436901199,-0.4326747283251832,1.0527484475862101,-1.070053565582639,-0.455193183532494,-0.08873526665941509,-2.2024837965671287,-0.7128674178892588,-0.9068860404608541,-0.3940931650531995,0.9324422688598112,-0.23981635222296055,-0.3156902007896529,-0.7313583294299233,-0.23886318941785636,0.5182031332273531,-1.1791211901599163,-0.7631683385933337,-0.29841459198804116,1.0953091553665486,-0.5973835633100705,0.7658035338928006,-0.46472185568180824,0.1321252064434259,0.6976120450554318,0.7179292880680024,0.22515690730511612,-0.5022876315804204,-0.10846742647487503,-0.15419534225054646,-0.5838681799918696,1.64867040624052,-1.1661722401022283,0.7892373087268807,1.2351637043347004,-0.43586938513483686,-0.4414284171002738,0.42336608117602215,-0.22231512884018823,-0.38558013322154777,0.20923834383283266,-0.7994827380545465,0.9608676710000211,-0.306480661485155,-0.1112946261603713
12375900,0.12536211559981955,-0.7148924714972924,-0.6365998823221184,2.109877893707413,-0.5856910852000053,-2.0089230725930305,-0.423686947464823,-0.6662983369378399,-0.3933053342864249,-0.6005832323064131,0.9190815943111372,0.6470479574366984,-0.07867279286532222,-1.6721677179547347,0.5946242132397092,1.3504776996701502,-0.7483230386927526,1.0805792595135824,-1.18953708672924,1.894063632076692,0.7548376118214164,-0.5260610319864842,-0.25423815719748216,-1.307406384699325,-0.9366471708090589,-0.29841459198804116,1.9392566855491362,-0.6370366317040682,0.7658035338928006,-0.16301459388652992,-0.11968542784092252,0.8087928929836794,0.3225060737545561,0.37619127937068975,-0.02118162292762423,-0.10846742647487503,-0.15419534225054646,3.5559447947274117,1.5837501222944228,-1.1247956536565504,0.97800394308985,2.4028274381577783,-0.4541249115553394,-0.4610616833890128,0.11582582232061749,-0.5291056975831434,-0.4957481014381131,-0.14956186573273159,0.06437177437713455,-1.6347488535779309,-1.0783857848902214,-0.5850971063817408
12377150,0.5564347629259766,-0.5695672128165263,-0.8818984236057446,2.6675669586896524,-0.723373467681892,-2.3829423235856813,0.1763600256649061,-0.8570979390532726,-0.44445353940881555,0.5926850749558781,-0.4229633684308385,3.0154910398306156,-0.875045718854966,1.397687767201774,1.415733512605221,2.241453086547867,0.03042490452667545,0.9201178466946416,-1.5622416382049897,1.6190245725981443,1.7935798212479455,-0.30593334426921254,-0.2683128934773299,-0.6319331565795017,-0.3944853740975663,-0.29841459198804116,2.206158819652816,-0.6465749802928272,0.7658035338928006,0.024141471520150094,-0.225488705592993,0.804721338021889,0.09447442965593018,0.500458497900932,0.16619418329493568,-0.10846742647487503,-0.15419534225054646,3.8227854888865127,1.5513706361790838,-1.12188326893848,0.9575712939837684,1.7700037254091987,-0.4468038990288038,-0.45365753828280386,0.6120229764424703,-1.1184752535360731,-0.9943495633643012,-1.511812396943713,-0.6330562900099953,0.1421783795973455,-1.6367694697906423,-0.927838159392678
12381400,-0.18455487893260714,0.23326037343505354,-0.7726825424951705,2.048337548671286,-0.13551956876196888,-1.8329140133023718,-0.43668491377758795,-0.7972950786887341,-0.4136828455150289,0.43304222757417676,-0.19985274673409248,0.03050289518016372,-1.0935451498124134,1.3737935703784485,-0.34537401926957734,-0.2851824459125536,-0.32324499168724086,0.784820075650467,-1.9335802713940142,-0.1563321406607798,-0.2040914843335251,-0.056569948026990814,1.0234285542567394,-0.5680945526617867,-0.5176884161721798,-0.29841459198804116,1.7871672013112843,-0.6312515993422032,0.7658035338928006,0.3232595149614635,-0.2614288865507096,0.9436571011450539,-0.09910974084952527,1.3046420784598272,-0.6338982062111824,-0.10846742647487503,-0.15419534225054646,-0.5838681799918696,1.526885822231479,-1.1139331124336236,1.4218097331069324,1.1878079724637927,-0.37701925554753274,-0.3854879368942001,0.8613291723208915,-0.2206890663623673,-0.28613045141155935,0.21828741433832297,-0.3797839710886459,1.0330762608125892,-0.2850066957041403,-0.0981137080156912
12383500,-0.1154787837232617,-0.2850543008493563,-0.7546652234839851,2.139915157835325,-0.3363147167734046,-1.7669106160683745,-0.17524068232042025,-0.6719938474487481,-0.41367484803105276,-1.2555799519176427,2.1766658387161484,1.5830669086102456,-1.1194200824257952,1.3131715445157361,-0.047795316599823646,0.3076509011362068,-0.05116213243922463,1.8257224171146207,-1.9402957795611457,1.3659002579889237,-0.23889590340143305,-0.8837685245270505,-0.5874782367644599,-1.307406384699325,-0.9828249894564102,-0.29841459198804116,1.9765335199211587,-0.6441805870479466,0.7658035338928006,-0.4305577331228349,0.13387391077813518,0.6658426064221841,0.7472220350331777,0.5001925929761764,-0.9244694302750474,-0.10846742647487503,-0.15419534225054646,-0.5838681799918696,1.5176564876564052,-1.1215576147387465,1.6305509995349996,1.4904138240301474,-0.45532941201114985,-0.4622489199265803,0.9316394234728251,-0.4480241081506892,-0.42895998643447486,-0.11073436849762563,-0.3012215779780172,1.0330762608129644,-0.28500669570378395,-0.09811370801529384
12388400,-0.6290543251111889,0.3793205720238226,-0.4986652566651397,1.4313158761872449,0.3382195945019544,-1.2938862692247284,0.22842871447930133,-0.4783464900778614,-0.3755471156120384,-0.8782062837253946,1.6458806993683333,-0.455193183532494,0.14701411937362024,0.2281385997222503,-0.4897308546011805,-0.32446494688009725,-0.9419817308605873,0.6751748752504129,-1.0842797522882717,-0.0704593622225222,-0.42137658507313225,-0.0806464138710675,0.3464219116865974,-1.1353461474734832,-0.7657892418138592,-0.29841459198804116,1.5813990755777212,-0.6216911347606214,0.7658035338928006,-0.4955628453675673,0.11691734825395192,0.6583381841365212,0.7732077488928026,0.250907195942903,-0.6470816293104479,-0.10846742647487503,-0.15419534225054646,-0.5838681799918696,1.5404878565209605,-1.148234121266911,1.1159815766860215,1.5044371426329226,-0.42996439509537593,-0.4278249087929734,0.8559619775764691,-0.6237880893290652,-0.6404254419543823,-0.29042255703844105,-0.6429950571272142,0.8890885317871405,-0.32782691382583273,-0.12439715261866383
12390700,-0.15786045391907227,0.1799194487084374,-1.0038566436678706,1.6817719609469426,-0.17098196089916992,-1.568900424366383,0.3809285324048734,-1.1888614263136899,-0.306143843086986,0.63460923999191,-0.4869230963001096,-0.455193183532494,0.032014418869700446,-1.9527345590992955,-0.23511273921878612,-0.06189732017752629,0.555724510318049,0.9932707754234396,-0.14851782284749096,0.018906935172915626,-0.18887795830288046,-0.4245959259293043,-0.02117708291647833,-0.599709861268655,0.6536014588591004,-0.29841459198804116,1.005844752873695,-0.6246431229476415,0.7658035338928006,-0.49795772159343393,0.19851300805355565,0.5589432300431243,0.7612004237871283,0.30176417208574985,-0.8377769740877548,-0.10846742647487503,-0.15419534225054646,-0.44554781653010656,1.6018880883912963,-1.2067260562781241,0.8343519872637203,1.4646356117787434,-0.18942271626404197,-0.19788117013513754,0.9552550803482839,0.06250390651157069,-0.08405293372108523,0.4749862735680967,-0.5526183272780414,1.0330762608120732,-0.2850066957046895,-0.09811370801625309
12411000,0.10526559275477379,-1.1201047655860412,-1.1158855527904112,1.4112115963556293,-0.6835532299104679,-1.6019021229833819,0.3381903559439627,-1.0820706042341564,-0.27319441637124614,0.8985074095366545,-0.8553452213646304,-0.455193183532494,-0.04561037897044517,-2.110622008073214,0.268895664059991,0.742888513035349,0.8144053557005598,0.4964174157609566,-0.4982603634136144,0.17874550589608423,0.47241189429322383,-0.18899051016941204,-0.1642684430480371,-0.0008429578500899601,-0.03571792899923563,-0.29841459198804116,0.26627235893277007,-0.6315891656034219,0.7658035338928006,0.055408314131492005,-0.1808915621688096,0.7263309925019528,0.23906561866125697,0.42922158532012933,-0.9825212559874732,-0.10846742647487503,-0.15419534225054646,-0.582375437721009,1.6249441414309005,-1.245213695239803,0.49164073634808364,0.9829419712138323,0.04398596962410237,0.03393407439472593,0.9450574103338812,0.584043866726444,0.2862803559593315,0.8683831754871529,-0.4485629484050522,1.0164582304134266,-0.2770994920417141,-0.0920468148942584
12414500,0.28694083803390696,-0.8330109183145352,-1.2247437261637621,1.8308733410341878,-0.6851484841966459,-1.4588947623097213,0.27257687588321494,-1.4309206230272988,-0.3361545853536418,-1.346653270735555,1.8384222812686157,-0.455193183532494,-0.9569830054640088,-1.013515317181724,0.3758201332480115,0.7679169747635408,0.9200260771063222,0.860102411901286,-0.6284864185240978,0.5179453489081508,0.4107990711301425,-0.4916660807806605,-0.14512938225496747,-0.434337477786574,-0.5182050910661357,-0.29841459198804116,0.8716481491344142,-0.6300018299090547,0.7658035338928006,0.2157908586496168,-0.2471624623344179,0.7054839776963671,0.03721069390520351,0.6160814803424349,-0.9198684906058509,-0.10846742647487503,-0.15419534225054646,-0.5383704762405422,1.542085610654639,-1.258158449679207,0.7913365534980535,1.234754543205353,1.1083472041099791,1.0833049622081279,0.966526189311571,0.540554450304366,0.3610376133452625,0.8043792509449261,-0.21474963401049021,0.5356912930582551,-0.048340608073471354,0.08347107472430083
12447390,-0.49533858818060267,-1.079281671850737,-1.0562272274076323,2.9500481175578455,-0.32718502564375435,-0.43584210518276606,1.1649949370820463,-0.026977282088367152,-0.07294435136740868,1.0607559662739108,-1.0813163331807125,-0.455193183532494,-1.6728561411009089,-0.18093342716471716,-0.08323176337883571,0.6279784800691417,-0.7071019991770924,0.26218998462912346,-1.2385406558506844,-0.18432103717598355,0.41547950247138854,0.7929853467568541,1.9338910541945495,0.472778684548958,0.5085086536773638,-0.29841459198804116,1.7528725136890242,-0.6404265802961826,0.7658035338928376,-0.3459103581648227,0.05677415123150465,0.7774001076033659,0.5666247258168852,0.3112912974105842,-0.3412223672321798,-0.10846742647487503,-0.15419534225054646,-0.5838681799918696,1.8394138282138417,-1.5022060506828572,1.1979157362396726,2.682198327977967,-0.4315743127777762,-0.4384457046167298,0.8715268423352942,-1.3262103756983745,-1.2442062866083112,-1.3823282003692887,-0.9579623211691477,0.27242285458388005,-0.5112158663744096,-0.2369629821848361
12451000,0.8633323291491684,-1.1726078662175294,-1.5987082799340957,2.652221327427715,-0.9409490849981303,-1.3378885340473934,1.2025062331141994,-1.0507452964241601,-0.1113009541190999,-0.6879880107088661,1.0318908451234043,-0.455193183532494,-1.3939818673789035,-0.09531959119704207,1.7495557217766677,2.3575721252715796,0.8910347243203184,1.0391449301543254,-1.160733201791132,1.755742484993825,1.773641614376191,-0.7479084672640469,-0.40296908889419003,-0.8204090348127557,-0.37846266119458544,-0.29841459198804116,1.6887563585691456,-0.6399046540178078,0.7658035338928006,-0.9066185700324463,0.6700170951970306,-1.404588582855766,-0.322601797605293,-1.2881550794712324,-1.5597525202182796,-0.10846742647487503,-0.15419534225054646,2.1750552575963376,1.7446739214459073,-1.535872403888255,0.9544669562615495,3.83421737855708,0.022316712643473638,0.013008299363117813,0.47435443124803517,-0.8144350424840748,-0.7012394479861144,-0.8292725354882508,-0.3845712981530046,-1.681485976521565,-1.0944336329948037,-0.5949474234781348
12488500,1.0551723036737468,-1.0813470762244737,-1.6368290932823775,2.2840327065564283,-0.9678345159342625,-1.0408732464944064,1.0093832415069268,-1.3269775562032193,-0.23317452897660337,-1.9508719763111502,1.3526593993971079,-0.455193183532494,-0.6004839339018578,0.8876353184042136,0.795451975339913,0.7985598073234563,1.0065478403139927,0.8844459980416332,-0.5962510742005436,0.9552091164078197,0.8175902710261559,-0.673959322171526,-0.27948988993485596,-0.7310349893279545,-0.21661525782628518,-0.29841459198804116,1.0580323209945264,-0.6296714806761634,0.7658035338928006,-1.400343447159707,0.9537919427103323,0.0855815328561221,1.3843514261464733,-1.016229494373479,-1.288287812778987,-0.10846742647487503,-0.15419534225054646,0.2263513085048634,1.4850465562333244,-1.5652879829562227,0.8818330871789727,2.0739073053500134,-0.34516168739434167,-0.3520581632551078,0.9633058724649175,-0.5491332186824083,-0.5280564062431333,-0.09411540928525503,-0.2871048735963321,1.033076260812769,-0.28500669570397874,-0.09811370801549216
13011500,-0.5840298059002524,-0.15896947049447396,-0.8055905811549134,2.3666461772747382,0.08518176198391499,-1.2278828719907315,-0.284890557050296,-0.7446116064628311,-0.37762905896331506,-1.8235321800129114,1.0442217568135967,-0.18480609766161848,1.0411367907915958,0.7779584220314233,0.08642051185354979,1.2066841997882949,-1.4827023491996687,0.16800061789231774,-0.43655349169587687,0.08141708540722017,0.7539133932282387,0.7878261040759805,1.7918527470142789,0.30071844732311637,-0.265048520856644,-0.29841459198804116,1.69621172544355,-0.555268415263291,-1.7966296145343374,-0.4601677584640945,0.06288891027518118,-1.3867934234393295,0.6555224387425478,0.053582393582184605,-0.13182544296375195,1.402892942539827,-0.15419534225054646,-0.2709912379264624,0.8844791989713338,-0.9083719168530175,2.0881609142594906,0.6859856416518132,-0.22828988950885193,-0.23562125573574327,0.46335168202196925,-0.9243424156246994,-0.808472040989165,-0.6918174235509644,-0.09766071868301651,-0.6451991001922787,-1.40093737673927,-0.7892528872323835
13011900,-0.6199446002283664,-0.11970160284403603,-0.6657331016121036,2.5924044607656063,0.1383355371401502,-1.568900424366383,-0.43813143655432923,-0.9667365163882609,-0.5304927453183524,-1.562823973095005,1.0854181591849188,-0.0013540275402719934,0.7622625170695906,0.21707803511498686,-0.0158339396537196,0.9837748993669374,-0.8624241237721478,0.7657870583362683,-0.6893088758422067,0.42818747967007464,0.3021908787685796,0.12916278848445703,0.41915440016492006,-1.011924846565901,-0.8556583811813968,-0.29841459198804116,2.140551591158057,-0.6051767330832412,-0.37835206662130005,-0.7333020737501054,0.27963316381099607,-0.33087596014143816,0.9786779405564779,-0.15872792660625812,-0.34482244916958765,-0.10846742647487503,-0.15419534225054646,0.3538584078806841,0.8821324975874928,-0.9036431464943877,2.447793350300338,1.0127025011997823,0.03477301004014738,0.023348369306070038,0.36244842082682754,-1.079902872962758,-0.970452634881211,-1.0828942618037405,-0.5049781456380066,-0.9718426797221104,-1.301521863225356,-0.7366115932807574
13018300,-0.7293690315583649,0.9827838621217166,-0.8170218102050884,2.358801462270251,0.7127863480786052,-0.6118511644734252,0.473990146804194,-0.11668157263517454,-0.09514386873455263,-2.1180639133757433,1.0288289253847107,0.707519937415468,0.6343253502589801,0.6649886858137212,-0.31969490731918326,0.2649711632551512,-0.5542435075586362,1.2108503309337835,-0.5453273930859512,0.27352736452788856,-0.27815178697487386,-0.562175730752599,0.2962234714563051,-1.2192483126224802,-0.6717323164637278,-0.29841459198804116,1.9153995115510416,-0.6272765800370795,-2.1378351107093123,-0.3415358935148763,0.030385479138116473,-2.56736568775104,-0.7221672524647677,-1.0014255645654766,-0.9814109341072449,-0.10846742647487503,-0.15419534225054646,1.996548047731209,0.8080232069951774,-0.9198629460106568,1.8301700932301523,1.3438575281222553,-0.4493186609560568,-0.45536528739102894,0.45610596911699886,-0.5962268500508753,-0.45937517690829993,-0.17749430739956426,0.16821324778957092,-1.3384467905116442,-0.9902691165022456,-0.531010283059043
13023000,-0.6382960468599783,0.5230093036653144,-0.7988881281928262,2.3083314618407833,0.40454336189669177,-0.9528687168490765,-0.22356009469186355,-0.5552358819751251,-0.24200242335830288,-1.8496210301551392,0.424764533184374,0.37467384928109926,0.4762007620660904,-0.20373001070640667,-0.16269073038863238,0.6006819579648628,-0.20241283833297152,1.332832758889573,-0.8441713243473643,0.5343537285637853,-0.15412530769217328,-0.655042099008323,-0.02117708291647833,-1.2995025575476078,-0.9597360801327345,-0.29841459198804116,1.700684945568193,-0.6261017841830424,-0.8095698589117661,-0.23245623832395254,-0.06141738514986385,-0.6039718055368324,0.33007944765327646,0.2888185661601379,-0.21181303188815861,-0.10846742647487503,-0.15419534225054646,-0.40510367131904074,0.748612486281682,-0.936674844071896,2.1402094618889915,1.1102157000192139,0.21699336436233801,0.207995817404989,0.09596720176625465,-0.8830330965773664,-0.7788063852968065,-0.6590094062891667,-0.2392065937977131,-0.39721656507785336,-1.4645855870521978,-0.8655132082741122
13083000,-1.2161627970655737,0.8344754306779726,-0.9252652343542889,1.5224934803367887,1.7075427412751578,0.9722303691425065,0.40963074105383285,0.7148629619574584,0.3897517117492968,-1.262761450189723,1.7590305052229465,-0.3773593636716957,0.3108886925917057,0.3086865282362181,-0.8075282441493562,-0.970565712603586,-1.1110094353957087,2.1282643960714904,-1.36819894844778,-0.12622537737408376,-0.9161257945324986,-0.8854882720873417,-0.6868293163869128,-1.2958546373237383,-0.7057580775723026,-0.29841459198804116,0.46011189766728655,-0.6056537430807596,-0.032903899054869554,0.22141708727675705,-0.4263224729229432,0.3229624420875306,-0.18885513820130082,0.5087024876482389,0.6402176293517365,-0.10846742647487503,-0.15419534225054646,-0.5838681799918696,0.56100120011609,-1.1221336772814565,1.4037562280748468,0.4865282921355401,-0.3874602180352164,-0.3662465171474167,-1.6950656844475063,-1.421564408941698,-1.227637586108617,-1.7443558462614612,-0.6042748038885112,1.03307626081278,-1.901711780192451,-1.0904621917735644
13161500,-1.3383132791800845,-0.4099078262763305,-0.9337976500298802,1.677798927805994,1.3191335959018415,0.6642145153838528,0.26538125025540427,0.6322780595492865,0.4714823568939861,-1.6685922152128545,0.8239994009529551,-0.35235277876102367,-0.1433601243987769,0.5329373648537176,-0.8242445669064061,-0.9645947150669566,-0.2377514398501404,0.7208841830143724,0.32873508157483455,-0.5848916388405817,-0.8225375042277253,0.6347685712100652,1.105545262924277,0.22411212262185834,0.11231367042538093,-0.29841459198804116,0.8731392225092954,-0.5133079693021376,-2.0263465371452325,-0.3128970315591227,-0.26727366659332313,-1.6596412623441599,-0.0323052275460247,-0.44203940308224865,0.3062949776857595,-0.10846742647487503,-0.15419534225054646,0.19693737009417658,0.5163351383429642,-1.226424434746092,1.6537444735825628,0.29193376321982084,0.1137001057616186,0.10659528987619586,-1.6260972319816784,-1.5752054303729977,-1.356863646073002,-2.1829444372586133,-0.7037058031008937,1.0330762608122035,-1.9017117801928392,-1.090462191774094
13235000,-0.489729691941757,-0.18700784114902877,-1.4591482390355688,2.4610042793097104,-0.018027444768210547,0.07018394027787876,1.0524618914626598,0.05987925320298698,0.1303920881728824,0.8634661321240726,-0.8979926607813118,-0.455193183532494,-1.5075440716265243,-0.12748810352809162,0.10757918968361092,1.1126840754735505,-0.3449383818444044,1.2896290679802305,-0.6839751947085625,1.1728620249766486,0.14731940223564377,-0.5724942161143463,0.21726550817740858,-1.3019345043635207,-0.9274116070795887,-0.29841459198804116,1.5560508282047452,-0.6424367334428784,0.6546819713576798,-0.845964056268456,0.19918908606449354,0.45077646540377264,1.2149534118868344,-1.1196055193790688,-1.4484576827910796,-0.10846742647487503,-0.15419534225054646,0.6188291000787719,0.9296080717375079,-1.2231981144453234,1.6742025680798098,1.6988370653475984,0.21775719391968118,0.20492537808369377,0.5927010753625496,-1.1709705013993716,-1.0896342147556857,-1.232282377386563,-0.7678168953103974,-0.7728094928527474,-1.3558498018701803,-0.7711142153722287
13240000,-0.0003348117226400322,-0.6284195578560111,-1.349980678908661,2.700263623313229,-0.500194723734895,-0.19382964865810962,1.2957066865754445,-0.06684585566472563,0.23082853157960453,1.0252992479833243,-1.0411545765412231,-0.455193183532494,-1.6541686897690218,-0.18490172133678864,0.7037431517199596,1.7359565690006942,-0.6340977881564317,0.24291667751819246,-0.7157843355988719,0.08545255320354553,1.599896951551582,0.9752785881477197,0.7857442199349255,0.5013540596359352,-0.025562179540513978,-0.29841459198804116,1.5769258554530783,-0.6422001776818537,-0.3177506802695655,-1.88257720552514,1.8955433316079733,-0.558171752176432,1.778799946142139,-1.2326009421207398,-1.4459151558339838,-0.10846742647487503,-0.15419534225054646,0.11179213992150774,1.0886787065392323,-1.24632696385821,1.5342656393638765,1.355672267952666,-0.39193155875166397,-0.3988984461584475,0.44832353673758635,-0.8802425772118515,-0.8271709680167771,-0.7473966603647875,-0.5153861426231524,-0.5916396699212855,-1.418540811316828,-0.7938873971743915
13310700,-0.14920204185007743,-0.07552477073954965,-1.3885425299442296,2.370141173618614,-0.25276614072073,-0.22683134727510865,1.541586410025584,-0.34734974832696724,0.13855911674097682,0.8769711760685073,-0.8273041917945385,-0.455193183532494,-1.4500442213745643,-0.11220594937607034,-0.058285501665813,0.31558873031907225,-0.4294797170888083,0.8024611378103951,-0.3119909194199877,0.36269351068317845,0.10847197192154584,-0.03765272486378789,0.31276419899817265,-1.0332043812051392,-0.782902198136113,-0.29841459198804116,1.4531667653379639,-0.6254840122606525,0.7431652356389005,-1.1229216161556534,0.5200195521147024,0.5496551071663552,1.5338058556538325,-0.9208115380134743,-1.3305527575407192,-0.10846742647487503,-0.15419534225054646,-0.5693340056978754,1.102760835219843,-1.2295372694924072,1.5528789430016083,1.283846451009451,0.0355544664334293,0.027290228549028087,0.8744787994447265,-0.8713540923615537,-0.8883556920044438,-0.5905647757005236,-0.7910823020457702,0.3311663857060906,-0.44489175652018803,-0.18054996241502136
13313000,0.2642839642149828,0.1329158544453293,-1.4292796921868014,2.788820925034483,-0.4361526081658625,-0.16082795004111136,2.047539218244114,-0.4213913849687769,0.07372887152967857,0.27763889380738493,-0.5040994940578031,-0.455193183532494,-1.207107354060034,-0.037737109806555175,-0.051996298490597004,0.009701405434981812,-0.9484749835531341,0.5045219671063124,-0.5152295009286623,0.23483739854517643,0.2703294247716689,0.455914824939782,1.158262162315787,-0.681180079601739,-0.7175288940902547,-0.29841459198804116,1.620166983324624,-0.5989174108284229,0.7658035338928006,1.0648866615460257,-0.532294541622164,0.6434860496041753,-0.7070449339133833,-1.863208367334271,-1.7941193356322291,-0.10846742647487503,-0.15419534225054646,-0.5838681799918696,1.097908041114306,-1.2156599598446756,1.7763149228278845,1.379102684781886,-0.1355374787994687,-0.14218632507476742,0.9155378392395579,-0.9887514410849471,-0.9958814137396268,-0.7210476945297016,-0.8228556435399147,0.3704532451193899,-0.41159740393883065,-0.089311622821544
13331500,-0.3586170108534553,-0.9762288148171273,-1.0190970086766835,1.8706373107887917,-0.3907831729453207,-1.4588947623097213,-0.41169114319244365,-0.6036477213178474,-0.013646170990866676,-1.24970588654741,2.018842793173289,-0.455193183532494,-0.9842954343336896,0.5926306410165841,0.16101779427157586,1.054832314777717,0.6187457122225669,0.8072849984892606,-0.9147117999656652,0.24251436606336044,0.30484824905271607,-0.2766976357442625,-0.05878856305926421,-0.4884482944406373,-0.5641231263479629,-0.29841459198804116,1.5172829204578424,-0.634365357170669,-1.8680415860201667,0.9291793400928713,-0.5501951128805622,-1.1218975198703558,-0.8581230190345327,1.6852178169128058,0.10632037005555486,-0.10846742647487503,-0.15419534225054646,0.11546961719874449,1.2243072924108847,-1.3529891993493133,1.139225941515916,1.706062324585028,-0.10205236612793864,-0.11051693664655111,-0.004667699691665641,-0.6966732392591678,-0.7154452643219363,-0.47189897530950864,-0.6957851745258068,-0.3710065004734683,-0.6614114421098943,-0.3333643824841952
13337000,0.23439152689707832,-0.8251688541974679,-1.0242489483818236,1.9035433509462008,-0.6618716423072712,-1.9869219401816984,0.0531462723634345,-1.712848393317267,-0.38356033746893264,-0.04829175218445326,0.4168367135926951,-0.455193183532494,-1.6412312234623307,-0.1518888910967881,0.43086556347058824,0.9195498595030703,0.31179383117967935,0.7665872140138398,-0.8626135010638674,0.4452294728276567,0.6310965545620534,-0.22854470405610924,0.04301899930110702,-0.46048090605763836,-0.5409872246715273,-0.29841459198804116,1.2995862077252314,-0.6310217195109925,0.6472688567202377,0.17802921016915693,-0.229378414086531,-0.08928748453621005,-0.2596304595096971,-0.10522855899582129,-1.2082738162857571,-0.10846742647487503,-0.15419534225054646,0.4923608000650324,1.3262716595765356,-1.2210394218334542,1.0035129477334943,1.583869579057051,1.3283594946847195,1.3127340367511562,0.8938007005246471,0.16380630803729254,0.07226903061614544,0.4585525877657713,-0.1671161135327018,-0.27476689579867625,0.10829522183472602,0.2068142664976545
13338500,-0.6607005737292451,-0.9579791185403638,-0.4308240864417101,0.9012534613755059,-0.1408204394388433,-2.0419247712100295,-0.5430636427225546,-1.161807751386875,-0.3934899411590945,-1.6841661867344164,0.9303428033430785,-0.455193183532494,-1.3192320620513558,0.1493637388170824,-0.4975558188981587,-0.32109317103188423,0.5923580780286408,0.9913329878323757,-0.2739078638845849,-0.21757225977932426,-0.5051417222829819,-0.412557693007266,-0.05144450484797001,-0.7237391488802156,-0.6618700681140759,-0.29841459198804116,1.107237742365596,-0.6159310040988639,-0.22436189864533862,1.3407199822163292,-0.6267330432436127,-0.14404132300927874,-1.2051540517298471,-0.2374879412687521,-0.8130357333158259,-0.10846742647487503,-0.15419534225054646,-0.08904264255484413,1.3138967465507816,-1.245059502910384,0.8383469136767397,1.3596881165266503,1.3128361278347138,1.2969373575000736,0.4515438535842397,0.0365577776364143,-0.04095468252361024,0.35040163780103606,-0.23393129467500337,-0.33376770548945717,-0.31149918725603365,-0.3476166893598847
13340000,-0.22268353246141812,-0.8112761589473284,-0.8002388742103982,1.3684886800013243,-0.4266100402059645,-2.470946853231011,0.08555395133527866,-1.7669557431708973,-0.37451324478663806,-1.058768796150768,0.6571252899848208,-0.455193183532494,-1.264607204311994,0.13053544944746587,-0.02642951261041943,0.45673834594796303,0.8100592252507021,0.8880942055700317,-0.6975112362894672,0.1323119021750612,0.021160583297865066,-0.4538316344542544,0.005868488758522466,-0.5857261670771555,-0.4799485443867549,-0.29841459198804116,1.2309968324807106,-0.6032039337380289,0.22741734242705341,0.6711062437127151,-0.45925332109527595,0.01569231833379735,-0.6011607587317224,0.123980460454606,-0.8212557383082557,-0.10846742647487503,-0.15419534225054646,0.18680570425640824,1.389164024814502,-1.262380235658706,0.8887669562716342,1.4357787166936034,7.91815211036372,7.873590293936265,0.5489584381955066,-0.005071527897830044,-0.08999355939717416,0.2749457767926714,-0.2502485629643151,-0.34827004307916515,-0.2533216319005965,-0.17496295650559557
13340600,0.3663932457003398,-0.937161338232718,-1.1705721670581142,1.8682717326745206,-0.7406552941372366,-1.5799009905720496,-0.07784310614636229,-1.4309206230272988,-0.37515935354033075,-1.2997049522239597,2.2255618824445635,-0.455193183532494,-1.6685436523320116,-0.18177774507366962,0.614884661561114,1.1148470795808816,0.46166252167550353,1.0468794193777813,-0.884589725592402,1.1975885368754373,0.6154165748601639,-0.6292458856039552,-0.11747120624285587,-1.1079867457944625,-0.8081523710946904,-0.29841459198804116,1.0684698346186923,-0.6295232244245723,0.7658035338928376,0.1978383514191233,-0.2135271527516919,0.19488925803057264,-0.25991946023147666,0.2973380604190523,-1.0302291694562151,-0.10846742647487503,-0.15419534225054646,0.23197789851062114,1.4587085779359596,-1.2231043655090366,0.8376217200285165,1.3360771000495704,1.5053329275091603,1.4893281611445066,0.9619640737788118,0.4973418146145029,0.3659017643129016,0.7752030626573087,-0.042153412407834594,0.24179798782708542,0.0414559348920881,0.15532210912438835
14020000,-0.4402891011117233,-0.9133252599924969,-1.2973290169726228,0.8743985813146885,-0.3113454715754607,-0.43584210518276606,0.8689359366639888,-0.20638586318198274,0.1820761595409366,1.0607559662739108,-1.0813163331807125,-0.455193183532494,-0.522859136061712,1.1699752271575727,0.0971695297344497,1.0132385647637931,1.7787488160757574,0.7304054725881391,-0.8779359244629787,0.4259716974392291,0.08030976090491274,-0.5552967405114344,-0.3887760775195541,-0.47689654706505075,-0.15162425380408737,-0.29841459198804116,-0.07369237054007359,-0.6304840070083724,-1.251692879980927,0.8874539409164656,-0.5213871743108714,-0.6358727879490462,-0.782908566819718,1.7160167739393486,-0.09232292833020003,-0.10846742647487503,-0.15419534225054646,-0.5838681799918696,1.2434553771066945,-1.3897918245350984,0.5806996054281391,0.9649579813677938,-0.26510059856081475,-0.27172962215417495,0.5798198079759357,-0.469344246050406,-0.49303754801094124,-0.08966197934239756,-0.49085450330557867,0.3914889554344411,-0.47580704060996737,-0.21522871852968783
14092750,0.9455605532618822,0.5119606124934163,-1.541002971432816,1.7627706063916329,-0.6296981972132848,-1.2388834381963976,1.0639906826382493,-0.9895185584318942,0.08066352781588705,-1.3498369388652496,2.233528528377242,-0.455193183532494,0.7047626668176308,1.5020454607481706,1.1517988560420067,1.3947949568048807,0.04837493701543832,1.3340521520003057,-0.9568695342417864,3.152325742655342,0.6051260818845529,-0.8321760977183149,-0.5056597006047924,-1.3086223581072813,-1.0290028081037614,-0.29841459198804116,0.23645089143515213,-0.604143093830678,-0.19812701440429265,-0.8789417752586869,0.5847444406302437,-0.19096854488326256,1.2112601557513045,-0.08680020424771481,-0.8439124814439191,-0.10846742647487503,-0.15419534225054646,-0.44025586169727116,1.0573343039311696,-1.5939492531486714,1.0664902908686764,2.3270504998939248,-0.4319386007205091,-0.4346383598583238,0.9155378392395579,-0.18603749305452588,-0.3943912500007978,0.20836554663298165,-0.6506222001004744,1.0330762608120514,-0.2850066957046895,-0.09811370801628613
14096850,-0.5034175728305639,0.23003924244782914,-1.5808788913054603,0.3303017730704808,0.14245582174987986,-0.45784323759409795,0.49474181714148874,-0.4185436297133229,0.0745354653608984,-1.476569591066516,0.45819997983182953,-0.455193183532494,0.15851408942401213,1.0495754933410988,-0.618865720440457,-0.7526809938118119,-0.557163593559291,1.5306871974783256,-0.43041580516246297,0.16216900092836428,-0.72114250367416,-0.7444689721434646,-0.43224217485437727,-1.3043664511794337,-0.7057580775723026,-0.29841459198804116,-0.564255510875889,-0.44710051141667073,-1.0471893900379197,-0.34748754335126175,-0.06922105261904002,-0.7792153044376049,0.4460234291424618,0.05589152070535958,-0.1978186990673152,-0.10846742647487503,-0.15419534225054646,-0.3498246601805597,1.0973434501103387,-1.579197981377791,0.2532937572986894,0.01243702664148708,-0.24559944240064482,-0.24786207382997352,-0.38547016680843627,-0.5336148087351031,-0.8718704072973469,-0.45663280932466965,-1.2732694154911068,-1.6142848884289447,-1.0678103166560624,-0.5721754968642928
14137000,2.159457113874705,-1.3696016820860282,-1.4624204360333697,0.7225846660020675,-1.194096680740976,-1.854915145713704,0.8167677375567132,-1.7455975787549907,-0.09385337882912714,-0.29799710108693533,-0.25332506115659853,-0.455193183532494,,0.9355081438417607,2.095632780477143,1.5556484376157644,0.9783548876761444,1.037566284277652,-1.0738854076429827,3.2260970229661146,1.4156887527301552,-0.8287366025977326,-0.5378026969532335,-1.2210722727344148,-0.8073492785964753,-0.29841459198804116,-0.9191309740975424,-0.6066544581054552,-0.2119769844264273,-0.22065891012124,-0.06005486026608302,0.016481970458052532,0.4309804858813755,0.466821222050397,-0.3249843072168438,-0.10846742647487503,-0.15419534225054646,-0.4177075005712454,1.1819994542869878,-1.625028875835732,0.37580059306609714,1.3693553970894952,-0.06955435626897508,-0.07698773925800736,0.9370066182172476,0.6548100765520569,0.15799156636537534,0.8212317629019569,-0.75708452424518,0.457014977139214,-0.12049689718039346,0.034576469803248376
14138800,3.170658898866699,-1.248747468019417,-1.4665079291491727,0.6870184442732266,-1.276417753559793,-1.8439145795080378,0.8482702732494944,-1.532015934595924,-0.09749615841811986,-0.22100412783697745,0.7215100627948942,-0.455193183532494,0.18438902203739402,1.5200294322088361,3.2514099691597633,1.9515185694972148,1.1455210584508755,-0.2067918995310885,-0.9477672634086357,0.3005427044428279,3.746789278993317,-0.44523289665279847,-0.49702426874998784,0.0003730155578666209,0.08808532164620991,-0.29841459198804116,-1.3918012339347863,-0.614273497721028,-1.687906152281345,0.021472807773384596,-0.12241474436831737,-1.1458119117150543,0.18025121587506152,0.7935618568228128,-0.36755786960131864,-0.10846742647487503,-0.15419534225054646,-0.5838681799918696,1.192188977644321,-1.6098662189299613,0.0791327774648494,2.0382379199053386,-0.453202440474548,-0.45983350766049474,0.9673312685232343,0.5659821783459738,-0.041063012009603196,0.8819466843432406,-0.8132163620394365,1.0330762608129862,-0.28500669570375164,-0.0981137080152608
14138870,3.647318993214579,-1.212467287110899,-1.4192453554533089,0.2530668949125748,-1.3077505351615129,-2.206933264295022,0.24891433776101654,-1.6587410434636365,-0.14859010001556466,1.0259353882012312,-1.0505081987990261,-0.455193183532494,-0.5070466772424229,1.171663862975476,2.945146559013292,1.4213968008701472,1.3586935438157202,0.24052743381030278,-1.200816168462308,1.0458367929901236,2.9693945813314517,-0.6791185648523995,-0.5115038817590548,-0.24221367932945065,-0.02905350060432874,-0.29841459198804116,-1.551346085047042,-0.6058343051341325,-0.5980103799052238,-0.2035005845718899,-0.030227498915273623,-0.28895760224278855,0.42180272490421933,0.5170209636321393,-0.38327983575043634,-0.10846742647487503,-0.15419534225054646,-0.5838681799918696,1.197470015946745,-1.6181414128652332,-0.0402315524935908,1.6126710845909673,-0.4574740103836904,-0.46362915550720063,0.9673312685232343,0.95945743504535,0.6715283062091227,1.0675393829975692,-0.48989846220692174,1.0330762608129862,-0.28500669570375164,-0.0981137080152608
14138900,4.026514931081268,-1.1869628866462452,-1.4275997787062478,0.21523391222707566,-1.3296485286342934,-2.2949377939403517,0.6207030049232687,-1.7114245156895396,-0.13094058422354787,0.9390138709846426,-0.9100831485174655,-0.455193183532494,-0.476859255860144,1.1595901168774703,4.246020439763913,2.199977193152539,0.7984385216333304,0.40716903366116514,-0.9775457936037928,3.9677711532733744,4.204882533311523,-0.6928765453347291,-0.5231922440675788,-0.6088296618283286,-0.38082391465130455,-0.29841459198804116,-1.4723191961783544,-0.6064557909139385,-0.9203716624000302,0.08679259167759615,-0.19063132266087243,-0.5373264421663808,0.08170510210044479,0.7774716692733233,-0.18014528897204893,-0.10846742647487503,-0.15419534225054646,-0.5838681799918696,1.200191190955667,-1.6187754517238055,-0.002674155132972974,1.0065330389636515,-0.45297329160734506,-0.45973993236689337,0.9673312685232343,1.0738155002544751,0.42827872679513546,1.107098779208867,-0.9047119244931189,1.0330762608126929,-0.28500669570404336,-0.09811370801559205
14139800,3.3129369619123716,-1.2125161515498293,-1.3999107001235092,0.027517190092871947,-1.2834380956999096,-2.151930433266691,0.22963922858230426,-1.7598363550322618,-0.15334385797936562,-0.22416744465824243,0.5647203583172479,-0.455193183532494,0.1570765931677133,1.4367796863862257,3.440917870182283,2.018221552309601,1.3609731414519457,0.30988823172830965,-1.1531632465013586,1.815695417034985,3.270830862750507,-0.7289912441008439,-0.5095558213743003,-0.2993644295034051,-0.11644115388229426,-0.29841459198804116,-1.520033544174543,-0.5969050949131592,-0.8172876335279238,0.06675696330521937,-0.17522966184102973,-0.45653874729796123,0.11061316484132848,0.7805417792375882,-0.22914156626587637,-0.10846742647487503,-0.15419534225054646,-0.5838681799918696,1.1906411533273193,-1.623315490671226,-0.1506645501528596,1.7134009095709382,-0.441797877622216,-0.44849920022302786,0.9611589945671485,0.6812743135565423,0.17356859792715093,0.9138898942472081,-0.928948246083825,1.0330762608121058,-0.2850066957046572,-0.09811370801622003
14141500,2.939015075293629,-1.1440147201486182,-1.3828611013640861,-0.17080155742099487,-1.2442313397431604,-2.09692760223836,0.21130436863181165,-1.885137586272248,-0.18040111442906903,-0.742198673481754,0.5646962189939356,-0.455193183532494,0.16282657819290905,0.7950136437922415,2.664032419686113,1.5860020062318478,1.4806697863429217,0.4364883394854385,-1.2859543879931947,1.3334439904963777,2.542807161035054,-0.7771441757889971,-0.5303513659815495,-0.2799088549761015,-0.18886443013259524,-0.29841459198804116,-1.4082030410584756,-0.6073712493324465,-0.10867896842605548,0.15030379947906675,-0.22198555659166894,0.1050146392592511,0.011557096482868288,0.8583629607508318,-0.16311477821264964,-0.10846742647487503,-0.15419534225054646,-0.5838681799918696,1.185041332349184,-1.6271363765942346,-0.1365550807514622,1.0718755195471337,-0.43053432945739356,-0.4373169526376632,0.9673312685232343,0.6601574714947301,0.07964726498829175,0.8924931767702579,-1.0198818850453166,0.8983020609948061,-0.22087833507401225,-0.04891048439779043
14154500,0.9694791618291289,-0.9570972893169826,-1.42288765560312,-0.20686654127197315,-0.9240415901804141,-1.777911182274041,0.40758480172479794,-1.3355208219695824,0.013091172512508053,-1.9782244363494763,1.1978603196409796,-0.455193183532494,0.0765768028149696,0.1378810152553427,0.6591241039924813,0.6678071210105055,2.187215499638828,0.050765151030818315,-0.4743142989293717,-0.3219806113135333,0.8226211677664487,-0.38848122716318945,-0.4414236581741873,0.35422127727320146,0.34378343103216946,-0.29841459198804116,-1.394783380684548,-0.6145115649233936,0.2119330530396552,0.3224932588817392,-0.59618172616055,0.5518354355853077,-0.41464028937319813,0.25306427703841705,1.4018969275959607,-0.10846742647487503,-0.15419534225054646,-0.5838681799918696,0.8625254426537634,-1.6704286485406168,0.20744116241804372,1.3296011914074344,-0.14442727972454775,-0.15118709862804997,0.9673312685232343,0.8387483441130789,0.03642145636736527,1.0228025897676618,-1.1386649450903887,0.811454366575988,-0.17955440011291407,-0.01720421914019105
14158500,1.8012215018730564,-0.9774966509081099,-1.5688438308583246,0.9226639535127085,-1.0875797550118547,-1.4038919312813902,1.0356098206140916,-1.1162436672996074,0.15528118300225843,0.6948556695010712,-0.6982074170894044,-0.455193183532494,-0.3374221189991414,1.2364230465920498,1.9303854781248972,1.6473191285996327,0.08340247516806742,2.027988025208693,-0.9356806602999193,5.947430427335873,0.9107839745018819,-0.8854882720873417,-0.6868293163869128,-1.3086223581072813,-1.0290028081037614,-0.29841459198804116,0.027700618951826666,-0.6091362580910364,-1.0108110943613473,-0.2575364371923646,0.02115989020777273,-0.6783211979202844,0.49930932016317714,0.5212832545304648,-0.5124741246288572,-0.10846742647487503,-0.15419534225054646,-0.5613518770923108,0.9825471200585782,-1.6162898713735672,0.5296815961408503,0.9541166969836054,-0.32641260956755574,-0.4007231643836744,0.9574019582460527,0.3459951664427218,-0.08091378462655816,0.5384119994717407,-0.6999485526204232,1.0330762608127038,-0.28500669570404336,-0.09811370801555899
14158790,1.9993536505309517,-1.070371496711832,-1.530104255161306,0.9221064627551133,-1.130284648157266,-1.4918964609267198,1.028161802205606,-1.1333301988323328,0.15873658380194106,1.0005605347907423,-0.9966500112273246,-0.455193183532494,-0.522859136061712,1.1699752271575727,2.39186773967995,1.9975778097272001,2.0768167931195984,0.2179519722285089,-0.5423140992256906,0.2351503202095866,2.5176414868464914,-0.5879719441569667,-0.4664737167114722,0.13717002395297032,1.0045315019592242,-0.29841459198804116,-0.7983540307321895,-0.6171485928941082,-1.2093137585243725,-0.1333158091802265,-0.04578380629823448,-0.7708399384406882,0.3542700584142794,0.6300821632183314,-0.428725174393139,-0.10846742647487503,-0.15419534225054646,-0.5838681799918696,0.9774811640433789,-1.619459448897109,0.3401897681296578,1.490759955670171,-0.4418742605779503,-0.4487623807362818,0.9673312685232343,0.9905995751336008,0.5620009772100161,1.0299827660491427,-0.2473553091709869,1.03307626081079,-0.28500669570598275,-0.09811370801767579
14166500,1.2708901230275425,0.507808023180782,-1.7009446190680804,-0.8211419214849762,-0.7291995675683245,-1.5468992919550508,2.200872777103774,-1.4380400111659344,0.07269313172368082,-0.36728256532014436,0.3368119321354772,-0.455193183532494,0.927574586543975,-0.33071542421270145,0.5724756931103228,0.3583541860721052,1.197438670992085,0.33028615829187924,0.3017401666074464,-0.19660222863811214,0.929675429322976,-0.11848086019747348,-0.2524118505867759,0.2855187797236604,0.4657902844067958,-0.29841459198804116,-1.5394174980479947,-0.5778593083836512,-0.7920396026152942,0.9456243450338532,-0.7929600204613547,-0.10037795027362605,-1.2233364018099477,0.5240593445345689,2.344122833937899,-0.10846742647487503,-0.15419534225054646,-0.5838681799918696,0.922802253648857,-1.7045242731911174,-0.6487453595264444,-0.21739183568822124,-0.3326172558179744,-0.33332555916728196,0.707022323418747,0.8553497793592261,0.11999101323189552,0.8611344414177643,-1.2595862726250262,-0.6021503882373231,1.5243154186399293,1.2875440122349864
14182500,2.0986764393529187,-1.1132846860391274,-1.4697587590675683,-0.1517298018980789,-1.1497193886561634,-2.019923638798697,0.9210943167991101,-1.7541408445213529,-0.07041866090533253,0.32470602969388523,-0.13139099950974964,-0.455193183532494,-0.2468598548523046,1.1665135237308724,2.860287936285419,2.413564051419546,1.9591214114125663,0.25334071608711706,-0.8405328088886986,0.3118824174336649,2.7586919292671714,-0.7031950306964762,-0.5222790907622252,-0.010570745113741745,0.8311791317470852,-0.29841459198804116,-1.5498550116721608,-0.6068312719059047,-0.610455637953399,0.08814444823638445,-0.39232424010023614,-0.203777447974828,-0.009822274546407259,0.4778940783622266,0.39932465719012256,-0.10846742647487503,-0.15419534225054646,-0.5837559720712511,1.0652308964764676,-1.6522691095202533,-0.050218868526139764,1.2868580721643108,-0.29716968874527017,-0.30130526338806046,0.9673312685232343,0.9488210204454907,0.23241598603889682,1.023519237968672,-0.8693209153496678,0.5724848424732506,-0.06584774229502414,0.07003852426530827
14185000,1.739837135802469,-1.0297449953936058,-1.4696081084214492,0.00247527971678498,-1.0862927604980357,-1.854915145713704,0.9617180551615795,-1.6202963475150047,-0.053641610342864667,0.0824324363755315,-0.12535709778162288,-0.455193183532494,-0.2626723136715936,0.839762492966668,1.8038737548685428,1.5509173858546224,2.166698254747755,0.3731950739899762,-0.5852326950452412,0.21445125125639602,1.733497867909447,-0.6773988172921084,-0.5046856704124161,0.038676177908495556,0.6764979606050772,-0.29841459198804116,-1.3261940054400263,-0.6078760452761234,-0.4329617942435653,0.22064202082155565,-0.4865824632726839,-0.0300021497461506,-0.20360071335419028,0.466987924976112,0.7404120047217901,-0.10846742647487503,-0.15419534225054646,-0.5838681799918696,0.9884695644675515,-1.6472492240436805,0.27711064342981284,1.4866689810382048,-0.19650282869941552,-0.20960147565871012,0.9673312685232343,0.7155247851350176,-0.03195332131069182,0.972949256988216,-1.0095100238954209,0.838011523571083,-0.19219084643149098,-0.026899678182678684
14185900,2.375484543524434,-1.0519183013835351,-1.4985831907865155,0.04768353600323574,-1.1748410797987765,-1.7009072188343777,1.734554987612974,-1.6174485922595507,0.0045442893368877555,0.8466496292696492,-0.9478324170910047,-0.455193183532494,-0.5156716547802169,1.1101130874129161,2.9212717225278584,2.2339480958047875,1.8613054575355108,0.10967575350666459,-0.6029576029166029,0.3117537447830769,3.251341794695903,-0.5552967405114344,-0.5051587707915702,0.1049467286421236,0.5269889071874204,-0.29841459198804116,-1.470828122803474,-0.6114644849662247,-0.5448589151974931,0.08849885660194609,-0.2865425489044123,-0.17953076920655797,0.010869916039834294,0.5448223397160343,0.2640346342464426,-0.10846742647487503,-0.15419534225054646,-0.5838681799918696,1.0169545248820482,-1.643445607661567,0.08189360240633108,1.5942783580565867,-0.31400331706671847,-0.32148828452670764,0.9673312685232343,0.9967295363923099,0.311974157304484,1.0627150383128485,-0.8896590438056399,1.0330762608115511,-0.2850066957052073,-0.09811370801681571
14187000,1.4877405919592452,-1.0334054869997595,-1.443011922096051,-0.43330116540734964,-1.045061782028723,-1.8879168443307028,0.5391748053931853,-1.4309206230272988,-0.2950466188823735,0.6374133261229468,-0.5714588456245969,-0.455193183532494,-0.3934844729948022,1.0010272135763905,1.2877735906696426,1.1266069988617458,2.047141609723964,0.18942332316213792,-0.2689189803119352,-0.20627275156803856,1.5417430681293103,-0.43663415885134255,-0.416718568663369,0.1967527209428376,0.4754219151967898,-0.29841459198804116,-1.4171494813077614,-0.6063921500678425,0.11159608509313655,0.32638072773876203,-0.5869218002443506,0.46472504553496596,-0.40269332911571454,0.3097959411342202,1.2984247668474835,-0.10846742647487503,-0.15419534225054646,-0.5838681799918696,0.9847363504821278,-1.6549933795964331,0.045010507911605206,1.4534793921684392,-0.386537746954425,-0.3920323589904464,0.9673312685232343,0.7070745874859448,-0.1880975394206603,0.8577601149232361,-1.2594082324293694,-0.3819009843742542,0.3882688361588024,0.4184647016816636
14216500,2.874775306431086,-1.3132098009123647,-1.5573563624276023,0.5815026346585472,-1.2592420023222006,-1.2168823057850653,0.5746013257382147,-1.506386137296836,-0.1426849786638633,0.2607028834171115,0.04318114498910252,-0.455193183532494,-0.522859136061712,1.1698063635757827,2.950860534964182,1.8857178022300565,1.930613003674647,0.8662020400897008,-0.8819212048677678,2.55669155124224,2.420655551901168,-0.804660136753656,-0.5138848444515318,-0.5516789116543741,-0.08652109964552526,-0.29841459198804116,-0.8550148189776637,-0.6111077897384957,0.7658035338928376,-1.7203569572657569,1.324372835136159,0.6373940095118577,2.079290083334943,-1.004901408713222,-1.201733917262909,-0.10846742647487503,-0.15419534225054646,-0.4785133988218922,1.3118381018016185,-1.6164798363234116,0.08330582161602912,1.4762875784835265,-0.2603472284693482,-0.26795151967501935,0.782431409577882,0.14120856994293884,-0.2896002294644086,0.47740721744711945,-0.5537732770343974,0.24191689450909418,-0.29237454754863135,-0.24253152415153892
14222500,2.91752287970391,-1.1469311205561243,-1.4569786183062414,-0.4308022064332097,-1.242645613759106,-2.525949684259342,0.6028435416894028,-1.9121912611990626,-0.22846072096408124,-0.13540465729849777,-0.04281931092837341,-0.455193183532494,-0.5645465274943828,1.06485764749312,2.463205467276187,1.4191437245263376,1.770590951815049,0.42187668176540655,-0.8759646176435338,0.7077371133435312,2.4790757669275028,-0.7289912441008439,-0.5060103514740485,-0.056169747912109644,0.2064037686955083,-0.29841459198804116,-1.654230147913824,-0.6055851484737232,-0.1289044196793258,0.4926651952108082,-0.4169363738878538,0.03869842093069116,-0.5057290901207707,0.8144470266185763,0.008285569525423303,-0.10846742647487503,-0.15419534225054646,-0.18070264961009933,1.2659622021628456,-1.6453144186941282,-0.3480571721210112,0.6581126008175315,-0.27540642197296844,-0.28015724703414907,0.9021198523785019,0.6707748356616005,0.13880304660944165,0.9413272198205069,-0.8674186187553816,-1.4664966763399356,0.9043419700873704,0.814427760185165
14236200,1.6534374224987933,-1.3568621727945436,-1.3541999375676013,-0.30936556878100196,-1.1253202596329452,-2.195932698089356,0.7319037638537071,-1.8951047296663375,-0.327858633033848,-0.8234679556482188,0.45913012754596244,-0.455193183532494,0.029139426357102375,0.6123032482951516,2.5768859707882337,2.5357892894063334,1.6138413285921116,0.47921342347055357,-0.6612152835143333,1.1226387644016835,2.503358095988826,-0.7272714965405528,-0.4964064137772111,-0.18567091585947454,0.07866512750218443,-0.29841459198804116,-1.6094979466673967,-0.6038008986253744,-0.25066277006205495,0.41787599781616025,-0.39531434947117927,0.06774166112223429,-0.32767428129431597,1.03583420249469,-0.25248733281741587,-0.10846742647487503,-0.15419534225054646,-0.3668554260281431,1.4116420442071858,-1.6449042670978724,-0.3421029505882304,1.0884866549607302,-0.2536079015287893,-0.25943031950144385,0.9163429184512212,0.832487128850456,-0.1297993901112005,0.8674299221881546,-1.1394270590990885,-0.20128847603312922,0.30232965725699046,0.35252687642738945
14301000,1.816094442860091,0.09142326116370678,-1.576625035572198,-0.7138868956057498,-0.9242094312078563,-1.9539202415646997,1.7543536949590215,-2.1400116816354005,-0.1861508454038484,-0.6681811016113367,1.031339970110942,-0.455193183532494,0.1728890519870021,-0.6230182842916866,1.3767638428495308,1.006008094428359,1.628794221657054,0.1545810520263064,-0.4088955919913943,-0.1688443564762956,1.8461240981158287,-0.21994596625465332,-0.26890684014898636,0.28916669994752997,0.8671738701030999,-0.29841459198804116,-1.883855447645482,-0.5913651039517392,-0.7238301964833082,0.9999587958236841,-0.5718786877565318,-0.1641141315123274,-0.9251214781615387,1.7987967583665043,0.03301519503072903,-0.10846742647487503,-0.15419534225054646,-0.5778228721083621,1.2404634288611756,-1.7248277023597256,-0.48882107604983044,0.33856773316079547,0.5587248327057077,0.5480659797199465,0.8680381657514193,0.8277320866673895,0.06753527887628703,0.8886974099843146,-1.2038956869656878,-0.27170300573302747,0.33583435148132007,0.378233739131728
14303200,2.436602004167502,-1.1286961502107278,-1.6980450794179371,-0.437065852949538,-1.1921599408071788,-1.557899858160717,2.5341774979744174,-1.3853565389400313,0.07554522380374065,-0.3613581721533036,0.7508604120265184,-0.455193183532494,0.19876398460038397,-0.8100347011244293,2.5040475168798286,1.7714933474668018,1.5203938235145544,0.28788228447839304,-0.658325749372978,0.7139535709100562,2.6643139476893922,-0.5157425466247371,-0.4129769815301513,0.02286852360506138,0.5032611742856223,-0.29841459198804116,-1.8167571457758418,-0.6079577148818031,-1.0855058049704391,0.6225201149572684,-0.36330737842590977,-0.5862366392635693,-0.4458843728561118,1.6104553019346002,-0.4491291416154035,-0.10846742647487503,-0.15419534225054646,-0.5838681799918696,1.167542851981296,-1.7119433913134536,-0.23817125037180556,0.5225111272628117,-0.46097587512351,-0.46788098291021324,0.9673312685232343,0.02816617802482418,-0.6954943555917535,0.6490009777636999,-1.6515443723252095,1.0330762608106432,-0.28500669570611287,-0.09811370801784104
14305500,2.4193191498111943,-1.107216590987443,-1.7063667065145804,-0.7470343729440703,-1.1873392236765083,-1.3708902326643921,1.5302385738616495,-1.6202963475150047,-0.056279923952073624,-1.0196106454593907,0.24760800288335807,-0.455193183532494,0.2260764134700651,-0.3465041691100924,3.3125135194690243,2.585904956858127,1.3862551442122155,0.1810704668330402,-0.8869337863034512,0.6387368615714717,3.8974097679251836,-0.458990877135128,-0.4565576552059009,0.09400296797051523,0.5851218527968374,-0.29841459198804116,-1.8749090073961963,-0.6048717572075121,-1.294703632130952,0.32157214571304554,-0.3695912496224611,-0.7591778125367794,-0.24782057752192066,0.8992202531845593,0.03695170232767001,-0.10846742647487503,-0.15419534225054646,-0.49545142744623644,1.0505611322611135,-1.7329647399678385,-0.614839375798109,0.19678639856530905,-0.15646053305869292,-0.16473212237684945,0.9520347635016302,0.9656996021209441,-0.004615943778902547,0.8724597361002495,-1.329029058391283,-0.9130094292867166,0.6409812539313986,0.612361216118256
14306340,2.291584035587606,-0.617999641753567,-1.736454459700792,-0.5323678492006987,-1.1046705879841596,-1.4038919312813902,2.6338821530594787,-1.540559200362286,-0.05185534376754519,0.004971724404394732,0.4036695923779825,-0.455193183532494,0.3626385578184698,-0.9114372819894954,1.7287705758999463,1.0893416089224381,1.5899576046407677,-0.08175853789993477,-1.087343956383041,-0.19986862903589545,2.5078166834938895,0.03973591534931541,-0.3232178821224254,0.43629948231026366,0.6921704323884235,-0.29841459198804116,-1.7690427977796528,-0.6103261334465124,-1.5090030419432683,0.19687665741916513,-0.23749452856656478,-1.0557881469022778,-0.13212271007945642,0.8378074327332888,-0.30522132981808986,-0.10846742647487503,-0.15419534225054646,-0.3616546167603389,0.9608372516917013,-1.7174936984032287,-0.46053852376912136,0.3460398048429504,-0.4570568419331414,-0.46396836594650565,0.949351166129419,0.10221176050494785,-0.5674624300418684,0.5586265133877066,-1.531103623815184,1.0330762608117303,-0.28500669570501347,-0.09811370801665044
14306500,2.1477074516723422,0.31818107031079446,-1.7329472994803279,-0.7738100547950455,-0.950640334496807,-1.5358987257493848,2.354091479364999,-1.7555647221490804,-0.030138749726885867,0.06699034141283738,-0.12807858089478572,-0.455193183532494,0.628575365233784,-0.6860888320903585,1.518612028915779,0.9569371563568748,1.533082946052688,0.33301151477188884,-0.4445059376154174,0.15680479271267214,2.0048705680900767,-0.31797157719125085,-0.38604164413544956,0.22107218910196716,0.7584339875383271,-0.29841459198804116,-1.684051615411442,-0.6042543694897121,-1.3664719501782094,0.44474036088344004,-0.527213402982258,-0.7693740866646325,-0.41280192491065626,0.8632622415468539,0.4713239004588373,-0.10846742647487503,-0.15419534225054646,-0.5593332611264155,0.9873480639698731,-1.7295385864081423,-0.5739359094991978,0.23922646693047206,0.03792233806119321,0.030746665956428967,0.9654527503626863,0.36572319644707835,-0.3566574014629748,0.8158347614334956,-1.2753178359822108,0.764088875259678,-0.1570169165834973,8.79247878596629e-05
14308990,0.28208315925290955,0.4990953037882675,-1.70334122213234,-0.20551473330204295,-0.35461966315062354,-1.0628743789057382,1.945805139765793,-0.733220585441014,0.29404924767757457,-1.1641637996164598,0.06629380937666597,-0.455193183532494,-1.4543567101434614,-0.2917923686100397,-0.15429119616000897,-0.18689101186310955,0.959721946987094,0.3699229672625844,0.41687126308622874,-0.28568600409429323,-0.15039265944987557,-0.18555101504882962,-0.308923807916461,0.2976785138032252,0.21591348645034167,-0.29841459198804116,-1.2322563828225306,-0.6147511147506849,-1.6425980619348488,-0.42651056037576096,-0.07364755443482714,-1.209483855816501,0.5501488172200886,-0.01644011350628671,-0.15142348839516037,-0.10846742647487503,-0.15419534225054646,-0.4131405740344386,0.6872372193196846,-1.6860014570426425,0.2895916077966034,1.0702588237570048,-0.3671423518098872,-0.37241078961340746,0.9673312685232343,0.915495575074391,-0.13342725073890926,1.0649661731488689,-1.4255221070828867,1.0330762608125295,-0.2850066957042049,-0.0981137080157573
14309500,1.2195181074674044,0.6033430085863632,-1.809847195314072,-0.572336129683989,-0.6975196005853608,-1.2828857030190626,2.2310462811295997,-0.911205288906903,0.29361496524135766,0.3858973199229594,-0.418823768249834,-0.455193183532494,0.6717002529227538,-0.8543613913443796,0.6246035611513178,0.45701224531422324,0.892041059713878,-0.19702810120890785,-0.7846652850408482,-0.42348116991225526,1.042261011816659,0.5281442224720119,-0.20643762550658157,0.704421618764667,0.906373869635227,-0.29841459198804116,-1.6989623491602508,-0.614448461975358,-1.4760182212000497,0.00787850138491149,-0.2661699796648847,-0.901714924239996,0.08209654906286487,0.37887755820904123,0.35708416722357045,-0.10846742647487503,-0.15419534225054646,-0.5838681799918696,0.6835539351509392,-1.7159160024886115,-0.06309423645599922,1.3630914967296301,-0.3335573537347045,-0.3402442824379338,0.9673312685232343,0.6656864364186175,-0.34657262685263707,0.958355685933125,-1.393386040543607,1.0330762608126387,-0.28500669570410797,-0.0981137080156251
14316700,0.9115432138821911,-0.9184880679301354,-1.4786667513521805,-0.006234911149109834,-0.9021231416130627,-1.3598896664587257,0.50328662257453,-1.1333301988323328,0.020135004241410695,-1.6860303521183464,1.5172056610178215,-0.455193183532494,0.10676422419724839,0.24477166252859375,0.9280719295621352,1.1012862211311716,1.958409373514838,0.10573686187109546,-0.3585450165684674,-0.11244573861890472,1.1334813156861552,-0.3300098101132892,-0.4341490115203596,0.34996537034535385,0.5262205162169077,-0.29841459198804116,-1.4022387475589524,-0.615390753790402,0.17339790953539017,0.02071034502595706,-0.2970445115697873,0.3857668291811588,0.04928834382345992,0.35171063357557025,0.4804509974767395,-0.10846742647487503,-0.15419534225054646,-0.5838681799918696,0.7883758241325926,-1.6615187989774547,0.24534207255939872,1.5469578547891398,-0.12028439010052294,-0.12870563434031895,0.9673312685232343,1.0812750446993755,0.28500811433287676,1.1421744546468513,-1.0202510312721216,1.0330762608123012,-0.28500669570443105,-0.09811370801602172
14325000,2.155151686687385,-0.6355514719495458,-1.7268191786936162,-0.7250853216920439,-1.088483409193058,-1.3928913650757244,0.6144549706452467,-1.0137244781032548,0.08968897354187357,0.5844362582181459,-0.6430495637337116,-0.455193183532494,0.638637839027877,-1.092712337041368,1.6710286481547472,1.112691637980092,1.9881879130372002,-0.0657656729262653,-0.9027620129337661,-0.24813935254716235,2.1943248846661847,-0.06688843338873794,-0.367294763006591,0.5560728629939766,1.183924844887275,-0.29841459198804116,-1.6885248355360842,-0.6085539142991988,-1.484687945501591,-0.01565307668741702,-0.20674733934604247,-0.9497718532856464,0.1595454447186832,0.5283559665077064,0.019621165061978425,-0.10846742647487503,-0.15419534225054646,-0.5838681799918696,0.700357238840472,-1.7442713550994926,-0.13090620391267016,1.6717369315844182,-0.20538087840053537,-0.21239118909920118,0.9673312685232343,0.6149199349934427,-0.43592333733016286,0.8995597554815065,-1.391799072890577,1.0204501633601446,-0.278998936564664,-0.09350418559109651
14362250,-0.33751595303572224,0.9690989085700088,-1.790203756604981,-0.1776010728812035,0.2256481818540073,-0.10582511901278041,2.2810166018103515,0.16239844239933968,0.43780630135343207,0.9790487818273235,-0.9663932133722931,-0.455193183532494,-0.5415465873935988,1.1476852343612542,-0.7530704676430255,-1.1481769483957038,-0.10085438083745195,0.1660395482566366,1.10550573448321,-0.6373541077625079,-0.7488879688296683,0.2684623408680429,0.293532072240527,0.4916262723722835,0.4735523678831279,0.47307488154661215,-1.3261940054400263,-0.6310497958877196,-1.825617009692234,0.010753123188813567,-0.24738013994153205,-1.2214635455961311,0.0925379366599492,0.4334403404682047,0.2702284838725079,-0.10846742647487503,-0.15419534225054646,-0.5838681799918696,0.5587313138348295,-1.6828824546031504,0.14789894709023507,1.3526078038926155,-0.4413748335596875,-0.4469376625110549,0.9673312685232343,0.7988559605538085,0.002175137054309842,0.8685304913585039,-1.3842223169038161,1.0330762608129809,-0.28500669570375164,-0.0981137080152608
14400000,1.6295246373226988,-0.914816106377422,-1.8479553865676759,-0.7539754696486779,-1.0499876413957037,-0.3588381417431024,0.9831914918541108,-0.5025524097492221,0.2987509135487052,-0.8869088058567014,0.9291112138083856,-0.455193183532494,-0.06861031907122916,-0.7012865544514849,3.9366986708200877,4.180389488727019,1.5375078035709522,-0.034895281841322914,-0.571685485954028,0.2927120627768278,5.299845474981943,0.02425818730669477,-0.33645117558506193,0.49649016600410917,1.1132150600835184,-0.29841459198804116,-1.74816777053132,-0.6123288866782499,-0.8210424895249139,0.4009192618530617,-0.5249669172155162,-0.2306256349795842,-0.4121889752553964,0.6305501862667241,0.8497116368823471,-0.10846742647487503,-0.15419534225054646,-0.5838681799918696,0.5528607196200984,-1.751466585959512,-0.17062645952237496,1.116761853647768,-0.05287349385899543,-0.06123784765372548,0.9673312685232343,0.0015140558844357378,-0.7630198882016116,0.1267567141688278,-1.5168060574146593,1.0330762608123936,-0.28500669570436643,-0.09811370801592256
