gauge_id,gauge_name,gauge_lat,gauge_lon,aridity,runoff_ratio,p_mean,pet_mean,frac_snow,dominant_forcing,peak_lag,peak_TE,PRCP_peak_te,SRAD_peak_te,Tair_peak_te,VP_peak_te,PRCP_peak_lag,SRAD_peak_lag,Tair_peak_lag,VP_peak_lag,budyko_class
01013500,"Fish River near Fort Kent, Maine",47.23739,-68.58264,0.63055865946247,0.543437466590222,3.12667898699521,1.97155451060917,0.313440357191799,Tair,14,0.0048878833883407,0.0027614217385353,0.0030632665038131,0.0048878833883407,0.0026846556337543,1,13,14,22,energy_limited
01022500,"Narraguagus River at Cherryfield, Maine",44.60797,-67.93524,0.587356423405076,0.602268929482991,3.60812594113621,2.11925594798084,0.245259009248271,PRCP,1,0.0166805733564089,0.0166805733564089,0.0047753980402072,0.0083002251135609,0.0061919504793522,1,1,1,1,energy_limited
01030500,"Mattawamkeag River near Mattawamkeag, Maine",45.50097,-68.30596,0.624111385131731,0.555858982560286,3.2744052019165,2.04359356605065,0.27701840295357,PRCP,1,0.0134275816762943,0.0134275816762943,0.0040720228727942,0.0074603722373123,0.0059494066838827,1,5,2,2,energy_limited
01031500,"Piscataquis River near Dover-Foxcroft, Maine",45.17501,-69.3147,0.587950340389816,0.576289279160751,3.5229568788501,2.07132369609856,0.291836473001958,PRCP,1,0.0038589515480295,0.0038589515480295,0.0014806788693391,0.0013509524246606,0.0015973129392197,1,1,6,1,energy_limited
01047000,"Carrabassett River near North Anson, Maine",44.8692,-69.9551,0.628929335570973,0.65686843497944,3.32314579055441,2.09002387405886,0.280118126940736,PRCP,1,0.0022771925556681,0.0022771925556681,0.0013893350946952,0.0015412782745708,0.0013299539963271,1,3,17,1,energy_limited
01052500,"Diamond River near Wentworth Location, NH",44.87739,-71.05749,0.561914458543945,0.644651819954492,3.73085831622177,2.09642323066393,0.352698254049326,Tair,1,0.0066120198948291,0.0036150187896995,0.0054710882352533,0.0066120198948291,0.0043856872052815,1,2,1,1,energy_limited
01054200,"Wild River at Gilead, Maine",44.39044,-70.97964,0.523306104932953,0.671662858004331,4.06713210130048,2.12835505817933,0.299641539662879,Tair,12,0.0037378576441534,0.0021149152665537,0.0028884334131273,0.0037378576441534,0.003327869905504,1,2,12,1,energy_limited
01055000,"Swift River near Roxbury, Maine",44.64275,-70.58878,0.599062793707035,0.652483626799972,3.49418343600274,2.09323529089665,0.306048851694867,SRAD,2,0.0035159246617638,0.0031355322927631,0.0035159246617638,0.0027139308321711,0.003184383862478,1,2,12,1,energy_limited
01057000,"Little Androscoggin River near South Paris, Maine",44.30399,-70.53968,0.597323619284961,0.510727007805829,3.57049965776865,2.13274377823409,0.251157672769098,PRCP,1,0.0022553647421092,0.0022553647421092,0.0014729518740313,0.0017499583378014,0.0011845067508131,1,3,17,1,energy_limited
01073000,"OYSTER RIVER NEAR DURHAM, NH",43.1487,-70.96506,0.63020261356176,0.486206602514752,3.50302532511978,2.20761571526352,0.17503243505174,PRCP,1,0.0056891769999337,0.0056891769999337,0.0025077205156804,0.0028506196732101,0.0019599539807941,1,1,1,1,energy_limited
01078000,"SMITH RIVER NEAR BRISTOL, NH",43.56646,-71.74786,0.613026372714384,0.492803378546533,3.56288843258042,2.18414457221081,0.23971852199071,PRCP,1,0.0040309908767237,0.0040309908767237,0.0033151853652574,0.0033623920009349,0.003792717325043,1,2,1,1,energy_limited
01118300,"PENDLETON HILL BROOK NEAR CLARKS FALLS, CT.",41.47482,-71.83424,0.592707672054773,0.546404882602351,3.89743052703628,2.31003697467488,0.111232483325858,PRCP,1,0.0041191367215902,0.0041191367215902,0.0014043736566376,0.0019076214283969,0.0016508527538713,1,30,26,16,energy_limited
01121000,"MOUNT HOPE RIVER NEAR WARRENVILLE, CT.",41.84371,-72.16897,0.618726258767883,0.52649357815708,3.71959069130732,2.30140843258042,0.154227151059507,Tair,25,0.0030093761529104,0.0025163572351848,0.0021921050536729,0.0030093761529104,0.0028231668629654,1,25,25,18,energy_limited
01123000,"LITTLE RIVER NEAR HANOVER, CT.",41.67177,-72.0523,0.603082478614581,0.45429529711326,3.82424229979466,2.30633352498289,0.136053399026134,PRCP,1,0.0053248579832909,0.0053248579832909,0.0020367159833917,0.0026990401657905,0.002488766931581,1,23,25,21,energy_limited
01134500,"MOOSE RIVER AT VICTORY, VT",44.51172,-71.83731,0.603244622366455,0.599172754886935,3.46741273100616,2.09169808350445,0.280582089228151,PRCP,1,0.0077420425534474,0.0077420425534474,0.0040084618552425,0.0064513537251381,0.0062391948330044,1,2,1,1,energy_limited
01137500,"AMMONOOSUC RIVER AT BETHLEHEM JUNCTION, NH",44.26867,-71.63036,0.538138265121706,0.597226132140909,3.9841916495551,2.14404598220397,0.301814975818189,SRAD,2,0.0051557637757875,0.0042416258211395,0.0051557637757875,0.0046173946421107,0.0035872724749064,1,2,8,1,energy_limited
01139000,"WELLS RIVER AT WELLS RIVER, VT",44.15034,-72.06509,0.674413209612946,0.541536747426106,3.13454757015743,2.11398028747433,0.246562671549799,SRAD,2,0.0075702468642309,0.0061410539578434,0.0075702468642309,0.0067175282241053,0.0048811063457987,1,2,1,23,energy_limited
01139800,"EAST ORANGE BRANCH AT EAST ORANGE, VT",44.09284,-72.33565,0.643915671936808,0.548410572565566,3.30351540041068,2.12718533880903,0.26232897318021,SRAD,1,0.008486919008784,0.0052555189134645,0.008486919008784,0.0066271408224465,0.0060024138880259,1,1,19,27,energy_limited
01142500,"AYERS BROOK AT RANDOLPH, VT",43.93451,-72.65788,0.647740582076158,0.519815262322349,3.31467077344285,2.1470467761807,0.252307890542821,Tair,13,0.0029607460051645,0.0024649027488251,0.0029503376175203,0.0029607460051645,0.0024418687494694,1,2,13,11,energy_limited
01144000,"WHITE RIVER AT WEST HARTFORD, VT",43.71424,-72.41815,0.630759674709817,0.543359055776503,3.42085968514716,2.15774034223135,0.248466348504845,Tair,13,0.0042858177017838,0.0024660354135466,0.0035960133502033,0.0042858177017838,0.003629315863565,1,2,13,1,energy_limited
01162500,"PRIEST BROOK NEAR WINCHENDON, MA",42.68259,-72.11508,0.596661752063771,0.485229191630436,3.78353456536619,2.25749036276523,0.226769184680043,PRCP,1,0.0083302631617389,0.0083302631617389,0.0025960303220403,0.0041888416343064,0.0040922900790916,1,10,1,30,energy_limited
01169000,"NORTH RIVER AT SHATTUCKVILLE, MA",42.63842,-72.72509,0.574450648160949,0.570484016884238,3.92116632443532,2.25251653661875,0.238972605896079,Tair,25,0.0022491391373722,0.0009122436550094,0.0018934375937199,0.0022491391373722,0.0018730049023066,2,4,25,26,energy_limited
01170100,"GREEN RIVER NEAR COLRAIN, MA",42.70342,-72.67065,0.575873759926214,0.557636460056619,3.89458179329227,2.24278746064339,0.234653735405934,Tair,26,0.0032015516533556,0.001146237742249,0.0022026855494247,0.0032015516533556,0.0027230456508276,2,3,26,20,energy_limited
01181000,"WEST BRANCH WESTFIELD RIVER AT HUNTINGTON, MA",42.23731,-72.89565,0.593993318681319,0.563934955144295,3.81502395619439,2.26609874058864,0.217563041040592,Tair,25,0.0016477936514809,0.0006664348392192,0.0013100827772133,0.0016477936514809,0.0014107365856269,5,3,25,21,energy_limited
01187300,"HUBBARD RIVER NR. WEST HARTLAND, CT.",42.03732,-72.93899,0.57727769906224,0.506828688234216,3.95060780287474,2.28059778234086,0.201269335695146,Tair,12,0.0017901054111375,0.0010926525933692,0.0015477747407687,0.0017901054111375,0.0016219220513133,1,16,12,8,energy_limited
01195100,"INDIAN RIVER NEAR CLINTON, CT.",41.30593,-72.5312,0.639240948040801,0.440559883929016,3.68248186173854,2.35399319644079,0.106042892091717,PRCP,1,0.0032261253695324,0.0032261253695324,0.0017636702290642,0.0013513863566265,0.0013026955420649,1,1,3,20,energy_limited
01333000,"GREEN RIVER AT WILLIAMSTOWN, MA",42.70897,-73.19677,0.597283085492449,0.55824317757751,3.7046392881588,2.21271838466804,0.222244968016498,Tair,23,0.0067962756707259,0.002316625609478,0.0031122796361615,0.0067962756707259,0.0062615024504876,1,1,23,21,energy_limited
01350000,SCHOHARIE CREEK AT PRATTSVILLE NY,42.31953,-74.43654,0.580392881071257,0.544607098819415,3.86979603011636,2.24600206707734,0.231159657658639,Tair,24,0.0014534942848165,0.0006725207741023,0.0012702598372992,0.0014534942848165,0.0010813493268576,9,12,24,13,energy_limited
01350080,MANOR KILL AT WEST CONESVILLE NEAR GILBOA NY,42.37703,-74.41292,0.641037691812962,0.439351612145991,3.49282546201232,2.23903277207392,0.221156578322867,SRAD,26,0.0026037850446072,0.0011173922809831,0.0026037850446072,0.0021164762669349,0.0015446704105401,12,26,13,28,energy_limited
01350140,MINE KILL NEAR NORTH BLENHEIM NY,42.42897,-74.47293,0.639883125621386,0.428298151238039,3.50142231348392,2.24050105407255,0.219859026682811,Tair,27,0.0045376971505355,0.0023521381090225,0.0026273501448168,0.0045376971505355,0.0037121929520026,1,26,27,30,energy_limited
01365000,RONDOUT CREEK NEAR LOWES CORNERS NY,41.86648,-74.4871,0.546833503767649,0.64567313638997,4.21143600273785,2.30295430527036,0.202270211093681,PRCP,1,0.00229053603036,0.00229053603036,0.0018455518651029,0.0021401165656507,0.0018488316799959,1,10,1,14,energy_limited
01411300,TUCKAHOE RIVER AT HEAD OF RIVER NJ,39.30694,-74.82056,0.79829446997973,0.374178811377067,3.17544969199179,2.53494392881588,0.0480948550351646,PRCP,1,0.0094984241843267,0.0094984241843267,0.0034262761417212,0.0015135359715714,0.0012647838723277,1,1,28,4,energy_limited
01413500,EAST BR DELAWARE R AT MARGARETVILLE NY,42.14481,-74.65349,0.583102020770268,0.511237169194687,3.83254620123203,2.23476543463381,0.216908033968228,Tair,25,0.0021778773547274,0.0011784784693166,0.0014439335580371,0.0021778773547274,0.0018257984107079,9,27,25,28,energy_limited
01414500,MILL BROOK NEAR DUNRAVEN NY,42.1062,-74.73043,0.560241764977201,0.562712057263301,3.97997125256674,2.22974611909651,0.216628505016047,Tair,24,0.0028737186597897,0.0021327783072487,0.0021707270230729,0.0028737186597897,0.0026862382834794,1,27,24,11,energy_limited
01415000,TREMPER KILL NEAR ANDES NY,42.12009,-74.81849,0.593013196113873,0.479676467756593,3.77312251882272,2.23751144421629,0.213452184948768,Tair,23,0.0023859164299531,0.0013168174013687,0.0020790492898737,0.0023859164299531,0.0021859887444086,1,29,23,30,energy_limited
01423000,WEST BRANCH DELAWARE RIVER AT WALTON NY,42.1662,-75.13989,0.601215979319906,0.496978105834379,3.70376043805613,2.22675995893224,0.217830297712483,Tair,11,0.0033443844142257,0.0021481855645947,0.0021773322987349,0.0033443844142257,0.0031413653618251,1,29,11,24,energy_limited
01434025,BISCUIT BK ABOVE PIGEON BK AT FROST VALLEY NY,41.99537,-74.50099,0.512155357688285,0.634761838781561,4.43700205338809,2.27243437371663,0.23781373120698,Tair,12,0.0027830004744889,0.0016908901286924,0.0016030234808475,0.0027830004744889,0.0020469528387142,1,10,12,27,energy_limited
01435000,NEVERSINK RIVER NEAR CLARYVILLE NY,41.89009,-74.58988,0.532018806954623,0.687251847880788,4.31765366187543,2.29707295003422,0.223616269388589,Tair,24,0.0026938610507066,0.0018645710621857,0.0018844087917632,0.0026938610507066,0.002192267380195,1,9,24,27,energy_limited
01439500,"Bush Kill at Shoemakers, PA",41.08815,-75.03767,0.636544584519553,0.550426939143426,3.68325804243669,2.34455796030116,0.163765228832016,PRCP,1,0.0050558685996535,0.0050558685996535,0.0025956268148081,0.0035051198777791,0.0029179671418481,1,1,13,26,energy_limited
01440000,FLAT BROOK NEAR FLATBROOKVILLE NJ,41.10667,-74.95222,0.660024329042491,0.506237971462614,3.5498932238193,2.34301589322382,0.147767408338048,PRCP,1,0.0045639024212082,0.0045639024212082,0.0024902173510137,0.002384307254026,0.002016387537162,1,1,1,25,energy_limited
01440400,"Brodhead Creek near Analomink, PA",41.08481,-75.21462,0.622481152138559,0.551243771791167,3.75335112936345,2.33639033538672,0.172223371092882,PRCP,1,0.0025880487028968,0.0025880487028968,0.0015254251438003,0.0020460802377703,0.0015137051897125,1,2,14,9,energy_limited
01451800,"Jordan Creek near Schnecksville, PA",40.66176,-75.62685,0.690467501571846,0.502370836246927,3.50320739219713,2.41885085557837,0.128362665991427,VP,24,0.0050530089765948,0.0034313423727826,0.0039089271730992,0.0045498552152693,0.0050530089765948,2,1,27,24,energy_limited
01466500,MCDONALDS BRANCH IN LEBANON STATE FOREST NJ,39.885,-74.50528,0.864395949341242,0.241045546354964,3.53983709787817,3.05982084873374,0.0626617697616761,PRCP,1,0.0050857771556291,0.0050857771556291,0.0016666219887661,0.001897614907423,0.0020911415453268,1,1,24,30,energy_limited
01484100,"BEAVERDAM BRANCH AT HOUSTON, DE",38.90578,-75.51275,0.783619502182434,0.300141865209522,3.32127310061602,2.60261437371663,0.042571686471381,PRCP,1,0.0030044620157695,0.0030044620157695,0.0016558559770796,0.0013813045960237,0.0011883906192709,1,1,29,30,energy_limited
01485500,"NASSAWANGO CREEK NEAR SNOW HILL, MD",38.22892,-75.47144,0.81167578909305,0.2831846592791,3.24057905544148,2.63029956194387,0.0316363803800455,PRCP,1,0.0106199484803114,0.0106199484803114,0.0029891880435809,0.0017052835758782,0.001706571777213,1,1,2,17,energy_limited
01486000,"MANOKIN BRANCH NEAR PRINCESS ANNE, MD",38.21389,-75.67139,0.816886863958066,0.383131752901683,3.27441615331964,2.67482754277892,0.0306008333747916,PRCP,1,0.0039940576517083,0.0039940576517083,0.0024658622121761,0.0029542817329892,0.0026750736573273,1,1,17,28,energy_limited
01487000,"NANTICOKE RIVER NEAR BRIDGEVILLE, DE",38.72833,-75.56186,0.780934310387804,0.39071341206459,3.33903901437372,2.60757013004791,0.0424689894259026,PRCP,1,0.0105096962607444,0.0105096962607444,0.0050074745696715,0.0041694894114866,0.0040080220988887,1,1,7,16,energy_limited
01491000,"CHOPTANK RIVER NEAR GREENSBORO, MD",38.99719,-75.78581,0.784386246778647,0.372009472420895,3.30507597535934,2.59245613963039,0.0500257211233794,PRCP,1,0.005742055028134,0.005742055028134,0.0020038278926264,0.0016784479559185,0.0014553810332838,1,1,23,29,energy_limited
01510000,OTSELIC RIVER AT CINCINNATUS NY,42.54118,-75.89964,0.647206696488938,0.548786686711458,3.46229431895962,2.24082006844627,0.237057400622962,Tair,14,0.0036509548364904,0.0017555879453234,0.0019500592691575,0.0036509548364904,0.0030440426332127,1,3,14,9,energy_limited
01516500,"Corey Creek near Mainesburg, PA",41.79091,-77.01469,0.712019857879042,0.323373524799016,3.18264339493498,2.26610529774127,0.199238597784613,Tair,19,0.0023843683775613,0.0010756996397244,0.0016272849554311,0.0023843683775613,0.0021257974082035,9,16,19,30,energy_limited
01518862,"Cowanesque River at Westfield, PA",41.92313,-77.53193,0.748038710131879,0.395290298333401,3.03164134154689,2.26778507871321,0.201111344911574,Tair,28,0.002357168015853,0.0017873541250994,0.0020157950199749,0.002357168015853,0.0022207992424778,1,1,28,3,energy_limited
01532000,"Towanda Creek near Monroeton, PA",41.70702,-76.48467,0.718889115490327,0.421819974940574,3.19507871321013,2.2969073100616,0.176741266621108,Tair,30,0.001417329725877,0.0006554222582066,0.0010371442101772,0.001417329725877,0.0012836726679052,26,24,30,28,energy_limited
01539000,"Fishing Creek near Bloomsburg, PA",41.07814,-76.43106,0.689397292241646,0.519507507471259,3.42342778918549,2.36010184804928,0.156285913306627,SRAD,8,0.0015153822326296,0.0011752912130433,0.0015153822326296,0.0013882674187413,0.0013282031514602,1,8,30,17,energy_limited
01542810,"Waldy Run near Emporium, PA",41.57895,-78.29251,0.662887974635193,0.467258394194627,3.42252840520192,2.26875292265572,0.189716485804691,VP,1,0.0043341120982658,0.002361625783767,0.003000937692776,0.0037758003375574,0.0043341120982658,1,23,21,1,energy_limited
01543000,"Driftwood Br Sinnemahoning Cr at Sterling Run, PA",41.4134,-78.19695,0.671582210369935,0.486116606363887,3.39001916495551,2.27667656399726,0.188056577083995,VP,1,0.0028918581500748,0.0021459057440014,0.0022213318010947,0.0026351587532701,0.0028918581500748,1,26,8,1,energy_limited
01543500,"Sinnemahoning Creek at Sinnemahoning, PA",41.31728,-78.10306,0.669983479391203,0.478316788526037,3.40892950034223,2.2839264476386,0.181653610941671,VP,1,0.0030004073216606,0.0026584622185856,0.0022605463007238,0.0027772069559556,0.0030004073216606,1,1,1,1,energy_limited
01544500,"Kettle Creek at Cross Fork, PA",41.4759,-77.82582,0.681041146480069,0.485865266892819,3.36351950718686,2.29069518138261,0.20336289315932,VP,1,0.0034342903127549,0.0032553991853733,0.0025159157475025,0.0032768991715295,0.0034342903127549,1,1,30,1,energy_limited
01545600,"Young Womans Creek near Renovo, PA",41.38951,-77.69082,0.678972097109243,0.448479056936079,3.3845749486653,2.29803195071869,0.192645540908709,Tair,27,0.0023957701761083,0.0023027774308176,0.0019770186736592,0.0023957701761083,0.0023833950997991,1,30,27,27,energy_limited
01547700,"Marsh Creek at Blanchard, PA",41.05951,-77.60583,0.748768234250764,0.429971169656749,3.13501300479124,2.34739815195072,0.156172998266035,SRAD,2,0.0014260044841049,0.0009105646575445,0.0014260044841049,0.001415821503253,0.0009291288084341,1,2,8,30,energy_limited
01548500,"Pine Creek at Cedar Run, PA",41.52174,-77.44748,0.720435520609989,0.455212892499828,3.15334565366188,2.27178221765914,0.202088630482319,Tair,24,0.0029262607892917,0.001691136163643,0.0023867261440712,0.0029262607892917,0.0025193436095827,1,1,24,21,energy_limited
01549500,"Blockhouse Creek near English Center, PA",41.47368,-77.23081,0.688371175474727,0.453494786847218,3.33222587268994,2.29380824093087,0.186519052942025,Tair,12,0.0035109099239535,0.001701060256437,0.0032070979454024,0.0035109099239535,0.0030033277813552,1,2,12,18,energy_limited
01550000,"Lycoming Creek near Trout Run, PA",41.41841,-77.03275,0.680435161645977,0.496449757656269,3.3697659137577,2.29290721423682,0.179825512854574,Tair,12,0.0022914590517488,0.0021589403315013,0.0019316115446364,0.0022914590517488,0.00183833279213,1,12,12,11,energy_limited
01552000,"Loyalsock Creek at Loyalsockville, PA",41.32508,-76.91246,0.664844849124805,0.494463815495184,3.47699794661191,2.31166417522245,0.17305912288721,Tair,30,0.0020656087406477,0.0010543510080626,0.0016741292879737,0.0020656087406477,0.0013535374237925,1,13,30,19,energy_limited
01552500,"Muncy Creek near Sonestown, PA",41.35702,-76.53467,0.632609791042611,0.547203753444974,3.6230855578371,2.29199939767283,0.185169707979555,Tair,11,0.0024732597689942,0.0012455369377428,0.0020199757440367,0.0024732597689942,0.0021404510386345,1,14,11,10,energy_limited
01557500,"Bald Eagle Creek at Tyrone, PA",40.68367,-78.23362,0.748341846336992,0.507252635070237,3.15309924709103,2.35959611225188,0.15867182381751,Tair,1,0.003921884181639,0.0025661125572298,0.0032314762567587,0.003921884181639,0.0032560349963224,1,12,1,20,energy_limited
01567500,"Bixler Run near Loysville, PA",40.37092,-77.40221,0.757527404378139,0.403572520340108,3.21283915126626,2.43381370294319,0.126036065938383,SRAD,24,0.0020579565203967,0.0015735696099446,0.0020579565203967,0.0020190051633741,0.0017512811723041,1,24,13,16,energy_limited
01568000,"Sherman Creek at Shermans Dale, PA",40.32342,-77.16887,0.72827972735798,0.427469830225647,3.3297015742642,2.42495415468857,0.128510858031358,PRCP,1,0.0031475435976292,0.0031475435976292,0.0027971054981537,0.0028753732484317,0.0027230402917205,1,1,27,5,energy_limited
01580000,"DEER CREEK AT ROCKS, MD",39.62997,-76.40331,0.736437396011053,0.380362222334981,3.43172758384668,2.52725252566735,0.0816880923954386,Tair,28,0.0025486811444848,0.0018428224039257,0.0020349370366724,0.0025486811444848,0.0020553479727382,1,11,28,16,energy_limited
01583500,"WESTERN RUN AT WESTERN RUN, MD",39.51078,-76.6765,0.782586732679167,0.337025443508645,3.26212594113621,2.55289648186174,0.0807286497637625,Tair,28,0.0020374005335955,0.0019029342842928,0.0017710162524819,0.0020374005335955,0.001332429715146,1,11,28,15,energy_limited
01586610,"MORGAN RUN NEAR LOUISVILLE, MD",39.45189,-76.95531,0.769836246481542,0.351986053069253,3.30466119096509,2.54404796714579,0.088413478566147,Tair,28,0.0024567963544909,0.0020387642419112,0.0018699355494762,0.0024567963544909,0.00196835572348,1,19,28,17,energy_limited
01591400,"CATTAIL CREEK NEAR GLENWOOD, MD",39.25597,-77.05106,0.798788001151812,0.324920431219488,3.28500616016427,2.62402350444901,0.0838764227317032,PRCP,1,0.0039788827130594,0.0039788827130594,0.002031535446088,0.0019723528829628,0.0016673348349216,1,4,27,25,energy_limited
01594950,"MCMILLAN F NEAR FORT PENDLETON, MD",39.27669,-79.39031,0.625699983870776,0.460015525667394,3.92110335386721,2.45343430527036,0.189214297334908,Tair,27,0.0044294176421273,0.0025535414531303,0.002742251600525,0.0044294176421273,0.0040571937312163,1,7,27,17,energy_limited
01596500,"SAVAGE RIVER NEAR BARTON, MD",39.57006,-79.10194,0.735266198306452,0.463635893331234,3.31426557152635,2.43686744695414,0.188402157557544,Tair,27,0.0052130845237307,0.0018614836996266,0.0023844773165094,0.0052130845237307,0.0043174070709853,1,5,27,28,energy_limited
01605500,"SOUTH BRANCH POTOMAC RIVER AT FRANKLIN, WV",38.63567,-79.33782,0.784054676164488,0.314546729407771,3.20968925393566,2.51657186858316,0.137136101417764,Tair,22,0.0006110313057123,0.0004509194600988,0.0005195780620546,0.0006110313057123,0.0004867190597015,14,4,22,20,energy_limited
01606500,"SO. BRANCH POTOMAC RIVER NR PETERSBURG, WV",38.99122,-79.17587,0.742997773725896,0.35981723587233,3.36347707049966,2.49905597535934,0.148750518921295,PRCP,1,0.0010009761606117,0.0010009761606117,0.0008233298682404,0.0006509932975226,0.0007270231455555,1,26,14,16,energy_limited
01613050,"Tonoloway Creek near Needmore, PA",39.89842,-78.13223,0.792210492816755,0.401052266275073,3.08850513347023,2.44674617385352,0.130491593433601,PRCP,1,0.0016925029404334,0.0016925029404334,0.0016861168935051,0.0016157985283814,0.0011632907694496,1,27,25,3,energy_limited
01620500,"NORTH RIVER NEAR STOKESVILLE, VA",38.33763,-79.24004,0.743749164716161,0.480365976915241,3.3986160164271,2.52771782340862,0.123997407649528,SRAD,3,0.0012251923274544,0.001095477685015,0.0012251923274544,0.0011890579012076,0.0012078083408468,1,3,13,24,energy_limited
01632000,"N F SHENANDOAH RIVER AT COOTES STORE, VA",38.63706,-78.8528,0.869994138595365,0.322975927031301,2.93104038329911,2.54998795345654,0.110024870103334,Tair,1,0.0012606255542178,0.0006447494426418,0.0011787841668744,0.0012606255542178,0.001108006896215,11,19,1,1,energy_limited
01632900,"SMITH CREEK NEAR NEW MARKET, VA",38.69345,-78.64279,0.891584987779941,0.27481863878643,2.90811225188227,2.59282922655715,0.0980763292373855,Tair,25,0.0020149198557565,0.0012860372859964,0.0016631163671443,0.0020149198557565,0.0017676434132932,1,1,25,17,energy_limited
01634500,"CEDAR CREEK NEAR WINCHESTER, VA",39.08122,-78.32945,0.847100213160832,0.332469035401879,2.97918001368925,2.52366402464066,0.114828393813144,Tair,26,0.002554503304081,0.0012485676425042,0.0015568818400686,0.002554503304081,0.0022583606913322,1,15,26,25,energy_limited
01638480,"CATOCTIN CREEK AT TAYLORSTOWN, VA",39.25455,-77.57638,0.843032468874146,0.328432189511936,3.03442299794661,2.55811711156742,0.0845583823488279,VP,19,0.002297916161278,0.0018268517294987,0.0017720557108078,0.0021407399485509,0.002297916161278,1,21,11,19,energy_limited
01639500,"BIG PIPE CREEK AT BRUCEVILLE, MD",39.61236,-77.23744,0.784134742605576,0.352793994952527,3.23323887748118,2.53529493497604,0.0961263501421113,Tair,26,0.0032765253575972,0.002209136535657,0.0024871737427677,0.0032765253575972,0.0029816052747556,1,30,26,15,energy_limited
01644000,"GOOSE CREEK NEAR LEESBURG, VA",39.01955,-77.57749,0.83919192636056,0.329396319549859,3.04764818617385,2.5575617522245,0.084351798741144,VP,14,0.0023782006236587,0.001890914090997,0.0020204737252949,0.0021284078100217,0.0023782006236587,1,20,13,14,energy_limited
01658500,"S F QUANTICO CREEK NEAR INDEPENDENT HILL, VA",38.58734,-77.4286,0.834475068815505,0.297140263758255,3.21813963039014,2.68545728952772,0.0693570115673005,Tair,29,0.0025053562100001,0.0012704370651006,0.0020546681402064,0.0025053562100001,0.0019303173409422,7,16,29,22,energy_limited
01664000,"RAPPAHANNOCK RIVER AT REMINGTON, VA",38.53068,-77.8136,0.816761157468489,0.354341945140566,3.14902806297057,2.57200380561259,0.0827964257846037,PRCP,1,0.0045382292137187,0.0045382292137187,0.0024386203672642,0.0024921487772734,0.0023052939765633,1,1,12,14,energy_limited
01666500,"ROBINSON RIVER NEAR LOCUST DALE, VA",38.32513,-78.09556,0.830427923940219,0.380531963496067,3.20091170431211,2.65812646132786,0.0822553978033295,VP,16,0.0017168730509984,0.0014862702457494,0.0015830376412408,0.001464363770927,0.0017168730509984,1,21,15,16,energy_limited
01667500,"RAPIDAN RIVER NEAR CULPEPER, VA",38.35041,-77.975,0.837958664027232,0.361178515853087,3.20798220396988,2.68815648186174,0.0788117934771709,PRCP,1,0.0020805922308813,0.0020805922308813,0.0014563823978432,0.0013245697103065,0.0011944671849237,1,1,8,26,energy_limited
01669000,"PISCATAWAY CREEK NEAR TAPPAHANNOCK, VA",37.87708,-76.90052,0.83768415454556,0.300022815141627,3.19697330595483,2.67805388090349,0.0412059832430486,PRCP,1,0.0042756908047618,0.0042756908047618,0.0018830141508971,0.0011213247453386,0.0011911936305845,1,1,11,29,energy_limited
01669520,"DRAGON SWAMP AT MASCOT, VA",37.63375,-76.69635,0.821882107515423,0.346317408249291,3.27315947980835,2.69015121149897,0.0368199149910729,PRCP,1,0.0040272695775053,0.0040272695775053,0.0014842750429856,0.0009397568447483,0.0011938227422991,1,1,15,11,energy_limited
02011400,"JACKSON RIVER NEAR BACOVA, VA",38.04235,-79.88144,0.773300582733942,0.301920852489919,3.28856536618754,2.54304951403149,0.129154721501962,Tair,25,0.0017352547119028,0.0009863662296101,0.0012342858437906,0.0017352547119028,0.0015140282867789,1,29,25,1,energy_limited
02011460,"BACK CREEK NEAR SUNRISE, VA",38.2454,-79.76866,0.739290828396299,0.428324970225943,3.40426694045175,2.51674332648871,0.148878264866293,Tair,26,0.0017569856016411,0.0007107094240912,0.0011714009200225,0.0017569856016411,0.0015139470637388,6,13,26,26,energy_limited
02013000,"DUNLAP CREEK NEAR COVINGTON, VA",37.8029,-80.047,0.854849670874662,0.32178937423066,3.0362765229295,2.59555998631075,0.0979143372407574,Tair,26,0.0031690067124011,0.0020112670058594,0.0020279531319863,0.0031690067124011,0.0027824216451816,1,1,26,26,energy_limited
02014000,"POTTS CREEK NEAR COVINGTON, VA",37.72901,-80.04228,0.815640645940571,0.341059346595645,3.1245735797399,2.5485292128679,0.0978680841760858,PRCP,1,0.0033618342953,0.0033618342953,0.0033035498107455,0.0029508582452034,0.0024219297505677,1,1,27,26,energy_limited
02015700,"BULLPASTURE RIVER AT WILLIAMSVILLE, VA",38.1954,-79.57032,0.794159061691014,0.424175010789272,3.19551950718686,2.53775077344285,0.128567248718796,Tair,26,0.0017352229164735,0.0010786048145322,0.0013449154718975,0.0017352229164735,0.001659675654881,1,16,26,30,energy_limited
02016000,"COWPASTURE RIVER NEAR CLIFTON FORGE, VA",37.7918,-79.75949,0.818432908034564,0.367497959675417,3.14481451060917,2.57381968514716,0.102077363429123,PRCP,1,0.0035080844409542,0.0035080844409542,0.0024798723981367,0.0020624234710093,0.0025266047060642,1,1,27,1,energy_limited
02017500,"JOHNS CREEK AT NEW CASTLE, VA",37.50624,-80.10671,0.859102086896714,0.386444504683533,3.0252977412731,2.59903960301164,0.0901845265568014,PRCP,1,0.0030282692457939,0.0030282692457939,0.0025151457057692,0.0030044338397628,0.0026549140908099,1,1,25,26,energy_limited
02018000,"CRAIG CREEK AT PARR, VA",37.66596,-79.91144,0.857652049335285,0.364492460019353,3.05576454483231,2.62078272416153,0.0849686144296571,PRCP,1,0.0073005083945968,0.0073005083945968,0.0047351963751592,0.0021149138808299,0.0020765924988607,1,1,30,1,energy_limited
02027000,"TYE RIVER NEAR LOVINGSTON, VA",37.71542,-78.98169,0.762651740364609,0.473552146412579,3.46788637919233,2.64478958247775,0.0904732223814793,SRAD,14,0.0021443352964885,0.0012317693910959,0.0021443352964885,0.0017857171368613,0.0021197708346156,1,14,8,27,energy_limited
02027500,"PINEY RIVER AT PINEY RIVER, VA",37.70236,-79.02752,0.720432416504928,0.503420057110929,3.66553456536619,2.6407699247091,0.100786018307687,PRCP,1,0.0012198693336711,0.0012198693336711,0.0010895350570656,0.0007084096463213,0.0006962772205302,1,1,10,10,energy_limited
02028500,"ROCKFISH RIVER NEAR GREENFIELD, VA",37.86959,-78.82335,0.780713214566435,0.42921672989402,3.3264476386037,2.59700162902122,0.0802569579048301,SRAD,3,0.0023924071363724,0.0021548027011953,0.0023924071363724,0.0022257334908874,0.0021685521201206,1,3,25,24,energy_limited
02038850,"HOLIDAY CREEK NEAR ANDERSONVILLE, VA",37.41542,-78.63584,0.917397176800705,0.281926158152608,3.14961533196441,2.88944821355236,0.0655225978510027,PRCP,1,0.0011033538448819,0.0011033538448819,0.0010123792052093,0.0007800738070002,0.0008893585454705,1,12,21,14,energy_limited
02046000,"STONY CREEK NEAR DINWIDDIE, VA",37.06709,-77.60249,0.840977572390861,0.262162102804243,3.26886379192334,2.74904113620808,0.0453728268084367,PRCP,1,0.0043703891399769,0.0043703891399769,0.0018184475390803,0.0013809875741961,0.001897296985032,1,1,27,4,energy_limited
02051000,"NORTH MEHERRIN RIVER NEAR LUNENBURG, VA",36.99737,-78.34972,0.857501568222311,0.232235699164661,3.17086516084873,2.71902184804928,0.0570245782420973,Tair,5,0.002333649611315,0.0012657965115279,0.0022825172231996,0.002333649611315,0.0023112011749992,2,1,5,21,energy_limited
02051500,"MEHERRIN RIVER NEAR LAWRENCEVILLE, VA",36.71681,-77.83166,0.933139045567573,0.257069561634736,3.19027378507871,2.9769690349076,0.0525514965704711,PRCP,1,0.0204718277512,0.0204718277512,0.0094005546267135,0.0048040997208135,0.0042733462745034,1,1,26,29,energy_limited
02053200,"POTECASI CREEK NEAR UNION, NC",36.37083,-77.02556,0.838932113620677,0.257417960340642,3.33393155373032,2.79694224503765,0.0248316831845784,PRCP,2,0.0023865396602685,0.0023865396602685,0.0013268360954731,0.0006508039870012,0.0010378659454069,2,1,14,21,energy_limited
02053800,"S F ROANOKE RIVER NEAR SHAWSVILLE, VA",37.14013,-80.26643,0.826339256900167,0.299970752210596,3.22805612594114,2.66746950034223,0.0938172550300136,PRCP,1,0.0035207799651377,0.0035207799651377,0.0031085805592057,0.0023580594991347,0.0025414058656837,1,1,16,2,energy_limited
02055100,"TINKER CREEK NEAR DALEVILLE, VA",37.41763,-79.93532,0.871782559697856,0.3210982630564,3.05622997946612,2.6643679945243,0.0622119918873982,PRCP,1,0.0007534623618023,0.0007534623618023,0.0004452858074867,0.000235727696862,0.0003454719130543,1,12,20,24,energy_limited
02056900,"BLACKWATER RIVER NEAR ROCKY MOUNT, VA",37.04514,-79.8442,0.850885666418803,0.319756848717472,3.17934428473648,2.70525848049281,0.0646059372808137,SRAD,1,0.003345186627123,0.0027329931658891,0.003345186627123,0.0019497145548845,0.0018118963145479,1,1,12,7,energy_limited
02059500,"GOOSE CREEK NEAR HUDDLESTON, VA",37.1732,-79.52031,1.03278563068892,0.277492840640588,3.0996167008898,3.20123958932238,0.0529389162953181,PRCP,1,0.0017540710330473,0.0017540710330473,0.0011775696472503,0.0005463140858064,0.0007072493438242,1,1,13,24,water_limited
02064000,"FALLING RIVER NEAR NARUNA, VA",37.12681,-78.95974,0.945386107745239,0.300188342856153,3.09549623545517,2.926439137577,0.0606011692596163,SRAD,1,0.0007030748016181,0.0006283393191734,0.0007030748016181,0.0006654356312578,0.0006091721328827,2,1,12,22,energy_limited
02065500,"CUB CREEK AT PHENIX, VA",37.07931,-78.76362,1.17952007312905,0.298859182044046,3.13286379192334,3.69527572895277,0.0617139970732649,PRCP,1,0.0051584008261317,0.0051584008261317,0.0026665017245228,0.0013977110944777,0.0014900528939956,1,1,13,16,water_limited
02069700,"SOUTH MAYO RIVER NEAR NETTLERIDGE, VA",36.57097,-80.12949,0.771274830789032,0.373703052000009,3.52261054072553,2.71690084873374,0.0533951587612168,SRAD,1,0.0012423510534622,0.0011855630822938,0.0012423510534622,0.0008173754817573,0.0011335607191101,1,1,24,1,energy_limited
02070000,"NORTH MAYO RIVER NEAR SPENCER, VA",36.56819,-79.98726,1.13976222236601,0.350843216846168,3.30035318275154,3.76161787816564,0.0508621647943431,PRCP,1,0.0019336740426326,0.0019336740426326,0.0013404021069432,0.001073431781469,0.0012370791102947,1,1,12,2,water_limited
02074500,"SANDY RIVER NEAR DANVILLE, VA",36.61958,-79.50419,1.04628781185798,0.295724963937553,3.27095003422314,3.42235515400411,0.0524690208413809,VP,8,0.0017288825847246,0.0015004515902766,0.0015051646847681,0.0015189670995481,0.0017288825847246,1,7,30,8,water_limited
02077200,"HYCO CREEK NEAR LEASBURG, NC",36.39778,-79.19667,0.872634286050719,0.279088137584278,3.27839698836413,2.86084161533196,0.0489889008542847,SRAD,1,0.0012715014686051,0.0010512991031335,0.0012715014686051,0.0008986650093164,0.0008905965339457,1,1,25,23,energy_limited
02081500,"TAR RIVER NEAR TAR RIVER, NC",36.19417,-78.58306,0.854582086599984,0.257859572731452,3.26657905544148,2.79155994524298,0.0436247713972968,PRCP,1,0.0061775368428859,0.0061775368428859,0.0042835129074415,0.0034495725015527,0.0033314944763378,1,1,7,26,energy_limited
02082950,"LITTLE FISHING CREEK NEAR WHITE OAK, NC",36.18333,-77.87611,0.967803302924102,0.254400170055037,3.26311567419576,3.15805412731006,0.0329927432325966,PRCP,1,0.0029583082708213,0.0029583082708213,0.000784720443289,0.0007070978667175,0.0006671972134022,1,1,24,2,energy_limited
02092500,"TRENT RIVER NEAR TRENTON, NC",35.06417,-77.46139,0.863859620045243,0.265666081825627,3.78279123887748,3.26780060232717,0.0120832517590196,PRCP,1,0.0027285357887122,0.0027285357887122,0.0015682440896558,0.0009782039772978,0.0016514737720317,1,1,4,4,energy_limited
02096846,"CANE CREEK NEAR ORANGE GROVE, NC",35.98722,-79.20611,0.953360167435634,0.223716993100491,3.34620396988364,3.19013757700205,0.0392525452032849,VP,28,0.003013567955356,0.0012710201518276,0.002490334672245,0.0027500041987943,0.003013567955356,10,27,29,28,energy_limited
02102908,"FLAT CREEK NEAR INVERNESS, NC",35.18278,-79.1775,0.900045746889787,0.401272403340989,3.35506776180698,3.01971446954141,0.0235111757954398,PRCP,1,0.0026908245085456,0.0026908245085456,0.0017579461476546,0.0014920625516299,0.0016046998869505,1,1,7,1,energy_limited
02108000,"NORTHEAST CAPE FEAR RIVER NEAR CHINQUAPIN, NC",34.82889,-77.83222,0.841870741382891,0.295389376895624,3.81036824093087,3.20783753593429,0.0092819261110396,PRCP,2,0.0032431657225722,0.0032431657225722,0.0016484087980845,0.0006739489135978,0.0012636804264813,2,2,6,1,energy_limited
02111180,"ELK CREEK AT ELKVILLE, NC",36.07139,-81.40306,0.732206984794584,0.464919806052248,3.71566872005476,2.72063859000684,0.0460568781002514,PRCP,1,0.001803296630412,0.001803296630412,0.001427245400004,0.000942941045731,0.0013504724867848,1,1,17,8,energy_limited
02111500,"REDDIES RIVER AT NORTH WILKESBORO, NC",36.175,-81.16889,0.821961649984469,0.381828306181278,3.58283504449008,2.94495300479124,0.0523692516718814,SRAD,1,0.002729924562836,0.0018547055454203,0.002729924562836,0.0018580200328721,0.0020598290351184,1,1,13,17,energy_limited
02112120,"ROARING RIVER NEAR ROARING RIVER, NC",36.25028,-81.04444,0.786696230163691,0.374448258978373,3.55881587953457,2.79970703627652,0.0524049751607388,PRCP,1,0.002342812920724,0.002342812920724,0.0021532004272086,0.0013104712036083,0.0015310209189081,1,1,29,17,energy_limited
02112360,"MITCHELL RIVER NEAR STATE ROAD, NC",36.31139,-80.80722,0.831553240558369,0.416001178699835,3.44035318275154,2.86083683778234,0.0531136274470014,PRCP,1,0.0031223926448013,0.0031223926448013,0.0027195143845217,0.0022278934674113,0.0028800815507784,1,25,26,5,energy_limited
02118500,"HUNTING CREEK NEAR HARMONY, NC",36.00056,-80.74556,0.816058072432033,0.324665515238225,3.49772073921971,2.85434324435318,0.0413708350211441,PRCP,1,0.0024069849968561,0.0024069849968561,0.0022903104595974,0.0016694406588307,0.0019002494151361,1,1,19,3,energy_limited
02125000,"BIG BEAR CR NR RICHFIELD, NC",35.33472,-80.33556,0.95210170252129,0.297263281881278,3.23351813826146,3.07863812457221,0.0247912331690011,SRAD,1,0.0041201492075916,0.0028333309013042,0.0041201492075916,0.0025625786482933,0.0026814952625808,1,1,25,26,energy_limited
02128000,"LITTLE RIVER NEAR STAR, NC",35.38722,-79.83139,0.90650173149823,0.291364419808836,3.24067624914442,2.93767863107461,0.0256704433801346,PRCP,1,0.0035838394998161,0.0035838394998161,0.0028396226240156,0.0013485955894703,0.0013102133966967,1,1,11,17,energy_limited
02137727,"CATAWBA R NR PLEASANT GARDENS, NC",35.68583,-82.06028,0.69481449122579,0.440334441541321,3.981318275154,2.76627763175907,0.0405315310761795,SRAD,1,0.0013531103782447,0.0008694318364101,0.0013531103782447,0.001186568473087,0.0011993099614814,1,1,11,4,energy_limited
02140991,"JOHNS RIVER AT ARNEYS STORE, NC",35.83361,-81.71194,0.742629963736516,0.458561220014741,3.72775496235455,2.76834253251198,0.0420384668349782,SRAD,1,0.0024285857095374,0.001864728534032,0.0024285857095374,0.0013855535638537,0.0019112530198904,1,1,9,1,energy_limited
02143000,"HENRY FORK NEAR HENRY RIVER, NC",35.68444,-81.40333,0.787593203002362,0.378918089370586,3.70449828884326,2.91763767282683,0.0313262156816952,PRCP,1,0.0048301189237432,0.0048301189237432,0.0033643398583013,0.0019995682308619,0.0016870957610649,1,1,20,17,energy_limited
02143040,"JACOB FORK AT RAMSEY, NC",35.59069,-81.56704,0.694642345625586,0.415980467520532,4.04584941820671,2.81041832991102,0.0345610698452001,PRCP,1,0.003100190655061,0.003100190655061,0.0028738935028367,0.0011301055908488,0.0012398871849942,1,1,11,1,energy_limited
02149000,"COVE CREEK NEAR LAKE LURE, NC",35.42345,-82.1115,0.78346569821652,0.397696961482616,3.82159753593429,2.99409058179329,0.029590457635321,PRCP,1,0.0026794899639438,0.0026794899639438,0.0021362191799627,0.0012803121949247,0.001316815269988,1,1,16,30,energy_limited
02152100,"FIRST BROAD RIVER NEAR CASAR, NC",35.49306,-81.68222,0.824102823348621,0.345189246806359,3.77346201232033,3.10972069815195,0.0300807469143999,SRAD,1,0.0019357240566843,0.0013482178991708,0.0019357240566843,0.0011222793147821,0.001429308498297,1,1,1,1,energy_limited
02177000,"CHATTOOGA RIVER NEAR CLAYTON, GA",34.81398,-83.30599,0.523147061580375,0.542573791690081,5.37447775496235,2.81164224503765,0.0267395574591906,SRAD,1,0.0020888963354493,0.0018113975969995,0.0020888963354493,0.0009031263726938,0.001430009913958,1,1,6,18,energy_limited
02178400,"TALLULAH RIVER NEAR CLAYTON, GA",34.89037,-83.53044,0.539438246357037,0.549718105569608,5.21309240246407,2.81214142368241,0.033836252850455,SRAD,1,0.0039898214800073,0.002786754012018,0.0039898214800073,0.0021488495744609,0.0022849728478,1,1,23,1,energy_limited
02193340,"KETTLE CREEK NEAR WASHINGTON, GA",33.68263,-82.85792,0.923836752442295,0.219134856200753,3.27406570841889,3.02470223134839,0.0127448828346305,Tair,28,0.0035597313725988,0.0023378199781589,0.0029960588853631,0.0035597313725988,0.0033417976368658,1,15,28,29,energy_limited
02196000,"STEVENS CREEK NEAR MODOC, SC",33.7293,-82.18179,1.17487499603669,0.172656693898559,3.32446680355921,3.90583292265572,0.014697822503637,PRCP,1,0.0081364108299167,0.0081364108299167,0.0076351810855773,0.0059189338626548,0.0050570609826022,1,1,29,25,water_limited
02198100,"BEAVERDAM CREEK NEAR SARDIS, GA",32.93766,-81.81539,1.08556291136719,0.243017358232054,3.31921834360027,3.60322032854209,0.0030935926215692,PRCP,1,0.004191349754304,0.004191349754304,0.002587049387678,0.0019878977849899,0.0017553133030765,1,1,29,9,water_limited
02202600,"BLACK CREEK NEAR BLITCHTON, GA",32.16798,-81.48817,0.947223343180927,0.214676951002783,3.34136481861739,3.16501875427789,0.000456804897604,PRCP,2,0.0084753715784696,0.0084753715784696,0.0042408478651199,0.0019690570052546,0.0017919221534191,2,2,17,19,energy_limited
02212600,"FALLING CREEK NEAR JULIETTE, GA",33.09985,-83.72351,1.19152635666562,0.219428687115047,3.3718726899384,4.01767518138261,0.0090237999831922,SRAD,1,0.0039013086701724,0.0037872297695459,0.0039013086701724,0.0028797459404592,0.0025368128092548,1,1,29,15,water_limited
02215100,"TUCSAWHATCHEE CREEK NEAR HAWKINSVILLE, GA",32.23944,-83.50167,0.941659651451117,0.262694666303447,3.35439835728953,3.15870158795346,0.0010333057458655,PRCP,1,0.0108858911247202,0.0108858911247202,0.0049925298304967,0.0026323348566744,0.0023260070734055,1,1,26,14,energy_limited
02216180,"TURNPIKE CREEK NEAR MCRAE, GA",31.99139,-82.92194,0.935456888319936,0.256638240027999,3.40909787816564,3.18906409308693,0.000534865436369,PRCP,1,0.0062730171362397,0.0062730171362397,0.0039985430465579,0.0030868373741961,0.0024838540234911,1,1,15,17,energy_limited
02221525,"MURDER CREEK BELOW EATONTON, GA",33.25236,-83.48128,0.935484660776579,0.226847638476097,3.35912388774812,3.14240887063655,0.0095385192188569,PRCP,1,0.0091687190976835,0.0091687190976835,0.0059961207058235,0.0033174218839488,0.0032952071446267,1,1,11,29,energy_limited
02231000,"ST. MARYS RIVER NR MACCLENNY, FLA.",30.35885,-82.0815,0.915428139762131,0.204402910951383,3.71943189596167,3.40487262149213,0.0002359180653982,PRCP,1,0.0055429116195958,0.0055429116195958,0.0023475880243181,0.0013510394151197,0.0013887756235895,1,1,27,3,energy_limited
02231342,"FT DRUM CREEK AT SUNSHINE ST PKY NEAR FT DRUM, FL",27.56865,-80.79617,0.924647850836679,0.302144667589488,3.78349486652977,3.49840039698836,0.0,PRCP,1,0.0072958396549987,0.0072958396549987,0.0032811590297517,0.0022854547995738,0.0031727476742597,1,1,16,16,energy_limited
02235200,"BLACKWATER CREEK NEAR CASSIA, FL",28.87453,-81.48938,1.1016991634694,0.131447453314787,3.74350171115674,4.12421270362765,0.0,PRCP,1,0.0085673920402724,0.0085673920402724,0.0052196863945638,0.0017904569963759,0.0029389853985227,1,1,25,15,water_limited
02245500,"SOUTH FORK BLACK CREEK NR PENNEY FARMS, FLA.",29.97941,-81.85204,1.01443871182188,0.23689341432929,3.75599041752224,3.8102220807666,0.0004366285424588,PRCP,1,0.0112209724609485,0.0112209724609485,0.0049264005004652,0.0020712121488536,0.0027463168290339,1,1,5,1,water_limited
02246000,"NORTH FORK BLACK CREEK NR MIDDLEBURG, FLA.",30.1133,-81.90649,0.887561340128634,0.257643766671137,3.70322108145106,3.28683586584531,0.0003326922230974,PRCP,1,0.009826845058695,0.009826845058695,0.0044574538440239,0.0010341452648502,0.0014545611652278,1,1,10,27,energy_limited
02296500,CHARLIE CREEK NEAR GARDNER FL,27.37504,-81.79647,0.953196371846661,0.191814315053059,3.68024640657084,3.50799752224504,0.0,PRCP,1,0.0066345848754837,0.0066345848754837,0.0049309861777972,0.0022801437506397,0.0028918106439286,1,1,17,3,energy_limited
02297155,HORSE CREEK NEAR MYAKKA HEAD FL,27.48726,-82.02342,0.974566036121598,0.199601351270089,3.96811635865845,3.86719143052704,0.0,PRCP,1,0.004930673938227,0.004930673938227,0.0024563924717027,0.0023998623727058,0.00302453279823,1,1,8,13,energy_limited
02297310,HORSE CREEK NEAR ARCADIA FL,27.19949,-81.98842,1.0523848479903,0.241185622260486,3.84166187542779,4.04290674880219,0.0,PRCP,1,0.0046894884355461,0.0046894884355461,0.0029716170462844,0.0016403604488385,0.0018417743858461,1,2,20,30,water_limited
02298123,PRAIRIE CREEK NEAR FORT OGDEN FL,27.052,-81.78453,0.956880908671743,0.283028226856866,3.6844476386037,3.52557760438056,0.0,PRCP,1,0.0103573148236729,0.0103573148236729,0.0059859387623459,0.004057235569915,0.0045290407020487,1,1,17,3,energy_limited
02298608,MYAKKA RIVER AT MYAKKA CITY FL,27.34366,-82.15676,0.929740051492206,0.346924117493021,3.89631211498973,3.62255742642026,0.0,PRCP,1,0.008639813848042,0.008639813848042,0.0041407936389917,0.002513851156714,0.0029320748783731,1,1,8,4,energy_limited
02299950,MANATEE RIVER NEAR MYAKKA HEAD FL,27.47365,-82.2112,0.888950523437675,0.300059552090661,3.96277207392197,3.52270830937714,0.0,PRCP,1,0.0074336681651266,0.0074336681651266,0.0036745327095468,0.0017294268322339,0.0024488049681826,1,1,1,13,energy_limited
02300700,BULLFROG CREEK NEAR WIMAUMA FL,27.79197,-82.35204,1.11723164526588,0.386915778580807,3.89649691991786,4.35328966461328,0.0,PRCP,1,0.0069719693240561,0.0069719693240561,0.002981432849403,0.0011651401215704,0.001576415128197,1,1,16,16,water_limited
02310947,"WITHLACOOCHEE RIVER NEAR CUMPRESSCO, FLA.",28.31195,-82.05591,0.943236142232938,0.120091388371023,3.76080492813142,3.5473271321013,0.0,PRCP,1,0.0064430121839452,0.0064430121839452,0.004947290827998,0.0023757807903969,0.0028255254188881,1,1,22,2,energy_limited
02312200,"LITTLE WITHLACOOCHEE RIVER AT RERDELL, FLA.",28.57277,-82.15536,1.05206821261715,0.108662429499991,3.59314579055441,3.78023446954141,0.0,PRCP,1,0.0067248308062115,0.0067248308062115,0.0044020435267279,0.0024484852951269,0.0028244211577211,1,1,17,16,water_limited
02314500,"SUWANNEE RIVER AT US 441, AT FARGO, GA",30.68056,-82.56056,0.952352129956131,0.163531121117379,3.65192470910335,3.477918275154,0.0002496503583007,PRCP,2,0.0055311053396993,0.0055311053396993,0.004224208226024,0.0017440482279368,0.0023807202964634,2,2,21,17,energy_limited
02315500,"SUWANNEE RIVER AT WHITE SPRINGS, FLA.",30.32578,-82.73818,1.01125024123284,0.161613286360068,3.66727857631759,3.7085363449692,0.0002426326463345,PRCP,1,0.0039044479517116,0.0039044479517116,0.0030123869341618,0.0019885451813207,0.0021054831283636,1,1,28,1,water_limited
02324400,"FENHOLLOWAY RIVER NEAR FOLEY, FLA.",30.09827,-83.47181,0.990876783761431,0.118257538411845,3.85167282683094,3.81653318275154,0.0001972528892217,PRCP,1,0.0063743789057033,0.0063743789057033,0.0048889878222238,0.0023045259265984,0.0030743477980761,1,1,28,13,energy_limited
02327100,"SOPCHOPPY RIVER NR SOPCHOPPY, FLA.",30.12937,-84.49435,0.784210723359089,0.371886067373753,4.16839972621492,3.26890376454483,0.0001008204882995,PRCP,1,0.0096287054608217,0.0096287054608217,0.0033426858823691,0.0009275188498665,0.0010410944586533,1,1,5,2,energy_limited
02342933,SOUTH FORK COWIKEE CREEK NEAR BATESVILLE AL,32.01766,-85.29577,0.858570535511784,0.261793354994008,3.81460369609856,3.27510633812457,0.0027962712555372,Tair,12,0.0012458572948354,0.0005388416375115,0.0008101117971661,0.0012458572948354,0.0012048463837734,29,27,12,17,energy_limited
02349900,"TURKEY CREEK AT BYROMVILLE, GA",32.19556,-83.90222,0.930871960714825,0.242085954191534,3.39147707049966,3.15703091033539,0.0010817469729248,SRAD,1,0.0025527756006496,0.0021209441937302,0.0025527756006496,0.0017509461021038,0.001561484427531,1,1,13,26,energy_limited
02350900,"KINCHAFOONEE CREEK NEAR DAWSON, GA",31.76444,-84.25333,0.868162800968536,0.261458767195446,3.63582067077344,3.15648425735797,0.001767717746493,PRCP,1,0.002851548322444,0.002851548322444,0.0016896676560954,0.001276513774968,0.0015913819456546,1,1,10,1,energy_limited
02361000,"CHOCTAWHATCHEE RIVER NEAR NEWTON, AL.",31.34295,-85.61049,0.831366316772442,0.306746922229369,3.9580424366872,3.29058316221766,0.0015124422847458,PRCP,2,0.0015221282622971,0.0015221282622971,0.0009989861578897,0.0007855751824642,0.0007870443418499,2,1,10,8,energy_limited
02363000,PEA RIVER NEAR ARITON AL,31.59489,-85.783,1.05325583895308,0.273826540063956,3.96039698836413,4.17131125256673,0.0026556564479946,PRCP,2,0.0038643250690724,0.0038643250690724,0.0021358648085726,0.0013760352687225,0.0015964155289447,2,2,12,2,water_limited
02369800,BLACKWATER RIVER NEAR BRADLEY AL,31.02768,-86.70996,0.804666016945687,0.335796347367752,4.61982477754962,3.71741600273785,0.0008723526438152,PRCP,1,0.0011349326356638,0.0011349326356638,0.000700152974398,0.0006123377387348,0.0008004980180974,1,25,18,22,energy_limited
02371500,CONECUH RIVER AT BRANTLEY AL,31.5735,-86.25162,0.792845349065351,0.290535046494426,3.96998357289528,3.14758301163587,0.0040171402581935,PRCP,3,0.0060319188054189,0.0060319188054189,0.003286465456274,0.0017234455246253,0.0021095260688753,3,3,2,2,energy_limited
02372250,PATSALIGA CREEK NEAR BRANTLEY AL,31.59627,-86.40552,0.789447046689535,0.306923563577518,3.98311704312115,3.14445998631075,0.0034759991435446,PRCP,3,0.0034321875079955,0.0034321875079955,0.0020290717266985,0.0013292126043516,0.0017373133983243,3,3,25,2,energy_limited
02374500,MURDER CREEK NEAR EVERGREEN AL,31.4185,-86.98664,0.984017506392218,0.33584969631177,4.41962354551677,4.34898694045174,0.0030425564536237,PRCP,1,0.0087233062601394,0.0087233062601394,0.0042441080471898,0.0017087821412655,0.0018197525245533,1,1,24,22,energy_limited
02381600,"FAUSETT CREEK NEAR TALKING ROCK, GA",34.57037,-84.46882,0.705656462845556,0.865166210065448,4.27154962354552,3.0142465982204,0.0166377865167783,VP,24,0.0023552667803155,0.0016902693005871,0.0019078496390985,0.0021392253412909,0.0023552667803155,26,26,29,24,energy_limited
02384540,"MILL CREEK NEAR CRANDALL, GA",34.87202,-84.72133,0.565300162954493,0.422264679584768,4.92782751540041,2.78570169746749,0.0316827871052048,PRCP,1,0.0034908595672648,0.0034908595672648,0.0023809032219631,0.0016111641300938,0.0015794433861367,1,1,7,1,energy_limited
02395120,"TWO RUN CREEK NEAR KINGSTON, GA",34.24278,-84.88972,0.785075243893055,0.342948106698397,3.75370704996578,2.94694247775496,0.0124894104226604,Tair,29,0.0036991491734882,0.0033744008739324,0.0032459222915882,0.0036991491734882,0.0034544382631056,1,21,29,28,energy_limited
02408540,HATCHET CREEK BELOW ROCKFORD AL,32.91679,-86.27025,0.771356557577145,0.345785030917285,4.06555099247091,3.13598941820671,0.0106950269118165,PRCP,1,0.0039206592287222,0.0039206592287222,0.0038177988704241,0.0037287559947809,0.0034079794926233,1,1,29,14,energy_limited
02415000,HILLABEE CREEK NEAR HACKNEYVILLE AL,33.06679,-85.87913,0.739950416453852,0.363528899042834,4.05513073237509,3.00059567419576,0.0124691410953683,Tair,14,0.0041100469997118,0.002932865785339,0.004009867732454,0.0041100469997118,0.0039615909054562,1,1,14,28,energy_limited
02422500,MULBERRY CREEK AT JONES AL,32.58291,-86.9036,0.770540301233345,0.312510103767029,3.99807392197125,3.08067708418891,0.0071803911055049,PRCP,1,0.0024897457353233,0.0024897457353233,0.0024654845982956,0.0018718039103494,0.0018124781831833,1,1,29,20,energy_limited
02427250,"PINE BARREN CREEK NEAR SNOW HILL, AL.",31.99626,-87.06832,0.982234134046432,0.301902198928022,4.04341546885695,3.97158069164265,0.0031810787432098,PRCP,1,0.0109945359949977,0.0109945359949977,0.0062028648031162,0.002920300524608,0.0030374941224004,1,1,27,24,energy_limited
02430085,"RED BUD CREEK NR MOORES MILL, MS",34.46667,-88.28361,0.696297071183836,0.401421124180561,4.23267077344285,2.94719626283368,0.0126767241295668,SRAD,5,0.0032990970149748,0.0024567779457289,0.0032990970149748,0.0031104598785976,0.0030718745794957,1,5,28,10,energy_limited
02430615,"MUD CREEK NR FAIRVIEW, MS",34.3925,-88.355,0.695674868496691,0.397110533482743,4.24121971252567,2.95050996577686,0.0105389852401918,SRAD,5,0.0035643813482777,0.0032739925374222,0.0035643813482777,0.0031211243774796,0.0033005550742952,1,5,6,4,energy_limited
02450250,SIPSEY FORK NEAR GRAYSON AL,34.28538,-87.39891,0.694829563640326,0.397427136344996,4.40954551676934,3.06388258726899,0.0142864105715527,PRCP,1,0.0046895207312909,0.0046895207312909,0.0036672749366013,0.0042461997397759,0.0038536784298125,1,2,27,15,energy_limited
02464000,NORTH RIVER NEAR SAMANTHA AL,33.47928,-87.59723,0.702758861003255,0.360652454605731,4.27230937713895,3.00240327173169,0.011217518412828,PRCP,1,0.0070720458539332,0.0070720458539332,0.0061410841471398,0.0049329886088116,0.0044672556169201,1,1,26,30,energy_limited
02464146,TURKEY CREEK NEAR TUSCALOOSA,33.41345,-87.51056,0.728444127055169,0.363503007312376,4.15972621492129,3.03012813141684,0.0100912238208696,Tair,20,0.0013380285749998,0.0008580847028945,0.0012524459505664,0.0013380285749998,0.0011495257709375,3,22,20,24,energy_limited
02464360,BINION CREEK BELOW GIN CREEK NEAR SAMANTHA AL,33.42484,-87.64251,0.771616097102115,0.354719029122551,4.09805886379192,3.16212818617385,0.0095365763059721,PRCP,1,0.0060932614025206,0.0060932614025206,0.0056558691012066,0.0039700831963897,0.0035272213350559,1,1,25,24,energy_limited
02465493,ELLIOTTS CREEK AT MOUNDVILLE AL,32.99735,-87.62223,0.887814309233857,0.286827130483868,4.04349212867899,3.58987017111567,0.0073106547528566,PRCP,1,0.0027381847523971,0.0027381847523971,0.0016366242074675,0.001051217202436,0.0009465378995265,1,1,26,5,energy_limited
02469800,SATILPA CREEK NEAR COFFEEVILLE AL,31.74432,-88.02251,0.801481745135746,0.310789242626969,4.09600821355236,3.2828758110883,0.003171649398055,PRCP,1,0.0131619933433731,0.0131619933433731,0.00512431064091,0.0031806163109202,0.002960302253047,1,1,22,21,energy_limited
02472000,"LEAF RIVER NR COLLINS, MS",31.70694,-89.40694,0.761749694589318,0.318918668155544,4.15840246406571,3.16766180698152,0.0060147222598053,PRCP,2,0.0098426168035376,0.0098426168035376,0.0065194925737153,0.0033531997531365,0.0030832782116418,2,1,2,11,energy_limited
02472500,"BOUIE CREEK NR HATTIESBURG, MS",31.42583,-89.41472,0.850170523970908,0.305963020732101,4.25615742642026,3.61845958932238,0.002454389871356,PRCP,1,0.0063018599603484,0.0063018599603484,0.0042172338904266,0.0026963148037492,0.0027448390602572,1,1,27,1,energy_limited
02479155,"CYPRESS CREEK NR JANICE, MS",31.02528,-89.01667,0.722636760760893,0.338750502694102,4.42888843258042,3.20047759069131,0.0018026132328254,PRCP,1,0.0032125127883603,0.0032125127883603,0.0017931757278175,0.0018038059722118,0.0018699042170802,1,1,26,30,energy_limited
02479300,"RED CREEK AT VESTRY, MS",30.73611,-88.78111,0.695672783490976,0.383667707301466,4.61856810403833,3.21301212867899,0.0007412865485982,PRCP,1,0.0152525865782276,0.0152525865782276,0.0053169453286711,0.0027692866366789,0.0033187922226228,1,1,11,2,energy_limited
02479560,ESCATAWPA RIVER NEAR AGRICOLA MS,30.80908,-88.45863,0.684968538202518,0.380309390781085,4.64999041752225,3.18509713894593,0.0008881841770739,PRCP,1,0.0177808517459913,0.0177808517459913,0.0075095029541992,0.0027727605012816,0.0030722742988822,1,1,1,1,energy_limited
02481000,"BILOXI RIVER AT WORTHAM, MS",30.55861,-89.12194,0.671087228362181,0.39414466645508,4.79164271047228,3.21561022587269,0.0003653977736162,PRCP,1,0.0104505870972645,0.0104505870972645,0.0056849170378244,0.003962645418318,0.0037817056715268,1,1,1,1,energy_limited
02481510,"WOLF RIVER NR LANDON, MS",30.48361,-89.27444,0.695998344547925,0.369132748484628,4.62082546201232,3.21608687200548,0.0007622545076852,PRCP,1,0.0111249768409959,0.0111249768409959,0.0049766739471675,0.0027543405195228,0.002789160370475,1,1,1,1,energy_limited
03010655,"Oswayo Creek at Shinglehouse, PA",41.96173,-78.19807,0.688460584373285,0.455751399378086,3.28458726899384,2.26130887063655,0.207261759338099,PRCP,1,0.0055988977104978,0.0055988977104978,0.0035830855957277,0.0044564311427113,0.0048484463607464,1,3,1,1,energy_limited
03011800,"Kinzua Creek near Guffey, PA",41.76645,-78.71864,0.627746715864344,0.538101433725681,3.5894250513347,2.25324978781656,0.210192690903197,SRAD,2,0.0025870685718769,0.0019705717763308,0.0025870685718769,0.0025825407255579,0.0019302169506428,1,2,24,1,energy_limited
03015500,"Brokenstraw Creek at Youngsville, PA",41.85256,-79.31727,0.628297770292423,0.56929237306701,3.59908829568788,2.26129915126626,0.192038519147369,Tair,17,0.0043311743449157,0.003337685744487,0.0031636838876092,0.0043311743449157,0.004192187316465,1,2,17,18,energy_limited
03021350,"French Creek near Wattsburg, PA",42.01533,-79.78255,0.61464135372136,0.621600220645083,3.68573579739904,2.26540563997262,0.208263538884948,Tair,1,0.0098147367870508,0.0029028989136973,0.0039535485709514,0.0098147367870508,0.0065213949060888,2,29,1,9,energy_limited
03026500,"Sevenmile Run near Rasselas, PA",41.63117,-78.57669,0.639196759035446,0.493333355496781,3.53956194387406,2.2624765229295,0.209814940150446,Tair,23,0.0032425295178722,0.0016421231598569,0.0021618892009198,0.0032425295178722,0.0030345027040387,2,26,23,1,energy_limited
03028000,"West Branch Clarion River at Wilcox, PA",41.57534,-78.69225,0.653245860414243,0.571807346270101,3.46432306639288,2.26305470225873,0.203474312123818,VP,1,0.0029796217995743,0.0012367771179409,0.0020540691630852,0.0024599103639297,0.0029796217995743,1,16,8,1,energy_limited
03049000,"Buffalo Creek near Freeport, PA",40.7159,-79.69949,0.722669988166999,0.387928098484378,3.29245448323066,2.37935804243669,0.139333377128464,VP,19,0.0023348015898824,0.0014119958301538,0.0019805584802108,0.0020409620121615,0.0023348015898824,1,1,23,19,energy_limited
03049800,"Little Pine Creek near Etna, PA",40.52035,-79.93811,0.803693993553846,0.355803193404084,3.02702395619439,2.43280097193703,0.116341909362209,SRAD,30,0.0010852634050181,0.0009684004457122,0.0010852634050181,0.0007262865890465,0.0008052693886285,8,30,11,11,energy_limited
03050000,"TYGART VALLEY RIVER NEAR DAILEY, WV",38.80927,-79.88173,0.640477532041291,0.489376876663823,3.87312525667351,2.48064970568104,0.158964457158934,PRCP,1,0.0060487278919134,0.0060487278919134,0.0034635712379613,0.0043758527132016,0.0045122911974022,1,14,28,30,energy_limited
03066000,"BLACKWATER R AT DAVIS, WV",39.12705,-79.46838,0.588890448532422,0.581601872844514,4.16037782340862,2.45000676249144,0.222508814947308,PRCP,1,0.0020148173941718,0.0020148173941718,0.0012705841630318,0.0012817788326581,0.0009319659800702,1,6,29,16,energy_limited
03069500,"CHEAT RIVER NEAR PARSONS, WV",39.12288,-79.68117,0.600544180286688,0.601000307419244,4.07351813826146,2.44632761122519,0.194644630432116,VP,25,0.0027574537556299,0.0014270013396317,0.0018564774711563,0.002504449182504,0.0027574537556299,1,21,25,25,energy_limited
03070500,"BIG SANDY CREEK AT ROCKVILLE, WV",39.61564,-79.70477,0.658030329207678,0.549168889224421,3.700212183436,2.43485184120465,0.144725592442485,Tair,26,0.0055994867456416,0.0026367356315709,0.0027202784565067,0.0055994867456416,0.0049436068056692,1,26,26,24,energy_limited
03076600,"BEAR CREEK AT FRIENDSVILLE, MD",39.65614,-79.39411,0.667607078708349,0.486972677470955,3.65368651608487,2.43922698151951,0.189395500517419,Tair,22,0.0049072861556715,0.0018427138359877,0.0032747596465652,0.0049072861556715,0.0042600866255283,12,16,22,30,energy_limited
03078000,"CASSELMAN RIVER AT GRANTSVILLE, MD",39.70219,-79.13639,0.694560428136251,0.542170227147581,3.50921697467488,2.43736324435318,0.194625437344426,Tair,25,0.0054743298811477,0.0017506626928292,0.0023051134857072,0.0054743298811477,0.0043070804729893,1,10,25,29,energy_limited
03140000,Mill Creek near Coshocton OH,40.36285,-81.86236,0.8385220422518,0.325505925457804,2.91307871321013,2.4426807118412,0.0894584784615066,PRCP,1,0.0035699889173656,0.0035699889173656,0.002968676769299,0.0032562321587612,0.0033914704434521,1,26,22,18,energy_limited
03144000,Wakatomika Creek near Frazeysburg OH,40.13257,-82.14792,0.818973057801069,0.368430419067962,2.99462286105407,2.45251544147844,0.0936024048579887,PRCP,1,0.0035555321696858,0.0035555321696858,0.0021821976350947,0.0025733572965534,0.002802417060728,1,1,25,25,energy_limited
03159540,Shade River near Chester OH,39.06369,-81.8818,0.799791148541591,0.349307359741334,3.14572073921971,2.51591960301164,0.0789834761345878,Tair,21,0.0033505706885513,0.0028854986511005,0.0017690992352816,0.0033505706885513,0.0025650699213694,1,1,21,30,energy_limited
03161000,"SOUTH FORK NEW RIVER NEAR JEFFERSON, NC",36.39333,-81.40694,0.666745669426368,0.481832125389795,4.04719917864476,2.69845252566735,0.0874425287647908,SRAD,1,0.0020313006271203,0.0019390707324146,0.0020313006271203,0.0012135208764124,0.0013124969226609,1,1,27,14,energy_limited
03164000,"NEW RIVER NEAR GALAX, VA",36.64735,-80.97897,0.7133501632056,0.413173323812616,3.7405106091718,2.66829385352498,0.0839958967122095,PRCP,1,0.0060780930095411,0.0060780930095411,0.0039701748741667,0.0015441246919938,0.0015174896209797,1,1,10,1,energy_limited
03165000,"CHESTNUT CREEK AT GALAX, VA",36.64596,-80.91924,0.725977669170241,0.45728802832076,3.67150171115674,2.66542825462012,0.0758216158494753,SRAD,1,0.0028970430658479,0.0026271523224004,0.0028970430658479,0.002266457473927,0.0027991787391605,1,1,10,17,energy_limited
03170000,"LITTLE RIVER AT GRAYSONTOWN, VA",37.03763,-80.55672,0.847882787013256,0.323360883944825,3.32212594113621,2.8167734017796,0.0945585836238721,PRCP,1,0.0049155304475626,0.0049155304475626,0.0041061083114826,0.0029697766074275,0.0028697414951798,1,1,30,3,energy_limited
03173000,"WALKER CREEK AT BANE, VA",37.26818,-80.70951,0.871041684309297,0.336056023002685,3.0228514715948,2.63302963723477,0.0942000993572573,PRCP,1,0.005260050423004,0.005260050423004,0.0027723364286223,0.0027061353937937,0.0020679352740793,1,1,26,27,energy_limited
03180500,"GREENBRIER RIVER AT DURBIN, WV",38.54373,-79.83312,0.657195912789974,0.533537321998708,3.78282272416153,2.48605563312799,0.195303023284764,VP,17,0.0023481318249685,0.0010726788820892,0.0015534031170159,0.0023299426078608,0.0023481318249685,12,21,24,17,energy_limited
03182500,"GREENBRIER RIVER AT BUCKEYE, WV",38.18595,-80.13062,0.709211002944919,0.47073825513177,3.55233127994524,2.51935242984257,0.170253081143655,Tair,27,0.0030630086461296,0.002034406607569,0.0017982787028854,0.0030630086461296,0.0028865196487456,1,29,27,27,energy_limited
03186500,"WILLIAMS RIVER AT DYER, WV",38.379,-80.48397,0.607053912650417,0.611346628739278,4.14293497604381,2.51498488706366,0.1907316712122,Tair,22,0.0048381424647181,0.0032405173232831,0.0025090238562038,0.0048381424647181,0.0044663944573444,1,2,22,24,energy_limited
03187500,"CRANBERRY RIVER NEAR RICHWOOD, WV",38.29539,-80.52648,0.60976151216676,0.641023757243345,4.13442299794661,2.52101201916496,0.182826213927838,VP,29,0.0037736627577945,0.0026889071725207,0.0021650558376317,0.0036612701026836,0.0037736627577945,1,30,13,29,energy_limited
03213700,"TUG FORK AT WILLIAMSON, WV",37.67316,-82.28014,0.751675602029157,0.325842167274846,3.47541273100616,2.61238295687885,0.0730954797740182,PRCP,1,0.007642967840569,0.007642967840569,0.0030839516090158,0.0037589340923736,0.0036988803235552,1,1,24,25,energy_limited
03237280,Upper Twin Creek at McGaw OH,38.64369,-83.21574,0.724090562731866,0.320095901407147,3.52835318275154,2.55484724161533,0.0847306381238598,VP,27,0.0029384524869341,0.0019656036320223,0.0023765412696463,0.0028135185027864,0.0029384524869341,1,24,25,27,energy_limited
03237500,Ohio Brush Creek near West Union OH,38.80368,-83.42102,0.791208265485269,0.368722525275899,3.2265325119781,2.55285919233402,0.0787104016916548,Tair,29,0.0013147614974979,0.0006520323196826,0.0009470247363777,0.0013147614974979,0.001068235882799,1,19,29,28,energy_limited
03238500,White Oak Creek near Georgetown OH,38.85813,-83.92854,0.785837295362942,0.391668326847689,3.25269952087611,2.55609259411362,0.0747385312973334,Tair,6,0.0044679918735313,0.0036304707064038,0.003244769009929,0.0044679918735313,0.0041965716554973,1,1,6,27,energy_limited
03241500,Massies Creek at Wilberforce OH,39.72284,-83.88271,0.818134918352433,0.338989027615003,3.07015605749487,2.51180187542779,0.0779467519548554,PRCP,1,0.0041476873785167,0.0041476873785167,0.0030696750779617,0.0032548505633083,0.0028684143090152,1,1,12,17,energy_limited
03280700,"CUTSHIN CREEK AT WOOTON, KY",37.16509,-83.30796,0.684286744875158,0.333288888822505,3.9905735797399,2.73069660506502,0.0584460847843343,Tair,23,0.0036926830849361,0.0028419045861241,0.0027528616158645,0.0036926830849361,0.0032520305321468,1,17,23,26,energy_limited
03281100,"GOOSE CREEK AT MANCHESTER, KY",37.15203,-83.7602,0.70411314162522,,3.81621492128679,2.68704707734428,0.0416713149875616,Tair,23,0.0044139730262438,0.004029385441012,0.0029922201781455,0.0044139730262438,0.0038440404346292,1,1,23,22,energy_limited
03281500,"SOUTH FORK KENTUCKY RIVER AT BOONEVILLE, KY",37.47981,-83.67519,0.702829354002637,0.373787381934962,3.80124161533196,2.6716241889117,0.044067880842997,PRCP,1,0.0115652329700652,0.0115652329700652,0.0048767316404621,0.0048884900067964,0.0042185751442812,1,1,27,27,energy_limited
03285000,"DIX RIVER NEAR DANVILLE, KY",37.64202,-84.66078,0.76599226262447,0.39997947355769,3.53352087611225,2.70664965092402,0.0446468108120254,PRCP,1,0.0030973391301424,0.0030973391301424,0.002060828198391,0.0018586037642564,0.0020971504702901,1,1,24,26,energy_limited
03291780,"INDIAN-KENTUCK CREEK NR CANAAN, IND.",38.87811,-85.25718,0.713090047987719,0.41683106992865,3.62401642710472,2.58425004791239,0.0673686532615331,PRCP,1,0.0037624335130965,0.0037624335130965,0.0025552663712744,0.003075150673296,0.0030217648036979,1,8,13,1,energy_limited
03300400,"BEECH FORK AT MAUD, KY",37.83284,-85.29607,0.781058883191258,0.395171115918893,3.45790691307324,2.70082891170431,0.0537664078517784,PRCP,1,0.0086845884260204,0.0086845884260204,0.0040134070911125,0.0029904484539899,0.0030405520026551,1,1,24,28,energy_limited
03338780,"NORTH FORK VERMILION RIVER NEAR BISMARCK, IL",40.26531,-87.6428,0.850923593043312,0.39984015392833,2.91593976728268,2.48124194387406,0.0725503193755769,PRCP,1,0.0100135353670167,0.0100135353670167,0.0049097557975477,0.0030904777793779,0.0026030657499718,1,1,15,2,energy_limited
03340800,BIG RACCOON CREEK NEAR FINCASTLE IND,39.81255,-86.9539,0.806079140134381,0.343884768200808,3.11718001368925,2.51269378507871,0.0732286680426859,PRCP,1,0.0027307854994172,0.0027307854994172,0.0017405201587561,0.0018308230373149,0.0017361803709126,1,13,12,11,energy_limited
03346000,"NORTH FORK EMBARRAS RIVER NEAR OBLONG, IL",39.01004,-87.94559,0.830536224621094,0.318290709798012,3.13314305270363,2.60218880219028,0.0621069652969445,PRCP,1,0.0106987742230506,0.0106987742230506,0.0043913872269282,0.0027049595434856,0.0024781834780024,1,1,11,2,energy_limited
03357350,"PLUM CREEK NEAR BAINBRIDGE, IND.",39.76171,-86.72945,0.785652363364911,0.366902099791805,3.22015605749487,2.52992321697467,0.0702381984794612,PRCP,1,0.0030411269072801,0.0030411269072801,0.0026802923584543,0.0026658227531318,0.0019391343671669,1,1,27,7,energy_limited
03364500,"CLIFTY CREEK AT HARTSVILLE, IN",39.27477,-85.70165,0.758512209828774,0.359483125379161,3.34864476386037,2.53998793976728,0.0804170575814994,PRCP,1,0.0025084960759554,0.0025084960759554,0.0021379964257345,0.0021755986291308,0.0020108759698437,1,20,13,1,energy_limited
03366500,"MUSCATATUCK RIVER NEAR DEPUTY, IN",38.80422,-85.67386,0.71663146763711,0.37595721847181,3.61569609856263,2.59112160164271,0.059067129172147,PRCP,1,0.0048973855122731,0.0048973855122731,0.0021513658347408,0.0026590583598971,0.0032304454726364,1,24,27,1,energy_limited
03368000,"BRUSH CREEK NEAR NEBRASKA, IN",39.07033,-85.48608,0.731491949625814,0.403829617469226,3.50896235455168,2.56677771389459,0.0670858663666364,Tair,27,0.0030679258212457,0.0016105395472405,0.0021505644894339,0.0030679258212457,0.0030288063835503,15,19,27,15,energy_limited
03384450,"LUSK CREEK NEAR EDDYVILLE, IL",37.47227,-88.54727,0.744502200289791,0.363300305639312,3.66948117727584,2.73193681040383,0.0496725306242436,Tair,16,0.0030853114355202,0.00223621208181,0.002440099711765,0.0030853114355202,0.0027675987342757,1,1,16,18,energy_limited
03439000,"FRENCH BROAD RIVER AT ROSMAN, NC",35.14333,-82.82472,0.489039101463711,0.568857600939258,5.56067488021903,2.71938744695414,0.0374660918206049,SRAD,1,0.0030597424763098,0.0025896818977999,0.0030597424763098,0.0021393577055743,0.0024750190445805,1,1,29,11,energy_limited
03450000,"BEETREE CREEK NEAR SWANNANOA, NC",35.65306,-82.40528,0.661799382169161,0.463637564943682,4.09460643394935,2.70980800821355,0.0842690506200039,PRCP,1,0.0019777925294745,0.0019777925294745,0.0013965155527903,0.0013469949623302,0.0013788900484676,1,29,7,18,energy_limited
03455500,"W F PIGEON R ABOVE LAKE LOGAN NR HAZELWOOD, NC",35.39611,-82.9375,0.590245305763732,0.569036399006352,5.80058042436687,3.42376536618754,0.0774314166204897,SRAD,1,0.0035585396875265,0.0029282599828764,0.0035585396875265,0.0028842845609534,0.0030356074574759,1,1,6,8,energy_limited
03456500,"EAST FORK PIGEON RIVER NEAR CANTON, NC",35.46167,-82.86972,0.577832378851099,0.542821012854399,4.7873839835729,2.76630547570157,0.0638736766495558,PRCP,1,0.0027012243672946,0.0027012243672946,0.0019920840381593,0.0012878230768216,0.0017895412599895,1,1,4,21,energy_limited
03460000,"CATALOOCHEE CREEK NEAR CATALOOCHEE, NC",35.6675,-83.07361,0.59331988313977,0.488063027369518,4.47108008213552,2.6527807118412,0.077253343718732,Tair,26,0.0038569434484763,0.0036763937107248,0.0031474251770401,0.0038569434484763,0.0030961093996108,1,1,26,25,energy_limited
03463300,"SOUTH TOE RIVER NEAR CELO, NC",35.83151,-82.18429,0.669004111304784,0.670284579863615,4.56529911019849,3.05420387405886,0.0849163900758962,PRCP,1,0.0016239884218222,0.0016239884218222,0.0013452782327311,0.0010672779611785,0.001527964131342,1,9,26,5,energy_limited
03471500,"S F HOLSTON RIVER AT RIVERSIDE NR CHILHOWIE, VA",36.76039,-81.63123,0.762952417284732,0.386908002686267,3.41253798767967,2.60360410677618,0.0838711696088708,PRCP,1,0.0027583383773767,0.0027583383773767,0.0021754874231257,0.0023542706018605,0.0022187928476443,1,1,27,27,energy_limited
03473000,"S F HOLSTON RIVER NEAR DAMASCUS, VA",36.65178,-81.84401,0.740113764114789,0.415810557583452,3.49595208761123,2.5874022587269,0.0832667330515825,PRCP,1,0.0057555360388759,0.0057555360388759,0.0038681858676467,0.0039061272078883,0.0038161029327063,1,1,30,23,energy_limited
03479000,"WATAUGA RIVER NEAR SUGAR GROVE, NC",36.23917,-81.82222,0.670428982707011,0.456928974815457,3.973234770705,2.66377174537988,0.0904171237520879,VP,30,0.0017123533066715,0.0015163188564989,0.0015970549996463,0.0013935216477407,0.0017123533066715,1,23,18,30,energy_limited
03488000,"N F HOLSTON RIVER NEAR SALTVILLE, VA",36.89678,-81.74623,0.797701713178126,0.376021978878748,3.274212183436,2.61184466803559,0.0815490515140822,PRCP,1,0.0032942282655383,0.0032942282655383,0.0025102827645633,0.0029824067734774,0.0023978122501033,1,1,15,24,energy_limited
03498500,"LITTLE RIVER NEAR MARYVILLE, TN",35.78562,-83.8846,0.611350427366638,0.416642224331698,4.33051745379877,2.64746369609856,0.0343707789266315,PRCP,1,0.0045178353820931,0.0045178353820931,0.0026177574009294,0.0026608766869845,0.0024412404541203,1,1,23,23,energy_limited
03500000,"LITTLE TENNESSEE RIVER NEAR PRENTISS, NC",35.15,-83.37972,0.543330757121649,0.481630285306863,5.1950417522245,2.82262596851472,0.0292489179120406,PRCP,1,0.0066938140044993,0.0066938140044993,0.0055268640076099,0.0020644678500304,0.0025607532429218,1,1,24,1,energy_limited
03500240,"CARTOOGECHAYE CREEK NEAR FRANKLIN, NC",35.15889,-83.39417,0.608398914116459,0.459278556100656,5.0380848733744,3.06516536618754,0.029394718558517,Tair,15,0.0029448141770715,0.0026326151699973,0.0027054356989042,0.0029448141770715,0.0027497099356621,1,1,15,10,energy_limited
03504000,"NANTAHALA RIVER NEAR RAINBOW SPRINGS, NC",35.1275,-83.61861,0.481675820282915,0.657177368049606,5.6031485284052,2.69890116358658,0.0589912291417263,PRCP,1,0.0030505174898744,0.0030505174898744,0.002975232831273,0.0021660511996003,0.0024351891203257,1,1,15,9,energy_limited
03574500,PAINT ROCK RIVER NEAR WOODVILLE AL,34.62425,-86.30637,0.665991519948698,0.458075297069284,4.29078028747433,2.85762328542094,0.0200681785915394,PRCP,1,0.0117300928138992,0.0117300928138992,0.0031053829452224,0.0020675177179234,0.0022071923771127,1,1,23,24,energy_limited
03592718,"LITTLE YELLOW CREEK EAST NR BURNSVILLE, MS",34.83556,-88.28806,0.879720202270209,0.352112361218698,4.27535797399042,3.7611187816564,0.0149109120314144,PRCP,1,0.0016345390868567,0.0016345390868567,0.001049951652348,0.0015765580328773,0.0014597428298429,1,19,9,9,energy_limited
03604000,"BUFFALO RIVER NEAR FLAT WOODS, TN",35.49591,-87.8328,0.681435564114909,0.388741417962628,4.35018480492813,2.96437063655031,0.0255990760932844,PRCP,1,0.0061480052005845,0.0061480052005845,0.0017139487684237,0.0017820600803173,0.0013847226427217,1,1,27,14,energy_limited
04015330,"KNIFE RIVER NEAR TWO HARBORS, MN",46.94688,-91.7924,0.874388280219585,0.431649939229559,2.23980013689254,1.95845498973306,0.196079390089318,SRAD,6,0.0007807556537786,0.0005671108533514,0.0007807556537786,0.0006198066667839,0.000641705801462,11,6,17,8,energy_limited
04024430,"NEMADJI RIVER NEAR SOUTH SUPERIOR, WI",46.63327,-92.09408,0.900772056231798,0.359583937529154,2.23315400410678,2.01156272416153,0.1608667587394,PRCP,1,0.0091986421550295,0.0091986421550295,0.0022665011179667,0.0033350602441798,0.0029991708002113,1,19,1,2,energy_limited
04027000,"BAD RIVER NEAR ODANAH, WI",46.48661,-90.6963,0.847019849630856,0.350685622277024,2.42342231348392,2.05268680355921,0.235000084730923,SRAD,15,0.003376809961025,0.0029925337073788,0.003376809961025,0.0033069843560264,0.0025367147004157,1,15,1,1,energy_limited
04040500,"STURGEON RIVER NEAR SIDNAW, MI",46.58411,-88.57597,0.926734185681405,0.439473072380403,2.43971800136893,2.2609700752909,0.309607600434067,PRCP,1,0.0042813457260081,0.0042813457260081,0.0041167168897837,0.0037689020759138,0.0026820289870182,1,3,1,24,energy_limited
04043050,"TRAP ROCK RIVER NEAR LAKE LINDEN, MI",47.22854,-88.38539,1.0553713361417,0.60234716182556,2.0726160164271,2.18737953456537,0.299401075000363,SRAD,2,0.0082479071702357,0.0066143454780882,0.0082479071702357,0.0071299054886352,0.004560551831856,1,2,4,2,water_limited
04045500,"TAHQUAMENON RIVER NEAR PARADISE, MI",46.57502,-85.26955,1.08935598414372,0.421554849547542,2.56409993155373,2.79321760438056,0.300079815277018,Tair,2,0.0055205607965128,0.002631228391574,0.0020743521772571,0.0055205607965128,0.0036250295508646,2,10,2,10,water_limited
04056500,"MANISTIQUE RIVER NEAR MANISTIQUE, MI",46.03053,-86.16125,0.849387234373197,0.459862568098683,2.3960219028063,2.03515041752225,0.277927593878514,Tair,8,0.0036049330593783,0.00306933706472,0.00207503412604,0.0036049330593783,0.0027275163719381,1,10,8,24,energy_limited
04057510,"STURGEON RIVER NEAR NAHMA JUNCTION, MI",45.94302,-86.7057,0.864030985864762,0.370732093589316,2.35633264887064,2.03594442162902,0.253134692886369,PRCP,1,0.0078632954134151,0.0078632954134151,0.003228359827217,0.0047506255988815,0.0045242024151562,1,9,1,1,energy_limited
04057800,"MIDDLE BRANCH ESCANABA RIVER AT HUMBOLDT, MI",46.4991,-87.88652,0.823184139876562,0.424989952385626,2.49035455167693,2.05002036960986,0.334246736484748,PRCP,1,0.0035234495124487,0.0035234495124487,0.0028761163451166,0.0029430199487296,0.0028052657444907,1,3,2,1,energy_limited
04059500,"FORD RIVER NEAR HYDE, MI",45.75552,-87.20152,1.06958884378108,0.302179075220792,2.18302258726899,2.33493660506502,0.235319790957285,PRCP,1,0.0050395817630826,0.0050395817630826,0.00316943861346,0.0033662095740092,0.0031997290653062,1,18,7,7,water_limited
04063700,"POPPLE RIVER NEAR FENCE, WI",45.76357,-88.46318,0.888204601535273,0.288440942154032,2.30063381245722,2.04343353867214,0.211966109984869,PRCP,1,0.005373621371841,0.005373621371841,0.0037013573407923,0.0040480826847391,0.0024551518954065,1,9,1,9,energy_limited
04074950,"WOLF RIVER AT LANGLADE, WI",45.18997,-88.73344,0.975652674773615,0.347895638171459,2.37189596167009,2.31414663928816,0.203272983314769,PRCP,1,0.0091390740570012,0.0091390740570012,0.0039010726964154,0.0053640259980193,0.0028058815297022,1,29,1,16,energy_limited
04105700,"AUGUSTA CREEK NEAR AUGUSTA, MI",42.35337,-85.35389,0.830361663811915,0.383119735420767,2.80042710472279,2.3253673100616,0.154578943663624,PRCP,1,0.0174846642043651,0.0174846642043651,0.0050821289047969,0.0057533724209926,0.0031159239892091,1,1,1,28,energy_limited
04115265,"FISH CREEK NEAR CRYSTAL, MI",43.24976,-84.98113,0.905793417301305,0.33059407190318,2.49728542094456,2.2620246954141,0.17692366303836,PRCP,1,0.0103131903262271,0.0103131903262271,0.0033933976516903,0.0042101074458864,0.0032112398105969,1,3,1,16,energy_limited
04122200,"WHITE RIVER NEAR WHITEHALL, MI",43.46418,-86.23257,0.844161873009632,0.39950177752423,2.63890622861054,2.22766402464066,0.175430988197981,PRCP,1,0.0092374465583576,0.0092374465583576,0.0029369110165233,0.0030814143956685,0.0028361226110114,1,1,29,28,energy_limited
04122500,"PERE MARQUETTE RIVER AT SCOTTVILLE, MI",43.94501,-86.27869,0.846111377036028,0.415061023634434,2.61393292265572,2.21167838466804,0.184317913063151,PRCP,2,0.0049112692116434,0.0049112692116434,0.0021335453772274,0.0036173771843212,0.0035615060222244,2,5,29,29,energy_limited
04124000,"MANISTEE RIVER NEAR SHERMAN, MI",44.43639,-85.69868,1.05264273413111,0.467782936688783,2.47448186173854,2.60474535249829,0.226973864370005,PRCP,1,0.0121019349704576,0.0121019349704576,0.0038901525106807,0.0076719587676862,0.005182093713841,1,1,1,6,water_limited
04127918,"PINE RIVER NEAR RUDYARD, MI",46.18585,-84.59783,0.773171041918918,0.337654403559097,2.62297056810404,2.02800488706366,0.290254060373262,PRCP,1,0.0098422867243361,0.0098422867243361,0.0045072983105844,0.0058300135802779,0.0043055047984608,1,2,1,1,energy_limited
04127997,"STURGEON RIVER AT WOLVERINE, MI",45.27446,-84.60003,1.14211458691007,0.425966244779828,2.52362628336756,2.88227039014374,0.268061615104673,PRCP,1,0.0115145281683227,0.0115145281683227,0.0077250545776478,0.0111852058179285,0.0060855523719958,1,2,1,15,water_limited
04161580,"STONY CREEK NEAR ROMEO, MI",42.80086,-83.09021,0.92086849110792,0.258276625088651,2.47857631759069,2.28244283367556,0.157673147023086,PRCP,1,0.0068530179644841,0.0068530179644841,0.0024791235366659,0.0050968847020347,0.0048083699678749,1,2,23,24,energy_limited
04185000,Tiffin River at Stryker OH,41.5045,-84.42967,0.918176017959052,0.351521655299214,2.58798494182067,2.37622570841889,0.125203448992686,PRCP,1,0.0124653052962603,0.0124653052962603,0.0039590401623488,0.0041764785311763,0.0037838193361808,1,1,2,18,energy_limited
04196800,Tymochtee Creek at Crawford OH,40.92283,-83.34881,0.917549783780215,0.340026418959367,2.67460506502396,2.4540832991102,0.099311648741759,PRCP,1,0.0158370068833055,0.0158370068833055,0.0050414769788427,0.0044561572823596,0.0038850889890011,1,1,24,27,energy_limited
04197100,Honey Creek at Melmore OH,41.02228,-83.10964,0.886387981160268,0.336741936255887,2.75852566735113,2.44512399726215,0.111863760810241,PRCP,1,0.0099689895106914,0.0099689895106914,0.005023516554248,0.0053047684179155,0.0046262882859879,1,1,24,23,energy_limited
04197170,Rock Creek at Tiffin OH,41.11367,-83.16825,0.889244814676699,0.315298225044258,2.71279808350445,2.41234162902122,0.10758495614117,Tair,24,0.0055850165840774,0.0046940602998866,0.0040645520931445,0.0055850165840774,0.0051090293794271,1,18,24,18,energy_limited
04213000,Conneaut Creek at Conneaut OH,41.927,-80.60397,0.708590105319843,0.50304305092457,3.2589363449692,2.30925004791239,0.162227338465539,PRCP,1,0.0110350849574839,0.0110350849574839,0.0042270253474551,0.0044028265999016,0.0039563301823019,1,1,9,5,energy_limited
04213075,"Brandy Run near Girard, PA",41.992,-80.29117,0.708554103101673,0.450833381368717,3.25756468172485,2.30816082135524,0.160655070848624,VP,29,0.0023157322029095,0.0018852931424687,0.0016845465382436,0.0021528320687417,0.0023157322029095,1,10,27,29,energy_limited
04216418,TONAWANDA CREEK AT ATTICA NY,42.86395,-78.28363,0.707685432418121,0.468583425480484,3.15403148528405,2.23206213552361,0.225393876789264,Tair,28,0.0060678998228309,0.0027446647186151,0.0031318153359229,0.0060678998228309,0.0048200230932775,1,30,28,24,energy_limited
04221000,GENESEE RIVER AT WELLSVILLE NY,42.12229,-77.95722,0.715016154973943,0.412810161427718,3.17552224503765,2.27054970568104,0.207214753166224,Tair,15,0.0031325505643642,0.0021185634598193,0.0022804853856295,0.0031325505643642,0.0026301872987701,1,1,15,17,energy_limited
04224775,CANASERAGA CREEK ABOVE DANSVILLE NY,42.53562,-77.70416,0.770214603947025,0.387613118562088,2.91436687200548,2.24468792607803,0.204650190587357,Tair,19,0.0029123385412467,0.0017640210591212,0.0024372348903212,0.0029123385412467,0.0026017004170029,1,4,19,27,energy_limited
04233000,CAYUGA INLET NEAR ITHACA NY,42.39313,-76.54494,0.782044925719142,0.408263663878544,2.87041615331964,2.24479438740589,0.169532329377697,Tair,12,0.002142494827949,0.0012158940126954,0.0015633340591261,0.002142494827949,0.0016518539809262,1,9,12,30,energy_limited
04256000,INDEPENDENCE RIVER AT DONNATTSBURG NY,43.74729,-75.33435,0.602345769198956,0.622837240319837,3.64104038329911,2.19316527036277,0.279703584506989,PRCP,1,0.0069694417647351,0.0069694417647351,0.0027778887487442,0.0056199111036261,0.0046137582189046,1,3,1,1,energy_limited
04296000,"BLACK RIVER AT COVENTRY, VT",44.86894,-72.2701,0.605973313623426,0.508458434659509,3.61529500342231,2.19077229295003,0.273317826422307,Tair,1,0.0071314250411242,0.0034331310183164,0.0046658378669036,0.0071314250411242,0.0058210159447854,1,2,1,1,energy_limited
05056000,"SHEYENNE RIVER NR WARWICK, ND",47.80555,-98.71622,1.56844933461727,0.0450675243215635,1.30075975359343,2.04017577002053,0.165918933282818,Tair,6,0.00212742655268,0.0009245724018405,0.0020207674432632,0.00212742655268,0.0012255626940067,1,27,6,1,water_limited
05057000,"SHEYENNE RIVER NR COOPERSTOWN, ND",47.43277,-98.0276,1.49683410247128,0.053862936466386,1.34999178644764,2.02071374401095,0.162742897008525,SRAD,2,0.0020875767307066,0.0014060975843327,0.0020875767307066,0.001964654874262,0.0014300646020663,8,2,14,24,water_limited
05057200,"BALDHILL CREEK NR DAZEY, ND",47.22916,-98.12482,1.40396705405342,0.043455554821798,1.45177960301164,2.03825073237509,0.141789208175196,SRAD,13,0.0023045289606979,0.0013933778327329,0.0023045289606979,0.0021081012514152,0.0015972044215524,1,13,30,19,water_limited
05062500,"WILD RICE RIVER AT TWIN VALLEY, MN",47.26663,-96.24478,1.07196596421552,0.178310430447495,1.88817659137577,2.0240610403833,0.154627702341673,SRAD,7,0.0023493768098863,0.0018463059183915,0.0023493768098863,0.0022872885748504,0.0020628998096085,1,7,23,11,water_limited
05087500,"MIDDLE RIVER AT ARGYLE, MN",48.34109,-96.81812,1.2002177065787,0.203683106951139,1.63675017111567,1.96445653661875,0.157256412014928,PRCP,2,0.0035561941651218,0.0035561941651218,0.0026083807865925,0.0021337656808008,0.0015276883683619,2,16,2,2,water_limited
05120500,"WINTERING RIVER NR KARLSRUHE, ND",48.13834,-100.53986,1.55418431767856,0.0308026779103898,1.31184394250513,2.03884728268309,0.19176626992326,SRAD,2,0.0019189924693879,0.0010365775223744,0.0019189924693879,0.0015088701735589,0.0008792529324815,22,2,15,3,water_limited
05123400,"WILLOW CREEK NR WILLOW CITY, ND",48.58889,-100.44208,1.44416683032108,0.0397532489615909,1.3522984257358,1.95294453114305,0.186706740064827,SRAD,25,0.0026738324495035,0.0018138204696091,0.0026738324495035,0.0020921545472676,0.0014467941610338,2,25,19,2,water_limited
05129115,"VERMILION RIVER NR CRANE LAKE, MN",48.26463,-92.56599,0.963256692806313,0.323290930104921,1.97311567419576,1.9006168788501,0.174442072457906,PRCP,1,0.0046521672447129,0.0046521672447129,0.0036323134947956,0.0042974273333555,0.0028352656730945,1,16,1,16,energy_limited
05131500,"LITTLE FORK RIVER AT LITTLEFORK, MN",48.39578,-93.54933,0.962415977290882,0.289184963821379,1.99650239561944,1.92146580424367,0.17134345141572,PRCP,1,0.0089439282132789,0.0089439282132789,0.0037831553352547,0.0041123947473159,0.002376149845959,1,21,2,1,energy_limited
05291000,"WHETSTONE RIVER NEAR BIG STONE CITY, SD",45.29163,-96.48756,1.28927581965823,0.125753255211332,1.73521013004791,2.23716446269678,0.148874500915531,PRCP,1,0.0059368737251274,0.0059368737251274,0.0034958046789174,0.0024421333871994,0.0019040781285632,1,18,25,2,water_limited
05362000,"JUMP RIVER AT SHELDON, WI",45.30803,-90.95652,0.882623749043753,0.350440439835209,2.35849691991786,2.08166539356605,0.174430982504896,PRCP,1,0.0120819935055548,0.0120819935055548,0.0037761063051606,0.0038314546740777,0.0039076710249418,1,3,6,1,energy_limited
05393500,"SPIRIT RIVER AT SPIRIT FALLS, WI",45.44913,-89.97931,0.873556936465714,0.412614012039464,2.38842299794661,2.0864234770705,0.19616986570515,PRCP,1,0.0079138877401053,0.0079138877401053,0.0041997527982567,0.0037539935747141,0.0030375758414124,1,15,5,4,energy_limited
05399500,"BIG EAU PLEINE RIVER AT STRATFORD, WI",44.82191,-90.07958,0.932324721609175,0.301201873238836,2.28198631074606,2.12755225188227,0.156958255923397,PRCP,1,0.0035849813133802,0.0035849813133802,0.0022493886613696,0.0024730043324922,0.0020974919924213,1,2,6,13,energy_limited
05408000,"KICKAPOO RIVER AT LA FARGE, WI",43.57414,-90.64319,0.894639096817102,0.270848865079002,2.48642299794661,2.22445122518823,0.140156645371,SRAD,24,0.0004113962880278,0.0004095244628731,0.0004113962880278,0.0002242175457193,0.0004021009734508,6,24,13,2,energy_limited
05412500,"Turkey River at Garber, IA",42.73999,-91.2618,0.845489795201318,0.310019826601342,2.68833812457221,2.27296245037645,0.123139414745974,PRCP,1,0.0032310779373286,0.0032310779373286,0.0022702987020571,0.0012744883399448,0.002146919772081,1,9,1,1,energy_limited
05413500,"GRANT RIVER AT BURTON, WI",42.72027,-90.81929,0.861296507698511,0.259326968078722,2.65133880903491,2.2835888569473,0.124159245932601,Tair,10,0.0017173315657293,0.0016054653197082,0.0016711947275055,0.0017173315657293,0.0015537109968341,1,12,10,10,energy_limited
05414000,"PLATTE RIVER NEAR ROCKVILLE, WI",42.7311,-90.64041,0.841185945747515,0.269881682636223,2.70729500342231,2.27733850787132,0.123542293769616,SRAD,18,0.0020819849303285,0.0012046705432159,0.0020819849303285,0.0013093997824198,0.0015061678462787,3,18,19,19,energy_limited
05444000,"ELKHORN CREEK NEAR PENROSE, IL",41.90281,-89.69622,0.849098383607968,0.294420237029639,2.80612457221081,2.3826758384668,0.113352332875094,Tair,30,0.0037260605757012,0.0032221124692173,0.002819992331917,0.0037260605757012,0.0025107158572638,1,20,30,15,energy_limited
05454000,"Rapid Creek near Iowa City, IA",41.70002,-91.48767,0.868949342348529,0.279561234217908,2.74700342231348,2.38700681724846,0.102381239516297,VP,4,0.0027486577151083,0.0020728655487345,0.0021777572155506,0.0021676559997621,0.0027486577151083,1,21,21,4,energy_limited
05458000,"Little Cedar River near Ionia, IA",43.03328,-92.50354,0.879679828428681,0.285423938466575,2.56788227241615,2.25891423682409,0.122540965691067,PRCP,1,0.0036003654796995,0.0036003654796995,0.0014238078664188,0.0010530962858012,0.0011464078396974,1,12,4,2,energy_limited
05466500,"EDWARDS RIVER NEAR NEW BOSTON, IL",41.18698,-90.96737,0.894159243629859,0.30124153243542,2.73042984257358,2.44143908281999,0.107102802145215,PRCP,1,0.011621480563115,0.011621480563115,0.00540836131637,0.0026690366851732,0.0025683583368981,1,1,22,4,energy_limited
05487980,"White Breast Creek near Dallas, IA",41.24688,-93.26607,0.90467101426818,0.263159730521466,2.68562354551677,2.42960577686516,0.0964519167641938,PRCP,1,0.0043496357719306,0.0043496357719306,0.0022512805264147,0.0023686174830499,0.0025042910948096,1,19,2,2,energy_limited
05488200,"English Creek near Knoxville, IA",41.30055,-93.04548,0.911920102668898,0.273374031950069,2.66347980835044,2.42888078028747,0.10182137585369,PRCP,1,0.0035884011316129,0.0035884011316129,0.0017724004076342,0.0015814688802651,0.0024448638033795,1,21,1,1,energy_limited
05489000,"Cedar Creek near Bussey, IA",41.219,-92.90853,0.908419707294955,0.255885681490586,2.68093360711841,2.43541292265572,0.0977424681708028,PRCP,1,0.003271568947423,0.003271568947423,0.0015203972345517,0.0015716604032164,0.0023087738696319,1,22,6,1,energy_limited
05495000,"Fox River at Wayland, MO",40.39241,-91.59788,0.914279499523595,0.272043598513495,2.72977412731006,2.4957765229295,0.0965623589589288,PRCP,1,0.010947914345053,0.010947914345053,0.0030269150679544,0.0018648113506439,0.0020367536961277,1,1,1,1,energy_limited
05495500,"BEAR CREEK NEAR MARCELLINE, IL",40.14282,-91.33737,0.920609756946551,0.268667845773043,2.75290622861054,2.5343523340178,0.0758324970984556,PRCP,1,0.0046170969713372,0.0046170969713372,0.0023161342421045,0.0018600733211038,0.0018811039266974,1,3,26,26,energy_limited
05501000,"North River at Palmyra, MO",39.81799,-91.5177,0.908715579008473,0.265751954196041,2.82039425051335,2.56293619438741,0.0805965933083467,PRCP,1,0.0053606432994029,0.0053606432994029,0.0029180371624325,0.0026347247670292,0.0026285809875641,1,1,23,1,energy_limited
05503800,"Crooked Creek near Paris, MO",39.58483,-91.99349,0.875087115769595,0.25994008830283,2.94587816563997,2.57790002737851,0.0832843857982754,PRCP,1,0.0044972449123789,0.0044972449123789,0.0019987591707593,0.002066900874285,0.0018380338553461,1,17,22,1,energy_limited
05507600,"Lick Creek at Perry, MO",39.43143,-91.67627,1.22248563339614,0.242511381391273,2.92049281314168,3.5702605065024,0.0742633892998097,PRCP,1,0.0021119804028483,0.0021119804028483,0.0018685280337716,0.0017975892028668,0.0020555665303448,1,26,2,4,water_limited
05508805,"Spencer Cr. bl Plum Cr. nr Frankford, MO",39.52046,-91.34275,0.938201805052775,0.239322400997366,2.87245995893224,2.69494711841205,0.075793058486455,PRCP,1,0.0037755078703508,0.0037755078703508,0.00268187185084,0.0022199629122736,0.0024451671825014,1,1,20,15,energy_limited
05514500,"CUIVRE RIVER NEAR TROY, MO",39.0088,-90.97754,0.886459403213494,0.259398868560576,2.94821081451061,2.61346919917864,0.0713893692063958,PRCP,1,0.0110095446717887,0.0110095446717887,0.0035076820112203,0.0020244566789192,0.0022929895879357,1,1,29,1,energy_limited
05525500,"SUGAR CREEK AT MILFORD, IL",40.63004,-87.72392,0.866430264196892,0.343117047646196,2.84659000684463,2.46637173169062,0.0775662992910571,PRCP,1,0.0140275266674936,0.0140275266674936,0.0036498302605539,0.0023694146757354,0.0021097999418095,1,1,1,1,energy_limited
05556500,"BIG BUREAU CREEK AT PRINCETON, IL",41.36587,-89.49843,0.859336170405326,0.307646781431807,2.78313757700205,2.3916507871321,0.106987814559373,PRCP,1,0.003324721744075,0.003324721744075,0.0014707459066013,0.0016783834556053,0.0009494774297888,1,19,8,1,energy_limited
05584500,"LA MOINE RIVER AT COLMAR, IL",40.33032,-90.89624,0.904224450377187,0.266061856940936,2.77042710472279,2.50508792607803,0.0864765586667042,PRCP,1,0.0090070535159108,0.0090070535159108,0.002697113873102,0.0021370182592155,0.0023780733976497,1,1,27,10,energy_limited
05585000,"LA MOINE RIVER AT RIPLEY, IL",40.02477,-90.63179,0.908181117411695,0.254980581898625,2.7668076659822,2.51276247775496,0.0820506908680342,PRCP,1,0.0064160667465219,0.0064160667465219,0.0026728258815618,0.0018921193986404,0.0017582909504919,1,1,21,4,energy_limited
05591550,"WHITLEY CREEK NEAR ALLENVILLE, IL",39.5067,-88.52756,0.891032818970254,0.30770222357272,2.89986036960986,2.58387075975359,0.0692516054963585,PRCP,1,0.0070853719485126,0.0070853719485126,0.003184351325696,0.0030601838184385,0.003293531956177,1,1,14,18,energy_limited
05592050,"ROBINSON CREEK NEAR SHELBYVILLE, IL",39.40587,-88.89646,0.914557066866657,0.277745870300864,2.83289801505818,2.59084689938398,0.0740889287495313,PRCP,1,0.004243866887806,0.004243866887806,0.0033872031499836,0.002567955493938,0.0022845798057863,1,1,29,24,energy_limited
05592575,"HICKORY CREEK NEAR BROWNSTOWN, IL",38.93699,-88.95284,0.896067108661667,0.290149757826122,2.9833826146475,2.67331103353867,0.0638801924050215,Tair,26,0.0030975069710098,0.0028975001499558,0.0020649113142113,0.0030975069710098,0.0028360191230077,1,22,26,26,energy_limited
05593575,"LITTLE CROOKED CREEK NEAR NEW MINDEN, IL",38.44172,-89.41675,0.902521552649698,0.295245128071549,2.96442299794661,2.67545564681725,0.0547473552431735,PRCP,1,0.0053041300116837,0.0053041300116837,0.0033658749096034,0.0026536833422286,0.0025124068340722,1,1,28,1,energy_limited
05593900,"EAST FORK SHOAL CREEK NEAR COFFEEN, IL",39.14894,-89.35231,0.916137506660939,0.289131489325222,2.86180150581793,2.62180369609856,0.0734339258739105,PRCP,1,0.0037070810820898,0.0037070810820898,0.0033566674825086,0.0029732454204771,0.0028073597166283,1,1,22,26,energy_limited
05595730,"RAYSE CREEK NEAR WALTONVILLE, IL",38.25394,-89.03979,0.861415859619752,0.281481547843571,3.100681724846,2.67097641341547,0.05667164669358,PRCP,1,0.0034618676154188,0.0034618676154188,0.0030557781053631,0.002662962288108,0.0028578314834378,1,20,27,22,energy_limited
06037500,Madison River near West Yellowstone MT,44.65687,-111.06827,1.08228197592541,0.461855984495862,2.40582477754962,2.60378079397673,0.648344907835478,SRAD,2,0.0090519967098302,0.0040740155450127,0.0090519967098302,0.0061138915150709,0.0044770409427005,2,2,1,4,water_limited
06043500,Gallatin River near Gallatin Gateway MT,45.49743,-111.27051,1.22362478687724,0.427139401219485,2.19833264887064,2.68993431895962,0.580824120327646,SRAD,2,0.0095791703616276,0.0027821208812092,0.0095791703616276,0.0064828390014419,0.0057496667625291,2,2,4,1,water_limited
06154410,Little Peoples Creek near Hays MT,47.9661,-108.66071,1.60064339510192,0.201156241315941,1.2908720054757,2.06622574948665,0.197818198014384,PRCP,1,0.002994124763462,0.002994124763462,0.0029125216294731,0.0015118326607579,0.0017589342566154,1,30,8,21,water_limited
06188000,"LAMAR RIVER NR TOWER FALLS RANGER STATION, YNP",44.92772,-110.39381,1.12381778407054,0.599378816945022,2.2527446954141,2.53167455167693,0.621106810157812,SRAD,1,0.0136642576066178,0.0027427955260539,0.0136642576066178,0.0096481625346331,0.005692068968883,7,1,1,1,water_limited
06191500,Yellowstone River at Corwin Springs MT,45.11188,-110.79438,1.54014916761825,0.528979049929619,2.16386721423682,3.33267828884326,0.629262259561398,SRAD,1,0.0101045489752737,0.0019018072394104,0.0101045489752737,0.0076889909180355,0.0045955814834631,8,1,1,3,water_limited
06221400,"DINWOODY CREEK ABOVE LAKES, NEAR BURRIS, WYO.",43.34551,-109.41014,1.93775283537396,0.943420045715152,1.55064065708419,3.00475832991102,0.714826752405444,Tair,1,0.0212475803900994,0.0052429277510559,0.0173669991509906,0.0212475803900994,0.0183306754111691,2,2,1,1,water_limited
06224000,"BULL LAKE CREEK ABOVE BULL LAKE, WY",43.1769,-109.20291,1.7478701746332,0.91037262845784,1.47903627652293,2.58516339493498,0.693901350936104,SRAD,3,0.0119248513326044,0.0029589319907,0.0119248513326044,0.0088366558820049,0.0087779788472569,3,3,2,1,water_limited
06278300,"SHELL CREEK ABOVE SHELL CREEK RESERVOIR, WY",44.50802,-107.40369,1.31947750026898,0.651511676457496,1.93391923340178,2.55176291581109,0.732862235334757,SRAD,1,0.0117409544735088,0.0028318763556464,0.0117409544735088,0.00704922143417,0.006100438351203,26,1,1,1,water_limited
06280300,"SOUTH FORK SHOSHONE RIVER NEAR VALLEY, WY",44.20828,-109.55489,1.30316178661964,0.604356060704403,1.9521492128679,2.54396625598905,0.666773488915146,SRAD,1,0.01489514329326,0.0027163261592267,0.01489514329326,0.0075768005513507,0.0050190721808845,1,1,4,3,water_limited
06289000,Little Bighorn River at State Line nr Wyola MT,45.00691,-107.61509,1.4459497623994,0.417088733426769,1.72181108829569,2.4896523340178,0.583642806430044,SRAD,1,0.0055758166423256,0.0026583309205507,0.0055758166423256,0.0032237292840866,0.002973592132169,1,1,1,1,water_limited
06291500,Lodge Grass Cr ab Willow C Div nr Wyola MT,45.12644,-107.60054,1.98706225447369,0.314380358116209,1.56217796030116,3.10414485968515,0.404772816694431,SRAD,1,0.0052108510002427,0.0034500104082143,0.0052108510002427,0.0037374820491,0.0048279459867841,1,1,23,1,water_limited
06311000,"NORTH FORK POWDER RIVER NEAR HAZELTON, WY",44.02774,-107.08089,1.67622002761224,0.418661161891944,1.45656536618754,2.44152403832991,0.57382796016244,SRAD,1,0.0053404648836864,0.0029283074431762,0.0053404648836864,0.0041595005668332,0.0037682324515275,1,1,1,1,water_limited
06332515,"BEAR DEN CREEK NR MANDAREE, ND",47.78724,-102.76853,2.04281782531033,0.034008438431238,1.2116372347707,2.47515414099932,0.173914615394175,SRAD,8,0.0027548363131015,0.0022094115934522,0.0027548363131015,0.0024454541114216,0.001739073397892,1,8,26,19,water_limited
06339100,"KNIFE RIVER AT MANNING, ND",47.23613,-102.76991,1.83336186298423,0.0446535825987646,1.15557973990418,2.11859582477755,0.160349274004295,PRCP,1,0.0024345263135014,0.0024345263135014,0.0014009391242022,0.0014852800663262,0.0007024100115197,1,15,14,1,water_limited
06339500,"KNIFE RIVER NR GOLDEN VALLEY, ND",47.15445,-102.05989,1.90062441347923,0.0356373615656577,1.13635455167693,2.15978320328542,0.161668315048542,SRAD,14,0.0015698831519136,0.0013044519382825,0.0015698831519136,0.0013854697017721,0.001019657215672,1,14,3,25,water_limited
06344600,"GREEN RIVER NR NEW HRADEC, ND",47.02779,-103.05324,1.87330300304748,0.0454415157336279,1.13692402464066,2.12980318959617,0.162624033289867,PRCP,1,0.00208721726061,0.00208721726061,0.0018959267560288,0.0016168953476854,0.001002830261409,1,15,29,30,water_limited
06350000,"CANNONBALL RIVER AT REGENT, ND",46.42667,-102.55183,2.01740148580862,0.0415629035863965,1.07796030116359,2.17467871321013,0.164913327830338,Tair,17,0.0024402851499238,0.0018023110704047,0.0022104798204882,0.0024402851499238,0.0016620846412729,1,7,17,2,water_limited
06352000,"CEDAR CREEK NR HAYNES, ND",46.15417,-102.47405,2.13079406785484,0.0476100574275385,1.09566735112936,2.33464149212868,0.168403955596369,SRAD,12,0.0022856881514157,0.0014704230428399,0.0022856881514157,0.002036370817162,0.0010572235492271,14,12,23,2,water_limited
06353000,"CEDAR CREEK NR RALEIGH, ND",46.09167,-101.33374,2.68060676438952,0.0375117182247101,1.13522792607803,3.04309965776865,0.155792225582551,Tair,23,0.0025183603079782,0.0012027411884791,0.0021375215130272,0.0025183603079782,0.0009771593232095,21,1,23,3,water_limited
06354000,"CANNONBALL RIVER AT BREIEN, ND",46.37611,-100.93444,2.32010387926576,0.0437587631693808,1.13818754277892,2.64071333333333,0.159263499974743,Tair,23,0.0024876318553526,0.0010659019816101,0.0021691069656172,0.0024876318553526,0.001357365860138,2,2,23,3,water_limited
06360500,MOREAU R NEAR WHITEHORSE SD,45.25582,-100.84292,1.9199349087454,0.0511522434700169,1.1871923340178,2.2793320054757,0.152009123153346,PRCP,1,0.0036198177767406,0.0036198177767406,0.002915770347364,0.0025015880677266,0.001637984122896,1,11,11,9,water_limited
06404000,BATTLE CR NEAR KEYSTONE SD,43.87249,-103.33658,1.56319969721981,0.104388382498058,1.54081998631075,2.40860933607118,0.191294358675479,PRCP,1,0.0025404390894925,0.0025404390894925,0.0018720757743343,0.0016790981730126,0.0016688091603442,1,20,2,2,water_limited
06406000,BATTLE CR AT HERMOSA SD,43.82805,-103.19602,1.66039478981351,0.0811249962402975,1.42815058179329,2.37129378507871,0.167832878351021,PRCP,1,0.0051376656362163,0.0051376656362163,0.0024719906316178,0.0024298718170317,0.0020601920132485,1,27,3,9,water_limited
06408700,RHOADS FORK NEAR ROCHFORD SD,44.13665,-103.85854,1.28024543336062,0.345526942677174,1.83809308692676,2.35321028062971,0.373160739301437,SRAD,1,0.0030582535446546,0.0020289758342986,0.0030582535446546,0.0023832575280224,0.0019654506058537,18,1,20,9,water_limited
06409000,CASTLE CR ABOVE DEERFIELD RES NEAR HILL CITY SD,44.01359,-103.83048,1.50158827431532,0.104855466801007,1.73344284736482,2.60291745379877,0.343337176611808,SRAD,21,0.0051844916208899,0.0023892575627429,0.0051844916208899,0.0028457691920687,0.0019723402686579,1,21,6,8,water_limited
06431500,SPEARFISH CR AT SPEARFISH SD,44.48248,-103.86159,1.47892722452329,0.19160478234476,1.96518275154004,2.90636227241615,0.36993144167527,PRCP,1,0.0038360284380173,0.0038360284380173,0.0028227899889034,0.0020387481152039,0.0018628993019253,1,24,24,14,water_limited
06440200,"SOUTH FORK BAD R NEAR COTTONWOOD,SD",43.96888,-101.76709,1.79637217648191,0.0549386582514342,1.31600958247775,2.36404299794661,0.140805850137048,PRCP,1,0.0059394045242873,0.0059394045242873,0.0025930700531638,0.0024586274786219,0.0017975532465465,1,18,23,4,water_limited
06441500,BAD R NEAR FORT PIERRE SD,44.32665,-100.3843,1.78318495620922,0.0459984958466069,1.30950581793292,2.33509107460643,0.131508246967888,PRCP,1,0.0054462488234642,0.0054462488234642,0.0033818025987049,0.0032318716332827,0.0027960314056275,1,23,17,4,water_limited
06447000,WHITE R NEAR KADOKA SD,43.7525,-101.52487,2.07549790255863,0.0367710751170609,1.31316084873374,2.72546258726899,0.142712537945758,PRCP,1,0.0145733128134769,0.0145733128134769,0.0036486316645965,0.002674505390911,0.0032281430959174,1,1,7,1,water_limited
06447500,LITTLE WHITE R NEAR MARTIN SD,43.16667,-101.63015,1.68094218186979,0.0501555462661523,1.43718138261465,2.41581880903491,0.155649176414783,SRAD,16,0.0018992080629276,0.0014058795616604,0.0018992080629276,0.0018546208231795,0.001762149155606,9,16,25,29,water_limited
06450500,LITTLE WHITE R BELOW WHITE RIVER SD,43.60139,-100.74986,1.60881258687129,0.0669451718887442,1.47141136208077,2.36722511978097,0.144339852595579,PRCP,1,0.0025293821126157,0.0025293821126157,0.0017570675477722,0.001024455731789,0.0011172198457386,1,15,24,10,water_limited
06452000,WHITE R NEAR OACOMA SD,43.74833,-99.55649,1.74314823710727,0.0475854678806838,1.38209308692676,2.40919312799452,0.131326767820336,PRCP,2,0.0065892653901337,0.0065892653901337,0.003967908005817,0.0030979219387124,0.0026197024856632,2,19,29,3,water_limited
06453600,"PONCA CREEK AT VERDEL, NEBR.",42.81099,-98.17586,1.38900494760701,0.0685269519560205,1.71765639972621,2.38583323750856,0.12831899313647,PRCP,1,0.0041425411413923,0.0041425411413923,0.0026741854214112,0.0025226712873257,0.0024462122927712,1,27,22,19,water_limited
06464500,KEYA PAHA R AT WEWELA SD,43.02889,-99.78067,1.55303919537849,0.054642847881469,1.54643942505133,2.4016810403833,0.131171470707478,PRCP,1,0.0069945654151566,0.0069945654151566,0.0035262479621102,0.0031701932501839,0.002134748352449,1,13,30,30,water_limited
06468170,"JAMES RIVER NR GRACE CITY, ND",47.55805,-98.86289,1.57949078203051,0.0585831080258238,1.3077453798768,2.06557177275838,0.143378889321559,Tair,16,0.0017972744668483,0.0011266418498884,0.0017620505562099,0.0017972744668483,0.000956514841511,3,20,16,23,water_limited
06468250,"JAMES RIVER ABOVE ARROWWOOD LAKE NR KENSAL, ND",47.39972,-98.79761,2.15974811245113,0.0580278729330962,1.31975496235455,2.85033828884326,0.144027317206749,SRAD,25,0.0022093313336688,0.0013621063609541,0.0022093313336688,0.0019092964128976,0.0012039743034239,3,25,6,25,water_limited
06470800,"BEAR CREEK NR OAKES, ND",46.22524,-98.07177,1.35156161838453,0.0354797001823268,1.55759890485969,2.10519089664613,0.14718946482151,SRAD,22,0.0019231730305916,0.0014825901727385,0.0019231730305916,0.0017821352630137,0.0012287640028453,15,22,16,6,water_limited
06477500,FIRESTEEL CR NEAR MOUNT VERNON SD,43.7764,-98.24567,1.3900588387715,0.0396230218227996,1.68001642710472,2.33532168377823,0.132381124658994,PRCP,1,0.0064932687768506,0.0064932687768506,0.0021634561943224,0.0020514514333483,0.0020823760282171,1,19,5,20,water_limited
06479215,BIG SIOUX RIVER NR FLORENCE SD,45.1808,-97.18619,1.20607496009013,0.118501815172687,1.80677481177276,2.17910585900068,0.164751422321796,SRAD,19,0.0022708974650371,0.0016149984555723,0.0022708974650371,0.0017200948712538,0.001039256570134,2,19,3,27,water_limited
06479438,BIG SIOUX R NEAR WATERTOWN SD,45.00608,-97.16508,1.2700084095481,0.080548296664931,1.76455989048597,2.24100590006845,0.159799256949708,SRAD,17,0.0020619393910964,0.0017221266308111,0.0020619393910964,0.0020129845701977,0.001095760438401,1,17,2,1,water_limited
06601000,"OMAHA CR AT HOMER, NEBR",42.32158,-96.48768,1.13549357837119,0.168584713315325,2.11500752908966,2.40157746748802,0.105879368005318,SRAD,9,0.0019419532772651,0.0017326651553428,0.0019419532772651,0.0012731357899318,0.0014099225279148,1,9,26,1,water_limited
06614800,"MICHIGAN RIVER NEAR CAMERON PASS, CO.",40.49609,-105.86501,1.29403586608656,0.621256802493902,2.91761396303901,3.77549711156742,0.760476738091987,SRAD,1,0.0058618402170068,0.0018541106890894,0.0058618402170068,0.0045513736807604,0.0042857223709577,2,1,20,8,water_limited
06622700,"NORTH BRUSH CREEK NEAR SARATOGA, WY",41.37024,-106.52058,1.47588506035729,0.522749828714775,2.2571498973306,3.33129381245722,0.717691988588396,SRAD,1,0.0080904376851752,0.0020222332032983,0.0080904376851752,0.0063301186009686,0.0057562686640332,16,1,4,1,water_limited
06623800,"ENCAMPMENT RIVER AB HOG PARK CR, NR ENCAMPMENT, WY",41.02358,-106.82477,1.06195280275687,0.498983998298549,2.86847227926078,3.04618217659138,0.753935609059572,SRAD,1,0.0064036569499661,0.0025485770666581,0.0064036569499661,0.0054914025481339,0.0045614158674423,1,1,4,1,water_limited
06632400,"ROCK CREEK AB KING CANYON CANAL, NR ARLINGTON, WY",41.58525,-106.22279,1.45805954432552,0.490342732107327,2.24640109514031,3.27538655715264,0.744511869620645,SRAD,1,0.0069383098453942,0.0015211045475549,0.0069383098453942,0.005450683314454,0.0055682683704813,17,1,6,1,water_limited
06746095,"JOE WRIGHT CREEK ABOVE JOE WRIGHT RESERVOIR, CO.",40.53998,-105.88279,1.0840002275756,1.13032753016531,2.75498699520876,2.98640652977413,0.728744289492069,SRAD,2,0.0062995134774889,0.0021815683338644,0.0062995134774889,0.0048750113577323,0.0050867541986001,2,2,5,1,water_limited
06784000,"SOUTH LOUP R AT ST. MICHAEL, NEBR.",41.03244,-98.74053,1.41907486170423,0.0522618195300607,1.74511156741958,2.47644395619439,0.115205160950232,PRCP,1,0.0031002701718995,0.0031002701718995,0.0022716416551657,0.0022438128082914,0.0023877901145528,1,30,10,1,water_limited
06803510,"LITTLE SALT CREEK NEAR LINCOLN, NEBR.",40.89311,-96.68155,1.18552696425122,0.129828408252372,2.10492402464066,2.4954441889117,0.0940475934983777,VP,2,0.0013176781569422,0.0007397154528409,0.0010328770851013,0.0010245095717711,0.0013176781569422,18,15,15,2,water_limited
06803530,"ROCK CREEK NEAR CERESCO, NEBR.",41.0157,-96.54428,1.16045170865849,0.126554340576194,2.14256810403833,2.48634681724846,0.0991958577666237,VP,5,0.0015099268924958,0.0008489683835236,0.0009273725104096,0.0012206214578086,0.0015099268924958,1,29,5,5,water_limited
06814000,"TURKEY C NR SENECA, KS",39.94778,-96.10862,1.07356313724596,0.175497813827597,2.40060232717317,2.57719816563997,0.0902842088456011,VP,4,0.0036923419385041,0.0034845717592381,0.0035006468083681,0.0032594388692552,0.0036923419385041,1,16,1,4,water_limited
06847900,"PRAIRIE DOG C AB KEITH SEBELIUS LAKE, KS",39.76985,-100.10078,2.09799656292002,0.0077308463966411,1.57560164271047,3.30560683093771,0.102382584534704,SRAD,28,0.001081639112258,0.0009164889997786,0.001081639112258,0.0008912403230681,0.0007902231784966,21,28,21,1,water_limited
06853800,"WHITE ROCK C NR BURR OAK, KS",39.89925,-98.25043,1.46547337881702,0.0539988765375486,1.94587542778919,2.85162863791923,0.104135741933305,PRCP,1,0.0039419375192239,0.0039419375192239,0.0026039810372007,0.0020037205774613,0.0027301523740587,1,25,9,2,water_limited
06876700,"SALT C NR ADA, KS",39.13907,-97.83696,1.30343428478204,0.0777997700941664,2.05577686516085,2.67957004791239,0.0796113854216262,PRCP,1,0.0041014039908289,0.0041014039908289,0.0021863575542596,0.001531374429349,0.0018097375352732,1,29,15,13,water_limited
06878000,"CHAPMAN C NR CHAPMAN, KS",39.03111,-97.04029,1.29770247198185,0.127112864064265,2.22978097193703,2.89359227926078,0.0727867121382812,PRCP,1,0.0101155513437387,0.0101155513437387,0.0031805711109263,0.0023236764178606,0.0034675508147418,1,1,2,1,water_limited
06879650,"KINGS C NR MANHATTAN, KS",39.10195,-96.59521,1.00782927685693,0.181512500938322,2.62374674880219,2.64428878850103,0.0672497335190048,SRAD,28,0.0018437890571432,0.0014752406835498,0.0018437890571432,0.0013805948469524,0.0017019405085669,4,28,5,3,water_limited
06885500,"BLACK VERMILLION R NR FRANKFORT, KS",39.68192,-96.44289,1.17223558795673,0.180176985913307,2.4455742642026,2.86678918548939,0.0842987262187572,PRCP,1,0.0050992858964869,0.0050992858964869,0.0031929881393895,0.0031141279388788,0.004353265380009,1,17,29,1,water_limited
06888500,"MILL C NR PAXICO, KS",39.06265,-96.15025,1.03417347150582,0.22818196809291,2.63800136892539,2.72815103353867,0.0703719655848806,VP,1,0.00286855968606,0.0018853751499001,0.0026451052357086,0.0018735695097509,0.00286855968606,4,22,1,1,water_limited
06889200,"SOLDIER C NR DELIA, KS",39.23833,-95.8886,1.01223716511957,0.219975099284593,2.58962354551677,2.62131319644079,0.0716152496141078,PRCP,1,0.0017314892361707,0.0017314892361707,0.0008518201255038,0.000805335941731,0.0008933800741981,1,20,5,1,water_limited
06889500,"SOLDIER C NR TOPEKA, KS",39.09938,-95.72495,1.00328900932497,0.217562012883959,2.6198302532512,2.62844689938398,0.069599735811632,PRCP,1,0.0029060764426838,0.0029060764426838,0.001797798803175,0.0014752107530658,0.0016670514631563,1,30,14,7,water_limited
06892000,"STRANGER C NR TONGANOXIE, KS",39.11633,-95.01088,0.944174283753739,0.22741671952724,2.77499110198494,2.62007523613963,0.0715178249456991,PRCP,1,0.0075210735005035,0.0075210735005035,0.0023297343959034,0.0019041444195,0.0027200942179313,1,27,30,1,energy_limited
06903400,"Chariton River near Chariton, IA",40.95189,-93.25985,0.87728614066134,0.25833862327085,2.77167282683094,2.43155015742642,0.0979262678501136,PRCP,1,0.0010868004700207,0.0010868004700207,0.0009210611051719,0.000572806033331,0.0007095995468624,1,20,10,22,energy_limited
06906800,"Lamine River near Otterville, MO",38.70225,-92.97883,0.832635549516019,0.287498833421479,3.19037508555784,2.65641971252567,0.0604504736826071,PRCP,1,0.0083259254879896,0.0083259254879896,0.0040443612556499,0.0019250506085653,0.0024961831535582,1,1,24,1,energy_limited
06910800,"MARAIS DES CYGNES R NR READING, KS",38.56701,-95.96163,1.01816257129589,0.216380603418198,2.66768651608487,2.71613856262834,0.0613066358092003,Tair,7,0.0013714589903241,0.0010209983513508,0.0009960027748585,0.0013714589903241,0.001196754123907,1,16,7,2,water_limited
06911900,"DRAGOON C NR BURLINGAME, KS",38.71069,-95.83603,1.00244748629089,0.216951788171212,2.6653839835729,2.67190747433265,0.0618531603753962,VP,1,0.0015096812605359,0.001241546410917,0.0013752164734414,0.0012642358714831,0.0015096812605359,1,26,14,1,water_limited
06917000,"L OSAGE R AT FULTON, KS",38.01897,-94.71367,0.91183746577702,0.287241300878893,3.02001368925394,2.75376162902122,0.05107020470328,PRCP,1,0.0025450403785174,0.0025450403785174,0.0012922119759177,0.0010023619689003,0.0011236784591506,1,1,11,1,energy_limited
06918460,"Turnback Creek above Greenfield, MO",37.40237,-93.80203,0.852583831396187,0.308266957413229,3.22948665297741,2.75340810403833,0.0498588468679264,PRCP,1,0.0027618259973269,0.0027618259973269,0.0013011048210154,0.001148206950661,0.0012089799800987,1,1,12,3,energy_limited
06919500,"Cedar Creek near Pleasant View, MO",37.8342,-93.87549,0.859843734652658,0.238616108666041,3.31698562628337,2.85208930869268,0.0494466083766876,PRCP,1,0.0118021504952574,0.0118021504952574,0.0033990960118427,0.0032017359584852,0.0035251332057892,1,1,21,1,energy_limited
06921070,"Pomme de Terre River near Polk, MO",37.68265,-93.37033,0.849015442075115,0.296573548524969,3.24154140999316,2.75211871321013,0.0601238372834516,PRCP,1,0.0026555164417872,0.0026555164417872,0.0021941135580789,0.0020607189183913,0.0019580100080043,1,1,12,1,energy_limited
06921200,"Lindley Creek near Polk, MO",37.75047,-93.26618,0.847027880715814,0.258048318703452,3.23265297741273,2.73814720054757,0.0572554270612204,PRCP,1,0.0029599571199658,0.0029599571199658,0.0026017017958225,0.0022340227249838,0.0025656911335176,1,3,27,3,energy_limited
06934000,"Gasconade River near Rich Fountain, MO",38.38881,-91.81989,0.829831604589262,0.286172603299128,3.25600136892539,2.70193284052019,0.0645908844574479,PRCP,2,0.0089296964657133,0.0089296964657133,0.0035518533922275,0.0025638923352119,0.002806657748869,2,1,10,10,energy_limited
07014500,"Meramec River near Sullivan, MO",38.15853,-91.10846,0.844067173650723,0.261162254571095,3.28426420260096,2.77213960301164,0.0661153614501773,PRCP,1,0.0159305933340948,0.0159305933340948,0.0037198970374535,0.0026791729012004,0.0029825871729971,1,1,1,29,energy_limited
07056000,"Buffalo River near St. Joe, AR",35.98318,-92.74755,0.775339978580808,0.354183456661431,3.61737166324435,2.8046928678987,0.0527457057547994,PRCP,1,0.0033221911143624,0.0033221911143624,0.0019802347802334,0.0015825313593728,0.0013280794073253,1,1,20,16,energy_limited
07057500,"North Fork River near Tecumseh, MO",36.62303,-92.24813,0.850429460883099,0.385775030276138,3.26127173169062,2.77348156057495,0.0564394367095807,PRCP,1,0.0037024834242371,0.0037024834242371,0.0022073026891754,0.0018076931838223,0.0016029471865744,1,1,21,15,energy_limited
07060710,"North Sylamore Creek near Fifty Six, AR",35.99535,-92.21265,0.824435432263722,0.207572634554182,3.69650376454483,3.047528678987,0.0509984831292569,PRCP,1,0.0010515887155643,0.0010515887155643,0.0009622298854899,0.0009166683981444,0.0007727167459177,1,1,9,24,energy_limited
07066000,"Jacks Fork at Eminence, MO",37.15408,-91.35816,0.837588633495557,0.355359320583125,3.28792470910335,2.75392836413415,0.0562313137196695,PRCP,1,0.0061436885104514,0.0061436885104514,0.0024787941626107,0.0028377363114343,0.0024688299139561,1,1,21,20,energy_limited
07067000,"Current River at Van Buren, MO",36.99138,-91.01351,0.800934652422875,0.350641682600374,3.44280219028063,2.75745957563313,0.0557204130312644,PRCP,1,0.0084819740558945,0.0084819740558945,0.00458144495775,0.002971245208591,0.0028651431841293,1,1,21,1,energy_limited
07068000,"Current River at Doniphan, MO",36.622,-90.84762,0.80698463700125,0.391846704786877,3.40409171800137,2.74704971937029,0.0555107614985227,PRCP,1,0.0130793938558919,0.0130793938558919,0.0044002420730027,0.0029936193822285,0.0029922432747422,1,1,21,7,energy_limited
07071500,"Eleven Point River near Bardley, MO",36.64868,-91.20082,0.829700431609724,0.287918866452721,3.33882135523614,2.77022151950719,0.0533556866743829,PRCP,1,0.0042953840217137,0.0042953840217137,0.0025871100425341,0.0021887468792121,0.0020715271879402,1,1,17,10,energy_limited
07083000,"HALFMOON CREEK NEAR MALTA, CO.",39.17221,-106.38919,1.36440276871712,0.571181002312971,2.08370841889117,2.84301753593429,0.710599947836907,SRAD,1,0.0093988494404207,0.002493186479524,0.0093988494404207,0.0063075808705338,0.0057978523059171,1,1,1,1,water_limited
07142300,"RATTLESNAKE C NR MACKSVILLE, KS",37.87159,-98.87614,1.56784612680298,0.0107033697231868,1.8067446954141,2.83269767282683,0.0867916780002227,PRCP,3,0.0017431795307874,0.0017431795307874,0.0011482364143485,0.0007061986199773,0.0010250910327372,3,12,20,8,water_limited
07145700,"SLATE C AT WELLINGTON, KS",37.24955,-97.4039,1.11547123781855,0.22599099996995,2.51052156057495,2.8004145927447,0.0617611519704068,PRCP,1,0.0081627784257984,0.0081627784257984,0.0020234913004766,0.0016298949125915,0.0021101523839257,1,1,1,1,water_limited
07148400,"Salt Fork Arkansas River nr Alva, OK",36.81503,-98.64814,1.6760273558192,0.0622925684525774,1.90958247775496,3.20051247091034,0.0798781318326822,PRCP,1,0.0082293120467625,0.0082293120467625,0.0024417961750458,0.0027360300895594,0.0032823858310227,1,21,3,1,water_limited
07149000,"MEDICINE LODGE R NR KIOWA, KS",37.0392,-98.47021,1.52338851587058,0.093606987194534,1.97581245722108,3.00993000684463,0.079110058607485,PRCP,1,0.0093569970127242,0.0093569970127242,0.0024978260041633,0.0020158641603365,0.0028710437738883,1,16,8,6,water_limited
07151500,"CHIKASKIA R NR CORBIN, KS",37.12891,-97.60144,1.28691041212315,0.161932479247706,2.31618069815195,2.9807170568104,0.0705349385627405,PRCP,1,0.0048575834083942,0.0048575834083942,0.001924670799157,0.0015206279138529,0.0019497224069288,1,29,16,1,water_limited
07167500,"OTTER C AT CLIMAX, KS",37.70821,-96.2236,0.966221892684406,0.29773028761745,2.81646406570842,2.72132924024641,0.0520689190916616,SRAD,24,0.001566197497006,0.0011573296787972,0.001566197497006,0.0011907629971295,0.0014483728699945,1,24,28,18,energy_limited
07180500,"CEDAR C NR CEDAR POINT, KS",38.19645,-96.82458,1.12417376961053,0.251656032119696,2.60758932238193,2.93138351813826,0.0557846206828486,VP,7,0.0020113135469456,0.0019624549571363,0.0016965536350026,0.0016407545245396,0.0020113135469456,1,20,3,7,water_limited
07184000,"LIGHTNING C NR MCCUNE, KS",37.28125,-95.03267,0.842268292980362,0.300203263043152,3.2553826146475,2.7419055578371,0.0453576175844397,PRCP,1,0.0043007485105955,0.0043007485105955,0.001700917629384,0.00096698612305,0.001224315034707,1,1,17,15,energy_limited
07195800,"Flint Creek at Springtown, AR",36.25548,-94.43394,0.816966915348155,0.288714907372606,3.50413004791239,2.86275831622177,0.0482364215180522,SRAD,25,0.0018104407565251,0.001641465271156,0.0018104407565251,0.0016142081307937,0.0016328416850011,1,25,21,11,energy_limited
07196900,"Baron Fork at Dutch Mills, AR",35.88008,-94.48661,0.773031049426636,0.32476260294148,3.70366187542779,2.86304562628337,0.0460986315040519,SRAD,26,0.0025345634074449,0.0014673739128894,0.0025345634074449,0.0020035906078287,0.0020998865544391,14,26,11,7,energy_limited
07197000,"Baron Fork at Eldon, OK",35.9212,-94.83856,0.792397247493652,0.317349995982664,3.62419986310746,2.87180599589322,0.0408010944755726,PRCP,1,0.0032591632985488,0.0032591632985488,0.0014914286977307,0.0015733637242768,0.0016294484744891,1,8,10,7,energy_limited
07208500,"RAYADO CREEK NEAR CIMARRON, NM",36.37226,-104.97,1.75813818175816,0.129213610710801,1.65867898699521,2.91618685831622,0.333134983679482,SRAD,13,0.003827804158582,0.0028861562445528,0.003827804158582,0.0027298863676853,0.0023582910148961,1,13,24,9,water_limited
07226500,"UTE CREEK NEAR LOGAN, NM",35.43838,-103.52579,2.52244628067582,0.0042380252326049,1.07436002737851,2.71001545516769,0.0735735582681379,PRCP,1,0.0034040432564001,0.0034040432564001,0.001083198504778,0.0014849196499204,0.0021296733255125,1,5,2,2,water_limited
07261000,"Cadron Creek near Guy, AR",35.2988,-92.40393,0.77452604447742,0.359831387692934,3.7491279945243,2.90379727583847,0.0378060990134872,SRAD,1,0.0052136538258237,0.0035471203270687,0.0052136538258237,0.0038483544182695,0.0033735836773735,1,1,23,17,energy_limited
07263295,"Maumelle River at Williams Junction, AR",34.8762,-92.77461,0.859007898665077,0.345850281186976,3.94611772758385,3.38974629705681,0.0310455107281904,SRAD,1,0.003360315330156,0.0029138882533655,0.003360315330156,0.0023830527752152,0.0023695987617419,1,1,16,17,energy_limited
07290650,"BAYOU PIERRE NR WILLOWS, MS",32.01778,-90.87694,0.823868611214627,0.291429661169347,4.1546160164271,3.42285772758385,0.0040610264363759,PRCP,1,0.006689365235825,0.006689365235825,0.0040156461261472,0.0034167890187268,0.0034439145934708,1,1,9,12,energy_limited
07291000,"HOMOCHITTO RIVER AT EDDICETON, MS",31.50306,-90.7775,0.746843729797645,0.307534556489653,4.27315811088296,3.19138134154689,0.003569389743915,SRAD,1,0.0030193768581024,0.0023768487177709,0.0030193768581024,0.0025913408432967,0.0025347999269916,1,1,26,26,energy_limited
07292500,"HOMOCHITTO RIVER AT ROSETTA, MS",31.32472,-91.10944,0.816551317044455,0.31173271601134,4.25553045859001,3.47485900068446,0.0025798855778927,SRAD,1,0.0046380153312349,0.0042111183859115,0.0046380153312349,0.0039879517065173,0.0033396135692993,1,1,26,26,energy_limited
07295000,"BUFFALO RIVER NR WOODVILLE, MS",31.22694,-91.29556,0.81124919573806,0.358672862346047,4.38075154004107,3.55388116358658,0.0018796058546206,Tair,26,0.0037650715051036,0.0021605134902078,0.0031286907787976,0.0037650715051036,0.003666031545106,1,24,26,18,energy_limited
07299670,"Groesbeck Ck at SH 6 nr Quanah, TX",34.35452,-99.74037,2.33652699692291,0.0573804118361938,1.77283367556468,4.14227374401095,0.02913235345217,PRCP,1,0.004685279649757,0.004685279649757,0.0013049547033608,0.0011024473844573,0.0015473107633632,1,1,5,6,water_limited
07301410,"Sweetwater Ck nr Kelton, TX",35.4731,-100.12095,1.72085929084126,0.0243532864886097,1.69013826146475,2.90849013004791,0.0754167591358171,PRCP,1,0.0036290811120075,0.0036290811120075,0.0017988913549926,0.0017838546285608,0.0017376539850746,1,27,22,3,water_limited
07301500,"North Fork Red River near Carter, OK",35.16811,-99.50731,1.79406853132336,0.0272336861110992,1.72773305954825,3.09967151266256,0.0694242731808425,PRCP,1,0.002693138491429,0.002693138491429,0.0014556646971527,0.001300809415281,0.0015925078194482,1,2,6,6,water_limited
07315200,"E Fk Little Wichita Rv nr Henrietta, TX",33.81288,-98.08504,1.70766093969166,0.0655213290638113,2.23199315537303,3.81148752908966,0.0162560388991893,PRCP,1,0.0031208706703465,0.0031208706703465,0.0011088749560767,0.0008098571041664,0.0011976011370903,1,1,30,1,water_limited
07315700,"Mud Creek near Courtney, OK",34.00426,-97.56697,1.22670685204901,0.143165773826175,2.50220670773443,3.06947411362081,0.0208161228801737,PRCP,1,0.0062355712643629,0.0062355712643629,0.0023558232415003,0.0011625143375266,0.001673298694081,1,1,2,4,water_limited
07335700,"Kiamichi River near Big Cedar, OK",34.63844,-94.61272,0.669954865647405,0.499744282995896,4.23528268309377,2.83744824093087,0.0430162960741129,SRAD,1,0.0052675086517818,0.002332690165346,0.0052675086517818,0.0027284706313131,0.0026923134962746,1,1,11,1,energy_limited
07340300,"Cossatot River near Vandervoort, AR",34.37955,-94.23576,0.657004332127709,0.436978155282135,4.38283367556468,2.8795407118412,0.0385678054509223,SRAD,1,0.005577297046144,0.003754660483305,0.005577297046144,0.0035476989262007,0.0030493451592434,1,1,23,12,energy_limited
07346045,"Black Cypress Bayou at Jefferson, TX",32.77792,-94.35742,0.877246678888312,0.251434669586336,3.58202464065708,3.14231921971253,0.0168897938562348,PRCP,3,0.0061011876258187,0.0061011876258187,0.0036541427487921,0.0022951112564842,0.0021987568973048,3,3,11,8,energy_limited
07359610,"Caddo River near Caddo Gap, AR",34.38278,-93.60611,0.681704238009044,0.444162787639425,4.28054757015743,2.91806741957563,0.0301790248613661,SRAD,1,0.002541162476013,0.0022059151295457,0.002541162476013,0.0016928149077006,0.0015325818722007,1,1,5,14,energy_limited
07362100,"SMACKOVER CREEK NEAR SMACKOVER, ARK.",33.37596,-92.77711,0.802148357161268,0.279171651672652,3.80791101984942,3.0545095687885,0.0183234657917035,PRCP,1,0.0069234894363976,0.0069234894363976,0.0031140936992611,0.0019039605171563,0.002134173443187,1,1,2,1,energy_limited
07362587,"Alum Fork Saline River near Reform, AR",34.79759,-92.93351,0.749976777706078,0.406027298097323,4.21306776180698,3.15970298425736,0.0366380668861851,SRAD,1,0.0025462887235536,0.0014516069162935,0.0025462887235536,0.0016198085570408,0.0015345528728406,1,1,20,30,energy_limited
07373000,"Big Creek at Pollock, LA",31.53629,-92.40847,0.804560430838563,0.275908822864019,4.24290759753593,3.41367556468172,0.0033034957237491,PRCP,1,0.0031844102034371,0.0031844102034371,0.0029080741481585,0.0014854386486357,0.0013771327036615,1,1,23,20,energy_limited
07375000,"Tchefuncta River near Folsom, LA",30.61602,-90.24869,0.805556798925254,0.334580046850234,4.61188364134155,3.71513422313484,0.0005081655254214,PRCP,1,0.005885135495193,0.005885135495193,0.0029157855693692,0.0011632212217352,0.0016943910274963,1,1,27,29,energy_limited
07376000,"Tickfaw River at Holden, LA",30.5038,-90.67732,0.857794351108591,0.316407081744658,4.58740588637919,3.93505085557837,0.0012046790606069,PRCP,2,0.0104637329094506,0.0104637329094506,0.0048162050199234,0.0021042931282189,0.0022139361543663,2,2,28,27,energy_limited
08013000,"CALCASIEU RIVER NR GLENMORA, LA",30.99602,-92.67375,0.745282546959656,0.341541507541045,4.32004654346338,3.21965529089665,0.0032863361803717,PRCP,3,0.0074577071591075,0.0074577071591075,0.0040132141126315,0.0025759181766124,0.0024874535254663,3,1,13,21,energy_limited
08014500,"Whiskey Chitto Creek Near Oberlin, LA",30.69875,-92.89319,0.731222355302373,0.318200179475129,4.47232991101985,3.27026761122519,0.0022457658116513,PRCP,2,0.0076927351506943,0.0076927351506943,0.0035771577658404,0.0029467757650194,0.0033913599250988,2,2,2,2,energy_limited
08023080,"Bayou Grand Cane near Stanley, LA",31.97933,-93.93408,0.800739536656153,0.269821958678364,4.02336755646817,3.22166947296372,0.0072046599774758,PRCP,1,0.0154034630137905,0.0154034630137905,0.0064441762975122,0.0040053385844551,0.0035452313281356,1,1,19,27,energy_limited
08025500,"Bayou Toro near Toro, LA",31.30713,-93.51573,0.805194773782854,0.271291031704032,3.99575496235455,3.21736101300479,0.0027849541899188,PRCP,1,0.0061789592238498,0.0061789592238498,0.0029656550918202,0.0023718243298487,0.0025193718026015,1,1,26,18,energy_limited
08029500,"Big Cow Ck nr Newton, TX",30.81889,-93.78556,0.849936042537574,0.273280213310419,4.20368377823409,3.57286235455168,0.0020727558469462,SRAD,1,0.0011159761224727,0.0008815926792258,0.0011159761224727,0.0006884232223559,0.0006845893474274,1,1,22,6,energy_limited
08050800,"Timber Ck nr Collinsville, TX",33.55455,-96.94723,1.11436832312552,0.178168051521147,2.81934839151266,3.1417925393566,0.0196728968786143,VP,1,0.0015602112955436,0.0013565128606663,0.0013450043726559,0.0014313139263654,0.0015602112955436,18,27,7,1,water_limited
08066200,"Long King Ck at Livingston, TX",30.71631,-94.95882,1.01878315099575,0.242420744807787,3.81475838466804,3.88641156741958,0.0023206818433828,PRCP,1,0.0016274394097959,0.0016274394097959,0.0014563437940558,0.0008381990490451,0.0012746228472182,1,2,17,16,water_limited
08066300,"Menard Ck nr Rye, TX",30.48139,-94.77972,1.05398794346995,0.233217658691632,3.97624914442163,4.19091865845311,0.0017530511421341,PRCP,1,0.0047527456317287,0.0047527456317287,0.0029959916107339,0.0016136105423949,0.0019432892970183,1,1,1,1,water_limited
08070000,"E Fk San Jacinto Rv nr Cleveland, TX",30.3366,-95.1041,1.00949499977647,0.219556639195991,3.64377960301164,3.67837728952772,0.0023807368074233,PRCP,1,0.0023227304338161,0.0023227304338161,0.001328296631661,0.0007289313356536,0.0009619585188249,1,1,18,25,water_limited
08070200,"E Fk San Jacinto Rv nr New Caney, TX",30.14549,-95.12438,1.09493724123552,0.21389826931346,3.67671457905544,4.02577171800137,0.0024550978464837,PRCP,1,0.0023867865833628,0.0023867865833628,0.0011662909141178,0.0009840758415554,0.0008811990633172,1,2,30,18,water_limited
08079600,"DMF Brazos Rv at Justiceburg, TX",33.03843,-101.19763,2.60908154481608,0.0159899089832202,1.37242026009582,3.58075637234771,0.0357218022388841,PRCP,1,0.0013482173233153,0.0013482173233153,0.0010901258083256,0.0010090543445169,0.0012134410134265,1,1,23,9,water_limited
08082700,"Millers Ck nr Munday, TX",33.32927,-99.46508,1.99858819113605,0.0387175001311442,1.82721013004791,3.65184058863792,0.0128021384845558,PRCP,1,0.0010704022113527,0.0010704022113527,0.0003507557267865,0.0003022782137193,0.0005433293475912,1,7,26,28,water_limited
08086212,"Hubbard Ck bl Albany, TX",32.7329,-99.14063,1.70903656792118,0.0469552512122568,1.90821902806297,3.26121609856263,0.0131862313964449,PRCP,1,0.002426885561836,0.002426885561836,0.0014532732760948,0.0010994092095928,0.0014127507120508,1,1,18,27,water_limited
08086290,"Big Sandy Ck abv Breckenridge, TX",32.64846,-99.00451,1.77122694588562,0.050715193778016,2.01821081451061,3.57470937713895,0.0128799846435909,PRCP,1,0.0012573771606799,0.0012573771606799,0.0005741630489968,0.000477339052282,0.0006430325253028,1,1,19,16,water_limited
08101000,"Cowhouse Ck at Pidcoke, TX",31.28489,-97.88502,1.37780685239028,0.114503877198328,2.39648186173854,3.30188913073238,0.0091795525039557,SRAD,1,0.0018867041459323,0.0016623091590349,0.0018867041459323,0.0012392736794474,0.0012915771095769,1,1,1,9,water_limited
08103900,"S Fk Rocky Ck nr Briggs, TX",30.91157,-98.03697,1.3600474906175,0.135238209857094,2.44495140314853,3.32525002053388,0.0092842421517583,VP,11,0.002183670133452,0.0019633203037282,0.0017749893915887,0.0014076123440033,0.002183670133452,1,8,28,11,water_limited
08104900,"S Fk San Gabriel Rv at Georgetown, TX",30.62575,-97.69112,1.33003008524243,0.153882444750875,2.52033127994524,3.35211642710472,0.0093596117977168,SRAD,1,0.0014374383901196,0.001348938315893,0.0014374383901196,0.0004787978913728,0.0005364304535171,1,1,17,22,water_limited
08109700,"Middle Yegua Ck nr Dime Box, TX",30.33938,-96.9047,1.2855030994979,0.112304472492967,2.63781656399726,3.39092136892539,0.0051361625387599,PRCP,1,0.0070785625810635,0.0070785625810635,0.0032056580225391,0.0017810159150464,0.0016100225967243,1,1,18,1,water_limited
08150800,"Beaver Ck nr Mason, TX",30.64352,-99.09588,1.59128406204933,0.0453764764859353,2.10540999315537,3.35030536618754,0.0082340595135767,PRCP,1,0.0012892947550577,0.0012892947550577,0.0010957784588363,0.0008515083044551,0.0008859763752207,1,13,6,9,water_limited
08155200,"Barton Ck at SH 71 nr Oak Hill, TX",30.29632,-97.92557,1.34821521842031,0.17940725864916,2.50451197809719,3.37662116358658,0.0063808179734207,PRCP,1,0.0029440883818391,0.0029440883818391,0.0026947768648042,0.0017865156167066,0.0020838162457482,1,1,3,4,water_limited
08158700,"Onion Ck nr Driftwood, TX",30.08299,-98.00779,1.31655223457378,0.165514923708389,2.56350308008214,3.37498570841889,0.0064753537654614,PRCP,2,0.0032848825257227,0.0032848825257227,0.0031082022115468,0.0020637347751162,0.0028701212993997,2,1,30,1,water_limited
08158810,"Bear Ck bl FM 1826 nr Driftwood, TX",30.15549,-97.94001,1.34600842646972,0.197548872474749,2.50896098562628,3.37708262833676,0.0058462589398929,SRAD,1,0.0014267941835813,0.0014042560258959,0.0014267941835813,0.0009215483354875,0.0012418144100101,1,1,19,29,water_limited
08164000,"Lavaca Rv nr Edna, TX",28.95998,-96.68637,1.6174240685312,0.207611566003226,2.9330006844627,4.74390590006845,0.0013801266430718,PRCP,1,0.0032594153344511,0.0032594153344511,0.0011211005507762,0.0007083802442463,0.0009577514802729,1,1,30,14,water_limited
08164300,"Navidad Rv nr Hallettsville, TX",29.46691,-96.81276,1.65573995578224,0.159740283579307,2.85006023271732,4.7189586036961,0.0021354784821483,PRCP,1,0.0053532567083223,0.0053532567083223,0.0024392304786298,0.0013269589814111,0.0018571802596571,1,1,1,28,water_limited
08164600,"Garcitas Ck nr Inez, TX",28.89138,-96.81915,1.21751473896089,0.201082092093315,3.10259000684463,3.77744906228611,0.0008978831137086,PRCP,1,0.0085061485016185,0.0085061485016185,0.0029024121537219,0.0014208330809971,0.0022526876270782,1,1,2,22,water_limited
08165300,"N Fk Guadalupe Rv nr Hunt, TX",30.0641,-99.38699,1.50096873591231,0.090626058316987,2.22887611225188,3.34547336071184,0.0056160383836324,VP,15,0.0012965945138919,0.000605145363769,0.0011239571038565,0.0007392935387412,0.0012965945138919,20,1,7,15,water_limited
08171300,"Blanco Rv nr Kyle, TX",29.97938,-97.91,1.82591414268598,0.166451867060032,2.5603819301848,4.67503757700205,0.0043200262623378,PRCP,2,0.0021953851558067,0.0021953851558067,0.0020162452999692,0.0011584463143711,0.0015271511857576,2,1,20,30,water_limited
08175000,"Sandies Ck nr Westhoff, TX",29.21525,-97.44943,1.42543650438442,0.104975523829047,2.41630937713895,3.44429559206023,0.0022293177664445,PRCP,1,0.0046159234218963,0.0046159234218963,0.0010866619546274,0.0006836132273583,0.0012618737819187,1,1,26,26,water_limited
08176900,"Coleto Ck at Arnold Rd nr Schroeder, TX",28.86165,-97.22638,1.55712242331961,0.0954079187155143,2.49214373716632,3.88057289527721,0.0018005933498891,PRCP,1,0.0048270518193669,0.0048270518193669,0.0022998321372636,0.0009088895645733,0.0015610778165038,1,1,2,27,water_limited
08178880,"Medina Rv at Bandera, TX",29.72384,-99.07004,1.36621531734618,0.195574020499368,2.47580698151951,3.38248542094456,0.0030449353276083,PRCP,1,0.0012714158680028,0.0012714158680028,0.0004712381700996,0.0002274193972118,0.0004829541585104,1,9,2,23,water_limited
08189500,"Mission Rv at Refugio, TX",28.29195,-97.27916,1.99499278745536,0.0897844905328407,2.37437097878166,4.73685297741273,0.0016287321026845,PRCP,1,0.0074670138196852,0.0074670138196852,0.0023088348889549,0.0010521732359632,0.0014720082063607,1,1,2,28,water_limited
08190000,"Nueces Rv at Laguna, TX",29.42857,-99.99729,1.77267488093054,0.137735058901615,1.91738945927447,3.39890813141684,0.0037075564040486,PRCP,2,0.0015579385825362,0.0015579385825362,0.0013952193147601,0.0007912990399815,0.0013456004964474,2,4,22,10,water_limited
08190500,"W Nueces Rv nr Brackettville, TX",29.47273,-100.23646,2.30251614629113,0.0274013533232585,1.82685420944559,4.20636131416838,0.0044907633248583,PRCP,1,0.0012128103581924,0.0012128103581924,0.0010673408159755,0.0005867426225827,0.0008926343998801,1,1,22,1,water_limited
08194200,"San Casimiro Ck nr Freer, TX",27.96501,-98.96697,2.59034127716609,0.0517449406057631,1.39721560574949,3.61926525667351,0.0005535601264272,PRCP,2,0.0044098866757254,0.0044098866757254,0.0016091147993402,0.0009187958219603,0.0019188379803413,2,1,5,8,water_limited
08195000,"Frio Rv at Concan, TX",29.48857,-99.70478,1.53150536935558,0.164256659942217,2.21157700205339,3.38704205338809,0.0043576302166992,PRCP,1,0.0022173296157704,0.0022173296157704,0.0015660275206809,0.0009984767188564,0.0016167168217726,1,1,22,2,water_limited
08196000,"Dry Frio Rv nr Reagan Wells, TX",29.50468,-99.78145,1.64015802655172,0.130892849945615,2.085787816564,3.42102162902122,0.0023896281867178,PRCP,1,0.001093563191069,0.001093563191069,0.0008626134255835,0.0006149597768697,0.0010237962127475,1,1,16,11,water_limited
08198500,"Sabinal Rv at Sabinal, TX",29.31431,-99.48047,1.51562140321696,0.0735109780360541,2.25337303216975,3.41526039698836,0.0030982528891208,PRCP,1,0.0014173633789212,0.0014173633789212,0.0010776893204296,0.0006107617369797,0.0009940697824762,1,1,3,9,water_limited
08200000,"Hondo Ck nr Tarpley, TX",29.56967,-99.24671,1.41838590132114,0.21250790107555,2.39364955509925,3.3951187816564,0.0026284470487446,PRCP,1,0.0005684979121687,0.0005684979121687,0.0004226587072755,0.0003818890261064,0.0005511659820264,1,25,3,13,water_limited
08202700,"Seco Ck at Rowe Ranch nr D'Hanis, TX",29.37079,-99.28782,1.54002888680651,0.0258045827961195,2.22634907597536,3.42864188911704,0.002762016493395,VP,18,0.0012386044419936,0.0012279750527111,0.001115888194007,0.0006897196663278,0.0012386044419936,1,1,13,18,water_limited
08267500,"RIO HONDO NEAR VALDEZ, NM",36.54169,-105.5564,2.11912415681593,0.524049440519494,1.67871868583162,3.55741331964408,0.471388008193727,SRAD,2,0.0064755710072102,0.001432033391055,0.0064755710072102,0.0043336770218272,0.0024978829346919,21,2,1,6,water_limited
08269000,"RIO PUEBLO DE TAOS NEAR TAOS, NM",36.43947,-105.50362,2.45451009065424,0.261166706294566,1.54553730321697,3.79353690622861,0.401645682298287,SRAD,2,0.006339797613819,0.0013342920963632,0.006339797613819,0.0036388587250108,0.0025263234656303,25,2,5,1,water_limited
08271000,"RIO LUCERO NEAR ARROYO SECO, NM",36.50836,-105.53084,2.37735047700933,0.666432634518918,1.69404791238877,4.02734561259411,0.48400245009705,SRAD,1,0.007636091449166,0.0017456846352033,0.007636091449166,0.0057196647258071,0.0026798400071293,20,1,1,4,water_limited
08324000,"JEMEZ RIVER NEAR JEMEZ, NM",35.66169,-106.74337,1.99998022021435,0.0922334932747951,1.53157973990418,3.06312918548939,0.365429081915842,SRAD,2,0.0047586475884892,0.0025157129049405,0.0047586475884892,0.0036310816405056,0.0021360967156295,1,2,1,5,water_limited
08377900,"RIO MORA NEAR TERRERO, NM",35.77725,-105.65807,1.49790476426613,0.310957972220408,2.04281451060917,3.05994158795346,0.466213354634129,Tair,1,0.0038405275390809,0.0026837191479091,0.0034761924469417,0.0038405275390809,0.0023486139699556,1,2,1,11,water_limited
08378500,"PECOS RIVER NEAR PECOS, NM",35.70837,-105.68252,1.60277067815171,0.300370907400064,1.95633812457221,3.13556138261465,0.449989328985624,SRAD,19,0.0043016319076795,0.0029280613323272,0.0043016319076795,0.0032390086663937,0.0031908242494996,1,19,1,10,water_limited
08380500,"GALLINAS CREEK NEAR MONTEZUMA, NM",35.65199,-105.3189,1.74754557719367,0.163351203822241,1.74828062970568,3.05520008213552,0.291104431145414,PRCP,1,0.0034211245311727,0.0034211245311727,0.0013645945224866,0.0013508495417781,0.001961179174631,1,2,6,4,water_limited
09034900,"BOBTAIL CREEK NEAR JONES PASS, CO.",39.76026,-105.9064,1.15944189813283,0.633094736255359,2.58620807665982,2.99855800136893,0.72579443951885,SRAD,1,0.0062579338524177,0.0015006075798663,0.0062579338524177,0.0046062792477746,0.0048126049160803,1,1,4,1,water_limited
09035800,"DARLING CREEK NEAR LEAL, CO.",39.80054,-106.02641,1.55425496823473,0.380011959504274,2.45598631074606,3.81722892539357,0.703715181667891,SRAD,1,0.0053438814622648,0.0013098573835563,0.0053438814622648,0.0046737520238789,0.0045591905105566,20,1,10,1,water_limited
09035900,"SOUTH FORK OF WILLIAMS FORK NEAR LEAL, CO.",39.79582,-106.03057,1.43870994561462,0.475192455880072,2.38745379876797,3.43485352498289,0.689823885415144,SRAD,1,0.0058140747389688,0.0021767953516866,0.0058140747389688,0.0051053855415068,0.004441548195175,24,1,4,5,water_limited
09047700,"KEYSTONE GULCH NEAR DILLON, CO.",39.59443,-105.97252,1.924953095141,0.330056579870562,2.03084873374401,3.90928855578371,0.626945100722261,SRAD,1,0.0030379342954982,0.0012016396111164,0.0030379342954982,0.0026221148224488,0.0023912839493505,24,1,9,8,water_limited
09065500,"GORE CREEK AT UPPER STATION, NEAR MINTURN, CO.",39.62582,-106.27808,1.44701296024584,0.747626273613583,2.5703832991102,3.71937794661191,0.715530725661926,SRAD,1,0.0090053470097559,0.0022451075624185,0.0090053470097559,0.0067257713885314,0.0074129644719159,1,1,1,1,water_limited
09066000,"BLACK GORE CREEK NEAR MINTURN, CO.",39.59638,-106.26503,1.53003691051899,0.538534601985644,2.26939493497604,3.47225801505818,0.682272756610747,SRAD,2,0.0060974867613065,0.0019576291350851,0.0060974867613065,0.0053417971072093,0.0043642998085525,1,2,4,1,water_limited
09066200,"BOOTH CREEK NEAR MINTURN, CO.",39.64832,-106.32308,1.39822318572433,0.647892981627157,2.65022997946612,3.70561300479124,0.712216418137875,SRAD,1,0.0089685482624444,0.003123754136889,0.0089685482624444,0.0072685665962018,0.0083909093107437,1,1,4,1,water_limited
09066300,"MIDDLE CREEK NEAR MINTURN, CO.",39.64582,-106.38225,1.48639206321979,0.334278642359224,2.52184531143053,3.74845085557837,0.688317497264152,SRAD,1,0.0043403842123085,0.0013459413480289,0.0043403842123085,0.0036968237623582,0.0033244090305369,22,1,5,2,water_limited
09081600,"CRYSTAL RIVER AB AVALANCHE C, NEAR REDSTONE, CO.",39.23221,-107.22727,1.50276206476727,0.612676391661007,2.67827789185489,4.02481441478439,0.66474212387336,SRAD,1,0.0126379228040039,0.0038043787190507,0.0126379228040039,0.0056780931779983,0.0054500524118886,1,1,1,1,water_limited
09107000,"TAYLOR RIVER AT TAYLOR PARK, CO.",38.86027,-106.5667,1.68527917783876,0.426483220711626,1.91505407255305,3.22740075290897,0.672583021372504,SRAD,1,0.0098157185381942,0.0027456697266179,0.0098157185381942,0.0067204495349584,0.0040861201320879,1,1,3,2,water_limited
09210500,"FONTENELLE C NR HERSCHLER RANCH, NR FONTENELLE, WY",42.09605,-110.41656,1.90175464874652,0.271200338672066,1.3827665982204,2.62968280629706,0.65472507476901,SRAD,2,0.0076033686518843,0.002231912126132,0.0076033686518843,0.0070794654320767,0.0025888660756803,1,2,1,7,water_limited
09223000,"HAMS FORK BELOW POLE CREEK, NEAR FRONTIER, WY",42.11049,-110.70962,1.57738701536144,0.329654516101278,1.73407665982204,2.73531000684463,0.698323179997837,SRAD,2,0.0057235996614217,0.0017545595234487,0.0057235996614217,0.0038805451389971,0.0029201655368437,28,2,1,1,water_limited
09306242,"CORRAL GULCH NEAR RANGELY, CO.",39.92025,-108.47287,2.90419159117546,0.0263598606044462,1.26844353182752,3.68380303901437,0.35800746386243,SRAD,14,0.0013096879624424,0.0010254960295712,0.0013096879624424,0.0010349818793172,0.0010733528309351,18,14,13,23,water_limited
09312600,"WHITE RIVER BL TABBYUNE C NEAR SOLDIER SUMMIT, UT",39.87579,-111.03739,2.37045884744146,0.172379188104023,1.58409582477755,3.75503396303901,0.604725963590861,SRAD,9,0.0027342157526792,0.0012357863972984,0.0027342157526792,0.0022740114874825,0.0017372450966018,28,9,6,4,water_limited
09352900,"VALLECITO CREEK NEAR BAYFIELD, CO.",37.4775,-107.54367,1.24164677274948,0.729913989519889,2.524340862423,3.13433968514716,0.633893898746821,Tair,1,0.0105411783969422,0.0049338937871141,0.0101219132734052,0.0105411783969422,0.0081458535326389,1,1,1,1,water_limited
09378170,"SOUTH CREEK ABOVE RESERVOIR NEAR MONTICELLO, UT",37.84666,-109.36956,1.79195543700725,0.104163876998219,1.62330869267625,2.90889683778234,0.504005221672301,SRAD,3,0.0057378188776607,0.0025715776745703,0.0057378188776607,0.0023044465340488,0.0021292299353004,1,3,8,10,water_limited
09378630,"RECAPTURE CREEK NEAR BLANDING, UT",37.75555,-109.47651,1.87840433234884,0.133274560797188,1.58052019164956,2.96885597535934,0.503089461877582,SRAD,1,0.004186691210676,0.0020709137992431,0.004186691210676,0.0030584015837954,0.0022984380899782,1,1,1,20,water_limited
09386900,"RIO NUTRIA NEAR RAMAH, NM",35.28253,-108.55341,2.47512570084394,0.0481175979052244,1.21394661190965,3.00467045859001,0.307507544080434,SRAD,8,0.0017467274175252,0.0009796139805978,0.0017467274175252,0.0016803633317469,0.0009614702706149,17,8,24,1,water_limited
09404450,"EAST FORK VIRGIN RIVER NEAR GLENDALE, UT",37.33943,-112.60438,2.85993908836293,0.132117048750446,1.35045995893224,3.8622332238193,0.423599939585063,SRAD,2,0.0018602557999803,0.0016173865191771,0.0018602557999803,0.0014855463972967,0.0010636191287825,1,2,23,22,water_limited
09430500,"GILA RIVER NEAR GILA, NM",33.06118,-108.53727,2.67261445117418,0.0698325358535122,1.29077754962355,3.44975073237509,0.139533551875942,PRCP,1,0.0041649018764335,0.0041649018764335,0.0024655714447916,0.0009246451817502,0.0015038380728077,1,1,11,28,water_limited
09430600,"MOGOLLON CREEK NEAR CLIFF, NM",33.16673,-108.64978,2.68197593672729,0.246025487298927,1.58889801505818,4.26138624229979,0.21287165392999,PRCP,1,0.0026259323142548,0.0026259323142548,0.001868681625468,0.0010481235506459,0.0012184952192416,1,1,24,3,water_limited
09447800,"BONITA CREEK NEAR MORENCI, AZ.",32.95562,-109.53119,3.0393345221577,0.0337454751591765,1.0724257357974,3.25946056125941,0.0394826699276366,PRCP,1,0.0014500075741663,0.0014500075741663,0.0009153523854177,0.000545742012666,0.0003923690004127,1,1,27,21,water_limited
09480000,"SANTA CRUZ RIVER NEAR LOCHIEL, AZ.",31.35538,-110.58953,2.45581540763189,0.0227466774410931,1.42741957563313,3.50547898699521,0.0082792285634824,PRCP,1,0.0031540515842367,0.0031540515842367,0.001841220762602,0.0011239734224361,0.0017396881857291,1,1,28,6,water_limited
09484000,"SABINO CREEK NEAR TUCSON, AZ.",32.31674,-110.81037,2.93854159265708,0.306727814885546,1.56450376454483,4.59735938398357,0.106460927314568,PRCP,1,0.0030371045609284,0.0030371045609284,0.0029537437400153,0.002868724218302,0.0018759403426746,1,23,29,28,water_limited
09484600,"PANTANO WASH NEAR VAIL, AZ.",32.03591,-110.67758,2.93162559497367,0.0094151872842833,1.2634045174538,3.70382902017291,0.0101482581857307,PRCP,1,0.0070815879950279,0.0070815879950279,0.0035978852781289,0.005262172684117,0.0057054225247932,1,21,26,5,water_limited
09492400,"EAST FORK WHITE RIVER NEAR FORT APACHE, AZ.",33.82227,-109.81454,1.87651453731585,0.328067615387883,1.77527036276523,3.33132064339493,0.271766261706385,SRAD,2,0.0024538536295767,0.0018903237000155,0.0024538536295767,0.0015617366104354,0.0018521885482379,1,2,10,1,water_limited
09494000,"WHITE RIVER NEAR FORT APACHE, AZ.",33.73644,-110.16677,1.81494753246836,0.145503783317459,1.70934565366188,3.10237267624914,0.235554110470522,SRAD,1,0.0038984557772076,0.003580862070357,0.0038984557772076,0.0025845718483643,0.0022746375328724,1,1,21,1,water_limited
09497800,"CIBECUE CREEK NEAR CHYSOTILE, AZ.",33.84311,-110.55761,2.70239739331926,0.0893800016934646,1.52716632443532,4.12701029431896,0.083064194443324,PRCP,1,0.004633352475106,0.004633352475106,0.0029274908861631,0.0020941411025115,0.0014036055981024,1,1,30,29,water_limited
09497980,"CHERRY CREEK NEAR GLOBE, AZ.",33.82783,-110.85623,2.15334872698244,0.0813898000721534,1.64279534565366,3.53751126625599,0.0796650506390503,PRCP,1,0.0042380399957409,0.0042380399957409,0.0034704109013796,0.0018565231488181,0.0012407002282499,1,1,6,3,water_limited
09505200,"WET BEAVER CREEK NEAR RIMROCK, AZ.",34.67474,-111.67209,2.11310475390521,0.14565920805712,1.67539767282683,3.5402907871321,0.262230385708379,PRCP,1,0.0029908535826174,0.0029908535826174,0.002208952611394,0.0017717070160291,0.0010933883738255,1,1,30,30,water_limited
09505350,"DRY BEAVER CREEK NEAR RIMROCK, AZ.",34.72863,-111.77571,2.0688973747877,0.147836512236305,1.59507323750856,3.30004283367556,0.198936492502152,SRAD,1,0.0043728033330895,0.0043147553030584,0.0043728033330895,0.0031073916044563,0.0020975377675458,1,1,12,10,water_limited
09505800,"WEST CLEAR CREEK NEAR CAMP VERDE, AZ.",34.53864,-111.69404,1.84042815041501,0.121010964399513,1.76602874743326,3.25024902121834,0.284069099376475,SRAD,1,0.0026383650058014,0.0020362670683941,0.0026383650058014,0.0015211002314,0.000951002042022,20,1,27,26,water_limited
09508300,"WET BOTTOM CREEK NEAR CHILDS, AZ.",34.16087,-111.69292,2.5135428988747,0.241992503592179,1.53704996577687,3.86344102669405,0.0401188085303456,SRAD,1,0.0051146284720755,0.003846123963997,0.0051146284720755,0.0022815989297968,0.0015349730554646,1,1,8,23,water_limited
09510200,"SYCAMORE CREEK NEAR FORT MCDOWELL, AZ.",33.69421,-111.5418,2.77086082477676,0.123444596314039,1.22735386721424,3.40082674880219,0.0061243701078094,SRAD,1,0.0046504835166439,0.0044707290301322,0.0046504835166439,0.0028271157015378,0.0014900429921579,1,1,27,25,water_limited
09512280,"CAVE CREEK BLW COTTONWOOD CR NEAR CAVE CREEK, AZ.",33.88726,-111.95404,2.92619766089728,0.0794205470903596,1.18194113620808,3.45859338809035,0.0046420695661842,PRCP,1,0.0025456044071033,0.0025456044071033,0.0016632421225485,0.0012291457593553,0.0007098265001395,1,1,22,12,water_limited
09513780,"NEW RIVER NEAR ROCK SPRINGS, AZ.",33.9742,-112.09905,2.98463247875145,0.134936348865033,1.18009445585216,3.52214824093087,0.0042560892003911,PRCP,1,0.0036744634311839,0.0036744634311839,0.0028038380869755,0.0013502710313965,0.0006360617731908,1,1,5,28,water_limited
10023000,"BIG CREEK NEAR RANDOLPH, UT",41.60994,-111.25409,1.70448147664208,0.137474378844756,1.55055167693361,2.64288661190965,0.548429474219504,SRAD,2,0.0036162868631149,0.0017578098841827,0.0036162868631149,0.0022775434155624,0.0025434994633788,17,2,1,28,water_limited
10166430,"WEST CANYON CREEK NEAR CEDAR FORT, UT",40.40523,-112.1005,1.97411135017478,0.0838737501153428,1.36474332648871,2.69415529089665,0.225310323036878,SRAD,3,0.0037872046512514,0.002404174294212,0.0037872046512514,0.0031610917722614,0.0037628548639993,13,3,5,5,water_limited
10172700,"VERNON CREEK NEAR VERNON, UT",39.97939,-112.38023,2.09013625057932,0.0852744178365214,1.38529637234771,2.89545816563997,0.411636242179772,SRAD,3,0.0031007684273748,0.0021415599505598,0.0031007684273748,0.0019547729742717,0.0016709682660772,1,3,20,3,water_limited
10172800,"SOUTH WILLOW CREEK NEAR GRANTSVILLE, UT",40.49633,-112.5744,1.77332148244975,0.703950668033538,1.94369062286105,3.44678833675565,0.472831239004244,SRAD,3,0.0061449778192783,0.0019947156607662,0.0061449778192783,0.004480797341755,0.0043345407497165,17,3,2,1,water_limited
10173450,"MAMMOTH CREEK ABV WEST HATCH DITCH, NEAR HATCH, UT",37.62276,-112.51688,1.82671311612364,0.24629182861711,1.67956878850103,3.06809033538672,0.638428591804715,SRAD,1,0.0053910436026269,0.0008722464153351,0.0053910436026269,0.00370836465512,0.0020317900214059,30,1,1,3,water_limited
10205030,"SALINA CREEK NEAR EMERY, UT",38.91191,-111.53047,2.46473519174193,0.152965640670431,1.64627789185489,4.05763905544148,0.582535759841544,SRAD,26,0.0033959665254673,0.0013750011093683,0.0033959665254673,0.0030124300076174,0.0021798036645135,12,26,2,16,water_limited
10234500,"BEAVER RIVER NEAR BEAVER, UT",38.28053,-112.56827,2.06412510868143,0.268352729963186,1.77915126625599,3.67239080082136,0.632069679226265,SRAD,1,0.0050449863910425,0.0019009601308758,0.0050449863910425,0.0030270091682982,0.0017663723625789,1,1,16,3,water_limited
10242000,"COAL CREEK NEAR CEDAR CITY, UT",37.6722,-113.03467,3.3381544570685,0.354600928713603,1.14245311430527,3.81368495550992,0.30427937049614,SRAD,1,0.0037778569603757,0.0018861270390235,0.0037778569603757,0.0035919349128464,0.0022657597528831,1,1,1,18,water_limited
10244950,"STEPTOE C NR ELY, NV",39.20154,-114.68916,2.60998508002766,0.34579009802954,1.32029979466119,3.44596276522929,0.656356436998628,SRAD,21,0.0031631413761405,0.0014442777419383,0.0031631413761405,0.0022680956161163,0.001569429723696,25,21,27,1,water_limited
10249300,"S TWIN R NR ROUND MOUNTAIN, NV",38.88743,-117.24537,5.20791305178877,0.513646884684708,0.644565366187543,3.35684038329911,0.312694991026962,SRAD,29,0.0020798363063338,0.0011629924083247,0.0020798363063338,0.0017496934376064,0.0010706682595571,22,29,3,2,water_limited
10258000,TAHQUITZ C NR PALM SPRINGS CA,33.80502,-116.55918,3.06331053795356,0.256121722024474,1.10136755646817,3.37383084188912,0.0508458776283359,PRCP,1,0.0023173893956685,0.0023173893956685,0.0019319329216737,0.0018516597818202,0.0011668735976198,1,1,4,1,water_limited
10258500,PALM CYN C NR PALM SPRINGS CA,33.74502,-116.53557,3.81805389201634,0.0571286312875781,0.822899383983573,3.14187419575633,0.0040873158462091,PRCP,1,0.0024494739246607,0.0024494739246607,0.0018020039085405,0.0021870080007053,0.0015276877607829,1,1,4,1,water_limited
10259000,ANDREAS C NR PALM SPRINGS CA,33.76002,-116.55002,2.98883590649644,0.274548383200421,1.04830800821355,3.13322061601643,0.0335249004621377,PRCP,1,0.0037995215909481,0.0037995215909481,0.003531657690188,0.0019804106698077,0.0013097021282519,1,1,3,7,water_limited
10259200,DEEP C NR PALM DESERT CA,33.63114,-116.39223,4.76294303481137,0.0957628657744368,0.657341546885695,3.13088034223135,0.0024865261106066,PRCP,1,0.0036411472627221,0.0036411472627221,0.0025061845702632,0.002480309899089,0.0014498881198074,1,1,4,1,water_limited
10263500,BIG ROCK C NR VALYERMO CA,34.42083,-117.83951,2.37299838403622,0.575705880953953,1.32236413415469,3.13796795345654,0.0993605504007818,PRCP,1,0.0042684889069879,0.0042684889069879,0.0024290459567728,0.0023933709419757,0.0016070177770066,1,1,26,12,water_limited
10310500,"CLEAR CREEK NEAR CARSON CITY, NV",39.11324,-119.79824,2.6708302308854,0.223490787254737,1.47116906228611,3.92924280629706,0.498158071777044,PRCP,2,0.0018693277862438,0.0018693277862438,0.0013883062075149,0.0012139129065126,0.0010288802211707,2,29,12,24,water_limited
10316500,"LAMOILLE C NR LAMOILLE, NV",40.69076,-115.477,1.5472994743415,0.763523180314872,2.21201642710472,3.42265185489391,0.750536240978589,SRAD,1,0.0082372901165349,0.0025147011615872,0.0082372901165349,0.0064393161430638,0.0074684258441604,1,1,1,1,water_limited
10329500,"MARTIN C NR PARADISE VALLEY, NV",41.53462,-117.41791,2.51461288364005,0.133455268305941,1.35954962354552,3.41874099931554,0.477425889920063,PRCP,1,0.0038704435058306,0.0038704435058306,0.0028789295683868,0.00317650398464,0.0033222776712449,1,2,28,1,water_limited
10336645,GENERAL C NR MEEKS BAY CA,39.05185,-120.11852,0.85251498905137,0.579424357104097,3.37960574948665,2.88116455852156,0.665304872565722,PRCP,1,0.0075363953789179,0.0075363953789179,0.0070467365948997,0.0047738940371122,0.0043727075948695,1,1,1,1,energy_limited
10336660,BLACKWOOD C NR TAHOE CITY CA,39.10741,-120.16214,0.766349594900847,0.744623624561515,3.73118275154004,2.85939039014374,0.668727842270536,PRCP,1,0.0043588962559603,0.0043588962559603,0.001961548032611,0.0012715731186981,0.0009234765893563,1,29,24,29,energy_limited
10336740,"Logan House Ck nr Glenbrook, NV",39.06658,-119.93546,1.5208624540433,0.131197200551597,1.84979055441478,2.81327700205339,0.738245149755194,SRAD,2,0.0062162159257052,0.0041033677558506,0.0062162159257052,0.0033288770687141,0.0024546855096905,1,2,28,1,water_limited
10343500,SAGEHEN C NR TRUCKEE CA,39.43157,-120.23798,1.10048955004278,0.370745589231852,2.56789185489391,2.82593815195072,0.714981248450698,PRCP,1,0.0034433391598021,0.0034433391598021,0.0016806754021422,0.0017105793428183,0.0008640789314801,1,12,10,11,water_limited
10348850,GALENA C AT GALENA C STATE PARK,39.35435,-119.85852,1.17537234553561,0.570908603206513,2.50788227241615,2.94769546885695,0.829055331636106,PRCP,11,0.0010373447649748,0.0010373447649748,0.0007390184282842,0.0006471791229658,0.0004327578735045,11,20,19,8,water_limited
10396000,DONNER UND BLITZEN RIVER NR FRENCHGLEN OR,42.79083,-118.8675,2.17557412170959,0.355466811873012,1.5603394934976,3.39463422313484,0.465489529999263,VP,1,0.00686256920049,0.006012940627012,0.0056561231483515,0.0049735940231771,0.00686256920049,1,2,1,1,water_limited
11098000,ARROYO SECO NR PASADENA CA,34.22223,-118.17757,1.82360443859775,0.335934147057468,1.96570704996578,3.58467210130048,0.0123012725382308,PRCP,1,0.0038996457497207,0.0038996457497207,0.0033206781251382,0.0023546645716418,0.0008934044336836,1,1,5,19,water_limited
11124500,SANTA CRUZ C NR SANTA YNEZ CA,34.59666,-119.90875,1.5527632585675,0.175553570700918,2.05219028062971,3.18656566735113,0.0230381055615776,PRCP,1,0.0044216106308198,0.0044216106308198,0.0036677312572828,0.0028639751590241,0.0022671281765472,1,1,28,1,water_limited
11141280,LOPEZ C NR ARROYO GRANDE CA,35.23553,-120.47239,1.46074849311564,0.233164536358994,1.88366598220397,2.75156224503765,0.0007877803924076,PRCP,1,0.0066217030527135,0.0066217030527135,0.005690814959202,0.002969755501325,0.0049952588159793,1,1,22,1,water_limited
11143000,BIG SUR R NR BIG SUR CA,36.2458,-121.77329,0.910522429870012,0.712873135830549,2.83676796714579,2.582940862423,0.0254379399486261,PRCP,1,0.0095103898593187,0.0095103898593187,0.0068272464262159,0.0030800720440806,0.0034569144798728,1,1,1,1,energy_limited
11148900,NACIMIENTO R BL SAPAQUE C NR BRYSON CA,35.78858,-121.09381,1.20442415926086,0.435278172090568,2.2885325119781,2.75636384668036,0.003526794606684,PRCP,1,0.006797177251847,0.006797177251847,0.0061899516089161,0.0021298739005509,0.0038532263635314,1,1,8,1,water_limited
11151300,SAN LORENZO C BL BITTERWATER C NR KING CITY CA,36.26802,-121.0663,2.73467960628554,0.0495185704499369,1.33278439425051,3.64473830253251,0.0038403901400884,PRCP,1,0.0023229697034423,0.0023229697034423,0.0012262543968289,0.0010234567613248,0.0011245731393468,1,1,26,1,water_limited
11162500,PESCADERO C NR PESCADERO CA,37.26078,-122.32886,1.28055694127255,0.327767176258321,2.6919794661191,3.44723299110199,0.0002003568793348,PRCP,1,0.0077092632727892,0.0077092632727892,0.0067072587467984,0.0030643932902284,0.0033061677673156,1,1,30,1,water_limited
11176400,ARROYO VALLE BL LANG CN NR LIVERMORE CA,37.56132,-121.68384,2.20881381268599,0.174046185483211,1.47620944558522,3.26067181382615,0.016307003804813,PRCP,1,0.0079134620650451,0.0079134620650451,0.0059582732995842,0.0034994276893968,0.0027460541746196,1,1,10,13,water_limited
11180500,DRY C A UNION CITY CA,37.60605,-122.02385,1.8204433558252,0.189126816856392,1.48830663928816,2.70937793292266,0.0,PRCP,2,0.0048502388446641,0.0048502388446641,0.0037218700572339,0.0025922335267829,0.0026451527453026,2,5,27,1,water_limited
11180960,CULL C AB CULL C RES NR CASTRO VALLEY CA,37.71771,-122.05441,1.74691881099155,0.286983068919357,1.63929089664613,2.86370810403833,0.0,PRCP,1,0.0063527473042999,0.0063527473042999,0.003724881133454,0.0030548914405002,0.0032103559400811,1,1,27,1,water_limited
11224500,LOS GATOS C AB NUNEZ CYN NR COALINGA CA,36.21468,-120.47071,2.62987370526691,0.0495105305523598,1.30709103353867,3.4374843394935,0.0178984740739189,PRCP,4,0.0010401474362065,0.0010401474362065,0.0008229620540737,0.0007978153513434,0.0010360281737208,4,5,2,1,water_limited
11230500,BEAR C NR LAKE THOMAS A EDISON CA,37.33939,-118.97345,1.56458712833615,0.851820989551536,2.01836687200548,3.15791082819986,0.902963679881608,SRAD,1,0.0051447799011211,0.0019548781442743,0.0051447799011211,0.0037694019283152,0.0020971302452717,1,1,1,5,water_limited
11237500,PITMAN C BL TAMARACK C CA,37.19856,-119.21373,1.00467109371786,0.64142496461221,2.92850376454483,2.94218308008214,0.749856960685691,SRAD,1,0.0040413286015726,0.0026342163455189,0.0040413286015726,0.002567139843235,0.0023441067805352,1,1,4,1,water_limited
11253310,CANTUA C NR CANTUA CREEK CA,36.40217,-120.43349,2.54205021408382,0.0564919220087594,1.17400136892539,2.9843704312115,0.0090705776998348,PRCP,1,0.0015669235648266,0.0015669235648266,0.0015306387643947,0.0011954227407709,0.001048409623969,1,1,2,1,water_limited
11264500,MERCED R A HAPPY ISLES BRIDGE NR YOSEMITE CA,37.73159,-119.55877,1.15430436685117,0.735110166350866,2.64038877481177,3.04781229295003,0.90632692590849,SRAD,2,0.0080173928007032,0.0020589454533832,0.0080173928007032,0.0055596457261161,0.0044562327648553,1,2,1,1,water_limited
11266500,MERCED R A POHONO BRIDGE NR YOSEMITE CA,37.71687,-119.66628,1.12767758222952,0.712534992705284,2.73561943874059,3.08489671457906,0.885217452223562,SRAD,1,0.0041862405118821,0.0025329019799631,0.0041862405118821,0.0039674079116222,0.0038448656993807,1,1,1,1,water_limited
11274500,ORESTIMBA C NR NEWMAN CA,37.31549,-121.12521,2.27928086516761,0.105525428752179,1.2064462696783,2.7498298973306,0.0,PRCP,1,0.0050204199715904,0.0050204199715904,0.0040319758369831,0.0024549149274607,0.0018515625882919,1,1,7,2,water_limited
11274630,DEL PUERTO C NR PATTERSON CA,37.4866,-121.2091,2.1837954323108,0.081833307134944,1.25932922655715,2.75011741273101,0.0001500097832467,PRCP,1,0.0041612201696774,0.0041612201696774,0.0024832316952166,0.001946179060309,0.0015014318072466,1,1,19,1,water_limited
11284400,BIG C AB WHITES GULCH NR GROVELAND CA,37.84187,-120.18491,1.23305427619134,0.188246201523947,2.82243394934976,3.48021425051335,0.0365047230850116,PRCP,1,0.0057341360419287,0.0057341360419287,0.0040593831724326,0.0038658870652461,0.001683725957489,1,27,25,12,water_limited
11299600,BLACK C NR COPPEROPOLIS CA,37.96104,-120.6152,1.68839797613454,0.305639714981433,2.0684052019165,3.49229115674196,0.0002779671336955,PRCP,1,0.0052561519298091,0.0052561519298091,0.0050011244263922,0.0033774606657648,0.0018331607006464,1,23,30,4,water_limited
11381500,MILL C NR LOS MOLINOS CA,40.0546,-122.02415,1.00081434758684,0.64135298214207,3.45053935660507,3.45334929500342,0.165026130486202,PRCP,1,0.0045036401554491,0.0045036401554491,0.0030997058351897,0.0021200752516267,0.0009514394017565,1,2,10,10,water_limited
11383500,DEER C NR VINA CA,40.01405,-121.94832,1.05777901127453,0.419275123811534,3.52790691307324,3.73174588637919,0.150145743181578,PRCP,1,0.0050170675147996,0.0050170675147996,0.0031866389554844,0.0022499547734449,0.0009384856734571,1,1,23,1,water_limited
11451100,NF CACHE C A HOUGH SPRING NR CLEARLAKE OAKS CA,39.16545,-122.61999,0.874677156546198,0.612757545399028,2.96147159479808,2.59033155373032,0.123536359034925,PRCP,1,0.0065056069511373,0.0065056069511373,0.0045560216050512,0.0037487936709236,0.0013662857684857,1,1,28,14,energy_limited
11468500,NOYO R NR FORT BRAGG CA,39.42822,-123.73779,0.758373198904518,0.497382681629294,3.58288295687885,2.71716240930869,0.000524205133848,PRCP,1,0.009495578000947,0.009495578000947,0.0059849841300155,0.0032607423660905,0.0026699355420577,1,1,17,1,energy_limited
11473900,MF EEL R NR DOS RIOS CA,39.70627,-123.32529,0.765788084398152,0.504426394629391,3.6535537303217,2.79784791238877,0.262478357358648,PRCP,1,0.009035346001548,0.009035346001548,0.0054852513952535,0.0038422519422736,0.0018480514866717,1,1,28,1,energy_limited
11475560,ELDER C NR BRANSCOMB CA,39.7296,-123.64391,0.593707237694584,0.705529985365452,5.16608624229979,3.0671427926078,0.138629337971597,PRCP,1,0.0062555002589374,0.0062555002589374,0.0042563320895073,0.0025771404929363,0.0012461608014106,1,1,13,3,energy_limited
11476600,BULL C NR WEOTT CA,40.35125,-124.00393,0.481220231116971,0.739658757501387,4.83418480492813,2.32630752908966,0.0120106292964887,PRCP,1,0.0117100760626953,0.0117100760626953,0.0080277538465255,0.0043321988851389,0.0029532881915655,1,1,25,1,energy_limited
11478500,VAN DUZEN R NR BRIDGEVILLE CA,40.48042,-123.89088,0.597842776407168,0.74860834417216,4.55162080766598,2.72115362080767,0.157314421019928,PRCP,1,0.0154508172030431,0.0154508172030431,0.0106779613273855,0.0072890248077132,0.0041199164177309,1,1,8,1,energy_limited
11480390,MAD R AB RUTH RES NR FOREST GLEN CA,40.28431,-123.3353,0.857180771220159,0.573049685612827,3.99899657768652,3.4278629705681,0.299512506046178,PRCP,1,0.0136867101185726,0.0136867101185726,0.0085351119906681,0.0063789198820908,0.0020513902697129,1,1,25,1,energy_limited
11481200,LITTLE R NR TRINIDAD CA,41.01096,-124.08173,0.542955641933983,0.678144003969703,4.36313073237509,2.3689864476386,0.0016368255310898,PRCP,1,0.0114882667831342,0.0114882667831342,0.0094392672472832,0.0037704018675806,0.0030282670485942,1,1,14,28,energy_limited
11482500,REDWOOD C A ORICK CA,41.29929,-124.05118,0.549738949383278,0.682156835847836,4.57997672826831,2.51779159479808,0.0131812044990649,PRCP,1,0.0157357409163735,0.0157357409163735,0.0117825841841795,0.0061354412193295,0.0038460853796126,1,1,9,1,energy_limited
11522500,SALMON R A SOMES BAR CA,41.37763,-123.47756,1.03924702194494,0.694192160672921,3.13553045859001,3.25859069130732,0.249129777057898,PRCP,1,0.0059263397401492,0.0059263397401492,0.0031988760873428,0.0021450385364174,0.0012351610512025,1,1,15,14,water_limited
11523200,TRINITY R AB COFFEE C NR TRINITY CTR CA,41.11126,-122.70558,0.873610510075229,0.904513883657718,2.93242299794661,2.56179555099247,0.431707151976883,PRCP,1,0.0053609215315547,0.0053609215315547,0.0039617848157813,0.002756009438511,0.0031186748316963,1,1,30,1,energy_limited
11528700,SF TRINITY R BL HYAMPOM CA,40.64986,-123.4942,0.967168980232284,0.427862084294797,3.70608213552361,3.58440767967146,0.271305322327506,PRCP,1,0.0090162084473696,0.0090162084473696,0.0047106236970228,0.0037708053789699,0.0020185309454359,1,1,27,1,energy_limited
11532500,SMITH R NR CRESCENT CITY CA,41.7915,-124.07619,0.415562691364628,0.965472332510272,5.58464202600958,2.32076887063655,0.0485353765496996,SRAD,1,0.0169400980544998,0.0160788686859885,0.0169400980544998,0.0080426531791259,0.0045535307387641,1,1,3,1,energy_limited
12010000,"NASELLE RIVER NEAR NASELLE, WA",46.37399,-123.74348,0.248125021368031,0.9077853632617,7.92794250513347,1.96712090349076,0.0236362361738051,PRCP,1,0.0209293907803669,0.0209293907803669,0.0151120442219899,0.006169803135278,0.0048630877588587,1,1,4,9,energy_limited
12013500,"WILLAPA RIVER NEAR WILLAPA, WA",46.65093,-123.65266,0.307887945024255,0.676634731688222,6.87493771389459,2.11671044490075,0.0174156764185481,PRCP,1,0.0303466033422961,0.0303466033422961,0.0185065578414813,0.0083639102155253,0.0067645307945362,1,1,7,11,energy_limited
12020000,"CHEHALIS RIVER NEAR DOTY, WA",46.61732,-123.27764,0.365324618784107,0.658297266348249,7.49924024640657,2.73965708418891,0.043553396693619,PRCP,1,0.002317261757042,0.002317261757042,0.0010623440239846,0.0007553531845876,0.0006186875153258,1,11,4,26,energy_limited
12025000,"NEWAUKUM RIVER NEAR CHEHALIS, WA",46.6201,-122.94513,0.444951664336169,0.677982130361714,4.7079794661191,2.0948232991102,0.029592527751536,PRCP,1,0.0185659229902438,0.0185659229902438,0.0143401483183687,0.0083274821284914,0.0053965503932328,1,1,8,11,energy_limited
12025700,"SKOOKUMCHUCK RIVER NEAR VAIL, WA",46.7726,-122.59401,0.401945393510085,0.949755164146208,5.09124572210815,2.0464027652293,0.0905767573548292,PRCP,1,0.011809181779563,0.011809181779563,0.0073888659440098,0.0046671748068777,0.0029235904229199,1,1,7,13,energy_limited
12035000,"SATSOP RIVER NEAR SATSOP, WA",47.00065,-123.49488,0.283383525045772,0.966568257172344,6.98794524298426,1.98026855578371,0.0220218880896681,PRCP,1,0.0274929798401789,0.0274929798401789,0.01151496883833,0.007010753967024,0.0053083419243097,1,1,5,9,energy_limited
12040500,"QUEETS RIVER NEAR CLEARWATER, WA",47.53786,-124.31575,0.232886187951406,1.18809309543026,8.15461190965092,1.89909648186174,0.0670917839751389,PRCP,1,0.0257634020899278,0.0257634020899278,0.0170838373497871,0.0078413670045266,0.0063760471065633,1,1,4,6,energy_limited
12041200,"HOH RIVER AT US HIGHWAY 101 NEAR FORKS, WA",47.80675,-124.25103,0.309795710452276,1.23119690940251,7.78531553730322,2.41185735797399,0.179574104744132,PRCP,1,0.029015682793847,0.029015682793847,0.0157353773189914,0.0076251255140629,0.0055002625022225,1,1,4,5,energy_limited
12043000,"CALAWAH RIVER NEAR FORKS, WA",47.96008,-124.39299,0.271589715473915,0.944511193282198,8.28458316221766,2.25000758384668,0.0706412610411825,PRCP,1,0.0237017475553887,0.0237017475553887,0.0140477471375549,0.007752130691134,0.0052032283064701,1,1,4,8,energy_limited
12048000,"DUNGENESS RIVER NEAR SEQUIM, WA",48.01426,-123.13268,0.527308755443305,0.488962857884177,4.7751266255989,2.51796607802875,0.498197653251076,PRCP,1,0.0162178352666615,0.0162178352666615,0.0071839904891255,0.0050111482294252,0.0035750278081146,1,1,7,14,energy_limited
12054000,"DUCKABUSH RIVER NEAR BRINNON, WA",47.68398,-123.01155,0.477626564487086,1.03248961321364,5.71473100616016,2.72950733744011,0.379149578248129,PRCP,1,0.0185876527533496,0.0185876527533496,0.0089481156705879,0.0054199983359631,0.0033242894428171,1,1,6,18,energy_limited
12056500,"NF SKOKOMISH R BL STAIRCASE RPDS NR HOODSPORT, WA",47.51426,-123.32989,0.285516505379932,1.24447701455561,6.99471184120465,1.99710568104038,0.338574932035289,PRCP,1,0.0176905814311455,0.0176905814311455,0.0077418950753891,0.004359938163876,0.0025181647296738,1,1,6,4,energy_limited
12073500,"HUGE CREEK NEAR WAUNA, WA",47.38926,-122.69902,0.712378117106727,0.423419990043446,4.00947022587269,2.85625885010267,0.0156016658711511,PRCP,1,0.0060726190675943,0.0060726190675943,0.0044619453032085,0.0030568741301719,0.0024092456103261,1,2,9,26,energy_limited
12082500,"NISQUALLY RIVER NEAR NATIONAL, WA",46.75261,-122.08372,0.419493270074965,0.77720332124623,7.0616386036961,2.96230986995209,0.39878651405721,PRCP,1,0.0101308976582238,0.0101308976582238,0.0054581670332687,0.0037569202572132,0.0029026911254748,1,1,1,14,energy_limited
12092000,"PUYALLUP RIVER NEAR ELECTRON, WA",46.90372,-122.03511,0.285485029315853,0.74504962203191,7.27449555099247,2.07675957563313,0.513670726431351,PRCP,1,0.0095367603376649,0.0095367603376649,0.0045234152388085,0.0024680019096317,0.0016343785272839,1,1,8,2,energy_limited
12095000,"SOUTH PRAIRIE CREEK AT SOUTH PRAIRIE, WA",47.13955,-122.09261,0.543704960792406,0.582938765162704,4.56074606433949,2.47970026009582,0.0782320939481484,PRCP,1,0.0068733633224331,0.0068733633224331,0.0028726790270449,0.0032850867250488,0.0028522589118145,1,1,6,6,energy_limited
12114500,"CEDAR RIVER BELOW BEAR CREEK NEAR CEDAR FALLS, WA",47.34205,-121.54899,0.273299790140021,0.795456833072183,7.24188090349076,1.97920453114305,0.40651703888364,PRCP,1,0.0132738587408948,0.0132738587408948,0.0045319900612792,0.0035581924500295,0.0028093723563672,1,1,17,1,energy_limited
12115000,"CEDAR RIVER NEAR CEDAR FALLS, WA",47.37011,-121.6251,0.274420154384387,0.813411205404923,7.20673785078713,1.97767411362081,0.338944352402744,PRCP,1,0.0143035046477174,0.0143035046477174,0.0040584202745383,0.0040472800833608,0.0030139732853946,1,1,6,8,energy_limited
12115500,"REX RIVER NEAR CEDAR FALLS, WA",47.35066,-121.66316,0.273342589685931,0.949404932365708,7.16035865845311,1.95723097878166,0.266126796672378,PRCP,1,0.0124985444364951,0.0124985444364951,0.0056770908766559,0.004834039868136,0.003744502025443,1,2,15,14,energy_limited
12117000,"TAYLOR CREEK NEAR SELLECK, WA",47.38649,-121.84622,0.305977750941276,0.784869328130058,6.50885420944558,1.99156457221081,0.12519943348901,PRCP,1,0.0095211246546985,0.0095211246546985,0.0047203695090525,0.0037324461578524,0.0026584452840179,1,2,7,30,energy_limited
12141300,"MIDDLE FORK SNOQUALMIE RIVER NEAR TANNER, WA",47.48594,-121.64788,0.255732146723122,0.938217639460234,7.93553045859001,2.02937023956194,0.34634843938274,PRCP,1,0.0224549681098937,0.0224549681098937,0.0071337912938966,0.0047531467474672,0.0041105585265558,1,1,8,8,energy_limited
12143600,"SF SNOQUALMIE RIVER AT EDGEWICK, WA",47.4526,-121.71788,0.273055298374046,0.855120680670142,7.62343052703628,2.0816180971937,0.311622046373118,PRCP,1,0.0176092597341241,0.0176092597341241,0.0049360252150555,0.0036484358523151,0.0026621223194416,1,1,9,26,energy_limited
12144000,"SF SNOQUALMIE RIVER AT NORTH BEND, WA",47.49288,-121.79011,0.306710255194307,0.893443567186986,7.21094318959617,2.21167022587269,0.220551545924003,PRCP,1,0.0224782421853668,0.0224782421853668,0.0071193887432912,0.0051388056657124,0.0039761720483257,1,1,7,1,energy_limited
12145500,"RAGING RIVER NEAR FALL CITY, WA",47.53982,-121.909,0.373733477983463,0.682937898110203,5.71355099247091,2.13534528405202,0.0448546378807159,PRCP,1,0.0166354424902126,0.0166354424902126,0.0086121045430726,0.0062223725063445,0.0049263932228673,1,1,8,7,energy_limited
12147500,"NORTH FORK TOLT RIVER NEAR CARNATION, WA",47.71232,-121.78873,0.24489662606195,1.03858873689635,7.99334839151266,1.95754405201916,0.159041201436992,PRCP,1,0.0113587526800378,0.0113587526800378,0.0069241493048061,0.0050366402830182,0.0046976714604264,1,1,9,9,energy_limited
12147600,"SOUTH FORK TOLT RIVER NEAR INDEX, WA",47.70677,-121.60011,0.22028353017393,1.08082690926532,8.79244216290212,1.93683019849418,0.274033030981901,PRCP,1,0.0115059525620811,0.0115059525620811,0.0078147227385243,0.0055474859665194,0.0038340177071417,1,1,1,6,energy_limited
12167000,"NF STILLAGUAMISH RIVER NEAR ARLINGTON, WA",48.26149,-122.04764,0.290659988765386,1.01530122058151,6.72118548939083,1.95357969883641,0.131187744738816,PRCP,1,0.0165611602430221,0.0165611602430221,0.011210139337953,0.0069478631175012,0.0057422346344732,1,1,1,7,energy_limited
12175500,"THUNDER CREEK NEAR NEWHALEM, WA",48.67263,-121.0729,0.400719733521145,1.04697214505174,5.46175222450376,2.18863189596167,0.690360443229126,SRAD,2,0.0085992040826255,0.0077463949957889,0.0085992040826255,0.0080216907034463,0.0081709803447336,1,2,1,1,energy_limited
12178100,"NEWHALEM CREEK NEAR NEWHALEM, WA",48.65596,-121.23846,0.329454412703674,1.02751144811746,6.09532238193018,2.00813085557837,0.52956688772688,PRCP,1,0.0044653989911389,0.0044653989911389,0.0022654508883989,0.0013262167516967,0.0013618149237719,1,2,7,1,energy_limited
12186000,"SAUK RIVER AB WHITECHUCK RIVER NEAR DARRINGTON, WA",48.16872,-121.47067,0.307711123089427,1.04332228256023,6.49131006160164,1.99744830937714,0.435652191884185,PRCP,1,0.0050339733480851,0.0050339733480851,0.0019300307358597,0.001789174579328,0.001489550098078,1,1,19,12,energy_limited
12189500,"SAUK RIVER NEAR SAUK, WA",48.42456,-121.56846,0.344164436723721,0.979747020167523,5.89993292265572,2.03054709103354,0.457875714546575,PRCP,1,0.0165288458818064,0.0165288458818064,0.0055489291827095,0.0036200066519761,0.0030744953042907,1,2,7,15,energy_limited
12358500,Middle Fork Flathead River nr West Glacier MT,48.49524,-114.01012,0.666040701923417,0.702229877916402,3.33040109514031,2.21818268309377,0.558849303987327,SRAD,2,0.0149301569888051,0.0039235743866583,0.0149301569888051,0.0088547511606046,0.0101294881070799,1,2,1,1,energy_limited
12374250,Mill Cr ab Bassoo Cr nr Niarada MT,47.82966,-114.69763,1.06755768106675,0.175633924434505,2.24356741957563,2.39513763175907,0.43980631218249,SRAD,2,0.0042835875623149,0.0017471007510146,0.0042835875623149,0.0038509703405476,0.0023636799740619,24,2,1,6,water_limited
12375900,South Crow Creek near Ronan MT,47.4916,-114.02677,0.696052767514438,0.702115725004103,3.43453798767967,2.39061967145791,0.606515526539202,SRAD,3,0.008512665009648,0.0025133168157996,0.008512665009648,0.0056954393968523,0.0080052752050797,2,3,23,1,energy_limited
12377150,Mission Cr ab Reservoir nr ST Ignatius MT,47.32299,-113.97955,0.6113163325292,0.90991667334367,4.04254072553046,2.47127117043121,0.719886653780668,SRAD,2,0.0168427320836098,0.0045113280597137,0.0168427320836098,0.0121420559907333,0.0137929213572239,2,2,1,1,energy_limited
12381400,South Fork Jocko River near Arlee MT,47.19549,-113.85065,0.973110214859788,0.320632987748681,2.99741820670773,2.916818275154,0.594005153419735,SRAD,2,0.0084752464027003,0.0015329574553888,0.0084752464027003,0.0049092151217721,0.003993941553341,11,2,3,1,energy_limited
12383500,Big Knife Creek near Arlee MT,47.14743,-113.97427,0.849531114192637,0.458898683455222,3.09484599589322,2.62916796714579,0.612621722100952,SRAD,2,0.010208721829179,0.0027798274011417,0.010208721829179,0.0068419981212509,0.0092228270148476,14,2,4,1,energy_limited
12388400,Revais Cr bl West Fork nr Dixon MT,47.26632,-114.40679,1.26467233838097,0.311471184769127,2.37047775496235,2.99787764544832,0.468572458152242,SRAD,2,0.009508772053647,0.0025327960951487,0.009508772053647,0.0069009866967226,0.0048834134752283,1,2,4,1,water_limited
12390700,Prospect Creek at Thompson Falls MT,47.58605,-115.35515,0.951284933864594,0.372709466584371,3.03506913073238,2.88721553730322,0.519487009712609,SRAD,2,0.0061995025705015,0.0034230870682749,0.0061995025705015,0.0041197065915917,0.0041644935898197,1,2,1,1,energy_limited
12411000,NF COEUR D ALENE R AB SHOSHONE CK NR PRICHARD ID,47.70611,-115.97917,0.635823643691243,0.560408545386013,3.40619301848049,2.16573805612594,0.464485512558355,PRCP,1,0.0067917014834212,0.0067917014834212,0.0054996957962706,0.0064847189452267,0.0049619775525416,1,2,1,1,energy_limited
12414500,ST JOE RIVER AT CALDER ID,47.27464,-116.18905,0.634841846611116,0.566245898649861,3.66243531827515,2.32506720054757,0.549797432841109,SRAD,3,0.0096430927319881,0.0065096884890104,0.0096430927319881,0.0086750612477649,0.0062798094536303,1,3,2,1,energy_limited
12447390,"ANDREWS CREEK NEAR MAZAMA, WA",48.82292,-120.14592,0.855149970177677,0.533608238468684,2.55907597535934,2.18839374401095,0.777311497508566,SRAD,1,0.0081832807539665,0.0016360177187104,0.0081832807539665,0.0065801778304022,0.0034766107320201,1,1,1,5,energy_limited
12451000,"STEHEKIN RIVER AT STEHEKIN, WA",48.32958,-120.69177,0.477409714857793,0.936998954989659,4.47540177960301,2.13660028747433,0.716767081202258,SRAD,1,0.0169584207042394,0.0071554553718101,0.0169584207042394,0.0122336038503924,0.0089110957066557,1,1,1,1,energy_limited
12488500,"AMERICAN RIVER NEAR NILE, WA",46.97762,-121.1687,0.460863112965068,0.57339268380189,4.74598083504449,2.18724750171116,0.641918995401996,SRAD,1,0.0093346970250755,0.0083199839718089,0.0093346970250755,0.0079088821931071,0.0080580829840048,1,1,1,1,energy_limited
13011500,PACIFIC CREEK AT MORAN WY,43.85028,-110.51778,1.10894054860902,0.668578967333135,2.43398220396988,2.69914156057495,0.658713268212353,SRAD,1,0.0089846247710723,0.0025361580266958,0.0089846247710723,0.0064040477507803,0.0038044643844666,1,1,1,3,water_limited
13011900,BUFFALO FORK AB LAVA CREEK NR MORAN WY,43.83806,-110.44111,1.14165396721462,0.616590141711822,2.38332648870637,2.72093414099932,0.704607069419076,SRAD,1,0.0112863687419412,0.0024190833263559,0.0112863687419412,0.0080613725780834,0.0057067593901294,2,1,1,1,water_limited
13018300,"CACHE CREEK NEAR JACKSON, WY",43.45215,-110.70409,1.49519893728156,0.448944547642731,2.22898973305955,3.33278308008214,0.65711853695655,Tair,7,0.0051104444313034,0.0011574929706684,0.0042151758658503,0.0051104444313034,0.0033047769559594,23,2,7,1,water_limited
13023000,GREYS RIVER AB RESERVOIR NR ALPINE WY,43.14278,-110.97667,1.30549121079233,0.527241908642763,2.35744284736482,3.07762091718001,0.646858624758436,Tair,1,0.0100761037529547,0.0019501869429238,0.0096384729564548,0.0100761037529547,0.0058351709954778,2,2,1,1,water_limited
13083000,TRAPPER CREEK NR OAKLEY ID,42.16583,-113.98361,2.10742040613462,0.160782003207383,1.54239561943874,3.25047600273785,0.487107710877592,SRAD,3,0.0030298637344526,0.0020085997703154,0.0030298637344526,0.0020324918611217,0.0018064906412433,1,3,11,1,water_limited
13161500,BRUNEAU RIVER AT ROWLAND NV,41.93324,-115.67453,1.86837452603498,0.162174610645163,1.37010951403149,2.55987771389459,0.518679342368851,SRAD,3,0.0033386925219023,0.0032361796149398,0.0033386925219023,0.0031472010441728,0.0030558702820718,1,3,1,1,water_limited
13235000,SF PAYETTE RIVER AT LOWMAN ID,44.08528,-115.62222,1.04542058272682,0.646655449282774,2.56698699520876,2.6835810403833,0.677895075896552,SRAD,2,0.011350465946013,0.002760488712287,0.011350465946013,0.0095471780988087,0.0079757053618352,2,2,1,1,water_limited
13240000,LAKE FORK PAYETTE RIVER AB JUMBO CR NR MCCALL ID,44.91361,-115.99722,0.748671386862602,0.792020424720286,3.25724982888433,2.4386097467488,0.726533471798391,SRAD,2,0.0063995457284097,0.0018297481748401,0.0063995457284097,0.0063430511674702,0.0048195174777081,2,2,1,1,energy_limited
13310700,SF SALMON RIVER NR KRASSEL RANGER STATION ID,44.98694,-115.725,0.900950971658628,0.460750012298028,3.04728131416838,2.74545106091718,0.659423756726634,Tair,1,0.009995624200087,0.0047950407391891,0.0096741172200842,0.009995624200087,0.0064829028484574,1,2,1,1,energy_limited
13313000,JOHNSON CREEK AT YELLOW PINE ID,44.96167,-115.5,0.788086019761959,0.38940833762089,3.63047912388775,2.86112984257358,0.744536050209931,Tair,1,0.0082902349618994,0.0032225502251132,0.0078494595118941,0.0082902349618994,0.0033568588759619,2,2,1,1,energy_limited
13331500,"MINAM RIVER NEAR MINAM, OR",45.61987,-117.72659,0.816008576944525,0.633162763724045,2.75191375770021,2.245585229295,0.55788094452843,SRAD,2,0.0113408961969549,0.0045189112933062,0.0113408961969549,0.0101776980464178,0.0085714271960277,2,2,1,1,energy_limited
13337000,LOCHSA RIVER NR LOWELL ID,46.15083,-115.58722,0.649167547284404,0.601611025130805,3.58831759069131,2.32941932922656,0.56457032594174,SRAD,2,0.0116936424877367,0.0039524621763507,0.0116936424877367,0.0115253892067614,0.0056718964562965,2,2,1,1,energy_limited
13338500,SF CLEARWATER RIVER AT STITES ID,46.08639,-115.97667,0.9698478012134,0.312257579353272,2.32584257357974,2.25571330595483,0.360817479170443,SRAD,2,0.0080940659357879,0.0032978034479493,0.0080940659357879,0.0079765421530967,0.0049160819593461,1,2,1,1,energy_limited
13340000,CLEARWATER RIVER AT OROFINO ID,46.47833,-116.2575,0.793958980230467,0.493670140527647,2.94363997262149,2.3371293908282,0.455800484484002,Tair,1,0.0121594695056505,0.005130441935736,0.0111697670818791,0.0121594695056505,0.0070368916577616,1,2,1,1,energy_limited
13340600,NF CLEARWATER RIVER NR CANYON RANGER STATION ID,46.84047,-115.6207,0.600680255948726,0.64715992371763,3.77449828884326,2.2672665982204,0.557400052443158,Tair,1,0.0114675922009315,0.0061257657298121,0.0104423372122527,0.0114675922009315,0.007940439488433,1,2,1,1,energy_limited
14020000,"UMATILLA RIVER ABOVE MEACHAM CREEK, NR GIBBON, OR",45.71958,-118.32329,0.864898402179714,0.623461911349008,2.63672005475702,2.28049496235455,0.355358222004398,PRCP,1,0.0104040237145006,0.0104040237145006,0.0029020116411708,0.0047103004018956,0.0047876804924565,1,23,6,1,energy_limited
14092750,"SHITIKE CR, AT PETERS PASTURE, NR WARM SPRINGS, OR",44.75039,-121.6334,0.668968650296377,0.71245177715104,4.59137987679671,3.07148919917864,0.535953008986575,PRCP,1,0.0094151667751529,0.0094151667751529,0.0028338556414018,0.0028182241729705,0.0013212698136377,1,1,8,11,energy_limited
14096850,"BEAVER CREEK, BLW QUARTZ CR, NR SIMNASHO, OR.",44.95873,-121.39423,1.14418979077214,0.211598952654545,2.5476810403833,2.91503063655031,0.244750228496234,PRCP,1,0.0050648839306129,0.0050648839306129,0.002466154794125,0.0025296199796303,0.0013205843360076,1,15,7,30,water_limited
14137000,"SANDY RIVER NEAR MARMOT, OR",45.39956,-122.13731,0.321610371458466,0.749967410409279,6.3035099247091,2.02727416837782,0.324496374801996,PRCP,1,0.0141336258782975,0.0141336258782975,0.0048279595305446,0.0041085264022898,0.0026783535822077,1,1,8,7,energy_limited
14138800,"BLAZED ALDER CREEK NEAR RHODODENDRON, OREG.",45.45262,-121.89147,0.270945979187767,0.842295649815027,7.72975085557837,2.09434491444216,0.317266212149897,PRCP,1,0.01823090025271,0.01823090025271,0.00787381028404,0.0057853399444906,0.0039528238320671,1,1,3,8,energy_limited
14138870,"FIR CREEK NEAR BRIGHTWOOD, OR",45.48012,-122.02564,0.251662261378409,0.718656088185619,8.40205201916496,2.11447941136208,0.229049355466927,PRCP,1,0.0128651541168193,0.0128651541168193,0.006811583614636,0.0045046236105381,0.0033602922056359,1,1,8,7,energy_limited
14138900,"NORTH FORK BULL RUN RIVER NEAR MULTNOMAH FALLS, OR",45.49429,-122.03592,0.238185171087227,0.900243308503612,8.93688569472964,2.12863364818617,0.221358389006793,PRCP,1,0.0188897372885271,0.0188897372885271,0.0088269368449771,0.0060311796925709,0.0040871641994118,1,1,3,10,energy_limited
14139800,"SOUTH FORK BULL RUN RIVER NEAR BULL RUN, OR",45.44456,-122.10953,0.266625319168622,0.857852693578116,7.9304257357974,2.11445229295003,0.183197955663698,PRCP,1,0.0219976690763605,0.0219976690763605,0.008119311406749,0.0063470903228956,0.0047264202450849,1,1,8,7,energy_limited
14141500,"LITTLE SANDY RIVER NEAR BULL RUN, OREG.",45.4154,-122.17148,0.290755063782449,0.757046730934637,7.40303080082136,2.15246869267625,0.142882264769743,PRCP,1,0.0216569506912271,0.0216569506912271,0.0096776619023163,0.0061213016205247,0.0045454045524171,1,1,6,8,energy_limited
14154500,"ROW RIVER ABOVE PITCHER CREEK NEAR, DORENA, OREG",43.73596,-122.8734,0.487815409541157,0.542897416913551,4.62511567419576,2.25620269678303,0.135550710091939,PRCP,1,0.0157421523876729,0.0157421523876729,0.010947175149569,0.0074798470504067,0.0039872766430391,1,1,7,7,energy_limited
14158500,"MCKENZIE RIVER AT OUTLET OF CLEAR LAKE, OR",44.36095,-121.99562,0.387166068484994,0.771347637968815,5.79823956194387,2.24488161533196,0.365169961190987,PRCP,1,0.0187361078487606,0.0187361078487606,0.0080175491053335,0.0066843852560036,0.0051204517607387,1,1,13,1,energy_limited
14158790,"SMITH R AB SMITH R RES NR BELKNAP SPRGS,OREG.",44.33457,-122.04701,0.360883400097528,0.853037982252662,6.07769336071184,2.19333864476386,0.365056630377127,PRCP,1,0.0182490790840703,0.0182490790840703,0.0096776274355648,0.0064335961393818,0.0044628004742062,1,1,1,1,energy_limited
14166500,"LONG TOM RIVER NEAR NOTI, OREG.",44.04984,-123.42621,0.60773066728035,0.470724139970394,5.05023819301848,3.06918462696783,0.0106763012784076,PRCP,1,0.0286973402999062,0.0286973402999062,0.012385288208399,0.0076982718057669,0.0051495707262603,1,1,10,3,energy_limited
14182500,"LITTLE NORTH SANTIAM RIVER NEAR MEHAMA, OR",44.79151,-122.57897,0.348922315497932,0.950057873927566,6.21778234086242,2.16952301163587,0.146759311242181,PRCP,1,0.0065473101252285,0.0065473101252285,0.004068171525558,0.00292264118354,0.0017988683885046,1,1,9,9,energy_limited
14185000,"SOUTH SANTIAM RIVER BELOW CASCADIA, OR",44.39179,-122.49758,0.387958147507602,0.748863993797453,5.7116605065024,2.215885229295,0.178107252284554,PRCP,1,0.0168010487920584,0.0168010487920584,0.0095982386153101,0.0056537747176183,0.0032569649382314,1,1,8,8,energy_limited
14185900,"QUARTZVILLE CREEK NEAR CASCADIA, OREG.",44.54012,-122.43591,0.333461204861607,0.908166294807225,6.60820396988364,2.20357965776865,0.187297518505713,PRCP,1,0.0246919205042824,0.0246919205042824,0.0147887881283458,0.0079356137764367,0.0042883958008782,1,1,1,11,energy_limited
14187000,"WILEY CREEK NEAR FOSTER, OR",44.37235,-122.62314,0.413333697112885,0.649902673309764,5.35609308692676,2.21385375770021,0.0895194173938424,PRCP,1,0.0116952990886025,0.0116952990886025,0.0104616474701689,0.006258688312356,0.0035281130915642,1,1,4,8,energy_limited
14216500,"MUDDY CREEK BELOW CLEAR CREEK NEAR COUGAR, WA",46.07567,-121.9987,0.281516771919788,0.826949028526752,7.31242436687201,2.0585701026694,0.295816183757834,PRCP,1,0.014155502980447,0.014155502980447,0.0039821795264221,0.0032324318877652,0.002352568971764,1,1,8,7,energy_limited
14222500,"EAST FORK LEWIS RIVER NEAR HEISSON, WA",45.83678,-122.46621,0.291730996681997,0.718130606328521,7.37271731690623,2.15085017111567,0.0900274241194852,PRCP,1,0.0111543217669059,0.0111543217669059,0.0062861815848878,0.0049255880242029,0.0030800022211851,1,1,4,3,energy_limited
14236200,"TILTON RIVER AB BEAR CANYON CREEK NEAR CINEBAR, WA",46.59538,-122.45956,0.363938726260902,0.978564295921656,5.58979876796715,2.03434424366872,0.11471395531314,PRCP,1,0.0115932079118411,0.0115932079118411,0.0072359559130724,0.0052058279526588,0.003768256723139,1,1,7,6,energy_limited
14301000,"NEHALEM RIVER NEAR FOSS, OR",45.704,-123.7554,0.487712112009161,0.621775558824827,5.81921697467488,2.83810260095825,0.0324798903206775,PRCP,1,0.0249464671217908,0.0249464671217908,0.0123570134490132,0.0071178953277817,0.0050347350698976,1,1,9,9,energy_limited
14303200,"TUCCA CREEK NEAR BLAINE, OR.",45.32428,-123.5465,0.322802335415838,0.800308618058677,6.69440657084189,2.1609700752909,0.088754104072909,PRCP,1,0.0215041273553413,0.0215041273553413,0.010389051589608,0.006514377691105,0.0039521610807684,1,1,6,7,energy_limited
14305500,"SILETZ RIVER AT SILETZ, OR",44.71512,-123.88733,0.325769239215451,0.99025270322957,6.67003011635866,2.17289063655031,0.0257414277847911,PRCP,1,0.0200011104275427,0.0200011104275427,0.012934533842788,0.0068787050049813,0.0042318934064202,1,1,9,13,energy_limited
14306340,"EAST FORK LOBSTER CREEK NEAR ALSEA, OR.",44.2479,-123.63649,0.376647538583815,0.64121131832546,6.48986721423682,2.4443925119781,0.0693804146431187,PRCP,1,0.0210461910350162,0.0210461910350162,0.0100586106391499,0.0067043642103414,0.0039287751805866,1,1,9,11,energy_limited
14306500,"ALSEA RIVER NEAR TIDEWATER, OR",44.38595,-123.83178,0.471445248538521,0.610330812294959,6.28693771389459,2.96394691307324,0.0202982706122534,PRCP,1,0.0341391693766854,0.0341391693766854,0.0172388127271831,0.0099393388022788,0.0053074916351301,1,1,9,4,energy_limited
14308990,"COW CREEK ABV GALESVILLE RES, NR AZALEA, OR.",42.82318,-123.12589,0.838265359848173,0.343557361990608,3.65558384668036,3.06434930869268,0.135825515539971,PRCP,1,0.0099208280880365,0.0099208280880365,0.0057789281720692,0.0041402131838749,0.0022158203362885,1,1,13,4,energy_limited
14309500,"WEST FORK COW CREEK NEAR GLENDALE, OR",42.804,-123.61091,0.627228059860258,0.493734021695294,4.97778097193703,3.12220390143737,0.0612553691709827,SRAD,1,0.0140277711713741,0.0135246154838319,0.0140277711713741,0.0084277177264731,0.0041585708046283,1,1,1,1,energy_limited
14316700,"STEAMBOAT CREEK NEAR GLIDE, OR",43.34984,-122.72894,0.501305088892464,0.643997143591881,4.54340041067762,2.2776297467488,0.176336580742005,PRCP,1,0.019048748332281,0.019048748332281,0.0152550476518398,0.0104064828065029,0.0053949026315286,1,1,5,1,energy_limited
14325000,"SOUTH FORK COQUILLE RIVER AT POWERS, OR",42.8915,-124.07065,0.38660991574857,0.64665721307564,6.29743737166324,2.43465173169062,0.0302033920558714,SRAD,1,0.0163306045073669,0.0144745852604907,0.0163306045073669,0.0087105035057027,0.0053064676370049,1,1,9,3,energy_limited
14362250,"STAR GULCH NEAR RUCH, OR.",42.15401,-123.07532,1.19539041561722,0.119357982098672,2.78167556468172,3.32518830937714,0.141500009350329,PRCP,1,0.0025114921289274,0.0025114921289274,0.0011915120976049,0.0010282903605081,0.0006643042199335,1,6,9,3,water_limited
14400000,"CHETCO RIVER NEAR BROOKINGS, OR",42.12344,-124.18731,0.410302083666978,1.36213210945676,5.55607118412047,2.27966758384668,0.0243303906906382,PRCP,1,0.0199226756082969,0.0199226756082969,0.0181409041298531,0.0098332618720026,0.0041148998744037,1,1,1,1,energy_limited
