gauge_id,huc_02,status,n_rows,info
01013500,01,OK,12784,C:\Users\ppaudel2\OneDrive - The University of Alabama\Desktop\Python\Python\Jupyter Notebook\CAMELS Research\Final research code\ALL CAMELS BASIN (FORCINGS TO STREAMFLOW)\outputs\merged_csv\01013500_merged_forcing_q.csv
01022500,01,OK,12784,C:\Users\ppaudel2\OneDrive - The University of Alabama\Desktop\Python\Python\Jupyter Notebook\CAMELS Research\Final research code\ALL CAMELS BASIN (FORCINGS TO STREAMFLOW)\outputs\merged_csv\01022500_merged_forcing_q.csv
01030500,01,OK,12784,C:\Users\ppaudel2\OneDrive - The University of Alabama\Desktop\Python\Python\Jupyter Notebook\CAMELS Research\Final research code\ALL CAMELS BASIN (FORCINGS TO STREAMFLOW)\outputs\merged_csv\01030500_merged_forcing_q.csv
01031500,01,OK,12784,C:\Users\ppaudel2\OneDrive - The University of Alabama\Desktop\Python\Python\Jupyter Notebook\CAMELS Research\Final research code\ALL CAMELS BASIN (FORCINGS TO STREAMFLOW)\outputs\merged_csv\01031500_merged_forcing_q.csv
01047000,01,OK,12784,C:\Users\ppaudel2\OneDrive - The University of Alabama\Desktop\Python\Python\Jupyter Notebook\CAMELS Research\Final research code\ALL CAMELS BASIN (FORCINGS TO STREAMFLOW)\outputs\merged_csv\01047000_merged_forcing_q.csv
01052500,01,OK,12784,C:\Users\ppaudel2\OneDrive - The University of Alabama\Desktop\Python\Python\Jupyter Notebook\CAMELS Research\Final research code\ALL CAMELS BASIN (FORCINGS TO STREAMFLOW)\outputs\merged_csv\01052500_merged_forcing_q.csv
01054200,01,OK,12784,C:\Users\ppaudel2\OneDrive - The University of Alabama\Desktop\Python\Python\Jupyter Notebook\CAMELS Research\Final research code\ALL CAMELS BASIN (FORCINGS TO STREAMFLOW)\outputs\merged_csv\01054200_merged_forcing_q.csv
01055000,01,OK,12784,C:\Users\ppaudel2\OneDrive - The University of Alabama\Desktop\Python\Python\Jupyter Notebook\CAMELS Research\Final research code\ALL CAMELS BASIN (FORCINGS TO STREAMFLOW)\outputs\merged_csv\01055000_merged_forcing_q.csv
01057000,01,OK,12784,C:\Users\ppaudel2\OneDrive - The University of Alabama\Desktop\Python\Python\Jupyter Notebook\CAMELS Research\Final research code\ALL CAMELS BASIN (FORCINGS TO STREAMFLOW)\outputs\merged_csv\01057000_merged_forcing_q.csv
01073000,01,OK,12784,C:\Users\ppaudel2\OneDrive - The University of Alabama\Desktop\Python\Python\Jupyter Notebook\CAMELS Research\Final research code\ALL CAMELS BASIN (FORCINGS TO STREAMFLOW)\outputs\merged_csv\01073000_merged_forcing_q.csv
01078000,01,OK,12784,C:\Users\ppaudel2\OneDrive - The University of Alabama\Desktop\Python\Python\Jupyter Notebook\CAMELS Research\Final research code\ALL CAMELS BASIN (FORCINGS TO STREAMFLOW)\outputs\merged_csv\01078000_merged_forcing_q.csv
01118300,01,OK,12784,C:\Users\ppaudel2\OneDrive - The University of Alabama\Desktop\Python\Python\Jupyter Notebook\CAMELS Research\Final research code\ALL CAMELS BASIN (FORCINGS TO STREAMFLOW)\outputs\merged_csv\01118300_merged_forcing_q.csv
01121000,01,OK,12784,C:\Users\ppaudel2\OneDrive - The University of Alabama\Desktop\Python\Python\Jupyter Notebook\CAMELS Research\Final research code\ALL CAMELS BASIN (FORCINGS TO STREAMFLOW)\outputs\merged_csv\01121000_merged_forcing_q.csv
01123000,01,OK,12784,C:\Users\ppaudel2\OneDrive - The University of Alabama\Desktop\Python\Python\Jupyter Notebook\CAMELS Research\Final research code\ALL CAMELS BASIN (FORCINGS TO STREAMFLOW)\outputs\merged_csv\01123000_merged_forcing_q.csv
01134500,01,OK,12784,C:\Users\ppaudel2\OneDrive - The University of Alabama\Desktop\Python\Python\Jupyter Notebook\CAMELS Research\Final research code\ALL CAMELS BASIN (FORCINGS TO STREAMFLOW)\outputs\merged_csv\01134500_merged_forcing_q.csv
01137500,01,OK,12784,C:\Users\ppaudel2\OneDrive - The University of Alabama\Desktop\Python\Python\Jupyter Notebook\CAMELS Research\Final research code\ALL CAMELS BASIN (FORCINGS TO STREAMFLOW)\outputs\merged_csv\01137500_merged_forcing_q.csv
01139000,01,OK,12784,C:\Users\ppaudel2\OneDrive - The University of Alabama\Desktop\Python\Python\Jupyter Notebook\CAMELS Research\Final research code\ALL CAMELS BASIN (FORCINGS TO STREAMFLOW)\outputs\merged_csv\01139000_merged_forcing_q.csv
01139800,01,OK,12784,C:\Users\ppaudel2\OneDrive - The University of Alabama\Desktop\Python\Python\Jupyter Notebook\CAMELS Research\Final research code\ALL CAMELS BASIN (FORCINGS TO STREAMFLOW)\outputs\merged_csv\01139800_merged_forcing_q.csv
01142500,01,OK,12784,C:\Users\ppaudel2\OneDrive - The University of Alabama\Desktop\Python\Python\Jupyter Notebook\CAMELS Research\Final research code\ALL CAMELS BASIN (FORCINGS TO STREAMFLOW)\outputs\merged_csv\01142500_merged_forcing_q.csv
01144000,01,OK,12784,C:\Users\ppaudel2\OneDrive - The University of Alabama\Desktop\Python\Python\Jupyter Notebook\CAMELS Research\Final research code\ALL CAMELS BASIN (FORCINGS TO STREAMFLOW)\outputs\merged_csv\01144000_merged_forcing_q.csv
01162500,01,OK,12784,C:\Users\ppaudel2\OneDrive - The University of Alabama\Desktop\Python\Python\Jupyter Notebook\CAMELS Research\Final research code\ALL CAMELS BASIN (FORCINGS TO STREAMFLOW)\outputs\merged_csv\01162500_merged_forcing_q.csv
01169000,01,OK,12784,C:\Users\ppaudel2\OneDrive - The University of Alabama\Desktop\Python\Python\Jupyter Notebook\CAMELS Research\Final research code\ALL CAMELS BASIN (FORCINGS TO STREAMFLOW)\outputs\merged_csv\01169000_merged_forcing_q.csv
01170100,01,OK,12784,C:\Users\ppaudel2\OneDrive - The University of Alabama\Desktop\Python\Python\Jupyter Notebook\CAMELS Research\Final research code\ALL CAMELS BASIN (FORCINGS TO STREAMFLOW)\outputs\merged_csv\01170100_merged_forcing_q.csv
01181000,01,OK,12784,C:\Users\ppaudel2\OneDrive - The University of Alabama\Desktop\Python\Python\Jupyter Notebook\CAMELS Research\Final research code\ALL CAMELS BASIN (FORCINGS TO STREAMFLOW)\outputs\merged_csv\01181000_merged_forcing_q.csv
01187300,01,OK,12784,C:\Users\ppaudel2\OneDrive - The University of Alabama\Desktop\Python\Python\Jupyter Notebook\CAMELS Research\Final research code\ALL CAMELS BASIN (FORCINGS TO STREAMFLOW)\outputs\merged_csv\01187300_merged_forcing_q.csv
01195100,01,OK,12111,C:\Users\ppaudel2\OneDrive - The University of Alabama\Desktop\Python\Python\Jupyter Notebook\CAMELS Research\Final research code\ALL CAMELS BASIN (FORCINGS TO STREAMFLOW)\outputs\merged_csv\01195100_merged_forcing_q.csv
01333000,02,OK,12784,C:\Users\ppaudel2\OneDrive - The University of Alabama\Desktop\Python\Python\Jupyter Notebook\CAMELS Research\Final research code\ALL CAMELS BASIN (FORCINGS TO STREAMFLOW)\outputs\merged_csv\01333000_merged_forcing_q.csv
01350000,02,OK,12784,C:\Users\ppaudel2\OneDrive - The University of Alabama\Desktop\Python\Python\Jupyter Notebook\CAMELS Research\Final research code\ALL CAMELS BASIN (FORCINGS TO STREAMFLOW)\outputs\merged_csv\01350000_merged_forcing_q.csv
01350080,02,OK,10394,C:\Users\ppaudel2\OneDrive - The University of Alabama\Desktop\Python\Python\Jupyter Notebook\CAMELS Research\Final research code\ALL CAMELS BASIN (FORCINGS TO STREAMFLOW)\outputs\merged_csv\01350080_merged_forcing_q.csv
01350140,02,OK,12784,C:\Users\ppaudel2\OneDrive - The University of Alabama\Desktop\Python\Python\Jupyter Notebook\CAMELS Research\Final research code\ALL CAMELS BASIN (FORCINGS TO STREAMFLOW)\outputs\merged_csv\01350140_merged_forcing_q.csv
01365000,02,OK,12784,C:\Users\ppaudel2\OneDrive - The University of Alabama\Desktop\Python\Python\Jupyter Notebook\CAMELS Research\Final research code\ALL CAMELS BASIN (FORCINGS TO STREAMFLOW)\outputs\merged_csv\01365000_merged_forcing_q.csv
01411300,02,OK,12784,C:\Users\ppaudel2\OneDrive - The University of Alabama\Desktop\Python\Python\Jupyter Notebook\CAMELS Research\Final research code\ALL CAMELS BASIN (FORCINGS TO STREAMFLOW)\outputs\merged_csv\01411300_merged_forcing_q.csv
01413500,02,OK,12784,C:\Users\ppaudel2\OneDrive - The University of Alabama\Desktop\Python\Python\Jupyter Notebook\CAMELS Research\Final research code\ALL CAMELS BASIN (FORCINGS TO STREAMFLOW)\outputs\merged_csv\01413500_merged_forcing_q.csv
01414500,02,OK,12784,C:\Users\ppaudel2\OneDrive - The University of Alabama\Desktop\Python\Python\Jupyter Notebook\CAMELS Research\Final research code\ALL CAMELS BASIN (FORCINGS TO STREAMFLOW)\outputs\merged_csv\01414500_merged_forcing_q.csv
01415000,02,OK,12784,C:\Users\ppaudel2\OneDrive - The University of Alabama\Desktop\Python\Python\Jupyter Notebook\CAMELS Research\Final research code\ALL CAMELS BASIN (FORCINGS TO STREAMFLOW)\outputs\merged_csv\01415000_merged_forcing_q.csv
01423000,02,OK,12784,C:\Users\ppaudel2\OneDrive - The University of Alabama\Desktop\Python\Python\Jupyter Notebook\CAMELS Research\Final research code\ALL CAMELS BASIN (FORCINGS TO STREAMFLOW)\outputs\merged_csv\01423000_merged_forcing_q.csv
01434025,02,OK,11530,C:\Users\ppaudel2\OneDrive - The University of Alabama\Desktop\Python\Python\Jupyter Notebook\CAMELS Research\Final research code\ALL CAMELS BASIN (FORCINGS TO STREAMFLOW)\outputs\merged_csv\01434025_merged_forcing_q.csv
01435000,02,OK,12784,C:\Users\ppaudel2\OneDrive - The University of Alabama\Desktop\Python\Python\Jupyter Notebook\CAMELS Research\Final research code\ALL CAMELS BASIN (FORCINGS TO STREAMFLOW)\outputs\merged_csv\01435000_merged_forcing_q.csv
01439500,02,OK,12784,C:\Users\ppaudel2\OneDrive - The University of Alabama\Desktop\Python\Python\Jupyter Notebook\CAMELS Research\Final research code\ALL CAMELS BASIN (FORCINGS TO STREAMFLOW)\outputs\merged_csv\01439500_merged_forcing_q.csv
01440000,02,OK,12784,C:\Users\ppaudel2\OneDrive - The University of Alabama\Desktop\Python\Python\Jupyter Notebook\CAMELS Research\Final research code\ALL CAMELS BASIN (FORCINGS TO STREAMFLOW)\outputs\merged_csv\01440000_merged_forcing_q.csv
01440400,02,OK,12784,C:\Users\ppaudel2\OneDrive - The University of Alabama\Desktop\Python\Python\Jupyter Notebook\CAMELS Research\Final research code\ALL CAMELS BASIN (FORCINGS TO STREAMFLOW)\outputs\merged_csv\01440400_merged_forcing_q.csv
01451800,02,OK,12784,C:\Users\ppaudel2\OneDrive - The University of Alabama\Desktop\Python\Python\Jupyter Notebook\CAMELS Research\Final research code\ALL CAMELS BASIN (FORCINGS TO STREAMFLOW)\outputs\merged_csv\01451800_merged_forcing_q.csv
01466500,02,OK,12784,C:\Users\ppaudel2\OneDrive - The University of Alabama\Desktop\Python\Python\Jupyter Notebook\CAMELS Research\Final research code\ALL CAMELS BASIN (FORCINGS TO STREAMFLOW)\outputs\merged_csv\01466500_merged_forcing_q.csv
01484100,02,OK,12784,C:\Users\ppaudel2\OneDrive - The University of Alabama\Desktop\Python\Python\Jupyter Notebook\CAMELS Research\Final research code\ALL CAMELS BASIN (FORCINGS TO STREAMFLOW)\outputs\merged_csv\01484100_merged_forcing_q.csv
01485500,02,OK,12784,C:\Users\ppaudel2\OneDrive - The University of Alabama\Desktop\Python\Python\Jupyter Notebook\CAMELS Research\Final research code\ALL CAMELS BASIN (FORCINGS TO STREAMFLOW)\outputs\merged_csv\01485500_merged_forcing_q.csv
01486000,02,OK,12784,C:\Users\ppaudel2\OneDrive - The University of Alabama\Desktop\Python\Python\Jupyter Notebook\CAMELS Research\Final research code\ALL CAMELS BASIN (FORCINGS TO STREAMFLOW)\outputs\merged_csv\01486000_merged_forcing_q.csv
01487000,02,OK,12784,C:\Users\ppaudel2\OneDrive - The University of Alabama\Desktop\Python\Python\Jupyter Notebook\CAMELS Research\Final research code\ALL CAMELS BASIN (FORCINGS TO STREAMFLOW)\outputs\merged_csv\01487000_merged_forcing_q.csv
01491000,02,OK,12784,C:\Users\ppaudel2\OneDrive - The University of Alabama\Desktop\Python\Python\Jupyter Notebook\CAMELS Research\Final research code\ALL CAMELS BASIN (FORCINGS TO STREAMFLOW)\outputs\merged_csv\01491000_merged_forcing_q.csv
01510000,02,OK,12784,C:\Users\ppaudel2\OneDrive - The University of Alabama\Desktop\Python\Python\Jupyter Notebook\CAMELS Research\Final research code\ALL CAMELS BASIN (FORCINGS TO STREAMFLOW)\outputs\merged_csv\01510000_merged_forcing_q.csv
01516500,02,OK,12784,C:\Users\ppaudel2\OneDrive - The University of Alabama\Desktop\Python\Python\Jupyter Notebook\CAMELS Research\Final research code\ALL CAMELS BASIN (FORCINGS TO STREAMFLOW)\outputs\merged_csv\01516500_merged_forcing_q.csv
01518862,02,OK,11476,C:\Users\ppaudel2\OneDrive - The University of Alabama\Desktop\Python\Python\Jupyter Notebook\CAMELS Research\Final research code\ALL CAMELS BASIN (FORCINGS TO STREAMFLOW)\outputs\merged_csv\01518862_merged_forcing_q.csv
01532000,02,OK,12784,C:\Users\ppaudel2\OneDrive - The University of Alabama\Desktop\Python\Python\Jupyter Notebook\CAMELS Research\Final research code\ALL CAMELS BASIN (FORCINGS TO STREAMFLOW)\outputs\merged_csv\01532000_merged_forcing_q.csv
01539000,02,OK,12784,C:\Users\ppaudel2\OneDrive - The University of Alabama\Desktop\Python\Python\Jupyter Notebook\CAMELS Research\Final research code\ALL CAMELS BASIN (FORCINGS TO STREAMFLOW)\outputs\merged_csv\01539000_merged_forcing_q.csv
01542810,02,OK,12784,C:\Users\ppaudel2\OneDrive - The University of Alabama\Desktop\Python\Python\Jupyter Notebook\CAMELS Research\Final research code\ALL CAMELS BASIN (FORCINGS TO STREAMFLOW)\outputs\merged_csv\01542810_merged_forcing_q.csv
01543000,02,OK,12784,C:\Users\ppaudel2\OneDrive - The University of Alabama\Desktop\Python\Python\Jupyter Notebook\CAMELS Research\Final research code\ALL CAMELS BASIN (FORCINGS TO STREAMFLOW)\outputs\merged_csv\01543000_merged_forcing_q.csv
01543500,02,OK,12784,C:\Users\ppaudel2\OneDrive - The University of Alabama\Desktop\Python\Python\Jupyter Notebook\CAMELS Research\Final research code\ALL CAMELS BASIN (FORCINGS TO STREAMFLOW)\outputs\merged_csv\01543500_merged_forcing_q.csv
01544500,02,OK,12784,C:\Users\ppaudel2\OneDrive - The University of Alabama\Desktop\Python\Python\Jupyter Notebook\CAMELS Research\Final research code\ALL CAMELS BASIN (FORCINGS TO STREAMFLOW)\outputs\merged_csv\01544500_merged_forcing_q.csv
01545600,02,OK,12784,C:\Users\ppaudel2\OneDrive - The University of Alabama\Desktop\Python\Python\Jupyter Notebook\CAMELS Research\Final research code\ALL CAMELS BASIN (FORCINGS TO STREAMFLOW)\outputs\merged_csv\01545600_merged_forcing_q.csv
01547700,02,OK,12784,C:\Users\ppaudel2\OneDrive - The University of Alabama\Desktop\Python\Python\Jupyter Notebook\CAMELS Research\Final research code\ALL CAMELS BASIN (FORCINGS TO STREAMFLOW)\outputs\merged_csv\01547700_merged_forcing_q.csv
01548500,02,OK,12784,C:\Users\ppaudel2\OneDrive - The University of Alabama\Desktop\Python\Python\Jupyter Notebook\CAMELS Research\Final research code\ALL CAMELS BASIN (FORCINGS TO STREAMFLOW)\outputs\merged_csv\01548500_merged_forcing_q.csv
01549500,02,OK,12784,C:\Users\ppaudel2\OneDrive - The University of Alabama\Desktop\Python\Python\Jupyter Notebook\CAMELS Research\Final research code\ALL CAMELS BASIN (FORCINGS TO STREAMFLOW)\outputs\merged_csv\01549500_merged_forcing_q.csv
01550000,02,OK,12784,C:\Users\ppaudel2\OneDrive - The University of Alabama\Desktop\Python\Python\Jupyter Notebook\CAMELS Research\Final research code\ALL CAMELS BASIN (FORCINGS TO STREAMFLOW)\outputs\merged_csv\01550000_merged_forcing_q.csv
01552000,02,OK,12784,C:\Users\ppaudel2\OneDrive - The University of Alabama\Desktop\Python\Python\Jupyter Notebook\CAMELS Research\Final research code\ALL CAMELS BASIN (FORCINGS TO STREAMFLOW)\outputs\merged_csv\01552000_merged_forcing_q.csv
01552500,02,OK,12784,C:\Users\ppaudel2\OneDrive - The University of Alabama\Desktop\Python\Python\Jupyter Notebook\CAMELS Research\Final research code\ALL CAMELS BASIN (FORCINGS TO STREAMFLOW)\outputs\merged_csv\01552500_merged_forcing_q.csv
01557500,02,OK,12784,C:\Users\ppaudel2\OneDrive - The University of Alabama\Desktop\Python\Python\Jupyter Notebook\CAMELS Research\Final research code\ALL CAMELS BASIN (FORCINGS TO STREAMFLOW)\outputs\merged_csv\01557500_merged_forcing_q.csv
01567500,02,OK,12784,C:\Users\ppaudel2\OneDrive - The University of Alabama\Desktop\Python\Python\Jupyter Notebook\CAMELS Research\Final research code\ALL CAMELS BASIN (FORCINGS TO STREAMFLOW)\outputs\merged_csv\01567500_merged_forcing_q.csv
01568000,02,OK,12784,C:\Users\ppaudel2\OneDrive - The University of Alabama\Desktop\Python\Python\Jupyter Notebook\CAMELS Research\Final research code\ALL CAMELS BASIN (FORCINGS TO STREAMFLOW)\outputs\merged_csv\01568000_merged_forcing_q.csv
01580000,02,OK,12784,C:\Users\ppaudel2\OneDrive - The University of Alabama\Desktop\Python\Python\Jupyter Notebook\CAMELS Research\Final research code\ALL CAMELS BASIN (FORCINGS TO STREAMFLOW)\outputs\merged_csv\01580000_merged_forcing_q.csv
01583500,02,OK,12784,C:\Users\ppaudel2\OneDrive - The University of Alabama\Desktop\Python\Python\Jupyter Notebook\CAMELS Research\Final research code\ALL CAMELS BASIN (FORCINGS TO STREAMFLOW)\outputs\merged_csv\01583500_merged_forcing_q.csv
01586610,02,OK,11780,C:\Users\ppaudel2\OneDrive - The University of Alabama\Desktop\Python\Python\Jupyter Notebook\CAMELS Research\Final research code\ALL CAMELS BASIN (FORCINGS TO STREAMFLOW)\outputs\merged_csv\01586610_merged_forcing_q.csv
01591400,02,OK,12784,C:\Users\ppaudel2\OneDrive - The University of Alabama\Desktop\Python\Python\Jupyter Notebook\CAMELS Research\Final research code\ALL CAMELS BASIN (FORCINGS TO STREAMFLOW)\outputs\merged_csv\01591400_merged_forcing_q.csv
01594950,02,OK,10319,C:\Users\ppaudel2\OneDrive - The University of Alabama\Desktop\Python\Python\Jupyter Notebook\CAMELS Research\Final research code\ALL CAMELS BASIN (FORCINGS TO STREAMFLOW)\outputs\merged_csv\01594950_merged_forcing_q.csv
01596500,02,OK,12784,C:\Users\ppaudel2\OneDrive - The University of Alabama\Desktop\Python\Python\Jupyter Notebook\CAMELS Research\Final research code\ALL CAMELS BASIN (FORCINGS TO STREAMFLOW)\outputs\merged_csv\01596500_merged_forcing_q.csv
01605500,02,OK,12784,C:\Users\ppaudel2\OneDrive - The University of Alabama\Desktop\Python\Python\Jupyter Notebook\CAMELS Research\Final research code\ALL CAMELS BASIN (FORCINGS TO STREAMFLOW)\outputs\merged_csv\01605500_merged_forcing_q.csv
01606500,02,OK,12784,C:\Users\ppaudel2\OneDrive - The University of Alabama\Desktop\Python\Python\Jupyter Notebook\CAMELS Research\Final research code\ALL CAMELS BASIN (FORCINGS TO STREAMFLOW)\outputs\merged_csv\01606500_merged_forcing_q.csv
01613050,02,OK,12784,C:\Users\ppaudel2\OneDrive - The University of Alabama\Desktop\Python\Python\Jupyter Notebook\CAMELS Research\Final research code\ALL CAMELS BASIN (FORCINGS TO STREAMFLOW)\outputs\merged_csv\01613050_merged_forcing_q.csv
01620500,02,OK,12784,C:\Users\ppaudel2\OneDrive - The University of Alabama\Desktop\Python\Python\Jupyter Notebook\CAMELS Research\Final research code\ALL CAMELS BASIN (FORCINGS TO STREAMFLOW)\outputs\merged_csv\01620500_merged_forcing_q.csv
01632000,02,OK,12784,C:\Users\ppaudel2\OneDrive - The University of Alabama\Desktop\Python\Python\Jupyter Notebook\CAMELS Research\Final research code\ALL CAMELS BASIN (FORCINGS TO STREAMFLOW)\outputs\merged_csv\01632000_merged_forcing_q.csv
01632900,02,OK,12784,C:\Users\ppaudel2\OneDrive - The University of Alabama\Desktop\Python\Python\Jupyter Notebook\CAMELS Research\Final research code\ALL CAMELS BASIN (FORCINGS TO STREAMFLOW)\outputs\merged_csv\01632900_merged_forcing_q.csv
01634500,02,OK,12784,C:\Users\ppaudel2\OneDrive - The University of Alabama\Desktop\Python\Python\Jupyter Notebook\CAMELS Research\Final research code\ALL CAMELS BASIN (FORCINGS TO STREAMFLOW)\outputs\merged_csv\01634500_merged_forcing_q.csv
01638480,02,OK,12784,C:\Users\ppaudel2\OneDrive - The University of Alabama\Desktop\Python\Python\Jupyter Notebook\CAMELS Research\Final research code\ALL CAMELS BASIN (FORCINGS TO STREAMFLOW)\outputs\merged_csv\01638480_merged_forcing_q.csv
01639500,02,OK,12784,C:\Users\ppaudel2\OneDrive - The University of Alabama\Desktop\Python\Python\Jupyter Notebook\CAMELS Research\Final research code\ALL CAMELS BASIN (FORCINGS TO STREAMFLOW)\outputs\merged_csv\01639500_merged_forcing_q.csv
01644000,02,OK,12784,C:\Users\ppaudel2\OneDrive - The University of Alabama\Desktop\Python\Python\Jupyter Notebook\CAMELS Research\Final research code\ALL CAMELS BASIN (FORCINGS TO STREAMFLOW)\outputs\merged_csv\01644000_merged_forcing_q.csv
01658500,02,OK,12784,C:\Users\ppaudel2\OneDrive - The University of Alabama\Desktop\Python\Python\Jupyter Notebook\CAMELS Research\Final research code\ALL CAMELS BASIN (FORCINGS TO STREAMFLOW)\outputs\merged_csv\01658500_merged_forcing_q.csv
01664000,02,OK,12784,C:\Users\ppaudel2\OneDrive - The University of Alabama\Desktop\Python\Python\Jupyter Notebook\CAMELS Research\Final research code\ALL CAMELS BASIN (FORCINGS TO STREAMFLOW)\outputs\merged_csv\01664000_merged_forcing_q.csv
01666500,02,OK,12784,C:\Users\ppaudel2\OneDrive - The University of Alabama\Desktop\Python\Python\Jupyter Notebook\CAMELS Research\Final research code\ALL CAMELS BASIN (FORCINGS TO STREAMFLOW)\outputs\merged_csv\01666500_merged_forcing_q.csv
01667500,02,OK,12784,C:\Users\ppaudel2\OneDrive - The University of Alabama\Desktop\Python\Python\Jupyter Notebook\CAMELS Research\Final research code\ALL CAMELS BASIN (FORCINGS TO STREAMFLOW)\outputs\merged_csv\01667500_merged_forcing_q.csv
01669000,02,OK,12784,C:\Users\ppaudel2\OneDrive - The University of Alabama\Desktop\Python\Python\Jupyter Notebook\CAMELS Research\Final research code\ALL CAMELS BASIN (FORCINGS TO STREAMFLOW)\outputs\merged_csv\01669000_merged_forcing_q.csv
01669520,02,OK,12193,C:\Users\ppaudel2\OneDrive - The University of Alabama\Desktop\Python\Python\Jupyter Notebook\CAMELS Research\Final research code\ALL CAMELS BASIN (FORCINGS TO STREAMFLOW)\outputs\merged_csv\01669520_merged_forcing_q.csv
02011400,02,OK,12784,C:\Users\ppaudel2\OneDrive - The University of Alabama\Desktop\Python\Python\Jupyter Notebook\CAMELS Research\Final research code\ALL CAMELS BASIN (FORCINGS TO STREAMFLOW)\outputs\merged_csv\02011400_merged_forcing_q.csv
02011460,02,OK,12784,C:\Users\ppaudel2\OneDrive - The University of Alabama\Desktop\Python\Python\Jupyter Notebook\CAMELS Research\Final research code\ALL CAMELS BASIN (FORCINGS TO STREAMFLOW)\outputs\merged_csv\02011460_merged_forcing_q.csv
02013000,02,OK,12784,C:\Users\ppaudel2\OneDrive - The University of Alabama\Desktop\Python\Python\Jupyter Notebook\CAMELS Research\Final research code\ALL CAMELS BASIN (FORCINGS TO STREAMFLOW)\outputs\merged_csv\02013000_merged_forcing_q.csv
02014000,02,OK,12784,C:\Users\ppaudel2\OneDrive - The University of Alabama\Desktop\Python\Python\Jupyter Notebook\CAMELS Research\Final research code\ALL CAMELS BASIN (FORCINGS TO STREAMFLOW)\outputs\merged_csv\02014000_merged_forcing_q.csv
02015700,02,OK,12784,C:\Users\ppaudel2\OneDrive - The University of Alabama\Desktop\Python\Python\Jupyter Notebook\CAMELS Research\Final research code\ALL CAMELS BASIN (FORCINGS TO STREAMFLOW)\outputs\merged_csv\02015700_merged_forcing_q.csv
02016000,02,OK,12784,C:\Users\ppaudel2\OneDrive - The University of Alabama\Desktop\Python\Python\Jupyter Notebook\CAMELS Research\Final research code\ALL CAMELS BASIN (FORCINGS TO STREAMFLOW)\outputs\merged_csv\02016000_merged_forcing_q.csv
02017500,02,OK,12784,C:\Users\ppaudel2\OneDrive - The University of Alabama\Desktop\Python\Python\Jupyter Notebook\CAMELS Research\Final research code\ALL CAMELS BASIN (FORCINGS TO STREAMFLOW)\outputs\merged_csv\02017500_merged_forcing_q.csv
02018000,02,OK,12784,C:\Users\ppaudel2\OneDrive - The University of Alabama\Desktop\Python\Python\Jupyter Notebook\CAMELS Research\Final research code\ALL CAMELS BASIN (FORCINGS TO STREAMFLOW)\outputs\merged_csv\02018000_merged_forcing_q.csv
02027000,02,OK,12784,C:\Users\ppaudel2\OneDrive - The University of Alabama\Desktop\Python\Python\Jupyter Notebook\CAMELS Research\Final research code\ALL CAMELS BASIN (FORCINGS TO STREAMFLOW)\outputs\merged_csv\02027000_merged_forcing_q.csv
02027500,02,OK,12784,C:\Users\ppaudel2\OneDrive - The University of Alabama\Desktop\Python\Python\Jupyter Notebook\CAMELS Research\Final research code\ALL CAMELS BASIN (FORCINGS TO STREAMFLOW)\outputs\merged_csv\02027500_merged_forcing_q.csv
02028500,02,OK,12784,C:\Users\ppaudel2\OneDrive - The University of Alabama\Desktop\Python\Python\Jupyter Notebook\CAMELS Research\Final research code\ALL CAMELS BASIN (FORCINGS TO STREAMFLOW)\outputs\merged_csv\02028500_merged_forcing_q.csv
02038850,02,OK,12784,C:\Users\ppaudel2\OneDrive - The University of Alabama\Desktop\Python\Python\Jupyter Notebook\CAMELS Research\Final research code\ALL CAMELS BASIN (FORCINGS TO STREAMFLOW)\outputs\merged_csv\02038850_merged_forcing_q.csv
02046000,03,OK,12784,C:\Users\ppaudel2\OneDrive - The University of Alabama\Desktop\Python\Python\Jupyter Notebook\CAMELS Research\Final research code\ALL CAMELS BASIN (FORCINGS TO STREAMFLOW)\outputs\merged_csv\02046000_merged_forcing_q.csv
02051000,03,OK,12784,C:\Users\ppaudel2\OneDrive - The University of Alabama\Desktop\Python\Python\Jupyter Notebook\CAMELS Research\Final research code\ALL CAMELS BASIN (FORCINGS TO STREAMFLOW)\outputs\merged_csv\02051000_merged_forcing_q.csv
02051500,03,OK,12784,C:\Users\ppaudel2\OneDrive - The University of Alabama\Desktop\Python\Python\Jupyter Notebook\CAMELS Research\Final research code\ALL CAMELS BASIN (FORCINGS TO STREAMFLOW)\outputs\merged_csv\02051500_merged_forcing_q.csv
02053200,03,OK,12784,C:\Users\ppaudel2\OneDrive - The University of Alabama\Desktop\Python\Python\Jupyter Notebook\CAMELS Research\Final research code\ALL CAMELS BASIN (FORCINGS TO STREAMFLOW)\outputs\merged_csv\02053200_merged_forcing_q.csv
02053800,03,OK,12784,C:\Users\ppaudel2\OneDrive - The University of Alabama\Desktop\Python\Python\Jupyter Notebook\CAMELS Research\Final research code\ALL CAMELS BASIN (FORCINGS TO STREAMFLOW)\outputs\merged_csv\02053800_merged_forcing_q.csv
02055100,03,OK,12784,C:\Users\ppaudel2\OneDrive - The University of Alabama\Desktop\Python\Python\Jupyter Notebook\CAMELS Research\Final research code\ALL CAMELS BASIN (FORCINGS TO STREAMFLOW)\outputs\merged_csv\02055100_merged_forcing_q.csv
02056900,03,OK,12784,C:\Users\ppaudel2\OneDrive - The University of Alabama\Desktop\Python\Python\Jupyter Notebook\CAMELS Research\Final research code\ALL CAMELS BASIN (FORCINGS TO STREAMFLOW)\outputs\merged_csv\02056900_merged_forcing_q.csv
02059500,03,OK,12784,C:\Users\ppaudel2\OneDrive - The University of Alabama\Desktop\Python\Python\Jupyter Notebook\CAMELS Research\Final research code\ALL CAMELS BASIN (FORCINGS TO STREAMFLOW)\outputs\merged_csv\02059500_merged_forcing_q.csv
02064000,03,OK,12784,C:\Users\ppaudel2\OneDrive - The University of Alabama\Desktop\Python\Python\Jupyter Notebook\CAMELS Research\Final research code\ALL CAMELS BASIN (FORCINGS TO STREAMFLOW)\outputs\merged_csv\02064000_merged_forcing_q.csv
02065500,03,OK,12784,C:\Users\ppaudel2\OneDrive - The University of Alabama\Desktop\Python\Python\Jupyter Notebook\CAMELS Research\Final research code\ALL CAMELS BASIN (FORCINGS TO STREAMFLOW)\outputs\merged_csv\02065500_merged_forcing_q.csv
02069700,03,OK,12784,C:\Users\ppaudel2\OneDrive - The University of Alabama\Desktop\Python\Python\Jupyter Notebook\CAMELS Research\Final research code\ALL CAMELS BASIN (FORCINGS TO STREAMFLOW)\outputs\merged_csv\02069700_merged_forcing_q.csv
02070000,03,OK,12784,C:\Users\ppaudel2\OneDrive - The University of Alabama\Desktop\Python\Python\Jupyter Notebook\CAMELS Research\Final research code\ALL CAMELS BASIN (FORCINGS TO STREAMFLOW)\outputs\merged_csv\02070000_merged_forcing_q.csv
02074500,03,OK,12784,C:\Users\ppaudel2\OneDrive - The University of Alabama\Desktop\Python\Python\Jupyter Notebook\CAMELS Research\Final research code\ALL CAMELS BASIN (FORCINGS TO STREAMFLOW)\outputs\merged_csv\02074500_merged_forcing_q.csv
02077200,03,OK,12784,C:\Users\ppaudel2\OneDrive - The University of Alabama\Desktop\Python\Python\Jupyter Notebook\CAMELS Research\Final research code\ALL CAMELS BASIN (FORCINGS TO STREAMFLOW)\outputs\merged_csv\02077200_merged_forcing_q.csv
02081500,03,OK,12784,C:\Users\ppaudel2\OneDrive - The University of Alabama\Desktop\Python\Python\Jupyter Notebook\CAMELS Research\Final research code\ALL CAMELS BASIN (FORCINGS TO STREAMFLOW)\outputs\merged_csv\02081500_merged_forcing_q.csv
02082950,03,OK,12784,C:\Users\ppaudel2\OneDrive - The University of Alabama\Desktop\Python\Python\Jupyter Notebook\CAMELS Research\Final research code\ALL CAMELS BASIN (FORCINGS TO STREAMFLOW)\outputs\merged_csv\02082950_merged_forcing_q.csv
02092500,03,OK,12784,C:\Users\ppaudel2\OneDrive - The University of Alabama\Desktop\Python\Python\Jupyter Notebook\CAMELS Research\Final research code\ALL CAMELS BASIN (FORCINGS TO STREAMFLOW)\outputs\merged_csv\02092500_merged_forcing_q.csv
02096846,03,OK,9557,C:\Users\ppaudel2\OneDrive - The University of Alabama\Desktop\Python\Python\Jupyter Notebook\CAMELS Research\Final research code\ALL CAMELS BASIN (FORCINGS TO STREAMFLOW)\outputs\merged_csv\02096846_merged_forcing_q.csv
02102908,03,OK,12784,C:\Users\ppaudel2\OneDrive - The University of Alabama\Desktop\Python\Python\Jupyter Notebook\CAMELS Research\Final research code\ALL CAMELS BASIN (FORCINGS TO STREAMFLOW)\outputs\merged_csv\02102908_merged_forcing_q.csv
02108000,03,OK,12784,C:\Users\ppaudel2\OneDrive - The University of Alabama\Desktop\Python\Python\Jupyter Notebook\CAMELS Research\Final research code\ALL CAMELS BASIN (FORCINGS TO STREAMFLOW)\outputs\merged_csv\02108000_merged_forcing_q.csv
02111180,03,OK,12784,C:\Users\ppaudel2\OneDrive - The University of Alabama\Desktop\Python\Python\Jupyter Notebook\CAMELS Research\Final research code\ALL CAMELS BASIN (FORCINGS TO STREAMFLOW)\outputs\merged_csv\02111180_merged_forcing_q.csv
02111500,03,OK,12784,C:\Users\ppaudel2\OneDrive - The University of Alabama\Desktop\Python\Python\Jupyter Notebook\CAMELS Research\Final research code\ALL CAMELS BASIN (FORCINGS TO STREAMFLOW)\outputs\merged_csv\02111500_merged_forcing_q.csv
02112120,03,OK,12705,C:\Users\ppaudel2\OneDrive - The University of Alabama\Desktop\Python\Python\Jupyter Notebook\CAMELS Research\Final research code\ALL CAMELS BASIN (FORCINGS TO STREAMFLOW)\outputs\merged_csv\02112120_merged_forcing_q.csv
02112360,03,OK,12692,C:\Users\ppaudel2\OneDrive - The University of Alabama\Desktop\Python\Python\Jupyter Notebook\CAMELS Research\Final research code\ALL CAMELS BASIN (FORCINGS TO STREAMFLOW)\outputs\merged_csv\02112360_merged_forcing_q.csv
02118500,03,OK,12784,C:\Users\ppaudel2\OneDrive - The University of Alabama\Desktop\Python\Python\Jupyter Notebook\CAMELS Research\Final research code\ALL CAMELS BASIN (FORCINGS TO STREAMFLOW)\outputs\merged_csv\02118500_merged_forcing_q.csv
02125000,03,OK,11231,C:\Users\ppaudel2\OneDrive - The University of Alabama\Desktop\Python\Python\Jupyter Notebook\CAMELS Research\Final research code\ALL CAMELS BASIN (FORCINGS TO STREAMFLOW)\outputs\merged_csv\02125000_merged_forcing_q.csv
02128000,03,OK,12784,C:\Users\ppaudel2\OneDrive - The University of Alabama\Desktop\Python\Python\Jupyter Notebook\CAMELS Research\Final research code\ALL CAMELS BASIN (FORCINGS TO STREAMFLOW)\outputs\merged_csv\02128000_merged_forcing_q.csv
02137727,03,OK,12510,C:\Users\ppaudel2\OneDrive - The University of Alabama\Desktop\Python\Python\Jupyter Notebook\CAMELS Research\Final research code\ALL CAMELS BASIN (FORCINGS TO STREAMFLOW)\outputs\merged_csv\02137727_merged_forcing_q.csv
02140991,03,OK,10837,C:\Users\ppaudel2\OneDrive - The University of Alabama\Desktop\Python\Python\Jupyter Notebook\CAMELS Research\Final research code\ALL CAMELS BASIN (FORCINGS TO STREAMFLOW)\outputs\merged_csv\02140991_merged_forcing_q.csv
02143000,03,OK,12784,C:\Users\ppaudel2\OneDrive - The University of Alabama\Desktop\Python\Python\Jupyter Notebook\CAMELS Research\Final research code\ALL CAMELS BASIN (FORCINGS TO STREAMFLOW)\outputs\merged_csv\02143000_merged_forcing_q.csv
02143040,03,OK,12784,C:\Users\ppaudel2\OneDrive - The University of Alabama\Desktop\Python\Python\Jupyter Notebook\CAMELS Research\Final research code\ALL CAMELS BASIN (FORCINGS TO STREAMFLOW)\outputs\merged_csv\02143040_merged_forcing_q.csv
02149000,03,OK,12784,C:\Users\ppaudel2\OneDrive - The University of Alabama\Desktop\Python\Python\Jupyter Notebook\CAMELS Research\Final research code\ALL CAMELS BASIN (FORCINGS TO STREAMFLOW)\outputs\merged_csv\02149000_merged_forcing_q.csv
02152100,03,OK,12784,C:\Users\ppaudel2\OneDrive - The University of Alabama\Desktop\Python\Python\Jupyter Notebook\CAMELS Research\Final research code\ALL CAMELS BASIN (FORCINGS TO STREAMFLOW)\outputs\merged_csv\02152100_merged_forcing_q.csv
02177000,03,OK,12784,C:\Users\ppaudel2\OneDrive - The University of Alabama\Desktop\Python\Python\Jupyter Notebook\CAMELS Research\Final research code\ALL CAMELS BASIN (FORCINGS TO STREAMFLOW)\outputs\merged_csv\02177000_merged_forcing_q.csv
02178400,03,OK,12784,C:\Users\ppaudel2\OneDrive - The University of Alabama\Desktop\Python\Python\Jupyter Notebook\CAMELS Research\Final research code\ALL CAMELS BASIN (FORCINGS TO STREAMFLOW)\outputs\merged_csv\02178400_merged_forcing_q.csv
02193340,03,OK,10487,C:\Users\ppaudel2\OneDrive - The University of Alabama\Desktop\Python\Python\Jupyter Notebook\CAMELS Research\Final research code\ALL CAMELS BASIN (FORCINGS TO STREAMFLOW)\outputs\merged_csv\02193340_merged_forcing_q.csv
02196000,03,OK,11369,C:\Users\ppaudel2\OneDrive - The University of Alabama\Desktop\Python\Python\Jupyter Notebook\CAMELS Research\Final research code\ALL CAMELS BASIN (FORCINGS TO STREAMFLOW)\outputs\merged_csv\02196000_merged_forcing_q.csv
02198100,03,OK,10435,C:\Users\ppaudel2\OneDrive - The University of Alabama\Desktop\Python\Python\Jupyter Notebook\CAMELS Research\Final research code\ALL CAMELS BASIN (FORCINGS TO STREAMFLOW)\outputs\merged_csv\02198100_merged_forcing_q.csv
02202600,03,OK,12740,C:\Users\ppaudel2\OneDrive - The University of Alabama\Desktop\Python\Python\Jupyter Notebook\CAMELS Research\Final research code\ALL CAMELS BASIN (FORCINGS TO STREAMFLOW)\outputs\merged_csv\02202600_merged_forcing_q.csv
02212600,03,OK,12784,C:\Users\ppaudel2\OneDrive - The University of Alabama\Desktop\Python\Python\Jupyter Notebook\CAMELS Research\Final research code\ALL CAMELS BASIN (FORCINGS TO STREAMFLOW)\outputs\merged_csv\02212600_merged_forcing_q.csv
02215100,03,OK,10502,C:\Users\ppaudel2\OneDrive - The University of Alabama\Desktop\Python\Python\Jupyter Notebook\CAMELS Research\Final research code\ALL CAMELS BASIN (FORCINGS TO STREAMFLOW)\outputs\merged_csv\02215100_merged_forcing_q.csv
02216180,03,OK,11688,C:\Users\ppaudel2\OneDrive - The University of Alabama\Desktop\Python\Python\Jupyter Notebook\CAMELS Research\Final research code\ALL CAMELS BASIN (FORCINGS TO STREAMFLOW)\outputs\merged_csv\02216180_merged_forcing_q.csv
02221525,03,OK,12784,C:\Users\ppaudel2\OneDrive - The University of Alabama\Desktop\Python\Python\Jupyter Notebook\CAMELS Research\Final research code\ALL CAMELS BASIN (FORCINGS TO STREAMFLOW)\outputs\merged_csv\02221525_merged_forcing_q.csv
02231000,03,OK,12784,C:\Users\ppaudel2\OneDrive - The University of Alabama\Desktop\Python\Python\Jupyter Notebook\CAMELS Research\Final research code\ALL CAMELS BASIN (FORCINGS TO STREAMFLOW)\outputs\merged_csv\02231000_merged_forcing_q.csv
02231342,03,OK,12784,C:\Users\ppaudel2\OneDrive - The University of Alabama\Desktop\Python\Python\Jupyter Notebook\CAMELS Research\Final research code\ALL CAMELS BASIN (FORCINGS TO STREAMFLOW)\outputs\merged_csv\02231342_merged_forcing_q.csv
02235200,03,OK,12449,C:\Users\ppaudel2\OneDrive - The University of Alabama\Desktop\Python\Python\Jupyter Notebook\CAMELS Research\Final research code\ALL CAMELS BASIN (FORCINGS TO STREAMFLOW)\outputs\merged_csv\02235200_merged_forcing_q.csv
02245500,03,OK,12784,C:\Users\ppaudel2\OneDrive - The University of Alabama\Desktop\Python\Python\Jupyter Notebook\CAMELS Research\Final research code\ALL CAMELS BASIN (FORCINGS TO STREAMFLOW)\outputs\merged_csv\02245500_merged_forcing_q.csv
02246000,03,OK,12784,C:\Users\ppaudel2\OneDrive - The University of Alabama\Desktop\Python\Python\Jupyter Notebook\CAMELS Research\Final research code\ALL CAMELS BASIN (FORCINGS TO STREAMFLOW)\outputs\merged_csv\02246000_merged_forcing_q.csv
02296500,03,OK,12784,C:\Users\ppaudel2\OneDrive - The University of Alabama\Desktop\Python\Python\Jupyter Notebook\CAMELS Research\Final research code\ALL CAMELS BASIN (FORCINGS TO STREAMFLOW)\outputs\merged_csv\02296500_merged_forcing_q.csv
02297155,03,OK,12784,C:\Users\ppaudel2\OneDrive - The University of Alabama\Desktop\Python\Python\Jupyter Notebook\CAMELS Research\Final research code\ALL CAMELS BASIN (FORCINGS TO STREAMFLOW)\outputs\merged_csv\02297155_merged_forcing_q.csv
02297310,03,OK,12784,C:\Users\ppaudel2\OneDrive - The University of Alabama\Desktop\Python\Python\Jupyter Notebook\CAMELS Research\Final research code\ALL CAMELS BASIN (FORCINGS TO STREAMFLOW)\outputs\merged_csv\02297310_merged_forcing_q.csv
02298123,03,OK,12784,C:\Users\ppaudel2\OneDrive - The University of Alabama\Desktop\Python\Python\Jupyter Notebook\CAMELS Research\Final research code\ALL CAMELS BASIN (FORCINGS TO STREAMFLOW)\outputs\merged_csv\02298123_merged_forcing_q.csv
02298608,03,OK,12784,C:\Users\ppaudel2\OneDrive - The University of Alabama\Desktop\Python\Python\Jupyter Notebook\CAMELS Research\Final research code\ALL CAMELS BASIN (FORCINGS TO STREAMFLOW)\outputs\merged_csv\02298608_merged_forcing_q.csv
02299950,03,OK,12784,C:\Users\ppaudel2\OneDrive - The University of Alabama\Desktop\Python\Python\Jupyter Notebook\CAMELS Research\Final research code\ALL CAMELS BASIN (FORCINGS TO STREAMFLOW)\outputs\merged_csv\02299950_merged_forcing_q.csv
02300700,03,OK,12784,C:\Users\ppaudel2\OneDrive - The University of Alabama\Desktop\Python\Python\Jupyter Notebook\CAMELS Research\Final research code\ALL CAMELS BASIN (FORCINGS TO STREAMFLOW)\outputs\merged_csv\02300700_merged_forcing_q.csv
02310947,03,OK,12784,C:\Users\ppaudel2\OneDrive - The University of Alabama\Desktop\Python\Python\Jupyter Notebook\CAMELS Research\Final research code\ALL CAMELS BASIN (FORCINGS TO STREAMFLOW)\outputs\merged_csv\02310947_merged_forcing_q.csv
02312200,03,OK,12784,C:\Users\ppaudel2\OneDrive - The University of Alabama\Desktop\Python\Python\Jupyter Notebook\CAMELS Research\Final research code\ALL CAMELS BASIN (FORCINGS TO STREAMFLOW)\outputs\merged_csv\02312200_merged_forcing_q.csv
02314500,03,OK,12784,C:\Users\ppaudel2\OneDrive - The University of Alabama\Desktop\Python\Python\Jupyter Notebook\CAMELS Research\Final research code\ALL CAMELS BASIN (FORCINGS TO STREAMFLOW)\outputs\merged_csv\02314500_merged_forcing_q.csv
02315500,03,OK,12784,C:\Users\ppaudel2\OneDrive - The University of Alabama\Desktop\Python\Python\Jupyter Notebook\CAMELS Research\Final research code\ALL CAMELS BASIN (FORCINGS TO STREAMFLOW)\outputs\merged_csv\02315500_merged_forcing_q.csv
02324400,03,OK,12784,C:\Users\ppaudel2\OneDrive - The University of Alabama\Desktop\Python\Python\Jupyter Notebook\CAMELS Research\Final research code\ALL CAMELS BASIN (FORCINGS TO STREAMFLOW)\outputs\merged_csv\02324400_merged_forcing_q.csv
02327100,03,OK,12784,C:\Users\ppaudel2\OneDrive - The University of Alabama\Desktop\Python\Python\Jupyter Notebook\CAMELS Research\Final research code\ALL CAMELS BASIN (FORCINGS TO STREAMFLOW)\outputs\merged_csv\02327100_merged_forcing_q.csv
02342933,03,OK,11602,C:\Users\ppaudel2\OneDrive - The University of Alabama\Desktop\Python\Python\Jupyter Notebook\CAMELS Research\Final research code\ALL CAMELS BASIN (FORCINGS TO STREAMFLOW)\outputs\merged_csv\02342933_merged_forcing_q.csv
02349900,03,OK,12784,C:\Users\ppaudel2\OneDrive - The University of Alabama\Desktop\Python\Python\Jupyter Notebook\CAMELS Research\Final research code\ALL CAMELS BASIN (FORCINGS TO STREAMFLOW)\outputs\merged_csv\02349900_merged_forcing_q.csv
02350900,03,OK,10892,C:\Users\ppaudel2\OneDrive - The University of Alabama\Desktop\Python\Python\Jupyter Notebook\CAMELS Research\Final research code\ALL CAMELS BASIN (FORCINGS TO STREAMFLOW)\outputs\merged_csv\02350900_merged_forcing_q.csv
02361000,03,OK,12784,C:\Users\ppaudel2\OneDrive - The University of Alabama\Desktop\Python\Python\Jupyter Notebook\CAMELS Research\Final research code\ALL CAMELS BASIN (FORCINGS TO STREAMFLOW)\outputs\merged_csv\02361000_merged_forcing_q.csv
02363000,03,OK,9954,C:\Users\ppaudel2\OneDrive - The University of Alabama\Desktop\Python\Python\Jupyter Notebook\CAMELS Research\Final research code\ALL CAMELS BASIN (FORCINGS TO STREAMFLOW)\outputs\merged_csv\02363000_merged_forcing_q.csv
02369800,03,OK,12784,C:\Users\ppaudel2\OneDrive - The University of Alabama\Desktop\Python\Python\Jupyter Notebook\CAMELS Research\Final research code\ALL CAMELS BASIN (FORCINGS TO STREAMFLOW)\outputs\merged_csv\02369800_merged_forcing_q.csv
02371500,03,OK,12784,C:\Users\ppaudel2\OneDrive - The University of Alabama\Desktop\Python\Python\Jupyter Notebook\CAMELS Research\Final research code\ALL CAMELS BASIN (FORCINGS TO STREAMFLOW)\outputs\merged_csv\02371500_merged_forcing_q.csv
02372250,03,OK,12784,C:\Users\ppaudel2\OneDrive - The University of Alabama\Desktop\Python\Python\Jupyter Notebook\CAMELS Research\Final research code\ALL CAMELS BASIN (FORCINGS TO STREAMFLOW)\outputs\merged_csv\02372250_merged_forcing_q.csv
02374500,03,OK,12784,C:\Users\ppaudel2\OneDrive - The University of Alabama\Desktop\Python\Python\Jupyter Notebook\CAMELS Research\Final research code\ALL CAMELS BASIN (FORCINGS TO STREAMFLOW)\outputs\merged_csv\02374500_merged_forcing_q.csv
02381600,03,OK,12784,C:\Users\ppaudel2\OneDrive - The University of Alabama\Desktop\Python\Python\Jupyter Notebook\CAMELS Research\Final research code\ALL CAMELS BASIN (FORCINGS TO STREAMFLOW)\outputs\merged_csv\02381600_merged_forcing_q.csv
02384540,03,OK,10928,C:\Users\ppaudel2\OneDrive - The University of Alabama\Desktop\Python\Python\Jupyter Notebook\CAMELS Research\Final research code\ALL CAMELS BASIN (FORCINGS TO STREAMFLOW)\outputs\merged_csv\02384540_merged_forcing_q.csv
02395120,03,OK,12662,C:\Users\ppaudel2\OneDrive - The University of Alabama\Desktop\Python\Python\Jupyter Notebook\CAMELS Research\Final research code\ALL CAMELS BASIN (FORCINGS TO STREAMFLOW)\outputs\merged_csv\02395120_merged_forcing_q.csv
02408540,03,OK,12516,C:\Users\ppaudel2\OneDrive - The University of Alabama\Desktop\Python\Python\Jupyter Notebook\CAMELS Research\Final research code\ALL CAMELS BASIN (FORCINGS TO STREAMFLOW)\outputs\merged_csv\02408540_merged_forcing_q.csv
02415000,03,OK,10684,C:\Users\ppaudel2\OneDrive - The University of Alabama\Desktop\Python\Python\Jupyter Notebook\CAMELS Research\Final research code\ALL CAMELS BASIN (FORCINGS TO STREAMFLOW)\outputs\merged_csv\02415000_merged_forcing_q.csv
02422500,03,OK,12784,C:\Users\ppaudel2\OneDrive - The University of Alabama\Desktop\Python\Python\Jupyter Notebook\CAMELS Research\Final research code\ALL CAMELS BASIN (FORCINGS TO STREAMFLOW)\outputs\merged_csv\02422500_merged_forcing_q.csv
02427250,03,OK,9223,C:\Users\ppaudel2\OneDrive - The University of Alabama\Desktop\Python\Python\Jupyter Notebook\CAMELS Research\Final research code\ALL CAMELS BASIN (FORCINGS TO STREAMFLOW)\outputs\merged_csv\02427250_merged_forcing_q.csv
02430085,03,OK,12784,C:\Users\ppaudel2\OneDrive - The University of Alabama\Desktop\Python\Python\Jupyter Notebook\CAMELS Research\Final research code\ALL CAMELS BASIN (FORCINGS TO STREAMFLOW)\outputs\merged_csv\02430085_merged_forcing_q.csv
02430615,03,OK,11596,C:\Users\ppaudel2\OneDrive - The University of Alabama\Desktop\Python\Python\Jupyter Notebook\CAMELS Research\Final research code\ALL CAMELS BASIN (FORCINGS TO STREAMFLOW)\outputs\merged_csv\02430615_merged_forcing_q.csv
02450250,03,OK,12784,C:\Users\ppaudel2\OneDrive - The University of Alabama\Desktop\Python\Python\Jupyter Notebook\CAMELS Research\Final research code\ALL CAMELS BASIN (FORCINGS TO STREAMFLOW)\outputs\merged_csv\02450250_merged_forcing_q.csv
02464000,03,OK,12784,C:\Users\ppaudel2\OneDrive - The University of Alabama\Desktop\Python\Python\Jupyter Notebook\CAMELS Research\Final research code\ALL CAMELS BASIN (FORCINGS TO STREAMFLOW)\outputs\merged_csv\02464000_merged_forcing_q.csv
02464146,03,OK,12383,C:\Users\ppaudel2\OneDrive - The University of Alabama\Desktop\Python\Python\Jupyter Notebook\CAMELS Research\Final research code\ALL CAMELS BASIN (FORCINGS TO STREAMFLOW)\outputs\merged_csv\02464146_merged_forcing_q.csv
02464360,03,OK,10319,C:\Users\ppaudel2\OneDrive - The University of Alabama\Desktop\Python\Python\Jupyter Notebook\CAMELS Research\Final research code\ALL CAMELS BASIN (FORCINGS TO STREAMFLOW)\outputs\merged_csv\02464360_merged_forcing_q.csv
02465493,03,OK,12784,C:\Users\ppaudel2\OneDrive - The University of Alabama\Desktop\Python\Python\Jupyter Notebook\CAMELS Research\Final research code\ALL CAMELS BASIN (FORCINGS TO STREAMFLOW)\outputs\merged_csv\02465493_merged_forcing_q.csv
02469800,03,OK,12784,C:\Users\ppaudel2\OneDrive - The University of Alabama\Desktop\Python\Python\Jupyter Notebook\CAMELS Research\Final research code\ALL CAMELS BASIN (FORCINGS TO STREAMFLOW)\outputs\merged_csv\02469800_merged_forcing_q.csv
02472000,03,OK,12784,C:\Users\ppaudel2\OneDrive - The University of Alabama\Desktop\Python\Python\Jupyter Notebook\CAMELS Research\Final research code\ALL CAMELS BASIN (FORCINGS TO STREAMFLOW)\outputs\merged_csv\02472000_merged_forcing_q.csv
02472500,03,OK,12784,C:\Users\ppaudel2\OneDrive - The University of Alabama\Desktop\Python\Python\Jupyter Notebook\CAMELS Research\Final research code\ALL CAMELS BASIN (FORCINGS TO STREAMFLOW)\outputs\merged_csv\02472500_merged_forcing_q.csv
02479155,03,OK,12784,C:\Users\ppaudel2\OneDrive - The University of Alabama\Desktop\Python\Python\Jupyter Notebook\CAMELS Research\Final research code\ALL CAMELS BASIN (FORCINGS TO STREAMFLOW)\outputs\merged_csv\02479155_merged_forcing_q.csv
02479300,03,OK,12784,C:\Users\ppaudel2\OneDrive - The University of Alabama\Desktop\Python\Python\Jupyter Notebook\CAMELS Research\Final research code\ALL CAMELS BASIN (FORCINGS TO STREAMFLOW)\outputs\merged_csv\02479300_merged_forcing_q.csv
02479560,03,OK,12784,C:\Users\ppaudel2\OneDrive - The University of Alabama\Desktop\Python\Python\Jupyter Notebook\CAMELS Research\Final research code\ALL CAMELS BASIN (FORCINGS TO STREAMFLOW)\outputs\merged_csv\02479560_merged_forcing_q.csv
02481000,03,OK,12784,C:\Users\ppaudel2\OneDrive - The University of Alabama\Desktop\Python\Python\Jupyter Notebook\CAMELS Research\Final research code\ALL CAMELS BASIN (FORCINGS TO STREAMFLOW)\outputs\merged_csv\02481000_merged_forcing_q.csv
02481510,03,OK,12784,C:\Users\ppaudel2\OneDrive - The University of Alabama\Desktop\Python\Python\Jupyter Notebook\CAMELS Research\Final research code\ALL CAMELS BASIN (FORCINGS TO STREAMFLOW)\outputs\merged_csv\02481510_merged_forcing_q.csv
03010655,05,OK,12784,C:\Users\ppaudel2\OneDrive - The University of Alabama\Desktop\Python\Python\Jupyter Notebook\CAMELS Research\Final research code\ALL CAMELS BASIN (FORCINGS TO STREAMFLOW)\outputs\merged_csv\03010655_merged_forcing_q.csv
03011800,05,OK,12784,C:\Users\ppaudel2\OneDrive - The University of Alabama\Desktop\Python\Python\Jupyter Notebook\CAMELS Research\Final research code\ALL CAMELS BASIN (FORCINGS TO STREAMFLOW)\outputs\merged_csv\03011800_merged_forcing_q.csv
03015500,05,OK,12784,C:\Users\ppaudel2\OneDrive - The University of Alabama\Desktop\Python\Python\Jupyter Notebook\CAMELS Research\Final research code\ALL CAMELS BASIN (FORCINGS TO STREAMFLOW)\outputs\merged_csv\03015500_merged_forcing_q.csv
03021350,05,OK,12784,C:\Users\ppaudel2\OneDrive - The University of Alabama\Desktop\Python\Python\Jupyter Notebook\CAMELS Research\Final research code\ALL CAMELS BASIN (FORCINGS TO STREAMFLOW)\outputs\merged_csv\03021350_merged_forcing_q.csv
03026500,05,OK,12784,C:\Users\ppaudel2\OneDrive - The University of Alabama\Desktop\Python\Python\Jupyter Notebook\CAMELS Research\Final research code\ALL CAMELS BASIN (FORCINGS TO STREAMFLOW)\outputs\merged_csv\03026500_merged_forcing_q.csv
03028000,05,OK,12784,C:\Users\ppaudel2\OneDrive - The University of Alabama\Desktop\Python\Python\Jupyter Notebook\CAMELS Research\Final research code\ALL CAMELS BASIN (FORCINGS TO STREAMFLOW)\outputs\merged_csv\03028000_merged_forcing_q.csv
03049000,05,OK,12784,C:\Users\ppaudel2\OneDrive - The University of Alabama\Desktop\Python\Python\Jupyter Notebook\CAMELS Research\Final research code\ALL CAMELS BASIN (FORCINGS TO STREAMFLOW)\outputs\merged_csv\03049000_merged_forcing_q.csv
03049800,05,OK,12784,C:\Users\ppaudel2\OneDrive - The University of Alabama\Desktop\Python\Python\Jupyter Notebook\CAMELS Research\Final research code\ALL CAMELS BASIN (FORCINGS TO STREAMFLOW)\outputs\merged_csv\03049800_merged_forcing_q.csv
03050000,05,OK,9661,C:\Users\ppaudel2\OneDrive - The University of Alabama\Desktop\Python\Python\Jupyter Notebook\CAMELS Research\Final research code\ALL CAMELS BASIN (FORCINGS TO STREAMFLOW)\outputs\merged_csv\03050000_merged_forcing_q.csv
03066000,05,OK,12784,C:\Users\ppaudel2\OneDrive - The University of Alabama\Desktop\Python\Python\Jupyter Notebook\CAMELS Research\Final research code\ALL CAMELS BASIN (FORCINGS TO STREAMFLOW)\outputs\merged_csv\03066000_merged_forcing_q.csv
03069500,05,OK,12784,C:\Users\ppaudel2\OneDrive - The University of Alabama\Desktop\Python\Python\Jupyter Notebook\CAMELS Research\Final research code\ALL CAMELS BASIN (FORCINGS TO STREAMFLOW)\outputs\merged_csv\03069500_merged_forcing_q.csv
03070500,05,OK,12784,C:\Users\ppaudel2\OneDrive - The University of Alabama\Desktop\Python\Python\Jupyter Notebook\CAMELS Research\Final research code\ALL CAMELS BASIN (FORCINGS TO STREAMFLOW)\outputs\merged_csv\03070500_merged_forcing_q.csv
03076600,05,OK,12784,C:\Users\ppaudel2\OneDrive - The University of Alabama\Desktop\Python\Python\Jupyter Notebook\CAMELS Research\Final research code\ALL CAMELS BASIN (FORCINGS TO STREAMFLOW)\outputs\merged_csv\03076600_merged_forcing_q.csv
03078000,05,OK,12784,C:\Users\ppaudel2\OneDrive - The University of Alabama\Desktop\Python\Python\Jupyter Notebook\CAMELS Research\Final research code\ALL CAMELS BASIN (FORCINGS TO STREAMFLOW)\outputs\merged_csv\03078000_merged_forcing_q.csv
03140000,05,OK,12784,C:\Users\ppaudel2\OneDrive - The University of Alabama\Desktop\Python\Python\Jupyter Notebook\CAMELS Research\Final research code\ALL CAMELS BASIN (FORCINGS TO STREAMFLOW)\outputs\merged_csv\03140000_merged_forcing_q.csv
03144000,05,OK,12784,C:\Users\ppaudel2\OneDrive - The University of Alabama\Desktop\Python\Python\Jupyter Notebook\CAMELS Research\Final research code\ALL CAMELS BASIN (FORCINGS TO STREAMFLOW)\outputs\merged_csv\03144000_merged_forcing_q.csv
03159540,05,OK,12784,C:\Users\ppaudel2\OneDrive - The University of Alabama\Desktop\Python\Python\Jupyter Notebook\CAMELS Research\Final research code\ALL CAMELS BASIN (FORCINGS TO STREAMFLOW)\outputs\merged_csv\03159540_merged_forcing_q.csv
03161000,05,OK,12784,C:\Users\ppaudel2\OneDrive - The University of Alabama\Desktop\Python\Python\Jupyter Notebook\CAMELS Research\Final research code\ALL CAMELS BASIN (FORCINGS TO STREAMFLOW)\outputs\merged_csv\03161000_merged_forcing_q.csv
03164000,05,OK,12784,C:\Users\ppaudel2\OneDrive - The University of Alabama\Desktop\Python\Python\Jupyter Notebook\CAMELS Research\Final research code\ALL CAMELS BASIN (FORCINGS TO STREAMFLOW)\outputs\merged_csv\03164000_merged_forcing_q.csv
03165000,05,OK,12784,C:\Users\ppaudel2\OneDrive - The University of Alabama\Desktop\Python\Python\Jupyter Notebook\CAMELS Research\Final research code\ALL CAMELS BASIN (FORCINGS TO STREAMFLOW)\outputs\merged_csv\03165000_merged_forcing_q.csv
03170000,05,OK,12784,C:\Users\ppaudel2\OneDrive - The University of Alabama\Desktop\Python\Python\Jupyter Notebook\CAMELS Research\Final research code\ALL CAMELS BASIN (FORCINGS TO STREAMFLOW)\outputs\merged_csv\03170000_merged_forcing_q.csv
03173000,05,OK,12784,C:\Users\ppaudel2\OneDrive - The University of Alabama\Desktop\Python\Python\Jupyter Notebook\CAMELS Research\Final research code\ALL CAMELS BASIN (FORCINGS TO STREAMFLOW)\outputs\merged_csv\03173000_merged_forcing_q.csv
03180500,05,OK,12340,C:\Users\ppaudel2\OneDrive - The University of Alabama\Desktop\Python\Python\Jupyter Notebook\CAMELS Research\Final research code\ALL CAMELS BASIN (FORCINGS TO STREAMFLOW)\outputs\merged_csv\03180500_merged_forcing_q.csv
03182500,05,OK,12784,C:\Users\ppaudel2\OneDrive - The University of Alabama\Desktop\Python\Python\Jupyter Notebook\CAMELS Research\Final research code\ALL CAMELS BASIN (FORCINGS TO STREAMFLOW)\outputs\merged_csv\03182500_merged_forcing_q.csv
03186500,05,OK,12784,C:\Users\ppaudel2\OneDrive - The University of Alabama\Desktop\Python\Python\Jupyter Notebook\CAMELS Research\Final research code\ALL CAMELS BASIN (FORCINGS TO STREAMFLOW)\outputs\merged_csv\03186500_merged_forcing_q.csv
03187500,05,OK,12784,C:\Users\ppaudel2\OneDrive - The University of Alabama\Desktop\Python\Python\Jupyter Notebook\CAMELS Research\Final research code\ALL CAMELS BASIN (FORCINGS TO STREAMFLOW)\outputs\merged_csv\03187500_merged_forcing_q.csv
03213700,05,OK,12784,C:\Users\ppaudel2\OneDrive - The University of Alabama\Desktop\Python\Python\Jupyter Notebook\CAMELS Research\Final research code\ALL CAMELS BASIN (FORCINGS TO STREAMFLOW)\outputs\merged_csv\03213700_merged_forcing_q.csv
03237280,05,OK,12784,C:\Users\ppaudel2\OneDrive - The University of Alabama\Desktop\Python\Python\Jupyter Notebook\CAMELS Research\Final research code\ALL CAMELS BASIN (FORCINGS TO STREAMFLOW)\outputs\merged_csv\03237280_merged_forcing_q.csv
03237500,05,OK,12784,C:\Users\ppaudel2\OneDrive - The University of Alabama\Desktop\Python\Python\Jupyter Notebook\CAMELS Research\Final research code\ALL CAMELS BASIN (FORCINGS TO STREAMFLOW)\outputs\merged_csv\03237500_merged_forcing_q.csv
03238500,05,OK,11704,C:\Users\ppaudel2\OneDrive - The University of Alabama\Desktop\Python\Python\Jupyter Notebook\CAMELS Research\Final research code\ALL CAMELS BASIN (FORCINGS TO STREAMFLOW)\outputs\merged_csv\03238500_merged_forcing_q.csv
03241500,05,OK,12784,C:\Users\ppaudel2\OneDrive - The University of Alabama\Desktop\Python\Python\Jupyter Notebook\CAMELS Research\Final research code\ALL CAMELS BASIN (FORCINGS TO STREAMFLOW)\outputs\merged_csv\03241500_merged_forcing_q.csv
03280700,05,OK,12784,C:\Users\ppaudel2\OneDrive - The University of Alabama\Desktop\Python\Python\Jupyter Notebook\CAMELS Research\Final research code\ALL CAMELS BASIN (FORCINGS TO STREAMFLOW)\outputs\merged_csv\03280700_merged_forcing_q.csv
03281100,05,OK,12784,C:\Users\ppaudel2\OneDrive - The University of Alabama\Desktop\Python\Python\Jupyter Notebook\CAMELS Research\Final research code\ALL CAMELS BASIN (FORCINGS TO STREAMFLOW)\outputs\merged_csv\03281100_merged_forcing_q.csv
03281500,05,OK,12784,C:\Users\ppaudel2\OneDrive - The University of Alabama\Desktop\Python\Python\Jupyter Notebook\CAMELS Research\Final research code\ALL CAMELS BASIN (FORCINGS TO STREAMFLOW)\outputs\merged_csv\03281500_merged_forcing_q.csv
03285000,05,OK,12784,C:\Users\ppaudel2\OneDrive - The University of Alabama\Desktop\Python\Python\Jupyter Notebook\CAMELS Research\Final research code\ALL CAMELS BASIN (FORCINGS TO STREAMFLOW)\outputs\merged_csv\03285000_merged_forcing_q.csv
03291780,05,OK,12784,C:\Users\ppaudel2\OneDrive - The University of Alabama\Desktop\Python\Python\Jupyter Notebook\CAMELS Research\Final research code\ALL CAMELS BASIN (FORCINGS TO STREAMFLOW)\outputs\merged_csv\03291780_merged_forcing_q.csv
03300400,05,OK,12784,C:\Users\ppaudel2\OneDrive - The University of Alabama\Desktop\Python\Python\Jupyter Notebook\CAMELS Research\Final research code\ALL CAMELS BASIN (FORCINGS TO STREAMFLOW)\outputs\merged_csv\03300400_merged_forcing_q.csv
03338780,05,OK,9539,C:\Users\ppaudel2\OneDrive - The University of Alabama\Desktop\Python\Python\Jupyter Notebook\CAMELS Research\Final research code\ALL CAMELS BASIN (FORCINGS TO STREAMFLOW)\outputs\merged_csv\03338780_merged_forcing_q.csv
03340800,05,OK,12784,C:\Users\ppaudel2\OneDrive - The University of Alabama\Desktop\Python\Python\Jupyter Notebook\CAMELS Research\Final research code\ALL CAMELS BASIN (FORCINGS TO STREAMFLOW)\outputs\merged_csv\03340800_merged_forcing_q.csv
03346000,05,OK,12784,C:\Users\ppaudel2\OneDrive - The University of Alabama\Desktop\Python\Python\Jupyter Notebook\CAMELS Research\Final research code\ALL CAMELS BASIN (FORCINGS TO STREAMFLOW)\outputs\merged_csv\03346000_merged_forcing_q.csv
03357350,05,OK,12784,C:\Users\ppaudel2\OneDrive - The University of Alabama\Desktop\Python\Python\Jupyter Notebook\CAMELS Research\Final research code\ALL CAMELS BASIN (FORCINGS TO STREAMFLOW)\outputs\merged_csv\03357350_merged_forcing_q.csv
03364500,05,OK,12784,C:\Users\ppaudel2\OneDrive - The University of Alabama\Desktop\Python\Python\Jupyter Notebook\CAMELS Research\Final research code\ALL CAMELS BASIN (FORCINGS TO STREAMFLOW)\outputs\merged_csv\03364500_merged_forcing_q.csv
03366500,05,OK,12784,C:\Users\ppaudel2\OneDrive - The University of Alabama\Desktop\Python\Python\Jupyter Notebook\CAMELS Research\Final research code\ALL CAMELS BASIN (FORCINGS TO STREAMFLOW)\outputs\merged_csv\03366500_merged_forcing_q.csv
03368000,05,OK,12784,C:\Users\ppaudel2\OneDrive - The University of Alabama\Desktop\Python\Python\Jupyter Notebook\CAMELS Research\Final research code\ALL CAMELS BASIN (FORCINGS TO STREAMFLOW)\outputs\merged_csv\03368000_merged_forcing_q.csv
03384450,05,OK,12784,C:\Users\ppaudel2\OneDrive - The University of Alabama\Desktop\Python\Python\Jupyter Notebook\CAMELS Research\Final research code\ALL CAMELS BASIN (FORCINGS TO STREAMFLOW)\outputs\merged_csv\03384450_merged_forcing_q.csv
03439000,06,OK,12784,C:\Users\ppaudel2\OneDrive - The University of Alabama\Desktop\Python\Python\Jupyter Notebook\CAMELS Research\Final research code\ALL CAMELS BASIN (FORCINGS TO STREAMFLOW)\outputs\merged_csv\03439000_merged_forcing_q.csv
03450000,06,OK,12784,C:\Users\ppaudel2\OneDrive - The University of Alabama\Desktop\Python\Python\Jupyter Notebook\CAMELS Research\Final research code\ALL CAMELS BASIN (FORCINGS TO STREAMFLOW)\outputs\merged_csv\03450000_merged_forcing_q.csv
03455500,06,OK,12784,C:\Users\ppaudel2\OneDrive - The University of Alabama\Desktop\Python\Python\Jupyter Notebook\CAMELS Research\Final research code\ALL CAMELS BASIN (FORCINGS TO STREAMFLOW)\outputs\merged_csv\03455500_merged_forcing_q.csv
03456500,06,OK,12784,C:\Users\ppaudel2\OneDrive - The University of Alabama\Desktop\Python\Python\Jupyter Notebook\CAMELS Research\Final research code\ALL CAMELS BASIN (FORCINGS TO STREAMFLOW)\outputs\merged_csv\03456500_merged_forcing_q.csv
03460000,06,OK,12784,C:\Users\ppaudel2\OneDrive - The University of Alabama\Desktop\Python\Python\Jupyter Notebook\CAMELS Research\Final research code\ALL CAMELS BASIN (FORCINGS TO STREAMFLOW)\outputs\merged_csv\03460000_merged_forcing_q.csv
03463300,06,OK,12784,C:\Users\ppaudel2\OneDrive - The University of Alabama\Desktop\Python\Python\Jupyter Notebook\CAMELS Research\Final research code\ALL CAMELS BASIN (FORCINGS TO STREAMFLOW)\outputs\merged_csv\03463300_merged_forcing_q.csv
03471500,06,OK,12784,C:\Users\ppaudel2\OneDrive - The University of Alabama\Desktop\Python\Python\Jupyter Notebook\CAMELS Research\Final research code\ALL CAMELS BASIN (FORCINGS TO STREAMFLOW)\outputs\merged_csv\03471500_merged_forcing_q.csv
03473000,06,OK,12784,C:\Users\ppaudel2\OneDrive - The University of Alabama\Desktop\Python\Python\Jupyter Notebook\CAMELS Research\Final research code\ALL CAMELS BASIN (FORCINGS TO STREAMFLOW)\outputs\merged_csv\03473000_merged_forcing_q.csv
03479000,06,OK,12784,C:\Users\ppaudel2\OneDrive - The University of Alabama\Desktop\Python\Python\Jupyter Notebook\CAMELS Research\Final research code\ALL CAMELS BASIN (FORCINGS TO STREAMFLOW)\outputs\merged_csv\03479000_merged_forcing_q.csv
03488000,06,OK,12784,C:\Users\ppaudel2\OneDrive - The University of Alabama\Desktop\Python\Python\Jupyter Notebook\CAMELS Research\Final research code\ALL CAMELS BASIN (FORCINGS TO STREAMFLOW)\outputs\merged_csv\03488000_merged_forcing_q.csv
03498500,06,OK,12784,C:\Users\ppaudel2\OneDrive - The University of Alabama\Desktop\Python\Python\Jupyter Notebook\CAMELS Research\Final research code\ALL CAMELS BASIN (FORCINGS TO STREAMFLOW)\outputs\merged_csv\03498500_merged_forcing_q.csv
03500000,06,OK,12784,C:\Users\ppaudel2\OneDrive - The University of Alabama\Desktop\Python\Python\Jupyter Notebook\CAMELS Research\Final research code\ALL CAMELS BASIN (FORCINGS TO STREAMFLOW)\outputs\merged_csv\03500000_merged_forcing_q.csv
03500240,06,OK,12784,C:\Users\ppaudel2\OneDrive - The University of Alabama\Desktop\Python\Python\Jupyter Notebook\CAMELS Research\Final research code\ALL CAMELS BASIN (FORCINGS TO STREAMFLOW)\outputs\merged_csv\03500240_merged_forcing_q.csv
03504000,06,OK,12784,C:\Users\ppaudel2\OneDrive - The University of Alabama\Desktop\Python\Python\Jupyter Notebook\CAMELS Research\Final research code\ALL CAMELS BASIN (FORCINGS TO STREAMFLOW)\outputs\merged_csv\03504000_merged_forcing_q.csv
03574500,06,OK,12784,C:\Users\ppaudel2\OneDrive - The University of Alabama\Desktop\Python\Python\Jupyter Notebook\CAMELS Research\Final research code\ALL CAMELS BASIN (FORCINGS TO STREAMFLOW)\outputs\merged_csv\03574500_merged_forcing_q.csv
03592718,06,OK,12382,C:\Users\ppaudel2\OneDrive - The University of Alabama\Desktop\Python\Python\Jupyter Notebook\CAMELS Research\Final research code\ALL CAMELS BASIN (FORCINGS TO STREAMFLOW)\outputs\merged_csv\03592718_merged_forcing_q.csv
03604000,06,OK,12784,C:\Users\ppaudel2\OneDrive - The University of Alabama\Desktop\Python\Python\Jupyter Notebook\CAMELS Research\Final research code\ALL CAMELS BASIN (FORCINGS TO STREAMFLOW)\outputs\merged_csv\03604000_merged_forcing_q.csv
04015330,04,OK,12784,C:\Users\ppaudel2\OneDrive - The University of Alabama\Desktop\Python\Python\Jupyter Notebook\CAMELS Research\Final research code\ALL CAMELS BASIN (FORCINGS TO STREAMFLOW)\outputs\merged_csv\04015330_merged_forcing_q.csv
04024430,04,OK,12784,C:\Users\ppaudel2\OneDrive - The University of Alabama\Desktop\Python\Python\Jupyter Notebook\CAMELS Research\Final research code\ALL CAMELS BASIN (FORCINGS TO STREAMFLOW)\outputs\merged_csv\04024430_merged_forcing_q.csv
04027000,04,OK,12784,C:\Users\ppaudel2\OneDrive - The University of Alabama\Desktop\Python\Python\Jupyter Notebook\CAMELS Research\Final research code\ALL CAMELS BASIN (FORCINGS TO STREAMFLOW)\outputs\merged_csv\04027000_merged_forcing_q.csv
04040500,04,OK,12784,C:\Users\ppaudel2\OneDrive - The University of Alabama\Desktop\Python\Python\Jupyter Notebook\CAMELS Research\Final research code\ALL CAMELS BASIN (FORCINGS TO STREAMFLOW)\outputs\merged_csv\04040500_merged_forcing_q.csv
04043050,04,OK,12784,C:\Users\ppaudel2\OneDrive - The University of Alabama\Desktop\Python\Python\Jupyter Notebook\CAMELS Research\Final research code\ALL CAMELS BASIN (FORCINGS TO STREAMFLOW)\outputs\merged_csv\04043050_merged_forcing_q.csv
04045500,04,OK,12784,C:\Users\ppaudel2\OneDrive - The University of Alabama\Desktop\Python\Python\Jupyter Notebook\CAMELS Research\Final research code\ALL CAMELS BASIN (FORCINGS TO STREAMFLOW)\outputs\merged_csv\04045500_merged_forcing_q.csv
04056500,04,OK,12784,C:\Users\ppaudel2\OneDrive - The University of Alabama\Desktop\Python\Python\Jupyter Notebook\CAMELS Research\Final research code\ALL CAMELS BASIN (FORCINGS TO STREAMFLOW)\outputs\merged_csv\04056500_merged_forcing_q.csv
04057510,04,OK,12784,C:\Users\ppaudel2\OneDrive - The University of Alabama\Desktop\Python\Python\Jupyter Notebook\CAMELS Research\Final research code\ALL CAMELS BASIN (FORCINGS TO STREAMFLOW)\outputs\merged_csv\04057510_merged_forcing_q.csv
04057800,04,OK,12784,C:\Users\ppaudel2\OneDrive - The University of Alabama\Desktop\Python\Python\Jupyter Notebook\CAMELS Research\Final research code\ALL CAMELS BASIN (FORCINGS TO STREAMFLOW)\outputs\merged_csv\04057800_merged_forcing_q.csv
04059500,04,OK,12784,C:\Users\ppaudel2\OneDrive - The University of Alabama\Desktop\Python\Python\Jupyter Notebook\CAMELS Research\Final research code\ALL CAMELS BASIN (FORCINGS TO STREAMFLOW)\outputs\merged_csv\04059500_merged_forcing_q.csv
04063700,04,OK,12784,C:\Users\ppaudel2\OneDrive - The University of Alabama\Desktop\Python\Python\Jupyter Notebook\CAMELS Research\Final research code\ALL CAMELS BASIN (FORCINGS TO STREAMFLOW)\outputs\merged_csv\04063700_merged_forcing_q.csv
04074950,04,OK,12510,C:\Users\ppaudel2\OneDrive - The University of Alabama\Desktop\Python\Python\Jupyter Notebook\CAMELS Research\Final research code\ALL CAMELS BASIN (FORCINGS TO STREAMFLOW)\outputs\merged_csv\04074950_merged_forcing_q.csv
04105700,04,OK,12784,C:\Users\ppaudel2\OneDrive - The University of Alabama\Desktop\Python\Python\Jupyter Notebook\CAMELS Research\Final research code\ALL CAMELS BASIN (FORCINGS TO STREAMFLOW)\outputs\merged_csv\04105700_merged_forcing_q.csv
04115265,04,OK,9954,C:\Users\ppaudel2\OneDrive - The University of Alabama\Desktop\Python\Python\Jupyter Notebook\CAMELS Research\Final research code\ALL CAMELS BASIN (FORCINGS TO STREAMFLOW)\outputs\merged_csv\04115265_merged_forcing_q.csv
04122200,04,OK,12784,C:\Users\ppaudel2\OneDrive - The University of Alabama\Desktop\Python\Python\Jupyter Notebook\CAMELS Research\Final research code\ALL CAMELS BASIN (FORCINGS TO STREAMFLOW)\outputs\merged_csv\04122200_merged_forcing_q.csv
04122500,04,OK,12784,C:\Users\ppaudel2\OneDrive - The University of Alabama\Desktop\Python\Python\Jupyter Notebook\CAMELS Research\Final research code\ALL CAMELS BASIN (FORCINGS TO STREAMFLOW)\outputs\merged_csv\04122500_merged_forcing_q.csv
04124000,04,OK,12784,C:\Users\ppaudel2\OneDrive - The University of Alabama\Desktop\Python\Python\Jupyter Notebook\CAMELS Research\Final research code\ALL CAMELS BASIN (FORCINGS TO STREAMFLOW)\outputs\merged_csv\04124000_merged_forcing_q.csv
04127918,04,OK,11323,C:\Users\ppaudel2\OneDrive - The University of Alabama\Desktop\Python\Python\Jupyter Notebook\CAMELS Research\Final research code\ALL CAMELS BASIN (FORCINGS TO STREAMFLOW)\outputs\merged_csv\04127918_merged_forcing_q.csv
04127997,04,OK,12784,C:\Users\ppaudel2\OneDrive - The University of Alabama\Desktop\Python\Python\Jupyter Notebook\CAMELS Research\Final research code\ALL CAMELS BASIN (FORCINGS TO STREAMFLOW)\outputs\merged_csv\04127997_merged_forcing_q.csv
04161580,04,OK,12450,C:\Users\ppaudel2\OneDrive - The University of Alabama\Desktop\Python\Python\Jupyter Notebook\CAMELS Research\Final research code\ALL CAMELS BASIN (FORCINGS TO STREAMFLOW)\outputs\merged_csv\04161580_merged_forcing_q.csv
04185000,04,OK,12784,C:\Users\ppaudel2\OneDrive - The University of Alabama\Desktop\Python\Python\Jupyter Notebook\CAMELS Research\Final research code\ALL CAMELS BASIN (FORCINGS TO STREAMFLOW)\outputs\merged_csv\04185000_merged_forcing_q.csv
04196800,04,OK,12736,C:\Users\ppaudel2\OneDrive - The University of Alabama\Desktop\Python\Python\Jupyter Notebook\CAMELS Research\Final research code\ALL CAMELS BASIN (FORCINGS TO STREAMFLOW)\outputs\merged_csv\04196800_merged_forcing_q.csv
04197100,04,OK,12784,C:\Users\ppaudel2\OneDrive - The University of Alabama\Desktop\Python\Python\Jupyter Notebook\CAMELS Research\Final research code\ALL CAMELS BASIN (FORCINGS TO STREAMFLOW)\outputs\merged_csv\04197100_merged_forcing_q.csv
04197170,04,OK,11537,C:\Users\ppaudel2\OneDrive - The University of Alabama\Desktop\Python\Python\Jupyter Notebook\CAMELS Research\Final research code\ALL CAMELS BASIN (FORCINGS TO STREAMFLOW)\outputs\merged_csv\04197170_merged_forcing_q.csv
04213000,04,OK,12784,C:\Users\ppaudel2\OneDrive - The University of Alabama\Desktop\Python\Python\Jupyter Notebook\CAMELS Research\Final research code\ALL CAMELS BASIN (FORCINGS TO STREAMFLOW)\outputs\merged_csv\04213000_merged_forcing_q.csv
04213075,04,OK,10459,C:\Users\ppaudel2\OneDrive - The University of Alabama\Desktop\Python\Python\Jupyter Notebook\CAMELS Research\Final research code\ALL CAMELS BASIN (FORCINGS TO STREAMFLOW)\outputs\merged_csv\04213075_merged_forcing_q.csv
04216418,04,OK,12784,C:\Users\ppaudel2\OneDrive - The University of Alabama\Desktop\Python\Python\Jupyter Notebook\CAMELS Research\Final research code\ALL CAMELS BASIN (FORCINGS TO STREAMFLOW)\outputs\merged_csv\04216418_merged_forcing_q.csv
04221000,04,OK,12784,C:\Users\ppaudel2\OneDrive - The University of Alabama\Desktop\Python\Python\Jupyter Notebook\CAMELS Research\Final research code\ALL CAMELS BASIN (FORCINGS TO STREAMFLOW)\outputs\merged_csv\04221000_merged_forcing_q.csv
04224775,04,OK,12784,C:\Users\ppaudel2\OneDrive - The University of Alabama\Desktop\Python\Python\Jupyter Notebook\CAMELS Research\Final research code\ALL CAMELS BASIN (FORCINGS TO STREAMFLOW)\outputs\merged_csv\04224775_merged_forcing_q.csv
04233000,04,OK,11962,C:\Users\ppaudel2\OneDrive - The University of Alabama\Desktop\Python\Python\Jupyter Notebook\CAMELS Research\Final research code\ALL CAMELS BASIN (FORCINGS TO STREAMFLOW)\outputs\merged_csv\04233000_merged_forcing_q.csv
04256000,04,OK,12784,C:\Users\ppaudel2\OneDrive - The University of Alabama\Desktop\Python\Python\Jupyter Notebook\CAMELS Research\Final research code\ALL CAMELS BASIN (FORCINGS TO STREAMFLOW)\outputs\merged_csv\04256000_merged_forcing_q.csv
04296000,01,OK,12784,C:\Users\ppaudel2\OneDrive - The University of Alabama\Desktop\Python\Python\Jupyter Notebook\CAMELS Research\Final research code\ALL CAMELS BASIN (FORCINGS TO STREAMFLOW)\outputs\merged_csv\04296000_merged_forcing_q.csv
05056000,09,OK,12784,C:\Users\ppaudel2\OneDrive - The University of Alabama\Desktop\Python\Python\Jupyter Notebook\CAMELS Research\Final research code\ALL CAMELS BASIN (FORCINGS TO STREAMFLOW)\outputs\merged_csv\05056000_merged_forcing_q.csv
05057000,09,OK,12784,C:\Users\ppaudel2\OneDrive - The University of Alabama\Desktop\Python\Python\Jupyter Notebook\CAMELS Research\Final research code\ALL CAMELS BASIN (FORCINGS TO STREAMFLOW)\outputs\merged_csv\05057000_merged_forcing_q.csv
05057200,09,OK,12784,C:\Users\ppaudel2\OneDrive - The University of Alabama\Desktop\Python\Python\Jupyter Notebook\CAMELS Research\Final research code\ALL CAMELS BASIN (FORCINGS TO STREAMFLOW)\outputs\merged_csv\05057200_merged_forcing_q.csv
05062500,09,OK,12784,C:\Users\ppaudel2\OneDrive - The University of Alabama\Desktop\Python\Python\Jupyter Notebook\CAMELS Research\Final research code\ALL CAMELS BASIN (FORCINGS TO STREAMFLOW)\outputs\merged_csv\05062500_merged_forcing_q.csv
05087500,09,OK,12784,C:\Users\ppaudel2\OneDrive - The University of Alabama\Desktop\Python\Python\Jupyter Notebook\CAMELS Research\Final research code\ALL CAMELS BASIN (FORCINGS TO STREAMFLOW)\outputs\merged_csv\05087500_merged_forcing_q.csv
05120500,09,OK,12784,C:\Users\ppaudel2\OneDrive - The University of Alabama\Desktop\Python\Python\Jupyter Notebook\CAMELS Research\Final research code\ALL CAMELS BASIN (FORCINGS TO STREAMFLOW)\outputs\merged_csv\05120500_merged_forcing_q.csv
05123400,09,OK,12784,C:\Users\ppaudel2\OneDrive - The University of Alabama\Desktop\Python\Python\Jupyter Notebook\CAMELS Research\Final research code\ALL CAMELS BASIN (FORCINGS TO STREAMFLOW)\outputs\merged_csv\05123400_merged_forcing_q.csv
05129115,09,OK,12784,C:\Users\ppaudel2\OneDrive - The University of Alabama\Desktop\Python\Python\Jupyter Notebook\CAMELS Research\Final research code\ALL CAMELS BASIN (FORCINGS TO STREAMFLOW)\outputs\merged_csv\05129115_merged_forcing_q.csv
05131500,09,OK,12784,C:\Users\ppaudel2\OneDrive - The University of Alabama\Desktop\Python\Python\Jupyter Notebook\CAMELS Research\Final research code\ALL CAMELS BASIN (FORCINGS TO STREAMFLOW)\outputs\merged_csv\05131500_merged_forcing_q.csv
05291000,07,OK,12784,C:\Users\ppaudel2\OneDrive - The University of Alabama\Desktop\Python\Python\Jupyter Notebook\CAMELS Research\Final research code\ALL CAMELS BASIN (FORCINGS TO STREAMFLOW)\outputs\merged_csv\05291000_merged_forcing_q.csv
05362000,07,OK,12784,C:\Users\ppaudel2\OneDrive - The University of Alabama\Desktop\Python\Python\Jupyter Notebook\CAMELS Research\Final research code\ALL CAMELS BASIN (FORCINGS TO STREAMFLOW)\outputs\merged_csv\05362000_merged_forcing_q.csv
05393500,07,OK,12784,C:\Users\ppaudel2\OneDrive - The University of Alabama\Desktop\Python\Python\Jupyter Notebook\CAMELS Research\Final research code\ALL CAMELS BASIN (FORCINGS TO STREAMFLOW)\outputs\merged_csv\05393500_merged_forcing_q.csv
05399500,07,OK,12780,C:\Users\ppaudel2\OneDrive - The University of Alabama\Desktop\Python\Python\Jupyter Notebook\CAMELS Research\Final research code\ALL CAMELS BASIN (FORCINGS TO STREAMFLOW)\outputs\merged_csv\05399500_merged_forcing_q.csv
05408000,07,OK,12784,C:\Users\ppaudel2\OneDrive - The University of Alabama\Desktop\Python\Python\Jupyter Notebook\CAMELS Research\Final research code\ALL CAMELS BASIN (FORCINGS TO STREAMFLOW)\outputs\merged_csv\05408000_merged_forcing_q.csv
05412500,07,OK,12784,C:\Users\ppaudel2\OneDrive - The University of Alabama\Desktop\Python\Python\Jupyter Notebook\CAMELS Research\Final research code\ALL CAMELS BASIN (FORCINGS TO STREAMFLOW)\outputs\merged_csv\05412500_merged_forcing_q.csv
05413500,07,OK,12784,C:\Users\ppaudel2\OneDrive - The University of Alabama\Desktop\Python\Python\Jupyter Notebook\CAMELS Research\Final research code\ALL CAMELS BASIN (FORCINGS TO STREAMFLOW)\outputs\merged_csv\05413500_merged_forcing_q.csv
05414000,07,OK,12784,C:\Users\ppaudel2\OneDrive - The University of Alabama\Desktop\Python\Python\Jupyter Notebook\CAMELS Research\Final research code\ALL CAMELS BASIN (FORCINGS TO STREAMFLOW)\outputs\merged_csv\05414000_merged_forcing_q.csv
05444000,07,OK,12784,C:\Users\ppaudel2\OneDrive - The University of Alabama\Desktop\Python\Python\Jupyter Notebook\CAMELS Research\Final research code\ALL CAMELS BASIN (FORCINGS TO STREAMFLOW)\outputs\merged_csv\05444000_merged_forcing_q.csv
05454000,07,OK,12784,C:\Users\ppaudel2\OneDrive - The University of Alabama\Desktop\Python\Python\Jupyter Notebook\CAMELS Research\Final research code\ALL CAMELS BASIN (FORCINGS TO STREAMFLOW)\outputs\merged_csv\05454000_merged_forcing_q.csv
05458000,07,OK,12784,C:\Users\ppaudel2\OneDrive - The University of Alabama\Desktop\Python\Python\Jupyter Notebook\CAMELS Research\Final research code\ALL CAMELS BASIN (FORCINGS TO STREAMFLOW)\outputs\merged_csv\05458000_merged_forcing_q.csv
05466500,07,OK,12784,C:\Users\ppaudel2\OneDrive - The University of Alabama\Desktop\Python\Python\Jupyter Notebook\CAMELS Research\Final research code\ALL CAMELS BASIN (FORCINGS TO STREAMFLOW)\outputs\merged_csv\05466500_merged_forcing_q.csv
05487980,07,OK,12784,C:\Users\ppaudel2\OneDrive - The University of Alabama\Desktop\Python\Python\Jupyter Notebook\CAMELS Research\Final research code\ALL CAMELS BASIN (FORCINGS TO STREAMFLOW)\outputs\merged_csv\05487980_merged_forcing_q.csv
05488200,07,OK,10776,C:\Users\ppaudel2\OneDrive - The University of Alabama\Desktop\Python\Python\Jupyter Notebook\CAMELS Research\Final research code\ALL CAMELS BASIN (FORCINGS TO STREAMFLOW)\outputs\merged_csv\05488200_merged_forcing_q.csv
05489000,07,OK,12784,C:\Users\ppaudel2\OneDrive - The University of Alabama\Desktop\Python\Python\Jupyter Notebook\CAMELS Research\Final research code\ALL CAMELS BASIN (FORCINGS TO STREAMFLOW)\outputs\merged_csv\05489000_merged_forcing_q.csv
05495000,07,OK,12784,C:\Users\ppaudel2\OneDrive - The University of Alabama\Desktop\Python\Python\Jupyter Notebook\CAMELS Research\Final research code\ALL CAMELS BASIN (FORCINGS TO STREAMFLOW)\outputs\merged_csv\05495000_merged_forcing_q.csv
05495500,07,OK,12784,C:\Users\ppaudel2\OneDrive - The University of Alabama\Desktop\Python\Python\Jupyter Notebook\CAMELS Research\Final research code\ALL CAMELS BASIN (FORCINGS TO STREAMFLOW)\outputs\merged_csv\05495500_merged_forcing_q.csv
05501000,07,OK,12784,C:\Users\ppaudel2\OneDrive - The University of Alabama\Desktop\Python\Python\Jupyter Notebook\CAMELS Research\Final research code\ALL CAMELS BASIN (FORCINGS TO STREAMFLOW)\outputs\merged_csv\05501000_merged_forcing_q.csv
05503800,07,OK,12784,C:\Users\ppaudel2\OneDrive - The University of Alabama\Desktop\Python\Python\Jupyter Notebook\CAMELS Research\Final research code\ALL CAMELS BASIN (FORCINGS TO STREAMFLOW)\outputs\merged_csv\05503800_merged_forcing_q.csv
05507600,07,OK,12784,C:\Users\ppaudel2\OneDrive - The University of Alabama\Desktop\Python\Python\Jupyter Notebook\CAMELS Research\Final research code\ALL CAMELS BASIN (FORCINGS TO STREAMFLOW)\outputs\merged_csv\05507600_merged_forcing_q.csv
05508805,07,OK,12784,C:\Users\ppaudel2\OneDrive - The University of Alabama\Desktop\Python\Python\Jupyter Notebook\CAMELS Research\Final research code\ALL CAMELS BASIN (FORCINGS TO STREAMFLOW)\outputs\merged_csv\05508805_merged_forcing_q.csv
05514500,07,OK,12784,C:\Users\ppaudel2\OneDrive - The University of Alabama\Desktop\Python\Python\Jupyter Notebook\CAMELS Research\Final research code\ALL CAMELS BASIN (FORCINGS TO STREAMFLOW)\outputs\merged_csv\05514500_merged_forcing_q.csv
05525500,07,OK,12784,C:\Users\ppaudel2\OneDrive - The University of Alabama\Desktop\Python\Python\Jupyter Notebook\CAMELS Research\Final research code\ALL CAMELS BASIN (FORCINGS TO STREAMFLOW)\outputs\merged_csv\05525500_merged_forcing_q.csv
05556500,07,OK,12784,C:\Users\ppaudel2\OneDrive - The University of Alabama\Desktop\Python\Python\Jupyter Notebook\CAMELS Research\Final research code\ALL CAMELS BASIN (FORCINGS TO STREAMFLOW)\outputs\merged_csv\05556500_merged_forcing_q.csv
05584500,07,OK,12784,C:\Users\ppaudel2\OneDrive - The University of Alabama\Desktop\Python\Python\Jupyter Notebook\CAMELS Research\Final research code\ALL CAMELS BASIN (FORCINGS TO STREAMFLOW)\outputs\merged_csv\05584500_merged_forcing_q.csv
05585000,07,OK,12784,C:\Users\ppaudel2\OneDrive - The University of Alabama\Desktop\Python\Python\Jupyter Notebook\CAMELS Research\Final research code\ALL CAMELS BASIN (FORCINGS TO STREAMFLOW)\outputs\merged_csv\05585000_merged_forcing_q.csv
05591550,07,OK,12734,C:\Users\ppaudel2\OneDrive - The University of Alabama\Desktop\Python\Python\Jupyter Notebook\CAMELS Research\Final research code\ALL CAMELS BASIN (FORCINGS TO STREAMFLOW)\outputs\merged_csv\05591550_merged_forcing_q.csv
05592050,07,OK,12784,C:\Users\ppaudel2\OneDrive - The University of Alabama\Desktop\Python\Python\Jupyter Notebook\CAMELS Research\Final research code\ALL CAMELS BASIN (FORCINGS TO STREAMFLOW)\outputs\merged_csv\05592050_merged_forcing_q.csv
05592575,07,OK,9588,C:\Users\ppaudel2\OneDrive - The University of Alabama\Desktop\Python\Python\Jupyter Notebook\CAMELS Research\Final research code\ALL CAMELS BASIN (FORCINGS TO STREAMFLOW)\outputs\merged_csv\05592575_merged_forcing_q.csv
05593575,07,OK,12784,C:\Users\ppaudel2\OneDrive - The University of Alabama\Desktop\Python\Python\Jupyter Notebook\CAMELS Research\Final research code\ALL CAMELS BASIN (FORCINGS TO STREAMFLOW)\outputs\merged_csv\05593575_merged_forcing_q.csv
05593900,07,OK,12784,C:\Users\ppaudel2\OneDrive - The University of Alabama\Desktop\Python\Python\Jupyter Notebook\CAMELS Research\Final research code\ALL CAMELS BASIN (FORCINGS TO STREAMFLOW)\outputs\merged_csv\05593900_merged_forcing_q.csv
05595730,07,OK,12784,C:\Users\ppaudel2\OneDrive - The University of Alabama\Desktop\Python\Python\Jupyter Notebook\CAMELS Research\Final research code\ALL CAMELS BASIN (FORCINGS TO STREAMFLOW)\outputs\merged_csv\05595730_merged_forcing_q.csv
06037500,10,OK,11476,C:\Users\ppaudel2\OneDrive - The University of Alabama\Desktop\Python\Python\Jupyter Notebook\CAMELS Research\Final research code\ALL CAMELS BASIN (FORCINGS TO STREAMFLOW)\outputs\merged_csv\06037500_merged_forcing_q.csv
06043500,10,OK,12784,C:\Users\ppaudel2\OneDrive - The University of Alabama\Desktop\Python\Python\Jupyter Notebook\CAMELS Research\Final research code\ALL CAMELS BASIN (FORCINGS TO STREAMFLOW)\outputs\merged_csv\06043500_merged_forcing_q.csv
06154410,10,OK,10866,C:\Users\ppaudel2\OneDrive - The University of Alabama\Desktop\Python\Python\Jupyter Notebook\CAMELS Research\Final research code\ALL CAMELS BASIN (FORCINGS TO STREAMFLOW)\outputs\merged_csv\06154410_merged_forcing_q.csv
06188000,10,OK,10837,C:\Users\ppaudel2\OneDrive - The University of Alabama\Desktop\Python\Python\Jupyter Notebook\CAMELS Research\Final research code\ALL CAMELS BASIN (FORCINGS TO STREAMFLOW)\outputs\merged_csv\06188000_merged_forcing_q.csv
06191500,10,OK,12784,C:\Users\ppaudel2\OneDrive - The University of Alabama\Desktop\Python\Python\Jupyter Notebook\CAMELS Research\Final research code\ALL CAMELS BASIN (FORCINGS TO STREAMFLOW)\outputs\merged_csv\06191500_merged_forcing_q.csv
06221400,10,OK,9588,C:\Users\ppaudel2\OneDrive - The University of Alabama\Desktop\Python\Python\Jupyter Notebook\CAMELS Research\Final research code\ALL CAMELS BASIN (FORCINGS TO STREAMFLOW)\outputs\merged_csv\06221400_merged_forcing_q.csv
06224000,10,OK,12784,C:\Users\ppaudel2\OneDrive - The University of Alabama\Desktop\Python\Python\Jupyter Notebook\CAMELS Research\Final research code\ALL CAMELS BASIN (FORCINGS TO STREAMFLOW)\outputs\merged_csv\06224000_merged_forcing_q.csv
06278300,10,OK,12784,C:\Users\ppaudel2\OneDrive - The University of Alabama\Desktop\Python\Python\Jupyter Notebook\CAMELS Research\Final research code\ALL CAMELS BASIN (FORCINGS TO STREAMFLOW)\outputs\merged_csv\06278300_merged_forcing_q.csv
06280300,10,OK,12784,C:\Users\ppaudel2\OneDrive - The University of Alabama\Desktop\Python\Python\Jupyter Notebook\CAMELS Research\Final research code\ALL CAMELS BASIN (FORCINGS TO STREAMFLOW)\outputs\merged_csv\06280300_merged_forcing_q.csv
06289000,10,OK,12784,C:\Users\ppaudel2\OneDrive - The University of Alabama\Desktop\Python\Python\Jupyter Notebook\CAMELS Research\Final research code\ALL CAMELS BASIN (FORCINGS TO STREAMFLOW)\outputs\merged_csv\06289000_merged_forcing_q.csv
06291500,10,OK,9862,C:\Users\ppaudel2\OneDrive - The University of Alabama\Desktop\Python\Python\Jupyter Notebook\CAMELS Research\Final research code\ALL CAMELS BASIN (FORCINGS TO STREAMFLOW)\outputs\merged_csv\06291500_merged_forcing_q.csv
06311000,10,OK,12784,C:\Users\ppaudel2\OneDrive - The University of Alabama\Desktop\Python\Python\Jupyter Notebook\CAMELS Research\Final research code\ALL CAMELS BASIN (FORCINGS TO STREAMFLOW)\outputs\merged_csv\06311000_merged_forcing_q.csv
06332515,10,OK,12784,C:\Users\ppaudel2\OneDrive - The University of Alabama\Desktop\Python\Python\Jupyter Notebook\CAMELS Research\Final research code\ALL CAMELS BASIN (FORCINGS TO STREAMFLOW)\outputs\merged_csv\06332515_merged_forcing_q.csv
06339100,10,OK,12784,C:\Users\ppaudel2\OneDrive - The University of Alabama\Desktop\Python\Python\Jupyter Notebook\CAMELS Research\Final research code\ALL CAMELS BASIN (FORCINGS TO STREAMFLOW)\outputs\merged_csv\06339100_merged_forcing_q.csv
06339500,10,OK,12784,C:\Users\ppaudel2\OneDrive - The University of Alabama\Desktop\Python\Python\Jupyter Notebook\CAMELS Research\Final research code\ALL CAMELS BASIN (FORCINGS TO STREAMFLOW)\outputs\merged_csv\06339500_merged_forcing_q.csv
06344600,10,OK,12784,C:\Users\ppaudel2\OneDrive - The University of Alabama\Desktop\Python\Python\Jupyter Notebook\CAMELS Research\Final research code\ALL CAMELS BASIN (FORCINGS TO STREAMFLOW)\outputs\merged_csv\06344600_merged_forcing_q.csv
06350000,10,OK,12784,C:\Users\ppaudel2\OneDrive - The University of Alabama\Desktop\Python\Python\Jupyter Notebook\CAMELS Research\Final research code\ALL CAMELS BASIN (FORCINGS TO STREAMFLOW)\outputs\merged_csv\06350000_merged_forcing_q.csv
06352000,10,OK,12784,C:\Users\ppaudel2\OneDrive - The University of Alabama\Desktop\Python\Python\Jupyter Notebook\CAMELS Research\Final research code\ALL CAMELS BASIN (FORCINGS TO STREAMFLOW)\outputs\merged_csv\06352000_merged_forcing_q.csv
06353000,10,OK,12784,C:\Users\ppaudel2\OneDrive - The University of Alabama\Desktop\Python\Python\Jupyter Notebook\CAMELS Research\Final research code\ALL CAMELS BASIN (FORCINGS TO STREAMFLOW)\outputs\merged_csv\06353000_merged_forcing_q.csv
06354000,10,OK,12784,C:\Users\ppaudel2\OneDrive - The University of Alabama\Desktop\Python\Python\Jupyter Notebook\CAMELS Research\Final research code\ALL CAMELS BASIN (FORCINGS TO STREAMFLOW)\outputs\merged_csv\06354000_merged_forcing_q.csv
06360500,10,OK,12784,C:\Users\ppaudel2\OneDrive - The University of Alabama\Desktop\Python\Python\Jupyter Notebook\CAMELS Research\Final research code\ALL CAMELS BASIN (FORCINGS TO STREAMFLOW)\outputs\merged_csv\06360500_merged_forcing_q.csv
06404000,10,OK,12784,C:\Users\ppaudel2\OneDrive - The University of Alabama\Desktop\Python\Python\Jupyter Notebook\CAMELS Research\Final research code\ALL CAMELS BASIN (FORCINGS TO STREAMFLOW)\outputs\merged_csv\06404000_merged_forcing_q.csv
06406000,10,OK,12784,C:\Users\ppaudel2\OneDrive - The University of Alabama\Desktop\Python\Python\Jupyter Notebook\CAMELS Research\Final research code\ALL CAMELS BASIN (FORCINGS TO STREAMFLOW)\outputs\merged_csv\06406000_merged_forcing_q.csv
06408700,10,OK,12114,C:\Users\ppaudel2\OneDrive - The University of Alabama\Desktop\Python\Python\Jupyter Notebook\CAMELS Research\Final research code\ALL CAMELS BASIN (FORCINGS TO STREAMFLOW)\outputs\merged_csv\06408700_merged_forcing_q.csv
06409000,10,OK,12784,C:\Users\ppaudel2\OneDrive - The University of Alabama\Desktop\Python\Python\Jupyter Notebook\CAMELS Research\Final research code\ALL CAMELS BASIN (FORCINGS TO STREAMFLOW)\outputs\merged_csv\06409000_merged_forcing_q.csv
06431500,10,OK,12784,C:\Users\ppaudel2\OneDrive - The University of Alabama\Desktop\Python\Python\Jupyter Notebook\CAMELS Research\Final research code\ALL CAMELS BASIN (FORCINGS TO STREAMFLOW)\outputs\merged_csv\06431500_merged_forcing_q.csv
06440200,10,OK,9588,C:\Users\ppaudel2\OneDrive - The University of Alabama\Desktop\Python\Python\Jupyter Notebook\CAMELS Research\Final research code\ALL CAMELS BASIN (FORCINGS TO STREAMFLOW)\outputs\merged_csv\06440200_merged_forcing_q.csv
06441500,10,OK,12769,C:\Users\ppaudel2\OneDrive - The University of Alabama\Desktop\Python\Python\Jupyter Notebook\CAMELS Research\Final research code\ALL CAMELS BASIN (FORCINGS TO STREAMFLOW)\outputs\merged_csv\06441500_merged_forcing_q.csv
06447000,10,OK,12784,C:\Users\ppaudel2\OneDrive - The University of Alabama\Desktop\Python\Python\Jupyter Notebook\CAMELS Research\Final research code\ALL CAMELS BASIN (FORCINGS TO STREAMFLOW)\outputs\merged_csv\06447000_merged_forcing_q.csv
06447500,10,OK,12784,C:\Users\ppaudel2\OneDrive - The University of Alabama\Desktop\Python\Python\Jupyter Notebook\CAMELS Research\Final research code\ALL CAMELS BASIN (FORCINGS TO STREAMFLOW)\outputs\merged_csv\06447500_merged_forcing_q.csv
06450500,10,OK,12784,C:\Users\ppaudel2\OneDrive - The University of Alabama\Desktop\Python\Python\Jupyter Notebook\CAMELS Research\Final research code\ALL CAMELS BASIN (FORCINGS TO STREAMFLOW)\outputs\merged_csv\06450500_merged_forcing_q.csv
06452000,10,OK,12780,C:\Users\ppaudel2\OneDrive - The University of Alabama\Desktop\Python\Python\Jupyter Notebook\CAMELS Research\Final research code\ALL CAMELS BASIN (FORCINGS TO STREAMFLOW)\outputs\merged_csv\06452000_merged_forcing_q.csv
06453600,10,OK,12784,C:\Users\ppaudel2\OneDrive - The University of Alabama\Desktop\Python\Python\Jupyter Notebook\CAMELS Research\Final research code\ALL CAMELS BASIN (FORCINGS TO STREAMFLOW)\outputs\merged_csv\06453600_merged_forcing_q.csv
06464500,10,OK,12784,C:\Users\ppaudel2\OneDrive - The University of Alabama\Desktop\Python\Python\Jupyter Notebook\CAMELS Research\Final research code\ALL CAMELS BASIN (FORCINGS TO STREAMFLOW)\outputs\merged_csv\06464500_merged_forcing_q.csv
06468170,10,OK,12784,C:\Users\ppaudel2\OneDrive - The University of Alabama\Desktop\Python\Python\Jupyter Notebook\CAMELS Research\Final research code\ALL CAMELS BASIN (FORCINGS TO STREAMFLOW)\outputs\merged_csv\06468170_merged_forcing_q.csv
06468250,10,OK,10684,C:\Users\ppaudel2\OneDrive - The University of Alabama\Desktop\Python\Python\Jupyter Notebook\CAMELS Research\Final research code\ALL CAMELS BASIN (FORCINGS TO STREAMFLOW)\outputs\merged_csv\06468250_merged_forcing_q.csv
06470800,10,OK,12784,C:\Users\ppaudel2\OneDrive - The University of Alabama\Desktop\Python\Python\Jupyter Notebook\CAMELS Research\Final research code\ALL CAMELS BASIN (FORCINGS TO STREAMFLOW)\outputs\merged_csv\06470800_merged_forcing_q.csv
06477500,10,OK,12783,C:\Users\ppaudel2\OneDrive - The University of Alabama\Desktop\Python\Python\Jupyter Notebook\CAMELS Research\Final research code\ALL CAMELS BASIN (FORCINGS TO STREAMFLOW)\outputs\merged_csv\06477500_merged_forcing_q.csv
06479215,10,OK,11166,C:\Users\ppaudel2\OneDrive - The University of Alabama\Desktop\Python\Python\Jupyter Notebook\CAMELS Research\Final research code\ALL CAMELS BASIN (FORCINGS TO STREAMFLOW)\outputs\merged_csv\06479215_merged_forcing_q.csv
06479438,10,OK,12784,C:\Users\ppaudel2\OneDrive - The University of Alabama\Desktop\Python\Python\Jupyter Notebook\CAMELS Research\Final research code\ALL CAMELS BASIN (FORCINGS TO STREAMFLOW)\outputs\merged_csv\06479438_merged_forcing_q.csv
06601000,10,OK,12784,C:\Users\ppaudel2\OneDrive - The University of Alabama\Desktop\Python\Python\Jupyter Notebook\CAMELS Research\Final research code\ALL CAMELS BASIN (FORCINGS TO STREAMFLOW)\outputs\merged_csv\06601000_merged_forcing_q.csv
06614800,10,OK,12784,C:\Users\ppaudel2\OneDrive - The University of Alabama\Desktop\Python\Python\Jupyter Notebook\CAMELS Research\Final research code\ALL CAMELS BASIN (FORCINGS TO STREAMFLOW)\outputs\merged_csv\06614800_merged_forcing_q.csv
06622700,10,OK,12784,C:\Users\ppaudel2\OneDrive - The University of Alabama\Desktop\Python\Python\Jupyter Notebook\CAMELS Research\Final research code\ALL CAMELS BASIN (FORCINGS TO STREAMFLOW)\outputs\merged_csv\06622700_merged_forcing_q.csv
06623800,10,OK,12784,C:\Users\ppaudel2\OneDrive - The University of Alabama\Desktop\Python\Python\Jupyter Notebook\CAMELS Research\Final research code\ALL CAMELS BASIN (FORCINGS TO STREAMFLOW)\outputs\merged_csv\06623800_merged_forcing_q.csv
06632400,10,OK,12784,C:\Users\ppaudel2\OneDrive - The University of Alabama\Desktop\Python\Python\Jupyter Notebook\CAMELS Research\Final research code\ALL CAMELS BASIN (FORCINGS TO STREAMFLOW)\outputs\merged_csv\06632400_merged_forcing_q.csv
06746095,10,OK,12784,C:\Users\ppaudel2\OneDrive - The University of Alabama\Desktop\Python\Python\Jupyter Notebook\CAMELS Research\Final research code\ALL CAMELS BASIN (FORCINGS TO STREAMFLOW)\outputs\merged_csv\06746095_merged_forcing_q.csv
06784000,10,OK,12784,C:\Users\ppaudel2\OneDrive - The University of Alabama\Desktop\Python\Python\Jupyter Notebook\CAMELS Research\Final research code\ALL CAMELS BASIN (FORCINGS TO STREAMFLOW)\outputs\merged_csv\06784000_merged_forcing_q.csv
06803510,10,OK,12784,C:\Users\ppaudel2\OneDrive - The University of Alabama\Desktop\Python\Python\Jupyter Notebook\CAMELS Research\Final research code\ALL CAMELS BASIN (FORCINGS TO STREAMFLOW)\outputs\merged_csv\06803510_merged_forcing_q.csv
06803530,10,OK,12784,C:\Users\ppaudel2\OneDrive - The University of Alabama\Desktop\Python\Python\Jupyter Notebook\CAMELS Research\Final research code\ALL CAMELS BASIN (FORCINGS TO STREAMFLOW)\outputs\merged_csv\06803530_merged_forcing_q.csv
06814000,10,OK,12784,C:\Users\ppaudel2\OneDrive - The University of Alabama\Desktop\Python\Python\Jupyter Notebook\CAMELS Research\Final research code\ALL CAMELS BASIN (FORCINGS TO STREAMFLOW)\outputs\merged_csv\06814000_merged_forcing_q.csv
06847900,10,OK,12784,C:\Users\ppaudel2\OneDrive - The University of Alabama\Desktop\Python\Python\Jupyter Notebook\CAMELS Research\Final research code\ALL CAMELS BASIN (FORCINGS TO STREAMFLOW)\outputs\merged_csv\06847900_merged_forcing_q.csv
06853800,10,OK,12784,C:\Users\ppaudel2\OneDrive - The University of Alabama\Desktop\Python\Python\Jupyter Notebook\CAMELS Research\Final research code\ALL CAMELS BASIN (FORCINGS TO STREAMFLOW)\outputs\merged_csv\06853800_merged_forcing_q.csv
06876700,10,OK,12784,C:\Users\ppaudel2\OneDrive - The University of Alabama\Desktop\Python\Python\Jupyter Notebook\CAMELS Research\Final research code\ALL CAMELS BASIN (FORCINGS TO STREAMFLOW)\outputs\merged_csv\06876700_merged_forcing_q.csv
06878000,10,OK,12784,C:\Users\ppaudel2\OneDrive - The University of Alabama\Desktop\Python\Python\Jupyter Notebook\CAMELS Research\Final research code\ALL CAMELS BASIN (FORCINGS TO STREAMFLOW)\outputs\merged_csv\06878000_merged_forcing_q.csv
06879650,10,OK,12784,C:\Users\ppaudel2\OneDrive - The University of Alabama\Desktop\Python\Python\Jupyter Notebook\CAMELS Research\Final research code\ALL CAMELS BASIN (FORCINGS TO STREAMFLOW)\outputs\merged_csv\06879650_merged_forcing_q.csv
06885500,10,OK,12784,C:\Users\ppaudel2\OneDrive - The University of Alabama\Desktop\Python\Python\Jupyter Notebook\CAMELS Research\Final research code\ALL CAMELS BASIN (FORCINGS TO STREAMFLOW)\outputs\merged_csv\06885500_merged_forcing_q.csv
06888500,10,OK,12784,C:\Users\ppaudel2\OneDrive - The University of Alabama\Desktop\Python\Python\Jupyter Notebook\CAMELS Research\Final research code\ALL CAMELS BASIN (FORCINGS TO STREAMFLOW)\outputs\merged_csv\06888500_merged_forcing_q.csv
06889200,10,OK,12784,C:\Users\ppaudel2\OneDrive - The University of Alabama\Desktop\Python\Python\Jupyter Notebook\CAMELS Research\Final research code\ALL CAMELS BASIN (FORCINGS TO STREAMFLOW)\outputs\merged_csv\06889200_merged_forcing_q.csv
06889500,10,OK,12784,C:\Users\ppaudel2\OneDrive - The University of Alabama\Desktop\Python\Python\Jupyter Notebook\CAMELS Research\Final research code\ALL CAMELS BASIN (FORCINGS TO STREAMFLOW)\outputs\merged_csv\06889500_merged_forcing_q.csv
06892000,10,OK,12784,C:\Users\ppaudel2\OneDrive - The University of Alabama\Desktop\Python\Python\Jupyter Notebook\CAMELS Research\Final research code\ALL CAMELS BASIN (FORCINGS TO STREAMFLOW)\outputs\merged_csv\06892000_merged_forcing_q.csv
06903400,10,OK,12784,C:\Users\ppaudel2\OneDrive - The University of Alabama\Desktop\Python\Python\Jupyter Notebook\CAMELS Research\Final research code\ALL CAMELS BASIN (FORCINGS TO STREAMFLOW)\outputs\merged_csv\06903400_merged_forcing_q.csv
06906800,10,OK,9974,C:\Users\ppaudel2\OneDrive - The University of Alabama\Desktop\Python\Python\Jupyter Notebook\CAMELS Research\Final research code\ALL CAMELS BASIN (FORCINGS TO STREAMFLOW)\outputs\merged_csv\06906800_merged_forcing_q.csv
06910800,10,OK,12784,C:\Users\ppaudel2\OneDrive - The University of Alabama\Desktop\Python\Python\Jupyter Notebook\CAMELS Research\Final research code\ALL CAMELS BASIN (FORCINGS TO STREAMFLOW)\outputs\merged_csv\06910800_merged_forcing_q.csv
06911900,10,OK,12784,C:\Users\ppaudel2\OneDrive - The University of Alabama\Desktop\Python\Python\Jupyter Notebook\CAMELS Research\Final research code\ALL CAMELS BASIN (FORCINGS TO STREAMFLOW)\outputs\merged_csv\06911900_merged_forcing_q.csv
06917000,10,OK,12784,C:\Users\ppaudel2\OneDrive - The University of Alabama\Desktop\Python\Python\Jupyter Notebook\CAMELS Research\Final research code\ALL CAMELS BASIN (FORCINGS TO STREAMFLOW)\outputs\merged_csv\06917000_merged_forcing_q.csv
06918460,10,OK,12784,C:\Users\ppaudel2\OneDrive - The University of Alabama\Desktop\Python\Python\Jupyter Notebook\CAMELS Research\Final research code\ALL CAMELS BASIN (FORCINGS TO STREAMFLOW)\outputs\merged_csv\06918460_merged_forcing_q.csv
06919500,10,OK,12784,C:\Users\ppaudel2\OneDrive - The University of Alabama\Desktop\Python\Python\Jupyter Notebook\CAMELS Research\Final research code\ALL CAMELS BASIN (FORCINGS TO STREAMFLOW)\outputs\merged_csv\06919500_merged_forcing_q.csv
06921070,10,OK,12784,C:\Users\ppaudel2\OneDrive - The University of Alabama\Desktop\Python\Python\Jupyter Notebook\CAMELS Research\Final research code\ALL CAMELS BASIN (FORCINGS TO STREAMFLOW)\outputs\merged_csv\06921070_merged_forcing_q.csv
06921200,10,OK,12784,C:\Users\ppaudel2\OneDrive - The University of Alabama\Desktop\Python\Python\Jupyter Notebook\CAMELS Research\Final research code\ALL CAMELS BASIN (FORCINGS TO STREAMFLOW)\outputs\merged_csv\06921200_merged_forcing_q.csv
06934000,10,OK,10319,C:\Users\ppaudel2\OneDrive - The University of Alabama\Desktop\Python\Python\Jupyter Notebook\CAMELS Research\Final research code\ALL CAMELS BASIN (FORCINGS TO STREAMFLOW)\outputs\merged_csv\06934000_merged_forcing_q.csv
07014500,07,OK,12784,C:\Users\ppaudel2\OneDrive - The University of Alabama\Desktop\Python\Python\Jupyter Notebook\CAMELS Research\Final research code\ALL CAMELS BASIN (FORCINGS TO STREAMFLOW)\outputs\merged_csv\07014500_merged_forcing_q.csv
07056000,11,OK,12784,C:\Users\ppaudel2\OneDrive - The University of Alabama\Desktop\Python\Python\Jupyter Notebook\CAMELS Research\Final research code\ALL CAMELS BASIN (FORCINGS TO STREAMFLOW)\outputs\merged_csv\07056000_merged_forcing_q.csv
07057500,11,OK,12784,C:\Users\ppaudel2\OneDrive - The University of Alabama\Desktop\Python\Python\Jupyter Notebook\CAMELS Research\Final research code\ALL CAMELS BASIN (FORCINGS TO STREAMFLOW)\outputs\merged_csv\07057500_merged_forcing_q.csv
07060710,11,OK,12784,C:\Users\ppaudel2\OneDrive - The University of Alabama\Desktop\Python\Python\Jupyter Notebook\CAMELS Research\Final research code\ALL CAMELS BASIN (FORCINGS TO STREAMFLOW)\outputs\merged_csv\07060710_merged_forcing_q.csv
07066000,11,OK,12784,C:\Users\ppaudel2\OneDrive - The University of Alabama\Desktop\Python\Python\Jupyter Notebook\CAMELS Research\Final research code\ALL CAMELS BASIN (FORCINGS TO STREAMFLOW)\outputs\merged_csv\07066000_merged_forcing_q.csv
07067000,11,OK,12784,C:\Users\ppaudel2\OneDrive - The University of Alabama\Desktop\Python\Python\Jupyter Notebook\CAMELS Research\Final research code\ALL CAMELS BASIN (FORCINGS TO STREAMFLOW)\outputs\merged_csv\07067000_merged_forcing_q.csv
07068000,11,OK,12784,C:\Users\ppaudel2\OneDrive - The University of Alabama\Desktop\Python\Python\Jupyter Notebook\CAMELS Research\Final research code\ALL CAMELS BASIN (FORCINGS TO STREAMFLOW)\outputs\merged_csv\07068000_merged_forcing_q.csv
07071500,11,OK,12784,C:\Users\ppaudel2\OneDrive - The University of Alabama\Desktop\Python\Python\Jupyter Notebook\CAMELS Research\Final research code\ALL CAMELS BASIN (FORCINGS TO STREAMFLOW)\outputs\merged_csv\07071500_merged_forcing_q.csv
07083000,11,OK,12784,C:\Users\ppaudel2\OneDrive - The University of Alabama\Desktop\Python\Python\Jupyter Notebook\CAMELS Research\Final research code\ALL CAMELS BASIN (FORCINGS TO STREAMFLOW)\outputs\merged_csv\07083000_merged_forcing_q.csv
07142300,11,OK,12784,C:\Users\ppaudel2\OneDrive - The University of Alabama\Desktop\Python\Python\Jupyter Notebook\CAMELS Research\Final research code\ALL CAMELS BASIN (FORCINGS TO STREAMFLOW)\outputs\merged_csv\07142300_merged_forcing_q.csv
07145700,11,OK,12784,C:\Users\ppaudel2\OneDrive - The University of Alabama\Desktop\Python\Python\Jupyter Notebook\CAMELS Research\Final research code\ALL CAMELS BASIN (FORCINGS TO STREAMFLOW)\outputs\merged_csv\07145700_merged_forcing_q.csv
07148400,11,OK,12784,C:\Users\ppaudel2\OneDrive - The University of Alabama\Desktop\Python\Python\Jupyter Notebook\CAMELS Research\Final research code\ALL CAMELS BASIN (FORCINGS TO STREAMFLOW)\outputs\merged_csv\07148400_merged_forcing_q.csv
07149000,11,OK,12784,C:\Users\ppaudel2\OneDrive - The University of Alabama\Desktop\Python\Python\Jupyter Notebook\CAMELS Research\Final research code\ALL CAMELS BASIN (FORCINGS TO STREAMFLOW)\outputs\merged_csv\07149000_merged_forcing_q.csv
07151500,11,OK,12784,C:\Users\ppaudel2\OneDrive - The University of Alabama\Desktop\Python\Python\Jupyter Notebook\CAMELS Research\Final research code\ALL CAMELS BASIN (FORCINGS TO STREAMFLOW)\outputs\merged_csv\07151500_merged_forcing_q.csv
07167500,11,OK,12784,C:\Users\ppaudel2\OneDrive - The University of Alabama\Desktop\Python\Python\Jupyter Notebook\CAMELS Research\Final research code\ALL CAMELS BASIN (FORCINGS TO STREAMFLOW)\outputs\merged_csv\07167500_merged_forcing_q.csv
07180500,11,OK,12784,C:\Users\ppaudel2\OneDrive - The University of Alabama\Desktop\Python\Python\Jupyter Notebook\CAMELS Research\Final research code\ALL CAMELS BASIN (FORCINGS TO STREAMFLOW)\outputs\merged_csv\07180500_merged_forcing_q.csv
07184000,11,OK,12784,C:\Users\ppaudel2\OneDrive - The University of Alabama\Desktop\Python\Python\Jupyter Notebook\CAMELS Research\Final research code\ALL CAMELS BASIN (FORCINGS TO STREAMFLOW)\outputs\merged_csv\07184000_merged_forcing_q.csv
07195800,11,OK,12784,C:\Users\ppaudel2\OneDrive - The University of Alabama\Desktop\Python\Python\Jupyter Notebook\CAMELS Research\Final research code\ALL CAMELS BASIN (FORCINGS TO STREAMFLOW)\outputs\merged_csv\07195800_merged_forcing_q.csv
07196900,11,OK,12784,C:\Users\ppaudel2\OneDrive - The University of Alabama\Desktop\Python\Python\Jupyter Notebook\CAMELS Research\Final research code\ALL CAMELS BASIN (FORCINGS TO STREAMFLOW)\outputs\merged_csv\07196900_merged_forcing_q.csv
07197000,11,OK,12784,C:\Users\ppaudel2\OneDrive - The University of Alabama\Desktop\Python\Python\Jupyter Notebook\CAMELS Research\Final research code\ALL CAMELS BASIN (FORCINGS TO STREAMFLOW)\outputs\merged_csv\07197000_merged_forcing_q.csv
07208500,11,OK,12784,C:\Users\ppaudel2\OneDrive - The University of Alabama\Desktop\Python\Python\Jupyter Notebook\CAMELS Research\Final research code\ALL CAMELS BASIN (FORCINGS TO STREAMFLOW)\outputs\merged_csv\07208500_merged_forcing_q.csv
07226500,11,OK,12230,C:\Users\ppaudel2\OneDrive - The University of Alabama\Desktop\Python\Python\Jupyter Notebook\CAMELS Research\Final research code\ALL CAMELS BASIN (FORCINGS TO STREAMFLOW)\outputs\merged_csv\07226500_merged_forcing_q.csv
07261000,11,OK,12784,C:\Users\ppaudel2\OneDrive - The University of Alabama\Desktop\Python\Python\Jupyter Notebook\CAMELS Research\Final research code\ALL CAMELS BASIN (FORCINGS TO STREAMFLOW)\outputs\merged_csv\07261000_merged_forcing_q.csv
07263295,11,OK,9275,C:\Users\ppaudel2\OneDrive - The University of Alabama\Desktop\Python\Python\Jupyter Notebook\CAMELS Research\Final research code\ALL CAMELS BASIN (FORCINGS TO STREAMFLOW)\outputs\merged_csv\07263295_merged_forcing_q.csv
07290650,08,OK,12784,C:\Users\ppaudel2\OneDrive - The University of Alabama\Desktop\Python\Python\Jupyter Notebook\CAMELS Research\Final research code\ALL CAMELS BASIN (FORCINGS TO STREAMFLOW)\outputs\merged_csv\07290650_merged_forcing_q.csv
07291000,08,OK,12784,C:\Users\ppaudel2\OneDrive - The University of Alabama\Desktop\Python\Python\Jupyter Notebook\CAMELS Research\Final research code\ALL CAMELS BASIN (FORCINGS TO STREAMFLOW)\outputs\merged_csv\07291000_merged_forcing_q.csv
07292500,08,OK,12784,C:\Users\ppaudel2\OneDrive - The University of Alabama\Desktop\Python\Python\Jupyter Notebook\CAMELS Research\Final research code\ALL CAMELS BASIN (FORCINGS TO STREAMFLOW)\outputs\merged_csv\07292500_merged_forcing_q.csv
07295000,08,OK,12784,C:\Users\ppaudel2\OneDrive - The University of Alabama\Desktop\Python\Python\Jupyter Notebook\CAMELS Research\Final research code\ALL CAMELS BASIN (FORCINGS TO STREAMFLOW)\outputs\merged_csv\07295000_merged_forcing_q.csv
07299670,11,OK,12784,C:\Users\ppaudel2\OneDrive - The University of Alabama\Desktop\Python\Python\Jupyter Notebook\CAMELS Research\Final research code\ALL CAMELS BASIN (FORCINGS TO STREAMFLOW)\outputs\merged_csv\07299670_merged_forcing_q.csv
07301410,11,OK,12784,C:\Users\ppaudel2\OneDrive - The University of Alabama\Desktop\Python\Python\Jupyter Notebook\CAMELS Research\Final research code\ALL CAMELS BASIN (FORCINGS TO STREAMFLOW)\outputs\merged_csv\07301410_merged_forcing_q.csv
07301500,11,OK,12784,C:\Users\ppaudel2\OneDrive - The University of Alabama\Desktop\Python\Python\Jupyter Notebook\CAMELS Research\Final research code\ALL CAMELS BASIN (FORCINGS TO STREAMFLOW)\outputs\merged_csv\07301500_merged_forcing_q.csv
07315200,11,OK,12784,C:\Users\ppaudel2\OneDrive - The University of Alabama\Desktop\Python\Python\Jupyter Notebook\CAMELS Research\Final research code\ALL CAMELS BASIN (FORCINGS TO STREAMFLOW)\outputs\merged_csv\07315200_merged_forcing_q.csv
07315700,11,OK,12784,C:\Users\ppaudel2\OneDrive - The University of Alabama\Desktop\Python\Python\Jupyter Notebook\CAMELS Research\Final research code\ALL CAMELS BASIN (FORCINGS TO STREAMFLOW)\outputs\merged_csv\07315700_merged_forcing_q.csv
07335700,11,OK,12784,C:\Users\ppaudel2\OneDrive - The University of Alabama\Desktop\Python\Python\Jupyter Notebook\CAMELS Research\Final research code\ALL CAMELS BASIN (FORCINGS TO STREAMFLOW)\outputs\merged_csv\07335700_merged_forcing_q.csv
07340300,11,OK,12784,C:\Users\ppaudel2\OneDrive - The University of Alabama\Desktop\Python\Python\Jupyter Notebook\CAMELS Research\Final research code\ALL CAMELS BASIN (FORCINGS TO STREAMFLOW)\outputs\merged_csv\07340300_merged_forcing_q.csv
07346045,11,OK,12784,C:\Users\ppaudel2\OneDrive - The University of Alabama\Desktop\Python\Python\Jupyter Notebook\CAMELS Research\Final research code\ALL CAMELS BASIN (FORCINGS TO STREAMFLOW)\outputs\merged_csv\07346045_merged_forcing_q.csv
07359610,08,OK,9588,C:\Users\ppaudel2\OneDrive - The University of Alabama\Desktop\Python\Python\Jupyter Notebook\CAMELS Research\Final research code\ALL CAMELS BASIN (FORCINGS TO STREAMFLOW)\outputs\merged_csv\07359610_merged_forcing_q.csv
07362100,08,OK,12784,C:\Users\ppaudel2\OneDrive - The University of Alabama\Desktop\Python\Python\Jupyter Notebook\CAMELS Research\Final research code\ALL CAMELS BASIN (FORCINGS TO STREAMFLOW)\outputs\merged_csv\07362100_merged_forcing_q.csv
07362587,08,OK,9240,C:\Users\ppaudel2\OneDrive - The University of Alabama\Desktop\Python\Python\Jupyter Notebook\CAMELS Research\Final research code\ALL CAMELS BASIN (FORCINGS TO STREAMFLOW)\outputs\merged_csv\07362587_merged_forcing_q.csv
07373000,08,OK,12784,C:\Users\ppaudel2\OneDrive - The University of Alabama\Desktop\Python\Python\Jupyter Notebook\CAMELS Research\Final research code\ALL CAMELS BASIN (FORCINGS TO STREAMFLOW)\outputs\merged_csv\07373000_merged_forcing_q.csv
07375000,08,OK,12784,C:\Users\ppaudel2\OneDrive - The University of Alabama\Desktop\Python\Python\Jupyter Notebook\CAMELS Research\Final research code\ALL CAMELS BASIN (FORCINGS TO STREAMFLOW)\outputs\merged_csv\07375000_merged_forcing_q.csv
07376000,08,OK,12784,C:\Users\ppaudel2\OneDrive - The University of Alabama\Desktop\Python\Python\Jupyter Notebook\CAMELS Research\Final research code\ALL CAMELS BASIN (FORCINGS TO STREAMFLOW)\outputs\merged_csv\07376000_merged_forcing_q.csv
08013000,08,OK,12784,C:\Users\ppaudel2\OneDrive - The University of Alabama\Desktop\Python\Python\Jupyter Notebook\CAMELS Research\Final research code\ALL CAMELS BASIN (FORCINGS TO STREAMFLOW)\outputs\merged_csv\08013000_merged_forcing_q.csv
08014500,08,OK,12784,C:\Users\ppaudel2\OneDrive - The University of Alabama\Desktop\Python\Python\Jupyter Notebook\CAMELS Research\Final research code\ALL CAMELS BASIN (FORCINGS TO STREAMFLOW)\outputs\merged_csv\08014500_merged_forcing_q.csv
08023080,12,OK,12775,C:\Users\ppaudel2\OneDrive - The University of Alabama\Desktop\Python\Python\Jupyter Notebook\CAMELS Research\Final research code\ALL CAMELS BASIN (FORCINGS TO STREAMFLOW)\outputs\merged_csv\08023080_merged_forcing_q.csv
08025500,12,OK,12784,C:\Users\ppaudel2\OneDrive - The University of Alabama\Desktop\Python\Python\Jupyter Notebook\CAMELS Research\Final research code\ALL CAMELS BASIN (FORCINGS TO STREAMFLOW)\outputs\merged_csv\08025500_merged_forcing_q.csv
08029500,12,OK,12784,C:\Users\ppaudel2\OneDrive - The University of Alabama\Desktop\Python\Python\Jupyter Notebook\CAMELS Research\Final research code\ALL CAMELS BASIN (FORCINGS TO STREAMFLOW)\outputs\merged_csv\08029500_merged_forcing_q.csv
08050800,12,OK,10684,C:\Users\ppaudel2\OneDrive - The University of Alabama\Desktop\Python\Python\Jupyter Notebook\CAMELS Research\Final research code\ALL CAMELS BASIN (FORCINGS TO STREAMFLOW)\outputs\merged_csv\08050800_merged_forcing_q.csv
08066200,12,OK,12784,C:\Users\ppaudel2\OneDrive - The University of Alabama\Desktop\Python\Python\Jupyter Notebook\CAMELS Research\Final research code\ALL CAMELS BASIN (FORCINGS TO STREAMFLOW)\outputs\merged_csv\08066200_merged_forcing_q.csv
08066300,12,OK,12784,C:\Users\ppaudel2\OneDrive - The University of Alabama\Desktop\Python\Python\Jupyter Notebook\CAMELS Research\Final research code\ALL CAMELS BASIN (FORCINGS TO STREAMFLOW)\outputs\merged_csv\08066300_merged_forcing_q.csv
08070000,12,OK,12784,C:\Users\ppaudel2\OneDrive - The University of Alabama\Desktop\Python\Python\Jupyter Notebook\CAMELS Research\Final research code\ALL CAMELS BASIN (FORCINGS TO STREAMFLOW)\outputs\merged_csv\08070000_merged_forcing_q.csv
08070200,12,OK,11202,C:\Users\ppaudel2\OneDrive - The University of Alabama\Desktop\Python\Python\Jupyter Notebook\CAMELS Research\Final research code\ALL CAMELS BASIN (FORCINGS TO STREAMFLOW)\outputs\merged_csv\08070200_merged_forcing_q.csv
08079600,12,OK,12784,C:\Users\ppaudel2\OneDrive - The University of Alabama\Desktop\Python\Python\Jupyter Notebook\CAMELS Research\Final research code\ALL CAMELS BASIN (FORCINGS TO STREAMFLOW)\outputs\merged_csv\08079600_merged_forcing_q.csv
08082700,12,OK,12784,C:\Users\ppaudel2\OneDrive - The University of Alabama\Desktop\Python\Python\Jupyter Notebook\CAMELS Research\Final research code\ALL CAMELS BASIN (FORCINGS TO STREAMFLOW)\outputs\merged_csv\08082700_merged_forcing_q.csv
08086212,12,OK,12784,C:\Users\ppaudel2\OneDrive - The University of Alabama\Desktop\Python\Python\Jupyter Notebook\CAMELS Research\Final research code\ALL CAMELS BASIN (FORCINGS TO STREAMFLOW)\outputs\merged_csv\08086212_merged_forcing_q.csv
08086290,12,OK,12784,C:\Users\ppaudel2\OneDrive - The University of Alabama\Desktop\Python\Python\Jupyter Notebook\CAMELS Research\Final research code\ALL CAMELS BASIN (FORCINGS TO STREAMFLOW)\outputs\merged_csv\08086290_merged_forcing_q.csv
08101000,12,OK,12784,C:\Users\ppaudel2\OneDrive - The University of Alabama\Desktop\Python\Python\Jupyter Notebook\CAMELS Research\Final research code\ALL CAMELS BASIN (FORCINGS TO STREAMFLOW)\outputs\merged_csv\08101000_merged_forcing_q.csv
08103900,12,OK,12784,C:\Users\ppaudel2\OneDrive - The University of Alabama\Desktop\Python\Python\Jupyter Notebook\CAMELS Research\Final research code\ALL CAMELS BASIN (FORCINGS TO STREAMFLOW)\outputs\merged_csv\08103900_merged_forcing_q.csv
08104900,12,OK,12784,C:\Users\ppaudel2\OneDrive - The University of Alabama\Desktop\Python\Python\Jupyter Notebook\CAMELS Research\Final research code\ALL CAMELS BASIN (FORCINGS TO STREAMFLOW)\outputs\merged_csv\08104900_merged_forcing_q.csv
08109700,12,OK,12784,C:\Users\ppaudel2\OneDrive - The University of Alabama\Desktop\Python\Python\Jupyter Notebook\CAMELS Research\Final research code\ALL CAMELS BASIN (FORCINGS TO STREAMFLOW)\outputs\merged_csv\08109700_merged_forcing_q.csv
08150800,12,OK,12784,C:\Users\ppaudel2\OneDrive - The University of Alabama\Desktop\Python\Python\Jupyter Notebook\CAMELS Research\Final research code\ALL CAMELS BASIN (FORCINGS TO STREAMFLOW)\outputs\merged_csv\08150800_merged_forcing_q.csv
08155200,12,OK,12784,C:\Users\ppaudel2\OneDrive - The University of Alabama\Desktop\Python\Python\Jupyter Notebook\CAMELS Research\Final research code\ALL CAMELS BASIN (FORCINGS TO STREAMFLOW)\outputs\merged_csv\08155200_merged_forcing_q.csv
08158700,12,OK,12784,C:\Users\ppaudel2\OneDrive - The University of Alabama\Desktop\Python\Python\Jupyter Notebook\CAMELS Research\Final research code\ALL CAMELS BASIN (FORCINGS TO STREAMFLOW)\outputs\merged_csv\08158700_merged_forcing_q.csv
08158810,12,OK,12784,C:\Users\ppaudel2\OneDrive - The University of Alabama\Desktop\Python\Python\Jupyter Notebook\CAMELS Research\Final research code\ALL CAMELS BASIN (FORCINGS TO STREAMFLOW)\outputs\merged_csv\08158810_merged_forcing_q.csv
08164000,12,OK,12784,C:\Users\ppaudel2\OneDrive - The University of Alabama\Desktop\Python\Python\Jupyter Notebook\CAMELS Research\Final research code\ALL CAMELS BASIN (FORCINGS TO STREAMFLOW)\outputs\merged_csv\08164000_merged_forcing_q.csv
08164300,12,OK,12784,C:\Users\ppaudel2\OneDrive - The University of Alabama\Desktop\Python\Python\Jupyter Notebook\CAMELS Research\Final research code\ALL CAMELS BASIN (FORCINGS TO STREAMFLOW)\outputs\merged_csv\08164300_merged_forcing_q.csv
08164600,12,OK,12784,C:\Users\ppaudel2\OneDrive - The University of Alabama\Desktop\Python\Python\Jupyter Notebook\CAMELS Research\Final research code\ALL CAMELS BASIN (FORCINGS TO STREAMFLOW)\outputs\merged_csv\08164600_merged_forcing_q.csv
08165300,12,OK,12784,C:\Users\ppaudel2\OneDrive - The University of Alabama\Desktop\Python\Python\Jupyter Notebook\CAMELS Research\Final research code\ALL CAMELS BASIN (FORCINGS TO STREAMFLOW)\outputs\merged_csv\08165300_merged_forcing_q.csv
08171300,12,OK,12784,C:\Users\ppaudel2\OneDrive - The University of Alabama\Desktop\Python\Python\Jupyter Notebook\CAMELS Research\Final research code\ALL CAMELS BASIN (FORCINGS TO STREAMFLOW)\outputs\merged_csv\08171300_merged_forcing_q.csv
08175000,12,OK,12784,C:\Users\ppaudel2\OneDrive - The University of Alabama\Desktop\Python\Python\Jupyter Notebook\CAMELS Research\Final research code\ALL CAMELS BASIN (FORCINGS TO STREAMFLOW)\outputs\merged_csv\08175000_merged_forcing_q.csv
08176900,12,OK,12784,C:\Users\ppaudel2\OneDrive - The University of Alabama\Desktop\Python\Python\Jupyter Notebook\CAMELS Research\Final research code\ALL CAMELS BASIN (FORCINGS TO STREAMFLOW)\outputs\merged_csv\08176900_merged_forcing_q.csv
08178880,12,OK,11780,C:\Users\ppaudel2\OneDrive - The University of Alabama\Desktop\Python\Python\Jupyter Notebook\CAMELS Research\Final research code\ALL CAMELS BASIN (FORCINGS TO STREAMFLOW)\outputs\merged_csv\08178880_merged_forcing_q.csv
08189500,12,OK,12784,C:\Users\ppaudel2\OneDrive - The University of Alabama\Desktop\Python\Python\Jupyter Notebook\CAMELS Research\Final research code\ALL CAMELS BASIN (FORCINGS TO STREAMFLOW)\outputs\merged_csv\08189500_merged_forcing_q.csv
08190000,12,OK,12784,C:\Users\ppaudel2\OneDrive - The University of Alabama\Desktop\Python\Python\Jupyter Notebook\CAMELS Research\Final research code\ALL CAMELS BASIN (FORCINGS TO STREAMFLOW)\outputs\merged_csv\08190000_merged_forcing_q.csv
08190500,12,OK,12784,C:\Users\ppaudel2\OneDrive - The University of Alabama\Desktop\Python\Python\Jupyter Notebook\CAMELS Research\Final research code\ALL CAMELS BASIN (FORCINGS TO STREAMFLOW)\outputs\merged_csv\08190500_merged_forcing_q.csv
08194200,12,OK,12784,C:\Users\ppaudel2\OneDrive - The University of Alabama\Desktop\Python\Python\Jupyter Notebook\CAMELS Research\Final research code\ALL CAMELS BASIN (FORCINGS TO STREAMFLOW)\outputs\merged_csv\08194200_merged_forcing_q.csv
08195000,12,OK,12784,C:\Users\ppaudel2\OneDrive - The University of Alabama\Desktop\Python\Python\Jupyter Notebook\CAMELS Research\Final research code\ALL CAMELS BASIN (FORCINGS TO STREAMFLOW)\outputs\merged_csv\08195000_merged_forcing_q.csv
08196000,12,OK,12784,C:\Users\ppaudel2\OneDrive - The University of Alabama\Desktop\Python\Python\Jupyter Notebook\CAMELS Research\Final research code\ALL CAMELS BASIN (FORCINGS TO STREAMFLOW)\outputs\merged_csv\08196000_merged_forcing_q.csv
08198500,12,OK,12784,C:\Users\ppaudel2\OneDrive - The University of Alabama\Desktop\Python\Python\Jupyter Notebook\CAMELS Research\Final research code\ALL CAMELS BASIN (FORCINGS TO STREAMFLOW)\outputs\merged_csv\08198500_merged_forcing_q.csv
08200000,12,OK,12784,C:\Users\ppaudel2\OneDrive - The University of Alabama\Desktop\Python\Python\Jupyter Notebook\CAMELS Research\Final research code\ALL CAMELS BASIN (FORCINGS TO STREAMFLOW)\outputs\merged_csv\08200000_merged_forcing_q.csv
08202700,12,OK,12784,C:\Users\ppaudel2\OneDrive - The University of Alabama\Desktop\Python\Python\Jupyter Notebook\CAMELS Research\Final research code\ALL CAMELS BASIN (FORCINGS TO STREAMFLOW)\outputs\merged_csv\08202700_merged_forcing_q.csv
08267500,13,OK,12784,C:\Users\ppaudel2\OneDrive - The University of Alabama\Desktop\Python\Python\Jupyter Notebook\CAMELS Research\Final research code\ALL CAMELS BASIN (FORCINGS TO STREAMFLOW)\outputs\merged_csv\08267500_merged_forcing_q.csv
08269000,13,OK,12784,C:\Users\ppaudel2\OneDrive - The University of Alabama\Desktop\Python\Python\Jupyter Notebook\CAMELS Research\Final research code\ALL CAMELS BASIN (FORCINGS TO STREAMFLOW)\outputs\merged_csv\08269000_merged_forcing_q.csv
08271000,13,OK,12784,C:\Users\ppaudel2\OneDrive - The University of Alabama\Desktop\Python\Python\Jupyter Notebook\CAMELS Research\Final research code\ALL CAMELS BASIN (FORCINGS TO STREAMFLOW)\outputs\merged_csv\08271000_merged_forcing_q.csv
08324000,13,OK,12784,C:\Users\ppaudel2\OneDrive - The University of Alabama\Desktop\Python\Python\Jupyter Notebook\CAMELS Research\Final research code\ALL CAMELS BASIN (FORCINGS TO STREAMFLOW)\outputs\merged_csv\08324000_merged_forcing_q.csv
08377900,13,OK,12784,C:\Users\ppaudel2\OneDrive - The University of Alabama\Desktop\Python\Python\Jupyter Notebook\CAMELS Research\Final research code\ALL CAMELS BASIN (FORCINGS TO STREAMFLOW)\outputs\merged_csv\08377900_merged_forcing_q.csv
08378500,13,OK,12784,C:\Users\ppaudel2\OneDrive - The University of Alabama\Desktop\Python\Python\Jupyter Notebook\CAMELS Research\Final research code\ALL CAMELS BASIN (FORCINGS TO STREAMFLOW)\outputs\merged_csv\08378500_merged_forcing_q.csv
08380500,13,OK,12784,C:\Users\ppaudel2\OneDrive - The University of Alabama\Desktop\Python\Python\Jupyter Notebook\CAMELS Research\Final research code\ALL CAMELS BASIN (FORCINGS TO STREAMFLOW)\outputs\merged_csv\08380500_merged_forcing_q.csv
09034900,14,OK,12784,C:\Users\ppaudel2\OneDrive - The University of Alabama\Desktop\Python\Python\Jupyter Notebook\CAMELS Research\Final research code\ALL CAMELS BASIN (FORCINGS TO STREAMFLOW)\outputs\merged_csv\09034900_merged_forcing_q.csv
09035800,14,OK,11596,C:\Users\ppaudel2\OneDrive - The University of Alabama\Desktop\Python\Python\Jupyter Notebook\CAMELS Research\Final research code\ALL CAMELS BASIN (FORCINGS TO STREAMFLOW)\outputs\merged_csv\09035800_merged_forcing_q.csv
09035900,14,OK,12778,C:\Users\ppaudel2\OneDrive - The University of Alabama\Desktop\Python\Python\Jupyter Notebook\CAMELS Research\Final research code\ALL CAMELS BASIN (FORCINGS TO STREAMFLOW)\outputs\merged_csv\09035900_merged_forcing_q.csv
09047700,14,OK,12784,C:\Users\ppaudel2\OneDrive - The University of Alabama\Desktop\Python\Python\Jupyter Notebook\CAMELS Research\Final research code\ALL CAMELS BASIN (FORCINGS TO STREAMFLOW)\outputs\merged_csv\09047700_merged_forcing_q.csv
09065500,14,OK,12784,C:\Users\ppaudel2\OneDrive - The University of Alabama\Desktop\Python\Python\Jupyter Notebook\CAMELS Research\Final research code\ALL CAMELS BASIN (FORCINGS TO STREAMFLOW)\outputs\merged_csv\09065500_merged_forcing_q.csv
09066000,14,OK,12784,C:\Users\ppaudel2\OneDrive - The University of Alabama\Desktop\Python\Python\Jupyter Notebook\CAMELS Research\Final research code\ALL CAMELS BASIN (FORCINGS TO STREAMFLOW)\outputs\merged_csv\09066000_merged_forcing_q.csv
09066200,14,OK,12784,C:\Users\ppaudel2\OneDrive - The University of Alabama\Desktop\Python\Python\Jupyter Notebook\CAMELS Research\Final research code\ALL CAMELS BASIN (FORCINGS TO STREAMFLOW)\outputs\merged_csv\09066200_merged_forcing_q.csv
09066300,14,OK,12784,C:\Users\ppaudel2\OneDrive - The University of Alabama\Desktop\Python\Python\Jupyter Notebook\CAMELS Research\Final research code\ALL CAMELS BASIN (FORCINGS TO STREAMFLOW)\outputs\merged_csv\09066300_merged_forcing_q.csv
09081600,14,OK,12784,C:\Users\ppaudel2\OneDrive - The University of Alabama\Desktop\Python\Python\Jupyter Notebook\CAMELS Research\Final research code\ALL CAMELS BASIN (FORCINGS TO STREAMFLOW)\outputs\merged_csv\09081600_merged_forcing_q.csv
09107000,14,OK,9954,C:\Users\ppaudel2\OneDrive - The University of Alabama\Desktop\Python\Python\Jupyter Notebook\CAMELS Research\Final research code\ALL CAMELS BASIN (FORCINGS TO STREAMFLOW)\outputs\merged_csv\09107000_merged_forcing_q.csv
09210500,14,OK,12784,C:\Users\ppaudel2\OneDrive - The University of Alabama\Desktop\Python\Python\Jupyter Notebook\CAMELS Research\Final research code\ALL CAMELS BASIN (FORCINGS TO STREAMFLOW)\outputs\merged_csv\09210500_merged_forcing_q.csv
09223000,14,OK,12784,C:\Users\ppaudel2\OneDrive - The University of Alabama\Desktop\Python\Python\Jupyter Notebook\CAMELS Research\Final research code\ALL CAMELS BASIN (FORCINGS TO STREAMFLOW)\outputs\merged_csv\09223000_merged_forcing_q.csv
09306242,14,OK,12784,C:\Users\ppaudel2\OneDrive - The University of Alabama\Desktop\Python\Python\Jupyter Notebook\CAMELS Research\Final research code\ALL CAMELS BASIN (FORCINGS TO STREAMFLOW)\outputs\merged_csv\09306242_merged_forcing_q.csv
09312600,14,OK,12784,C:\Users\ppaudel2\OneDrive - The University of Alabama\Desktop\Python\Python\Jupyter Notebook\CAMELS Research\Final research code\ALL CAMELS BASIN (FORCINGS TO STREAMFLOW)\outputs\merged_csv\09312600_merged_forcing_q.csv
09352900,14,OK,12784,C:\Users\ppaudel2\OneDrive - The University of Alabama\Desktop\Python\Python\Jupyter Notebook\CAMELS Research\Final research code\ALL CAMELS BASIN (FORCINGS TO STREAMFLOW)\outputs\merged_csv\09352900_merged_forcing_q.csv
09378170,14,OK,10684,C:\Users\ppaudel2\OneDrive - The University of Alabama\Desktop\Python\Python\Jupyter Notebook\CAMELS Research\Final research code\ALL CAMELS BASIN (FORCINGS TO STREAMFLOW)\outputs\merged_csv\09378170_merged_forcing_q.csv
09378630,14,OK,12784,C:\Users\ppaudel2\OneDrive - The University of Alabama\Desktop\Python\Python\Jupyter Notebook\CAMELS Research\Final research code\ALL CAMELS BASIN (FORCINGS TO STREAMFLOW)\outputs\merged_csv\09378630_merged_forcing_q.csv
09386900,15,OK,12784,C:\Users\ppaudel2\OneDrive - The University of Alabama\Desktop\Python\Python\Jupyter Notebook\CAMELS Research\Final research code\ALL CAMELS BASIN (FORCINGS TO STREAMFLOW)\outputs\merged_csv\09386900_merged_forcing_q.csv
09404450,15,OK,12784,C:\Users\ppaudel2\OneDrive - The University of Alabama\Desktop\Python\Python\Jupyter Notebook\CAMELS Research\Final research code\ALL CAMELS BASIN (FORCINGS TO STREAMFLOW)\outputs\merged_csv\09404450_merged_forcing_q.csv
09430500,15,OK,12784,C:\Users\ppaudel2\OneDrive - The University of Alabama\Desktop\Python\Python\Jupyter Notebook\CAMELS Research\Final research code\ALL CAMELS BASIN (FORCINGS TO STREAMFLOW)\outputs\merged_csv\09430500_merged_forcing_q.csv
09430600,15,OK,12784,C:\Users\ppaudel2\OneDrive - The University of Alabama\Desktop\Python\Python\Jupyter Notebook\CAMELS Research\Final research code\ALL CAMELS BASIN (FORCINGS TO STREAMFLOW)\outputs\merged_csv\09430600_merged_forcing_q.csv
09447800,15,OK,12206,C:\Users\ppaudel2\OneDrive - The University of Alabama\Desktop\Python\Python\Jupyter Notebook\CAMELS Research\Final research code\ALL CAMELS BASIN (FORCINGS TO STREAMFLOW)\outputs\merged_csv\09447800_merged_forcing_q.csv
09480000,15,OK,12327,C:\Users\ppaudel2\OneDrive - The University of Alabama\Desktop\Python\Python\Jupyter Notebook\CAMELS Research\Final research code\ALL CAMELS BASIN (FORCINGS TO STREAMFLOW)\outputs\merged_csv\09480000_merged_forcing_q.csv
09484000,15,OK,11418,C:\Users\ppaudel2\OneDrive - The University of Alabama\Desktop\Python\Python\Jupyter Notebook\CAMELS Research\Final research code\ALL CAMELS BASIN (FORCINGS TO STREAMFLOW)\outputs\merged_csv\09484000_merged_forcing_q.csv
09484600,15,OK,9223,C:\Users\ppaudel2\OneDrive - The University of Alabama\Desktop\Python\Python\Jupyter Notebook\CAMELS Research\Final research code\ALL CAMELS BASIN (FORCINGS TO STREAMFLOW)\outputs\merged_csv\09484600_merged_forcing_q.csv
09492400,15,OK,12784,C:\Users\ppaudel2\OneDrive - The University of Alabama\Desktop\Python\Python\Jupyter Notebook\CAMELS Research\Final research code\ALL CAMELS BASIN (FORCINGS TO STREAMFLOW)\outputs\merged_csv\09492400_merged_forcing_q.csv
09494000,15,OK,12784,C:\Users\ppaudel2\OneDrive - The University of Alabama\Desktop\Python\Python\Jupyter Notebook\CAMELS Research\Final research code\ALL CAMELS BASIN (FORCINGS TO STREAMFLOW)\outputs\merged_csv\09494000_merged_forcing_q.csv
09497800,15,OK,12784,C:\Users\ppaudel2\OneDrive - The University of Alabama\Desktop\Python\Python\Jupyter Notebook\CAMELS Research\Final research code\ALL CAMELS BASIN (FORCINGS TO STREAMFLOW)\outputs\merged_csv\09497800_merged_forcing_q.csv
09497980,15,OK,12784,C:\Users\ppaudel2\OneDrive - The University of Alabama\Desktop\Python\Python\Jupyter Notebook\CAMELS Research\Final research code\ALL CAMELS BASIN (FORCINGS TO STREAMFLOW)\outputs\merged_csv\09497980_merged_forcing_q.csv
09505200,15,OK,12784,C:\Users\ppaudel2\OneDrive - The University of Alabama\Desktop\Python\Python\Jupyter Notebook\CAMELS Research\Final research code\ALL CAMELS BASIN (FORCINGS TO STREAMFLOW)\outputs\merged_csv\09505200_merged_forcing_q.csv
09505350,15,OK,12784,C:\Users\ppaudel2\OneDrive - The University of Alabama\Desktop\Python\Python\Jupyter Notebook\CAMELS Research\Final research code\ALL CAMELS BASIN (FORCINGS TO STREAMFLOW)\outputs\merged_csv\09505350_merged_forcing_q.csv
09505800,15,OK,12784,C:\Users\ppaudel2\OneDrive - The University of Alabama\Desktop\Python\Python\Jupyter Notebook\CAMELS Research\Final research code\ALL CAMELS BASIN (FORCINGS TO STREAMFLOW)\outputs\merged_csv\09505800_merged_forcing_q.csv
09508300,15,OK,12784,C:\Users\ppaudel2\OneDrive - The University of Alabama\Desktop\Python\Python\Jupyter Notebook\CAMELS Research\Final research code\ALL CAMELS BASIN (FORCINGS TO STREAMFLOW)\outputs\merged_csv\09508300_merged_forcing_q.csv
09510200,15,OK,12784,C:\Users\ppaudel2\OneDrive - The University of Alabama\Desktop\Python\Python\Jupyter Notebook\CAMELS Research\Final research code\ALL CAMELS BASIN (FORCINGS TO STREAMFLOW)\outputs\merged_csv\09510200_merged_forcing_q.csv
09512280,15,OK,12510,C:\Users\ppaudel2\OneDrive - The University of Alabama\Desktop\Python\Python\Jupyter Notebook\CAMELS Research\Final research code\ALL CAMELS BASIN (FORCINGS TO STREAMFLOW)\outputs\merged_csv\09512280_merged_forcing_q.csv
09513780,15,OK,12784,C:\Users\ppaudel2\OneDrive - The University of Alabama\Desktop\Python\Python\Jupyter Notebook\CAMELS Research\Final research code\ALL CAMELS BASIN (FORCINGS TO STREAMFLOW)\outputs\merged_csv\09513780_merged_forcing_q.csv
10023000,16,OK,10319,C:\Users\ppaudel2\OneDrive - The University of Alabama\Desktop\Python\Python\Jupyter Notebook\CAMELS Research\Final research code\ALL CAMELS BASIN (FORCINGS TO STREAMFLOW)\outputs\merged_csv\10023000_merged_forcing_q.csv
10166430,16,OK,10319,C:\Users\ppaudel2\OneDrive - The University of Alabama\Desktop\Python\Python\Jupyter Notebook\CAMELS Research\Final research code\ALL CAMELS BASIN (FORCINGS TO STREAMFLOW)\outputs\merged_csv\10166430_merged_forcing_q.csv
10172700,16,OK,12784,C:\Users\ppaudel2\OneDrive - The University of Alabama\Desktop\Python\Python\Jupyter Notebook\CAMELS Research\Final research code\ALL CAMELS BASIN (FORCINGS TO STREAMFLOW)\outputs\merged_csv\10172700_merged_forcing_q.csv
10172800,16,OK,12784,C:\Users\ppaudel2\OneDrive - The University of Alabama\Desktop\Python\Python\Jupyter Notebook\CAMELS Research\Final research code\ALL CAMELS BASIN (FORCINGS TO STREAMFLOW)\outputs\merged_csv\10172800_merged_forcing_q.csv
10173450,16,OK,12784,C:\Users\ppaudel2\OneDrive - The University of Alabama\Desktop\Python\Python\Jupyter Notebook\CAMELS Research\Final research code\ALL CAMELS BASIN (FORCINGS TO STREAMFLOW)\outputs\merged_csv\10173450_merged_forcing_q.csv
10205030,16,OK,12784,C:\Users\ppaudel2\OneDrive - The University of Alabama\Desktop\Python\Python\Jupyter Notebook\CAMELS Research\Final research code\ALL CAMELS BASIN (FORCINGS TO STREAMFLOW)\outputs\merged_csv\10205030_merged_forcing_q.csv
10234500,16,OK,12784,C:\Users\ppaudel2\OneDrive - The University of Alabama\Desktop\Python\Python\Jupyter Notebook\CAMELS Research\Final research code\ALL CAMELS BASIN (FORCINGS TO STREAMFLOW)\outputs\merged_csv\10234500_merged_forcing_q.csv
10242000,16,OK,12784,C:\Users\ppaudel2\OneDrive - The University of Alabama\Desktop\Python\Python\Jupyter Notebook\CAMELS Research\Final research code\ALL CAMELS BASIN (FORCINGS TO STREAMFLOW)\outputs\merged_csv\10242000_merged_forcing_q.csv
10244950,16,OK,12784,C:\Users\ppaudel2\OneDrive - The University of Alabama\Desktop\Python\Python\Jupyter Notebook\CAMELS Research\Final research code\ALL CAMELS BASIN (FORCINGS TO STREAMFLOW)\outputs\merged_csv\10244950_merged_forcing_q.csv
10249300,16,OK,12784,C:\Users\ppaudel2\OneDrive - The University of Alabama\Desktop\Python\Python\Jupyter Notebook\CAMELS Research\Final research code\ALL CAMELS BASIN (FORCINGS TO STREAMFLOW)\outputs\merged_csv\10249300_merged_forcing_q.csv
10258000,18,OK,12784,C:\Users\ppaudel2\OneDrive - The University of Alabama\Desktop\Python\Python\Jupyter Notebook\CAMELS Research\Final research code\ALL CAMELS BASIN (FORCINGS TO STREAMFLOW)\outputs\merged_csv\10258000_merged_forcing_q.csv
10258500,18,OK,12784,C:\Users\ppaudel2\OneDrive - The University of Alabama\Desktop\Python\Python\Jupyter Notebook\CAMELS Research\Final research code\ALL CAMELS BASIN (FORCINGS TO STREAMFLOW)\outputs\merged_csv\10258500_merged_forcing_q.csv
10259000,18,OK,12784,C:\Users\ppaudel2\OneDrive - The University of Alabama\Desktop\Python\Python\Jupyter Notebook\CAMELS Research\Final research code\ALL CAMELS BASIN (FORCINGS TO STREAMFLOW)\outputs\merged_csv\10259000_merged_forcing_q.csv
10259200,18,OK,12784,C:\Users\ppaudel2\OneDrive - The University of Alabama\Desktop\Python\Python\Jupyter Notebook\CAMELS Research\Final research code\ALL CAMELS BASIN (FORCINGS TO STREAMFLOW)\outputs\merged_csv\10259200_merged_forcing_q.csv
10263500,18,OK,12784,C:\Users\ppaudel2\OneDrive - The University of Alabama\Desktop\Python\Python\Jupyter Notebook\CAMELS Research\Final research code\ALL CAMELS BASIN (FORCINGS TO STREAMFLOW)\outputs\merged_csv\10263500_merged_forcing_q.csv
10310500,16,OK,9479,C:\Users\ppaudel2\OneDrive - The University of Alabama\Desktop\Python\Python\Jupyter Notebook\CAMELS Research\Final research code\ALL CAMELS BASIN (FORCINGS TO STREAMFLOW)\outputs\merged_csv\10310500_merged_forcing_q.csv
10316500,16,OK,12784,C:\Users\ppaudel2\OneDrive - The University of Alabama\Desktop\Python\Python\Jupyter Notebook\CAMELS Research\Final research code\ALL CAMELS BASIN (FORCINGS TO STREAMFLOW)\outputs\merged_csv\10316500_merged_forcing_q.csv
10329500,16,OK,12784,C:\Users\ppaudel2\OneDrive - The University of Alabama\Desktop\Python\Python\Jupyter Notebook\CAMELS Research\Final research code\ALL CAMELS BASIN (FORCINGS TO STREAMFLOW)\outputs\merged_csv\10329500_merged_forcing_q.csv
10336645,16,OK,12596,C:\Users\ppaudel2\OneDrive - The University of Alabama\Desktop\Python\Python\Jupyter Notebook\CAMELS Research\Final research code\ALL CAMELS BASIN (FORCINGS TO STREAMFLOW)\outputs\merged_csv\10336645_merged_forcing_q.csv
10336660,16,OK,12784,C:\Users\ppaudel2\OneDrive - The University of Alabama\Desktop\Python\Python\Jupyter Notebook\CAMELS Research\Final research code\ALL CAMELS BASIN (FORCINGS TO STREAMFLOW)\outputs\merged_csv\10336660_merged_forcing_q.csv
10336740,16,OK,10227,C:\Users\ppaudel2\OneDrive - The University of Alabama\Desktop\Python\Python\Jupyter Notebook\CAMELS Research\Final research code\ALL CAMELS BASIN (FORCINGS TO STREAMFLOW)\outputs\merged_csv\10336740_merged_forcing_q.csv
10343500,16,OK,12784,C:\Users\ppaudel2\OneDrive - The University of Alabama\Desktop\Python\Python\Jupyter Notebook\CAMELS Research\Final research code\ALL CAMELS BASIN (FORCINGS TO STREAMFLOW)\outputs\merged_csv\10343500_merged_forcing_q.csv
10348850,16,OK,9884,C:\Users\ppaudel2\OneDrive - The University of Alabama\Desktop\Python\Python\Jupyter Notebook\CAMELS Research\Final research code\ALL CAMELS BASIN (FORCINGS TO STREAMFLOW)\outputs\merged_csv\10348850_merged_forcing_q.csv
10396000,17,OK,12784,C:\Users\ppaudel2\OneDrive - The University of Alabama\Desktop\Python\Python\Jupyter Notebook\CAMELS Research\Final research code\ALL CAMELS BASIN (FORCINGS TO STREAMFLOW)\outputs\merged_csv\10396000_merged_forcing_q.csv
11098000,18,OK,12784,C:\Users\ppaudel2\OneDrive - The University of Alabama\Desktop\Python\Python\Jupyter Notebook\CAMELS Research\Final research code\ALL CAMELS BASIN (FORCINGS TO STREAMFLOW)\outputs\merged_csv\11098000_merged_forcing_q.csv
11124500,18,OK,12784,C:\Users\ppaudel2\OneDrive - The University of Alabama\Desktop\Python\Python\Jupyter Notebook\CAMELS Research\Final research code\ALL CAMELS BASIN (FORCINGS TO STREAMFLOW)\outputs\merged_csv\11124500_merged_forcing_q.csv
11141280,18,OK,12784,C:\Users\ppaudel2\OneDrive - The University of Alabama\Desktop\Python\Python\Jupyter Notebook\CAMELS Research\Final research code\ALL CAMELS BASIN (FORCINGS TO STREAMFLOW)\outputs\merged_csv\11141280_merged_forcing_q.csv
11143000,18,OK,12784,C:\Users\ppaudel2\OneDrive - The University of Alabama\Desktop\Python\Python\Jupyter Notebook\CAMELS Research\Final research code\ALL CAMELS BASIN (FORCINGS TO STREAMFLOW)\outputs\merged_csv\11143000_merged_forcing_q.csv
11148900,18,OK,12784,C:\Users\ppaudel2\OneDrive - The University of Alabama\Desktop\Python\Python\Jupyter Notebook\CAMELS Research\Final research code\ALL CAMELS BASIN (FORCINGS TO STREAMFLOW)\outputs\merged_csv\11148900_merged_forcing_q.csv
11151300,18,OK,12730,C:\Users\ppaudel2\OneDrive - The University of Alabama\Desktop\Python\Python\Jupyter Notebook\CAMELS Research\Final research code\ALL CAMELS BASIN (FORCINGS TO STREAMFLOW)\outputs\merged_csv\11151300_merged_forcing_q.csv
11162500,18,OK,12784,C:\Users\ppaudel2\OneDrive - The University of Alabama\Desktop\Python\Python\Jupyter Notebook\CAMELS Research\Final research code\ALL CAMELS BASIN (FORCINGS TO STREAMFLOW)\outputs\merged_csv\11162500_merged_forcing_q.csv
11176400,18,OK,12784,C:\Users\ppaudel2\OneDrive - The University of Alabama\Desktop\Python\Python\Jupyter Notebook\CAMELS Research\Final research code\ALL CAMELS BASIN (FORCINGS TO STREAMFLOW)\outputs\merged_csv\11176400_merged_forcing_q.csv
11180500,18,OK,12784,C:\Users\ppaudel2\OneDrive - The University of Alabama\Desktop\Python\Python\Jupyter Notebook\CAMELS Research\Final research code\ALL CAMELS BASIN (FORCINGS TO STREAMFLOW)\outputs\merged_csv\11180500_merged_forcing_q.csv
11180960,18,OK,12784,C:\Users\ppaudel2\OneDrive - The University of Alabama\Desktop\Python\Python\Jupyter Notebook\CAMELS Research\Final research code\ALL CAMELS BASIN (FORCINGS TO STREAMFLOW)\outputs\merged_csv\11180960_merged_forcing_q.csv
11224500,18,OK,12784,C:\Users\ppaudel2\OneDrive - The University of Alabama\Desktop\Python\Python\Jupyter Notebook\CAMELS Research\Final research code\ALL CAMELS BASIN (FORCINGS TO STREAMFLOW)\outputs\merged_csv\11224500_merged_forcing_q.csv
11230500,18,OK,12692,C:\Users\ppaudel2\OneDrive - The University of Alabama\Desktop\Python\Python\Jupyter Notebook\CAMELS Research\Final research code\ALL CAMELS BASIN (FORCINGS TO STREAMFLOW)\outputs\merged_csv\11230500_merged_forcing_q.csv
11237500,18,OK,12692,C:\Users\ppaudel2\OneDrive - The University of Alabama\Desktop\Python\Python\Jupyter Notebook\CAMELS Research\Final research code\ALL CAMELS BASIN (FORCINGS TO STREAMFLOW)\outputs\merged_csv\11237500_merged_forcing_q.csv
11253310,18,OK,12784,C:\Users\ppaudel2\OneDrive - The University of Alabama\Desktop\Python\Python\Jupyter Notebook\CAMELS Research\Final research code\ALL CAMELS BASIN (FORCINGS TO STREAMFLOW)\outputs\merged_csv\11253310_merged_forcing_q.csv
11264500,18,OK,12784,C:\Users\ppaudel2\OneDrive - The University of Alabama\Desktop\Python\Python\Jupyter Notebook\CAMELS Research\Final research code\ALL CAMELS BASIN (FORCINGS TO STREAMFLOW)\outputs\merged_csv\11264500_merged_forcing_q.csv
11266500,18,OK,12784,C:\Users\ppaudel2\OneDrive - The University of Alabama\Desktop\Python\Python\Jupyter Notebook\CAMELS Research\Final research code\ALL CAMELS BASIN (FORCINGS TO STREAMFLOW)\outputs\merged_csv\11266500_merged_forcing_q.csv
11274500,18,OK,12784,C:\Users\ppaudel2\OneDrive - The University of Alabama\Desktop\Python\Python\Jupyter Notebook\CAMELS Research\Final research code\ALL CAMELS BASIN (FORCINGS TO STREAMFLOW)\outputs\merged_csv\11274500_merged_forcing_q.csv
11274630,18,OK,12784,C:\Users\ppaudel2\OneDrive - The University of Alabama\Desktop\Python\Python\Jupyter Notebook\CAMELS Research\Final research code\ALL CAMELS BASIN (FORCINGS TO STREAMFLOW)\outputs\merged_csv\11274630_merged_forcing_q.csv
11284400,18,OK,12784,C:\Users\ppaudel2\OneDrive - The University of Alabama\Desktop\Python\Python\Jupyter Notebook\CAMELS Research\Final research code\ALL CAMELS BASIN (FORCINGS TO STREAMFLOW)\outputs\merged_csv\11284400_merged_forcing_q.csv
11299600,18,OK,11453,C:\Users\ppaudel2\OneDrive - The University of Alabama\Desktop\Python\Python\Jupyter Notebook\CAMELS Research\Final research code\ALL CAMELS BASIN (FORCINGS TO STREAMFLOW)\outputs\merged_csv\11299600_merged_forcing_q.csv
11381500,18,OK,12784,C:\Users\ppaudel2\OneDrive - The University of Alabama\Desktop\Python\Python\Jupyter Notebook\CAMELS Research\Final research code\ALL CAMELS BASIN (FORCINGS TO STREAMFLOW)\outputs\merged_csv\11381500_merged_forcing_q.csv
11383500,18,OK,12784,C:\Users\ppaudel2\OneDrive - The University of Alabama\Desktop\Python\Python\Jupyter Notebook\CAMELS Research\Final research code\ALL CAMELS BASIN (FORCINGS TO STREAMFLOW)\outputs\merged_csv\11383500_merged_forcing_q.csv
11451100,18,OK,12784,C:\Users\ppaudel2\OneDrive - The University of Alabama\Desktop\Python\Python\Jupyter Notebook\CAMELS Research\Final research code\ALL CAMELS BASIN (FORCINGS TO STREAMFLOW)\outputs\merged_csv\11451100_merged_forcing_q.csv
11468500,18,OK,12784,C:\Users\ppaudel2\OneDrive - The University of Alabama\Desktop\Python\Python\Jupyter Notebook\CAMELS Research\Final research code\ALL CAMELS BASIN (FORCINGS TO STREAMFLOW)\outputs\merged_csv\11468500_merged_forcing_q.csv
11473900,18,OK,12784,C:\Users\ppaudel2\OneDrive - The University of Alabama\Desktop\Python\Python\Jupyter Notebook\CAMELS Research\Final research code\ALL CAMELS BASIN (FORCINGS TO STREAMFLOW)\outputs\merged_csv\11473900_merged_forcing_q.csv
11475560,18,OK,12784,C:\Users\ppaudel2\OneDrive - The University of Alabama\Desktop\Python\Python\Jupyter Notebook\CAMELS Research\Final research code\ALL CAMELS BASIN (FORCINGS TO STREAMFLOW)\outputs\merged_csv\11475560_merged_forcing_q.csv
11476600,18,OK,12784,C:\Users\ppaudel2\OneDrive - The University of Alabama\Desktop\Python\Python\Jupyter Notebook\CAMELS Research\Final research code\ALL CAMELS BASIN (FORCINGS TO STREAMFLOW)\outputs\merged_csv\11476600_merged_forcing_q.csv
11478500,18,OK,12784,C:\Users\ppaudel2\OneDrive - The University of Alabama\Desktop\Python\Python\Jupyter Notebook\CAMELS Research\Final research code\ALL CAMELS BASIN (FORCINGS TO STREAMFLOW)\outputs\merged_csv\11478500_merged_forcing_q.csv
11480390,18,OK,12613,C:\Users\ppaudel2\OneDrive - The University of Alabama\Desktop\Python\Python\Jupyter Notebook\CAMELS Research\Final research code\ALL CAMELS BASIN (FORCINGS TO STREAMFLOW)\outputs\merged_csv\11480390_merged_forcing_q.csv
11481200,18,OK,12784,C:\Users\ppaudel2\OneDrive - The University of Alabama\Desktop\Python\Python\Jupyter Notebook\CAMELS Research\Final research code\ALL CAMELS BASIN (FORCINGS TO STREAMFLOW)\outputs\merged_csv\11481200_merged_forcing_q.csv
11482500,18,OK,12784,C:\Users\ppaudel2\OneDrive - The University of Alabama\Desktop\Python\Python\Jupyter Notebook\CAMELS Research\Final research code\ALL CAMELS BASIN (FORCINGS TO STREAMFLOW)\outputs\merged_csv\11482500_merged_forcing_q.csv
11522500,18,OK,12784,C:\Users\ppaudel2\OneDrive - The University of Alabama\Desktop\Python\Python\Jupyter Notebook\CAMELS Research\Final research code\ALL CAMELS BASIN (FORCINGS TO STREAMFLOW)\outputs\merged_csv\11522500_merged_forcing_q.csv
11523200,18,OK,12784,C:\Users\ppaudel2\OneDrive - The University of Alabama\Desktop\Python\Python\Jupyter Notebook\CAMELS Research\Final research code\ALL CAMELS BASIN (FORCINGS TO STREAMFLOW)\outputs\merged_csv\11523200_merged_forcing_q.csv
11528700,18,OK,12784,C:\Users\ppaudel2\OneDrive - The University of Alabama\Desktop\Python\Python\Jupyter Notebook\CAMELS Research\Final research code\ALL CAMELS BASIN (FORCINGS TO STREAMFLOW)\outputs\merged_csv\11528700_merged_forcing_q.csv
11532500,18,OK,12784,C:\Users\ppaudel2\OneDrive - The University of Alabama\Desktop\Python\Python\Jupyter Notebook\CAMELS Research\Final research code\ALL CAMELS BASIN (FORCINGS TO STREAMFLOW)\outputs\merged_csv\11532500_merged_forcing_q.csv
12010000,17,OK,12784,C:\Users\ppaudel2\OneDrive - The University of Alabama\Desktop\Python\Python\Jupyter Notebook\CAMELS Research\Final research code\ALL CAMELS BASIN (FORCINGS TO STREAMFLOW)\outputs\merged_csv\12010000_merged_forcing_q.csv
12013500,17,OK,12784,C:\Users\ppaudel2\OneDrive - The University of Alabama\Desktop\Python\Python\Jupyter Notebook\CAMELS Research\Final research code\ALL CAMELS BASIN (FORCINGS TO STREAMFLOW)\outputs\merged_csv\12013500_merged_forcing_q.csv
12020000,17,OK,12784,C:\Users\ppaudel2\OneDrive - The University of Alabama\Desktop\Python\Python\Jupyter Notebook\CAMELS Research\Final research code\ALL CAMELS BASIN (FORCINGS TO STREAMFLOW)\outputs\merged_csv\12020000_merged_forcing_q.csv
12025000,17,OK,12784,C:\Users\ppaudel2\OneDrive - The University of Alabama\Desktop\Python\Python\Jupyter Notebook\CAMELS Research\Final research code\ALL CAMELS BASIN (FORCINGS TO STREAMFLOW)\outputs\merged_csv\12025000_merged_forcing_q.csv
12025700,17,OK,12784,C:\Users\ppaudel2\OneDrive - The University of Alabama\Desktop\Python\Python\Jupyter Notebook\CAMELS Research\Final research code\ALL CAMELS BASIN (FORCINGS TO STREAMFLOW)\outputs\merged_csv\12025700_merged_forcing_q.csv
12035000,17,OK,12784,C:\Users\ppaudel2\OneDrive - The University of Alabama\Desktop\Python\Python\Jupyter Notebook\CAMELS Research\Final research code\ALL CAMELS BASIN (FORCINGS TO STREAMFLOW)\outputs\merged_csv\12035000_merged_forcing_q.csv
12040500,17,OK,12784,C:\Users\ppaudel2\OneDrive - The University of Alabama\Desktop\Python\Python\Jupyter Notebook\CAMELS Research\Final research code\ALL CAMELS BASIN (FORCINGS TO STREAMFLOW)\outputs\merged_csv\12040500_merged_forcing_q.csv
12041200,17,OK,12784,C:\Users\ppaudel2\OneDrive - The University of Alabama\Desktop\Python\Python\Jupyter Notebook\CAMELS Research\Final research code\ALL CAMELS BASIN (FORCINGS TO STREAMFLOW)\outputs\merged_csv\12041200_merged_forcing_q.csv
12043000,17,OK,12784,C:\Users\ppaudel2\OneDrive - The University of Alabama\Desktop\Python\Python\Jupyter Notebook\CAMELS Research\Final research code\ALL CAMELS BASIN (FORCINGS TO STREAMFLOW)\outputs\merged_csv\12043000_merged_forcing_q.csv
12048000,17,OK,12784,C:\Users\ppaudel2\OneDrive - The University of Alabama\Desktop\Python\Python\Jupyter Notebook\CAMELS Research\Final research code\ALL CAMELS BASIN (FORCINGS TO STREAMFLOW)\outputs\merged_csv\12048000_merged_forcing_q.csv
12054000,17,OK,12784,C:\Users\ppaudel2\OneDrive - The University of Alabama\Desktop\Python\Python\Jupyter Notebook\CAMELS Research\Final research code\ALL CAMELS BASIN (FORCINGS TO STREAMFLOW)\outputs\merged_csv\12054000_merged_forcing_q.csv
12056500,17,OK,12784,C:\Users\ppaudel2\OneDrive - The University of Alabama\Desktop\Python\Python\Jupyter Notebook\CAMELS Research\Final research code\ALL CAMELS BASIN (FORCINGS TO STREAMFLOW)\outputs\merged_csv\12056500_merged_forcing_q.csv
12073500,17,OK,12784,C:\Users\ppaudel2\OneDrive - The University of Alabama\Desktop\Python\Python\Jupyter Notebook\CAMELS Research\Final research code\ALL CAMELS BASIN (FORCINGS TO STREAMFLOW)\outputs\merged_csv\12073500_merged_forcing_q.csv
12082500,17,OK,12784,C:\Users\ppaudel2\OneDrive - The University of Alabama\Desktop\Python\Python\Jupyter Notebook\CAMELS Research\Final research code\ALL CAMELS BASIN (FORCINGS TO STREAMFLOW)\outputs\merged_csv\12082500_merged_forcing_q.csv
12092000,17,OK,12784,C:\Users\ppaudel2\OneDrive - The University of Alabama\Desktop\Python\Python\Jupyter Notebook\CAMELS Research\Final research code\ALL CAMELS BASIN (FORCINGS TO STREAMFLOW)\outputs\merged_csv\12092000_merged_forcing_q.csv
12095000,17,OK,9996,C:\Users\ppaudel2\OneDrive - The University of Alabama\Desktop\Python\Python\Jupyter Notebook\CAMELS Research\Final research code\ALL CAMELS BASIN (FORCINGS TO STREAMFLOW)\outputs\merged_csv\12095000_merged_forcing_q.csv
12114500,17,OK,12784,C:\Users\ppaudel2\OneDrive - The University of Alabama\Desktop\Python\Python\Jupyter Notebook\CAMELS Research\Final research code\ALL CAMELS BASIN (FORCINGS TO STREAMFLOW)\outputs\merged_csv\12114500_merged_forcing_q.csv
12115000,17,OK,12784,C:\Users\ppaudel2\OneDrive - The University of Alabama\Desktop\Python\Python\Jupyter Notebook\CAMELS Research\Final research code\ALL CAMELS BASIN (FORCINGS TO STREAMFLOW)\outputs\merged_csv\12115000_merged_forcing_q.csv
12115500,17,OK,12784,C:\Users\ppaudel2\OneDrive - The University of Alabama\Desktop\Python\Python\Jupyter Notebook\CAMELS Research\Final research code\ALL CAMELS BASIN (FORCINGS TO STREAMFLOW)\outputs\merged_csv\12115500_merged_forcing_q.csv
12117000,17,OK,12784,C:\Users\ppaudel2\OneDrive - The University of Alabama\Desktop\Python\Python\Jupyter Notebook\CAMELS Research\Final research code\ALL CAMELS BASIN (FORCINGS TO STREAMFLOW)\outputs\merged_csv\12117000_merged_forcing_q.csv
12141300,17,OK,12784,C:\Users\ppaudel2\OneDrive - The University of Alabama\Desktop\Python\Python\Jupyter Notebook\CAMELS Research\Final research code\ALL CAMELS BASIN (FORCINGS TO STREAMFLOW)\outputs\merged_csv\12141300_merged_forcing_q.csv
12143600,17,OK,11415,C:\Users\ppaudel2\OneDrive - The University of Alabama\Desktop\Python\Python\Jupyter Notebook\CAMELS Research\Final research code\ALL CAMELS BASIN (FORCINGS TO STREAMFLOW)\outputs\merged_csv\12143600_merged_forcing_q.csv
12144000,17,OK,11292,C:\Users\ppaudel2\OneDrive - The University of Alabama\Desktop\Python\Python\Jupyter Notebook\CAMELS Research\Final research code\ALL CAMELS BASIN (FORCINGS TO STREAMFLOW)\outputs\merged_csv\12144000_merged_forcing_q.csv
12145500,17,OK,12784,C:\Users\ppaudel2\OneDrive - The University of Alabama\Desktop\Python\Python\Jupyter Notebook\CAMELS Research\Final research code\ALL CAMELS BASIN (FORCINGS TO STREAMFLOW)\outputs\merged_csv\12145500_merged_forcing_q.csv
12147500,17,OK,12784,C:\Users\ppaudel2\OneDrive - The University of Alabama\Desktop\Python\Python\Jupyter Notebook\CAMELS Research\Final research code\ALL CAMELS BASIN (FORCINGS TO STREAMFLOW)\outputs\merged_csv\12147500_merged_forcing_q.csv
12147600,17,OK,12784,C:\Users\ppaudel2\OneDrive - The University of Alabama\Desktop\Python\Python\Jupyter Notebook\CAMELS Research\Final research code\ALL CAMELS BASIN (FORCINGS TO STREAMFLOW)\outputs\merged_csv\12147600_merged_forcing_q.csv
12167000,17,OK,12784,C:\Users\ppaudel2\OneDrive - The University of Alabama\Desktop\Python\Python\Jupyter Notebook\CAMELS Research\Final research code\ALL CAMELS BASIN (FORCINGS TO STREAMFLOW)\outputs\merged_csv\12167000_merged_forcing_q.csv
12175500,17,OK,12784,C:\Users\ppaudel2\OneDrive - The University of Alabama\Desktop\Python\Python\Jupyter Notebook\CAMELS Research\Final research code\ALL CAMELS BASIN (FORCINGS TO STREAMFLOW)\outputs\merged_csv\12175500_merged_forcing_q.csv
12178100,17,OK,12784,C:\Users\ppaudel2\OneDrive - The University of Alabama\Desktop\Python\Python\Jupyter Notebook\CAMELS Research\Final research code\ALL CAMELS BASIN (FORCINGS TO STREAMFLOW)\outputs\merged_csv\12178100_merged_forcing_q.csv
12186000,17,OK,12784,C:\Users\ppaudel2\OneDrive - The University of Alabama\Desktop\Python\Python\Jupyter Notebook\CAMELS Research\Final research code\ALL CAMELS BASIN (FORCINGS TO STREAMFLOW)\outputs\merged_csv\12186000_merged_forcing_q.csv
12189500,17,OK,12784,C:\Users\ppaudel2\OneDrive - The University of Alabama\Desktop\Python\Python\Jupyter Notebook\CAMELS Research\Final research code\ALL CAMELS BASIN (FORCINGS TO STREAMFLOW)\outputs\merged_csv\12189500_merged_forcing_q.csv
12358500,17,OK,12784,C:\Users\ppaudel2\OneDrive - The University of Alabama\Desktop\Python\Python\Jupyter Notebook\CAMELS Research\Final research code\ALL CAMELS BASIN (FORCINGS TO STREAMFLOW)\outputs\merged_csv\12358500_merged_forcing_q.csv
12374250,17,OK,11841,C:\Users\ppaudel2\OneDrive - The University of Alabama\Desktop\Python\Python\Jupyter Notebook\CAMELS Research\Final research code\ALL CAMELS BASIN (FORCINGS TO STREAMFLOW)\outputs\merged_csv\12374250_merged_forcing_q.csv
12375900,17,OK,11782,C:\Users\ppaudel2\OneDrive - The University of Alabama\Desktop\Python\Python\Jupyter Notebook\CAMELS Research\Final research code\ALL CAMELS BASIN (FORCINGS TO STREAMFLOW)\outputs\merged_csv\12375900_merged_forcing_q.csv
12377150,17,OK,11780,C:\Users\ppaudel2\OneDrive - The University of Alabama\Desktop\Python\Python\Jupyter Notebook\CAMELS Research\Final research code\ALL CAMELS BASIN (FORCINGS TO STREAMFLOW)\outputs\merged_csv\12377150_merged_forcing_q.csv
12381400,17,OK,11783,C:\Users\ppaudel2\OneDrive - The University of Alabama\Desktop\Python\Python\Jupyter Notebook\CAMELS Research\Final research code\ALL CAMELS BASIN (FORCINGS TO STREAMFLOW)\outputs\merged_csv\12381400_merged_forcing_q.csv
12383500,17,OK,10227,C:\Users\ppaudel2\OneDrive - The University of Alabama\Desktop\Python\Python\Jupyter Notebook\CAMELS Research\Final research code\ALL CAMELS BASIN (FORCINGS TO STREAMFLOW)\outputs\merged_csv\12383500_merged_forcing_q.csv
12388400,17,OK,10227,C:\Users\ppaudel2\OneDrive - The University of Alabama\Desktop\Python\Python\Jupyter Notebook\CAMELS Research\Final research code\ALL CAMELS BASIN (FORCINGS TO STREAMFLOW)\outputs\merged_csv\12388400_merged_forcing_q.csv
12390700,17,OK,12784,C:\Users\ppaudel2\OneDrive - The University of Alabama\Desktop\Python\Python\Jupyter Notebook\CAMELS Research\Final research code\ALL CAMELS BASIN (FORCINGS TO STREAMFLOW)\outputs\merged_csv\12390700_merged_forcing_q.csv
12411000,17,OK,12784,C:\Users\ppaudel2\OneDrive - The University of Alabama\Desktop\Python\Python\Jupyter Notebook\CAMELS Research\Final research code\ALL CAMELS BASIN (FORCINGS TO STREAMFLOW)\outputs\merged_csv\12411000_merged_forcing_q.csv
12414500,17,OK,12784,C:\Users\ppaudel2\OneDrive - The University of Alabama\Desktop\Python\Python\Jupyter Notebook\CAMELS Research\Final research code\ALL CAMELS BASIN (FORCINGS TO STREAMFLOW)\outputs\merged_csv\12414500_merged_forcing_q.csv
12447390,17,OK,12784,C:\Users\ppaudel2\OneDrive - The University of Alabama\Desktop\Python\Python\Jupyter Notebook\CAMELS Research\Final research code\ALL CAMELS BASIN (FORCINGS TO STREAMFLOW)\outputs\merged_csv\12447390_merged_forcing_q.csv
12451000,17,OK,12784,C:\Users\ppaudel2\OneDrive - The University of Alabama\Desktop\Python\Python\Jupyter Notebook\CAMELS Research\Final research code\ALL CAMELS BASIN (FORCINGS TO STREAMFLOW)\outputs\merged_csv\12451000_merged_forcing_q.csv
12488500,17,OK,12784,C:\Users\ppaudel2\OneDrive - The University of Alabama\Desktop\Python\Python\Jupyter Notebook\CAMELS Research\Final research code\ALL CAMELS BASIN (FORCINGS TO STREAMFLOW)\outputs\merged_csv\12488500_merged_forcing_q.csv
13011500,17,OK,12784,C:\Users\ppaudel2\OneDrive - The University of Alabama\Desktop\Python\Python\Jupyter Notebook\CAMELS Research\Final research code\ALL CAMELS BASIN (FORCINGS TO STREAMFLOW)\outputs\merged_csv\13011500_merged_forcing_q.csv
13011900,17,OK,12784,C:\Users\ppaudel2\OneDrive - The University of Alabama\Desktop\Python\Python\Jupyter Notebook\CAMELS Research\Final research code\ALL CAMELS BASIN (FORCINGS TO STREAMFLOW)\outputs\merged_csv\13011900_merged_forcing_q.csv
13018300,17,OK,12784,C:\Users\ppaudel2\OneDrive - The University of Alabama\Desktop\Python\Python\Jupyter Notebook\CAMELS Research\Final research code\ALL CAMELS BASIN (FORCINGS TO STREAMFLOW)\outputs\merged_csv\13018300_merged_forcing_q.csv
13023000,17,OK,12784,C:\Users\ppaudel2\OneDrive - The University of Alabama\Desktop\Python\Python\Jupyter Notebook\CAMELS Research\Final research code\ALL CAMELS BASIN (FORCINGS TO STREAMFLOW)\outputs\merged_csv\13023000_merged_forcing_q.csv
13083000,17,OK,12784,C:\Users\ppaudel2\OneDrive - The University of Alabama\Desktop\Python\Python\Jupyter Notebook\CAMELS Research\Final research code\ALL CAMELS BASIN (FORCINGS TO STREAMFLOW)\outputs\merged_csv\13083000_merged_forcing_q.csv
13161500,17,OK,12784,C:\Users\ppaudel2\OneDrive - The University of Alabama\Desktop\Python\Python\Jupyter Notebook\CAMELS Research\Final research code\ALL CAMELS BASIN (FORCINGS TO STREAMFLOW)\outputs\merged_csv\13161500_merged_forcing_q.csv
13235000,17,OK,12784,C:\Users\ppaudel2\OneDrive - The University of Alabama\Desktop\Python\Python\Jupyter Notebook\CAMELS Research\Final research code\ALL CAMELS BASIN (FORCINGS TO STREAMFLOW)\outputs\merged_csv\13235000_merged_forcing_q.csv
13240000,17,OK,12784,C:\Users\ppaudel2\OneDrive - The University of Alabama\Desktop\Python\Python\Jupyter Notebook\CAMELS Research\Final research code\ALL CAMELS BASIN (FORCINGS TO STREAMFLOW)\outputs\merged_csv\13240000_merged_forcing_q.csv
13310700,17,OK,12784,C:\Users\ppaudel2\OneDrive - The University of Alabama\Desktop\Python\Python\Jupyter Notebook\CAMELS Research\Final research code\ALL CAMELS BASIN (FORCINGS TO STREAMFLOW)\outputs\merged_csv\13310700_merged_forcing_q.csv
13313000,17,OK,12784,C:\Users\ppaudel2\OneDrive - The University of Alabama\Desktop\Python\Python\Jupyter Notebook\CAMELS Research\Final research code\ALL CAMELS BASIN (FORCINGS TO STREAMFLOW)\outputs\merged_csv\13313000_merged_forcing_q.csv
13331500,17,OK,12784,C:\Users\ppaudel2\OneDrive - The University of Alabama\Desktop\Python\Python\Jupyter Notebook\CAMELS Research\Final research code\ALL CAMELS BASIN (FORCINGS TO STREAMFLOW)\outputs\merged_csv\13331500_merged_forcing_q.csv
13337000,17,OK,12784,C:\Users\ppaudel2\OneDrive - The University of Alabama\Desktop\Python\Python\Jupyter Notebook\CAMELS Research\Final research code\ALL CAMELS BASIN (FORCINGS TO STREAMFLOW)\outputs\merged_csv\13337000_merged_forcing_q.csv
13338500,17,OK,12784,C:\Users\ppaudel2\OneDrive - The University of Alabama\Desktop\Python\Python\Jupyter Notebook\CAMELS Research\Final research code\ALL CAMELS BASIN (FORCINGS TO STREAMFLOW)\outputs\merged_csv\13338500_merged_forcing_q.csv
13340000,17,OK,12784,C:\Users\ppaudel2\OneDrive - The University of Alabama\Desktop\Python\Python\Jupyter Notebook\CAMELS Research\Final research code\ALL CAMELS BASIN (FORCINGS TO STREAMFLOW)\outputs\merged_csv\13340000_merged_forcing_q.csv
13340600,17,OK,12784,C:\Users\ppaudel2\OneDrive - The University of Alabama\Desktop\Python\Python\Jupyter Notebook\CAMELS Research\Final research code\ALL CAMELS BASIN (FORCINGS TO STREAMFLOW)\outputs\merged_csv\13340600_merged_forcing_q.csv
14020000,17,OK,12784,C:\Users\ppaudel2\OneDrive - The University of Alabama\Desktop\Python\Python\Jupyter Notebook\CAMELS Research\Final research code\ALL CAMELS BASIN (FORCINGS TO STREAMFLOW)\outputs\merged_csv\14020000_merged_forcing_q.csv
14092750,17,OK,11872,C:\Users\ppaudel2\OneDrive - The University of Alabama\Desktop\Python\Python\Jupyter Notebook\CAMELS Research\Final research code\ALL CAMELS BASIN (FORCINGS TO STREAMFLOW)\outputs\merged_csv\14092750_merged_forcing_q.csv
14096850,17,OK,11415,C:\Users\ppaudel2\OneDrive - The University of Alabama\Desktop\Python\Python\Jupyter Notebook\CAMELS Research\Final research code\ALL CAMELS BASIN (FORCINGS TO STREAMFLOW)\outputs\merged_csv\14096850_merged_forcing_q.csv
14137000,17,OK,12780,C:\Users\ppaudel2\OneDrive - The University of Alabama\Desktop\Python\Python\Jupyter Notebook\CAMELS Research\Final research code\ALL CAMELS BASIN (FORCINGS TO STREAMFLOW)\outputs\merged_csv\14137000_merged_forcing_q.csv
14138800,17,OK,12784,C:\Users\ppaudel2\OneDrive - The University of Alabama\Desktop\Python\Python\Jupyter Notebook\CAMELS Research\Final research code\ALL CAMELS BASIN (FORCINGS TO STREAMFLOW)\outputs\merged_csv\14138800_merged_forcing_q.csv
14138870,17,OK,12784,C:\Users\ppaudel2\OneDrive - The University of Alabama\Desktop\Python\Python\Jupyter Notebook\CAMELS Research\Final research code\ALL CAMELS BASIN (FORCINGS TO STREAMFLOW)\outputs\merged_csv\14138870_merged_forcing_q.csv
14138900,17,OK,12784,C:\Users\ppaudel2\OneDrive - The University of Alabama\Desktop\Python\Python\Jupyter Notebook\CAMELS Research\Final research code\ALL CAMELS BASIN (FORCINGS TO STREAMFLOW)\outputs\merged_csv\14138900_merged_forcing_q.csv
14139800,17,OK,12784,C:\Users\ppaudel2\OneDrive - The University of Alabama\Desktop\Python\Python\Jupyter Notebook\CAMELS Research\Final research code\ALL CAMELS BASIN (FORCINGS TO STREAMFLOW)\outputs\merged_csv\14139800_merged_forcing_q.csv
14141500,17,OK,12784,C:\Users\ppaudel2\OneDrive - The University of Alabama\Desktop\Python\Python\Jupyter Notebook\CAMELS Research\Final research code\ALL CAMELS BASIN (FORCINGS TO STREAMFLOW)\outputs\merged_csv\14141500_merged_forcing_q.csv
14154500,17,OK,12784,C:\Users\ppaudel2\OneDrive - The University of Alabama\Desktop\Python\Python\Jupyter Notebook\CAMELS Research\Final research code\ALL CAMELS BASIN (FORCINGS TO STREAMFLOW)\outputs\merged_csv\14154500_merged_forcing_q.csv
14158500,17,OK,12784,C:\Users\ppaudel2\OneDrive - The University of Alabama\Desktop\Python\Python\Jupyter Notebook\CAMELS Research\Final research code\ALL CAMELS BASIN (FORCINGS TO STREAMFLOW)\outputs\merged_csv\14158500_merged_forcing_q.csv
14158790,17,OK,12784,C:\Users\ppaudel2\OneDrive - The University of Alabama\Desktop\Python\Python\Jupyter Notebook\CAMELS Research\Final research code\ALL CAMELS BASIN (FORCINGS TO STREAMFLOW)\outputs\merged_csv\14158790_merged_forcing_q.csv
14166500,17,OK,12784,C:\Users\ppaudel2\OneDrive - The University of Alabama\Desktop\Python\Python\Jupyter Notebook\CAMELS Research\Final research code\ALL CAMELS BASIN (FORCINGS TO STREAMFLOW)\outputs\merged_csv\14166500_merged_forcing_q.csv
14182500,17,OK,12784,C:\Users\ppaudel2\OneDrive - The University of Alabama\Desktop\Python\Python\Jupyter Notebook\CAMELS Research\Final research code\ALL CAMELS BASIN (FORCINGS TO STREAMFLOW)\outputs\merged_csv\14182500_merged_forcing_q.csv
14185000,17,OK,12784,C:\Users\ppaudel2\OneDrive - The University of Alabama\Desktop\Python\Python\Jupyter Notebook\CAMELS Research\Final research code\ALL CAMELS BASIN (FORCINGS TO STREAMFLOW)\outputs\merged_csv\14185000_merged_forcing_q.csv
14185900,17,OK,12784,C:\Users\ppaudel2\OneDrive - The University of Alabama\Desktop\Python\Python\Jupyter Notebook\CAMELS Research\Final research code\ALL CAMELS BASIN (FORCINGS TO STREAMFLOW)\outputs\merged_csv\14185900_merged_forcing_q.csv
14187000,17,OK,9588,C:\Users\ppaudel2\OneDrive - The University of Alabama\Desktop\Python\Python\Jupyter Notebook\CAMELS Research\Final research code\ALL CAMELS BASIN (FORCINGS TO STREAMFLOW)\outputs\merged_csv\14187000_merged_forcing_q.csv
14216500,17,OK,11415,C:\Users\ppaudel2\OneDrive - The University of Alabama\Desktop\Python\Python\Jupyter Notebook\CAMELS Research\Final research code\ALL CAMELS BASIN (FORCINGS TO STREAMFLOW)\outputs\merged_csv\14216500_merged_forcing_q.csv
14222500,17,OK,12784,C:\Users\ppaudel2\OneDrive - The University of Alabama\Desktop\Python\Python\Jupyter Notebook\CAMELS Research\Final research code\ALL CAMELS BASIN (FORCINGS TO STREAMFLOW)\outputs\merged_csv\14222500_merged_forcing_q.csv
14236200,17,OK,12784,C:\Users\ppaudel2\OneDrive - The University of Alabama\Desktop\Python\Python\Jupyter Notebook\CAMELS Research\Final research code\ALL CAMELS BASIN (FORCINGS TO STREAMFLOW)\outputs\merged_csv\14236200_merged_forcing_q.csv
14301000,17,OK,12784,C:\Users\ppaudel2\OneDrive - The University of Alabama\Desktop\Python\Python\Jupyter Notebook\CAMELS Research\Final research code\ALL CAMELS BASIN (FORCINGS TO STREAMFLOW)\outputs\merged_csv\14301000_merged_forcing_q.csv
14303200,17,OK,11507,C:\Users\ppaudel2\OneDrive - The University of Alabama\Desktop\Python\Python\Jupyter Notebook\CAMELS Research\Final research code\ALL CAMELS BASIN (FORCINGS TO STREAMFLOW)\outputs\merged_csv\14303200_merged_forcing_q.csv
14305500,17,OK,12784,C:\Users\ppaudel2\OneDrive - The University of Alabama\Desktop\Python\Python\Jupyter Notebook\CAMELS Research\Final research code\ALL CAMELS BASIN (FORCINGS TO STREAMFLOW)\outputs\merged_csv\14305500_merged_forcing_q.csv
14306340,17,OK,11507,C:\Users\ppaudel2\OneDrive - The University of Alabama\Desktop\Python\Python\Jupyter Notebook\CAMELS Research\Final research code\ALL CAMELS BASIN (FORCINGS TO STREAMFLOW)\outputs\merged_csv\14306340_merged_forcing_q.csv
14306500,17,OK,12784,C:\Users\ppaudel2\OneDrive - The University of Alabama\Desktop\Python\Python\Jupyter Notebook\CAMELS Research\Final research code\ALL CAMELS BASIN (FORCINGS TO STREAMFLOW)\outputs\merged_csv\14306500_merged_forcing_q.csv
14308990,17,OK,10684,C:\Users\ppaudel2\OneDrive - The University of Alabama\Desktop\Python\Python\Jupyter Notebook\CAMELS Research\Final research code\ALL CAMELS BASIN (FORCINGS TO STREAMFLOW)\outputs\merged_csv\14308990_merged_forcing_q.csv
14309500,17,OK,12784,C:\Users\ppaudel2\OneDrive - The University of Alabama\Desktop\Python\Python\Jupyter Notebook\CAMELS Research\Final research code\ALL CAMELS BASIN (FORCINGS TO STREAMFLOW)\outputs\merged_csv\14309500_merged_forcing_q.csv
14316700,17,OK,12784,C:\Users\ppaudel2\OneDrive - The University of Alabama\Desktop\Python\Python\Jupyter Notebook\CAMELS Research\Final research code\ALL CAMELS BASIN (FORCINGS TO STREAMFLOW)\outputs\merged_csv\14316700_merged_forcing_q.csv
14325000,17,OK,12784,C:\Users\ppaudel2\OneDrive - The University of Alabama\Desktop\Python\Python\Jupyter Notebook\CAMELS Research\Final research code\ALL CAMELS BASIN (FORCINGS TO STREAMFLOW)\outputs\merged_csv\14325000_merged_forcing_q.csv
14362250,17,OK,11507,C:\Users\ppaudel2\OneDrive - The University of Alabama\Desktop\Python\Python\Jupyter Notebook\CAMELS Research\Final research code\ALL CAMELS BASIN (FORCINGS TO STREAMFLOW)\outputs\merged_csv\14362250_merged_forcing_q.csv
14400000,17,OK,12784,C:\Users\ppaudel2\OneDrive - The University of Alabama\Desktop\Python\Python\Jupyter Notebook\CAMELS Research\Final research code\ALL CAMELS BASIN (FORCINGS TO STREAMFLOW)\outputs\merged_csv\14400000_merged_forcing_q.csv
