gauge_id,Source,Target,Bins,Lag,TE_nats
01013500,PET,Q,5,1,0.002973893365713687
01013500,PET,Q,5,2,0.003436081456396012
01013500,PET,Q,5,3,0.0033386846598861264
01013500,PET,Q,5,4,0.0032623461656244856
01013500,PET,Q,5,5,0.0033634520946472235
01013500,PET,Q,5,6,0.0032805612590625643
01013500,PET,Q,5,7,0.0031775472250279435
01013500,PET,Q,5,8,0.004105827701059328
01013500,PET,Q,5,9,0.0032148588334516837
01013500,PET,Q,5,10,0.0026697312392123806
01013500,PET,Q,5,11,0.0033680310966926474
01013500,PET,Q,5,12,0.0035550950961967254
01013500,PET,Q,5,13,0.0039553378089811075
01013500,PET,Q,5,14,0.003425775468805181
01013500,PET,Q,5,15,0.0034826872367471617
01013500,PET,Q,5,16,0.0032890940856266093
01013500,PET,Q,5,17,0.0035873992512651665
01013500,PET,Q,5,18,0.0027987634546972617
01013500,PET,Q,5,19,0.0029329851870672496
01013500,PET,Q,5,20,0.002841203597755082
01013500,PET,Q,5,21,0.0033720905987581484
01013500,PET,Q,5,22,0.0027767802351847948
01013500,PET,Q,5,23,0.0024508059308175345
01013500,PET,Q,5,24,0.002149847025818441
01013500,PET,Q,5,25,0.0022628003527662144
01013500,PET,Q,5,26,0.0016813445120117954
01013500,PET,Q,5,27,0.0020062736793775016
01013500,PET,Q,5,28,0.0018292175712638081
01013500,PET,Q,5,29,0.002212444091442778
01013500,PET,Q,5,30,0.0021388381417095648
01022500,PET,Q,5,1,0.004458670660062114
01022500,PET,Q,5,2,0.0030887937889712003
01022500,PET,Q,5,3,0.00335594072506068
01022500,PET,Q,5,4,0.0027195764106277
01022500,PET,Q,5,5,0.003648738169089505
01022500,PET,Q,5,6,0.003408566537618507
01022500,PET,Q,5,7,0.003466663960976335
01022500,PET,Q,5,8,0.0033096494758196315
01022500,PET,Q,5,9,0.004125527838120369
01022500,PET,Q,5,10,0.004277685800983866
01022500,PET,Q,5,11,0.0039005629738863012
01022500,PET,Q,5,12,0.003385279512902073
01022500,PET,Q,5,13,0.004021363087820862
01022500,PET,Q,5,14,0.0038524216588043947
01022500,PET,Q,5,15,0.004093995570721376
01022500,PET,Q,5,16,0.003742995416836925
01022500,PET,Q,5,17,0.0038248417447524496
01022500,PET,Q,5,18,0.00424507893862297
01022500,PET,Q,5,19,0.003977330310537763
01022500,PET,Q,5,20,0.004226269915481973
01022500,PET,Q,5,21,0.004045120257027024
01022500,PET,Q,5,22,0.004098729979073346
01022500,PET,Q,5,23,0.0045744483816169135
01022500,PET,Q,5,24,0.004084686936299486
01022500,PET,Q,5,25,0.004265882063147486
01022500,PET,Q,5,26,0.003861539949944759
01022500,PET,Q,5,27,0.004210327491410204
01022500,PET,Q,5,28,0.004118529052976272
01022500,PET,Q,5,29,0.004321027309361236
01022500,PET,Q,5,30,0.0041552105877696865
01030500,PET,Q,5,1,0.006698843166242807
01030500,PET,Q,5,2,0.006289653215689084
01030500,PET,Q,5,3,0.003991577427808646
01030500,PET,Q,5,4,0.0031836598668775196
01030500,PET,Q,5,5,0.0020656397736223964
01030500,PET,Q,5,6,0.0021252161970325423
01030500,PET,Q,5,7,0.0020433136112077976
01030500,PET,Q,5,8,0.00260989482375773
01030500,PET,Q,5,9,0.002625273939890649
01030500,PET,Q,5,10,0.0028938917551218912
01030500,PET,Q,5,11,0.0024993179529442244
01030500,PET,Q,5,12,0.0032196321235477
01030500,PET,Q,5,13,0.002552800047058712
01030500,PET,Q,5,14,0.003522035466768214
01030500,PET,Q,5,15,0.002812719706088429
01030500,PET,Q,5,16,0.0025162092194944696
01030500,PET,Q,5,17,0.0029949740938584046
01030500,PET,Q,5,18,0.0032001867567004183
01030500,PET,Q,5,19,0.003279492908978443
01030500,PET,Q,5,20,0.003533110961963404
01030500,PET,Q,5,21,0.003092284712505222
01030500,PET,Q,5,22,0.0030026029576022406
01030500,PET,Q,5,23,0.0032214545378147497
01030500,PET,Q,5,24,0.002650514570580409
01030500,PET,Q,5,25,0.002449540454950827
01030500,PET,Q,5,26,0.002949997084795375
01030500,PET,Q,5,27,0.002788674731324714
01030500,PET,Q,5,28,0.0029897913385735775
01030500,PET,Q,5,29,0.003184875877239479
01030500,PET,Q,5,30,0.0032265349132974963
01031500,PET,Q,5,1,0.0008816363358247342
01031500,PET,Q,5,2,0.00102571787151029
01031500,PET,Q,5,3,0.0006565901573538438
01031500,PET,Q,5,4,0.0008687023383353448
01031500,PET,Q,5,5,0.0008924456660622804
01031500,PET,Q,5,6,0.000829038177103357
01031500,PET,Q,5,7,0.0006628208992939255
01031500,PET,Q,5,8,0.0007789780522796524
01031500,PET,Q,5,9,0.0012749833466440125
01031500,PET,Q,5,10,0.0009138799580303628
01031500,PET,Q,5,11,0.001176485888862662
01031500,PET,Q,5,12,0.0008878120011744164
01031500,PET,Q,5,13,0.001420070341033669
01031500,PET,Q,5,14,0.0014429665358234728
01031500,PET,Q,5,15,0.0007062640953107019
01031500,PET,Q,5,16,0.0009957430624867036
01031500,PET,Q,5,17,0.0010310085491712362
01031500,PET,Q,5,18,0.0012920519020305082
01031500,PET,Q,5,19,0.000980062231107054
01031500,PET,Q,5,20,0.0011533618680384314
01031500,PET,Q,5,21,0.001084874656870849
01031500,PET,Q,5,22,0.0010984563957247492
01031500,PET,Q,5,23,0.0009672081573551886
01031500,PET,Q,5,24,0.0006465314031822711
01031500,PET,Q,5,25,0.0010170103873748462
01031500,PET,Q,5,26,0.000900772192955708
01031500,PET,Q,5,27,0.0008658671878504984
01031500,PET,Q,5,28,0.0008712820167106269
01031500,PET,Q,5,29,0.0007831272518686108
01031500,PET,Q,5,30,0.000545963977420641
01047000,PET,Q,5,1,0.0008768966211576898
01047000,PET,Q,5,2,0.0007627992650262594
01047000,PET,Q,5,3,0.0007954905189369171
01047000,PET,Q,5,4,0.0009855750319991766
01047000,PET,Q,5,5,0.0007963412402603037
01047000,PET,Q,5,6,0.0008428570509067604
01047000,PET,Q,5,7,0.0005286460862288164
01047000,PET,Q,5,8,0.0009595723497465222
01047000,PET,Q,5,9,0.0015873754554589573
01047000,PET,Q,5,10,0.0013894985302160753
01047000,PET,Q,5,11,0.0008915932803932325
01047000,PET,Q,5,12,0.0012510593755888574
01047000,PET,Q,5,13,0.0012551081659725946
01047000,PET,Q,5,14,0.0008571831123649828
01047000,PET,Q,5,15,0.000679405752084819
01047000,PET,Q,5,16,0.0008572747558566046
01047000,PET,Q,5,17,0.0012322522615800247
01047000,PET,Q,5,18,0.0010242936724863191
01047000,PET,Q,5,19,0.000967300555283053
01047000,PET,Q,5,20,0.0011376188692597752
01047000,PET,Q,5,21,0.0009219369798072682
01047000,PET,Q,5,22,0.0008359073717765578
01047000,PET,Q,5,23,0.0009888796714083298
01047000,PET,Q,5,24,0.0011720189029946898
01047000,PET,Q,5,25,0.0012554094383482317
01047000,PET,Q,5,26,0.00076990273960649
01047000,PET,Q,5,27,0.0009190854183600758
01047000,PET,Q,5,28,0.0007241369049873284
01047000,PET,Q,5,29,0.0007298747294146729
01047000,PET,Q,5,30,0.0012355665599804583
01052500,PET,Q,5,1,0.005387078936718276
01052500,PET,Q,5,2,0.00369945617806533
01052500,PET,Q,5,3,0.003984398860423538
01052500,PET,Q,5,4,0.0025988328090012225
01052500,PET,Q,5,5,0.0026505477714663384
01052500,PET,Q,5,6,0.004219775478835952
01052500,PET,Q,5,7,0.0033328378965932492
01052500,PET,Q,5,8,0.003650858805516133
01052500,PET,Q,5,9,0.003393169128702661
01052500,PET,Q,5,10,0.0033895885723786157
01052500,PET,Q,5,11,0.0031206395096995965
01052500,PET,Q,5,12,0.003342535948726272
01052500,PET,Q,5,13,0.003294124260677933
01052500,PET,Q,5,14,0.002615811315307165
01052500,PET,Q,5,15,0.0028086078670243597
01052500,PET,Q,5,16,0.002749136485381193
01052500,PET,Q,5,17,0.002724104134084082
01052500,PET,Q,5,18,0.0034699140580953525
01052500,PET,Q,5,19,0.0021385392532055625
01052500,PET,Q,5,20,0.0019104796241159738
01052500,PET,Q,5,21,0.0024131767133772908
01052500,PET,Q,5,22,0.0023710347229027873
01052500,PET,Q,5,23,0.002406119376913568
01052500,PET,Q,5,24,0.0026854368881527035
01052500,PET,Q,5,25,0.0029028973105476863
01052500,PET,Q,5,26,0.0030086834841691334
01052500,PET,Q,5,27,0.002708430890020125
01052500,PET,Q,5,28,0.002884313802040156
01052500,PET,Q,5,29,0.0026145992985461275
01052500,PET,Q,5,30,0.0022955361029306787
01054200,PET,Q,5,1,0.0025448061037120773
01054200,PET,Q,5,2,0.0013404410970864894
01054200,PET,Q,5,3,0.0018972242420863955
01054200,PET,Q,5,4,0.0018197738991137663
01054200,PET,Q,5,5,0.001741748111688049
01054200,PET,Q,5,6,0.0013499057501680373
01054200,PET,Q,5,7,0.0015231283182375044
01054200,PET,Q,5,8,0.0019477670458682428
01054200,PET,Q,5,9,0.001672900907719696
01054200,PET,Q,5,10,0.0011662180182834686
01054200,PET,Q,5,11,0.0019004804275144505
01054200,PET,Q,5,12,0.002383751197115133
01054200,PET,Q,5,13,0.002368034154734508
01054200,PET,Q,5,14,0.0020680723458986194
01054200,PET,Q,5,15,0.002292939035411695
01054200,PET,Q,5,16,0.0022758747284951225
01054200,PET,Q,5,17,0.002424652217566395
01054200,PET,Q,5,18,0.0025822373923752723
01054200,PET,Q,5,19,0.003099279280971423
01054200,PET,Q,5,20,0.0031652877122076983
01054200,PET,Q,5,21,0.002257039099592739
01054200,PET,Q,5,22,0.0024665223548084453
01054200,PET,Q,5,23,0.002898308903104427
01054200,PET,Q,5,24,0.002781583044725422
01054200,PET,Q,5,25,0.003405712826662896
01054200,PET,Q,5,26,0.0024303194407502837
01054200,PET,Q,5,27,0.0024548425122638134
01054200,PET,Q,5,28,0.00236484598419974
01054200,PET,Q,5,29,0.0024541365497203205
01054200,PET,Q,5,30,0.0028023720295671656
01055000,PET,Q,5,1,0.0026565679065438386
01055000,PET,Q,5,2,0.0014250420624952187
01055000,PET,Q,5,3,0.002176664411888296
01055000,PET,Q,5,4,0.0016622228220488505
01055000,PET,Q,5,5,0.0017992632839769623
01055000,PET,Q,5,6,0.0014813658111953037
01055000,PET,Q,5,7,0.0014305281059975167
01055000,PET,Q,5,8,0.0025997912379306654
01055000,PET,Q,5,9,0.0019545196198220705
01055000,PET,Q,5,10,0.001415031452780019
01055000,PET,Q,5,11,0.002352277942545583
01055000,PET,Q,5,12,0.002722518943407304
01055000,PET,Q,5,13,0.0022717250570092468
01055000,PET,Q,5,14,0.0016148331424715168
01055000,PET,Q,5,15,0.0016928942462838686
01055000,PET,Q,5,16,0.0015449152825365298
01055000,PET,Q,5,17,0.002102865535187848
01055000,PET,Q,5,18,0.002094871519831218
01055000,PET,Q,5,19,0.002060072816718189
01055000,PET,Q,5,20,0.0021448473469358603
01055000,PET,Q,5,21,0.0014649692321014873
01055000,PET,Q,5,22,0.0025279678242295794
01055000,PET,Q,5,23,0.0018077137303440238
01055000,PET,Q,5,24,0.0014175433683812494
01055000,PET,Q,5,25,0.0019553163312519967
01055000,PET,Q,5,26,0.0015698182970136365
01055000,PET,Q,5,27,0.0018239003224213152
01055000,PET,Q,5,28,0.0017176244699549092
01055000,PET,Q,5,29,0.001617283978374351
01055000,PET,Q,5,30,0.0019981095604469645
01057000,PET,Q,5,1,0.0013593515885414326
01057000,PET,Q,5,2,0.000907372545057919
01057000,PET,Q,5,3,0.000972226169120155
01057000,PET,Q,5,4,0.0010860185307986908
01057000,PET,Q,5,5,0.0009362828826919023
01057000,PET,Q,5,6,0.0008827860815278157
01057000,PET,Q,5,7,0.0008488420236859515
01057000,PET,Q,5,8,0.0011820997628181965
01057000,PET,Q,5,9,0.000653589615396126
01057000,PET,Q,5,10,0.0008645282174409366
01057000,PET,Q,5,11,0.0009109762515791472
01057000,PET,Q,5,12,0.0009050675678278913
01057000,PET,Q,5,13,0.001100237141354224
01057000,PET,Q,5,14,0.0008596352443636518
01057000,PET,Q,5,15,0.0006053504337738547
01057000,PET,Q,5,16,0.0007702160991852613
01057000,PET,Q,5,17,0.001011722346838391
01057000,PET,Q,5,18,0.0009378752776964747
01057000,PET,Q,5,19,0.0009176356652865897
01057000,PET,Q,5,20,0.0008789250963294054
01057000,PET,Q,5,21,0.0009013368118534343
01057000,PET,Q,5,22,0.0010974525676703331
01057000,PET,Q,5,23,0.0011988126474028818
01057000,PET,Q,5,24,0.0006975781353708993
01057000,PET,Q,5,25,0.0008843953440422353
01057000,PET,Q,5,26,0.0009433543951364448
01057000,PET,Q,5,27,0.0009513988980912325
01057000,PET,Q,5,28,0.0008492387746154295
01057000,PET,Q,5,29,0.0007070638391001652
01057000,PET,Q,5,30,0.0008283659139966468
01073000,PET,Q,5,1,0.002439784728870305
01073000,PET,Q,5,2,0.001336326560318804
01073000,PET,Q,5,3,0.001629782760689924
01073000,PET,Q,5,4,0.0020861688334066833
01073000,PET,Q,5,5,0.002316557695479081
01073000,PET,Q,5,6,0.001672118265673414
01073000,PET,Q,5,7,0.0017896950373085876
01073000,PET,Q,5,8,0.0019670085005828314
01073000,PET,Q,5,9,0.001878898258508635
01073000,PET,Q,5,10,0.0018960050727273303
01073000,PET,Q,5,11,0.0013842907717080757
01073000,PET,Q,5,12,0.0015771357708753916
01073000,PET,Q,5,13,0.0020420388407055567
01073000,PET,Q,5,14,0.0015562690640504376
01073000,PET,Q,5,15,0.0016544653024095357
01073000,PET,Q,5,16,0.002178145386303794
01073000,PET,Q,5,17,0.0017348466830539658
01073000,PET,Q,5,18,0.0018258360257534523
01073000,PET,Q,5,19,0.0017892022471842836
01073000,PET,Q,5,20,0.0014223915401442994
01073000,PET,Q,5,21,0.0016930162572954752
01073000,PET,Q,5,22,0.0013174190661703403
01073000,PET,Q,5,23,0.0018622727890845597
01073000,PET,Q,5,24,0.0020225746301006237
01073000,PET,Q,5,25,0.0020229563030094225
01073000,PET,Q,5,26,0.0017825950948654537
01073000,PET,Q,5,27,0.001850439475607403
01073000,PET,Q,5,28,0.001828022916219356
01073000,PET,Q,5,29,0.0018720644817150633
01073000,PET,Q,5,30,0.001585867128912101
01078000,PET,Q,5,1,0.0035151906475591743
01078000,PET,Q,5,2,0.0023999420073175237
01078000,PET,Q,5,3,0.002415655488856694
01078000,PET,Q,5,4,0.001964939045129205
01078000,PET,Q,5,5,0.0030040630883764463
01078000,PET,Q,5,6,0.002150523012274058
01078000,PET,Q,5,7,0.0022150283456744413
01078000,PET,Q,5,8,0.0017075119822314855
01078000,PET,Q,5,9,0.002257953708509397
01078000,PET,Q,5,10,0.0016646647074029242
01078000,PET,Q,5,11,0.001602640381291487
01078000,PET,Q,5,12,0.002483264653585976
01078000,PET,Q,5,13,0.0033977727366773514
01078000,PET,Q,5,14,0.002937429311046069
01078000,PET,Q,5,15,0.002175194506604833
01078000,PET,Q,5,16,0.002109453310359388
01078000,PET,Q,5,17,0.0023681018311774438
01078000,PET,Q,5,18,0.002667546862805903
01078000,PET,Q,5,19,0.002554959695627801
01078000,PET,Q,5,20,0.0030290017063311636
01078000,PET,Q,5,21,0.0027611477081901092
01078000,PET,Q,5,22,0.0033617563817670004
01078000,PET,Q,5,23,0.002685992575953894
01078000,PET,Q,5,24,0.0026303341083418474
01078000,PET,Q,5,25,0.0034206393811611613
01078000,PET,Q,5,26,0.0030334407214863968
01078000,PET,Q,5,27,0.002890310869916507
01078000,PET,Q,5,28,0.002475753582976553
01078000,PET,Q,5,29,0.002760982517229754
01078000,PET,Q,5,30,0.002706849238330783
01118300,PET,Q,5,1,0.0012742734318890309
01118300,PET,Q,5,2,0.0012627251009592957
01118300,PET,Q,5,3,0.001131734824965036
01118300,PET,Q,5,4,0.0014121927774325208
01118300,PET,Q,5,5,0.0010690690461054309
01118300,PET,Q,5,6,0.0007580274927694933
01118300,PET,Q,5,7,0.0009228644155437407
01118300,PET,Q,5,8,0.0008400222876120689
01118300,PET,Q,5,9,0.0011236723327602352
01118300,PET,Q,5,10,0.0011973192667994528
01118300,PET,Q,5,11,0.000988895628999259
01118300,PET,Q,5,12,0.0014061749611973817
01118300,PET,Q,5,13,0.0008720786465127722
01118300,PET,Q,5,14,0.0009198866085237123
01118300,PET,Q,5,15,0.001063355172272587
01118300,PET,Q,5,16,0.0011229551941848645
01118300,PET,Q,5,17,0.0010512195074508512
01118300,PET,Q,5,18,0.0008075114306902303
01118300,PET,Q,5,19,0.0010861428335237205
01118300,PET,Q,5,20,0.0010158629383937162
01118300,PET,Q,5,21,0.001095552651019599
01118300,PET,Q,5,22,0.0013453242705513124
01118300,PET,Q,5,23,0.0012690408081395196
01118300,PET,Q,5,24,0.0011913607009662042
01118300,PET,Q,5,25,0.0013629200251232057
01118300,PET,Q,5,26,0.0012274652982377232
01118300,PET,Q,5,27,0.0009931017639413578
01118300,PET,Q,5,28,0.0011717569654345061
01118300,PET,Q,5,29,0.0011275918311522415
01118300,PET,Q,5,30,0.0012361129890067282
01121000,PET,Q,5,1,0.0016561986392017586
01121000,PET,Q,5,2,0.001986857468790487
01121000,PET,Q,5,3,0.0022834264877539465
01121000,PET,Q,5,4,0.0017544298612237191
01121000,PET,Q,5,5,0.0017053458814030656
01121000,PET,Q,5,6,0.002135747141537317
01121000,PET,Q,5,7,0.0020248089184019963
01121000,PET,Q,5,8,0.0022369181942310384
01121000,PET,Q,5,9,0.0021191612735107085
01121000,PET,Q,5,10,0.0014534475959589246
01121000,PET,Q,5,11,0.0017991326128832946
01121000,PET,Q,5,12,0.0016904423199678165
01121000,PET,Q,5,13,0.0017656372238766052
01121000,PET,Q,5,14,0.001720165097042807
01121000,PET,Q,5,15,0.001781165236989346
01121000,PET,Q,5,16,0.0019102161605929965
01121000,PET,Q,5,17,0.001655862684217413
01121000,PET,Q,5,18,0.0016415132003075664
01121000,PET,Q,5,19,0.0020077075042169157
01121000,PET,Q,5,20,0.0020407311530265815
01121000,PET,Q,5,21,0.00250174053797296
01121000,PET,Q,5,22,0.0020120129451390995
01121000,PET,Q,5,23,0.0020795067565626615
01121000,PET,Q,5,24,0.0019141998850882788
01121000,PET,Q,5,25,0.0018059201921591175
01121000,PET,Q,5,26,0.001960205844071
01121000,PET,Q,5,27,0.0019401519828722846
01121000,PET,Q,5,28,0.001972149568411498
01121000,PET,Q,5,29,0.0018205766300784382
01121000,PET,Q,5,30,0.002179171906477338
01123000,PET,Q,5,1,0.002622360158670345
01123000,PET,Q,5,2,0.002538534276349369
01123000,PET,Q,5,3,0.002692360986189253
01123000,PET,Q,5,4,0.0018423608588787749
01123000,PET,Q,5,5,0.0016836418499931102
01123000,PET,Q,5,6,0.0011667636852227686
01123000,PET,Q,5,7,0.001266416710652328
01123000,PET,Q,5,8,0.0015149354461566622
01123000,PET,Q,5,9,0.0018149565995855127
01123000,PET,Q,5,10,0.0018216146540135647
01123000,PET,Q,5,11,0.0021880358418601698
01123000,PET,Q,5,12,0.0015546871639572635
01123000,PET,Q,5,13,0.0015938644456555198
01123000,PET,Q,5,14,0.0013624957966225856
01123000,PET,Q,5,15,0.001482892703486012
01123000,PET,Q,5,16,0.001644714744951932
01123000,PET,Q,5,17,0.0016417511523623973
01123000,PET,Q,5,18,0.0013391101053695093
01123000,PET,Q,5,19,0.001423777126305259
01123000,PET,Q,5,20,0.0016788527380814794
01123000,PET,Q,5,21,0.0014467295192575683
01123000,PET,Q,5,22,0.0019916130145908317
01123000,PET,Q,5,23,0.0018410087750251602
01123000,PET,Q,5,24,0.00219721489851718
01123000,PET,Q,5,25,0.0019355738513957693
01123000,PET,Q,5,26,0.0018830469499093588
01123000,PET,Q,5,27,0.0022193539117323496
01123000,PET,Q,5,28,0.0020833045065949685
01123000,PET,Q,5,29,0.0017362165269790772
01123000,PET,Q,5,30,0.0019367233658505456
01134500,PET,Q,5,1,0.003637156235578004
01134500,PET,Q,5,2,0.0027782420024624888
01134500,PET,Q,5,3,0.0029293554412990475
01134500,PET,Q,5,4,0.002712005975853221
01134500,PET,Q,5,5,0.0034442116675300616
01134500,PET,Q,5,6,0.0031502307168639193
01134500,PET,Q,5,7,0.0028861979249477643
01134500,PET,Q,5,8,0.0024635994800281252
01134500,PET,Q,5,9,0.0017788202937092656
01134500,PET,Q,5,10,0.002929664026733586
01134500,PET,Q,5,11,0.002792859163500569
01134500,PET,Q,5,12,0.0036619525743624703
01134500,PET,Q,5,13,0.003223943882800187
01134500,PET,Q,5,14,0.0022090855245475993
01134500,PET,Q,5,15,0.002646571885526694
01134500,PET,Q,5,16,0.00283714046484064
01134500,PET,Q,5,17,0.0032190860545299738
01134500,PET,Q,5,18,0.002714168657475438
01134500,PET,Q,5,19,0.002278805526963079
01134500,PET,Q,5,20,0.0019605862791770845
01134500,PET,Q,5,21,0.002910361256569155
01134500,PET,Q,5,22,0.0026680619545241813
01134500,PET,Q,5,23,0.003146345327220079
01134500,PET,Q,5,24,0.002330210461960844
01134500,PET,Q,5,25,0.0022824787288887177
01134500,PET,Q,5,26,0.0027582818337359705
01134500,PET,Q,5,27,0.0027168056398912815
01134500,PET,Q,5,28,0.002124423090348368
01134500,PET,Q,5,29,0.002117139359029477
01134500,PET,Q,5,30,0.0022498792270277818
01137500,PET,Q,5,1,0.003308800307746995
01137500,PET,Q,5,2,0.0031695308681721768
01137500,PET,Q,5,3,0.0025446614602051
01137500,PET,Q,5,4,0.0023475275318196043
01137500,PET,Q,5,5,0.0029974860295372274
01137500,PET,Q,5,6,0.0023722497359806305
01137500,PET,Q,5,7,0.002722701222009627
01137500,PET,Q,5,8,0.0027986710766116363
01137500,PET,Q,5,9,0.0025849599567408232
01137500,PET,Q,5,10,0.0021005653011683667
01137500,PET,Q,5,11,0.00253185593736982
01137500,PET,Q,5,12,0.0025988743197031816
01137500,PET,Q,5,13,0.002526519114642106
01137500,PET,Q,5,14,0.0020794836298428654
01137500,PET,Q,5,15,0.002574234900933864
01137500,PET,Q,5,16,0.0022209544355538124
01137500,PET,Q,5,17,0.0024882214399101488
01137500,PET,Q,5,18,0.0028566591945662634
01137500,PET,Q,5,19,0.0027791832124189064
01137500,PET,Q,5,20,0.0032873253287416804
01137500,PET,Q,5,21,0.0025115010060218212
01137500,PET,Q,5,22,0.002919583087339167
01137500,PET,Q,5,23,0.0025373809425094374
01137500,PET,Q,5,24,0.0026100326345919744
01137500,PET,Q,5,25,0.0035182160539132257
01137500,PET,Q,5,26,0.00295965277193308
01137500,PET,Q,5,27,0.0032336473694296874
01137500,PET,Q,5,28,0.0028796664891358736
01137500,PET,Q,5,29,0.0023495592827378065
01137500,PET,Q,5,30,0.0026429889057572598
01139000,PET,Q,5,1,0.0065039267460998695
01139000,PET,Q,5,2,0.005459164547004347
01139000,PET,Q,5,3,0.005996832856276835
01139000,PET,Q,5,4,0.005491859800525495
01139000,PET,Q,5,5,0.005497452006308801
01139000,PET,Q,5,6,0.005234499989097946
01139000,PET,Q,5,7,0.0048900391427165735
01139000,PET,Q,5,8,0.005369432622508857
01139000,PET,Q,5,9,0.005309264700481486
01139000,PET,Q,5,10,0.0052411337981845
01139000,PET,Q,5,11,0.004707549768249331
01139000,PET,Q,5,12,0.004770134690860628
01139000,PET,Q,5,13,0.005655296999691972
01139000,PET,Q,5,14,0.004990967822080777
01139000,PET,Q,5,15,0.004872731753510218
01139000,PET,Q,5,16,0.004617227973737592
01139000,PET,Q,5,17,0.004935499253431563
01139000,PET,Q,5,18,0.005167035672728415
01139000,PET,Q,5,19,0.005683350700176448
01139000,PET,Q,5,20,0.004409199563705141
01139000,PET,Q,5,21,0.004800637520317758
01139000,PET,Q,5,22,0.0052425355614175995
01139000,PET,Q,5,23,0.005227369900263429
01139000,PET,Q,5,24,0.005177976680958207
01139000,PET,Q,5,25,0.0051294581922347315
01139000,PET,Q,5,26,0.004691993161386715
01139000,PET,Q,5,27,0.004220011620088532
01139000,PET,Q,5,28,0.004672518736975079
01139000,PET,Q,5,29,0.0050800097621380436
01139000,PET,Q,5,30,0.00480999395751433
01139800,PET,Q,5,1,0.005584174884832066
01139800,PET,Q,5,2,0.005480804267315287
01139800,PET,Q,5,3,0.005123904358136783
01139800,PET,Q,5,4,0.0057626445966484086
01139800,PET,Q,5,5,0.004554546088970712
01139800,PET,Q,5,6,0.005471102156859309
01139800,PET,Q,5,7,0.004392208853856411
01139800,PET,Q,5,8,0.004841078115761732
01139800,PET,Q,5,9,0.005214938800854135
01139800,PET,Q,5,10,0.004705184180769234
01139800,PET,Q,5,11,0.005828322886026388
01139800,PET,Q,5,12,0.00695544333691564
01139800,PET,Q,5,13,0.004538871904560204
01139800,PET,Q,5,14,0.004759391850220923
01139800,PET,Q,5,15,0.004410090859354454
01139800,PET,Q,5,16,0.0052495051678522475
01139800,PET,Q,5,17,0.005074493384604084
01139800,PET,Q,5,18,0.00582734205389443
01139800,PET,Q,5,19,0.004588487315613621
01139800,PET,Q,5,20,0.005556936864311163
01139800,PET,Q,5,21,0.004571863646509716
01139800,PET,Q,5,22,0.0038170507826688904
01139800,PET,Q,5,23,0.0035898401973172844
01139800,PET,Q,5,24,0.0036650924379766914
01139800,PET,Q,5,25,0.004426485962447629
01139800,PET,Q,5,26,0.004003589093311499
01139800,PET,Q,5,27,0.00407286754885583
01139800,PET,Q,5,28,0.005037238925579279
01139800,PET,Q,5,29,0.005047340665233296
01139800,PET,Q,5,30,0.004656304511541004
01142500,PET,Q,5,1,0.0033785821042687098
01142500,PET,Q,5,2,0.0035259858904278796
01142500,PET,Q,5,3,0.0025449797509360245
01142500,PET,Q,5,4,0.0028259436444113134
01142500,PET,Q,5,5,0.0028310885096465843
01142500,PET,Q,5,6,0.0023704373943220086
01142500,PET,Q,5,7,0.003019602562934931
01142500,PET,Q,5,8,0.0020815800886545555
01142500,PET,Q,5,9,0.0022694496705499417
01142500,PET,Q,5,10,0.0023190269751939135
01142500,PET,Q,5,11,0.002083375793005632
01142500,PET,Q,5,12,0.003171155349552618
01142500,PET,Q,5,13,0.002392180645856043
01142500,PET,Q,5,14,0.0020142011282888728
01142500,PET,Q,5,15,0.00192114336013266
01142500,PET,Q,5,16,0.00198058237801918
01142500,PET,Q,5,17,0.0020409215226389193
01142500,PET,Q,5,18,0.0013566143012241627
01142500,PET,Q,5,19,0.002549104407203226
01142500,PET,Q,5,20,0.0025695793311075604
01142500,PET,Q,5,21,0.002156839168760638
01142500,PET,Q,5,22,0.0017995022842593883
01142500,PET,Q,5,23,0.0017598296997954205
01142500,PET,Q,5,24,0.0021347338431853824
01142500,PET,Q,5,25,0.0019132065855205355
01142500,PET,Q,5,26,0.0017879015212317467
01142500,PET,Q,5,27,0.00197843861612694
01142500,PET,Q,5,28,0.001981756289702638
01142500,PET,Q,5,29,0.0016311713980604048
01142500,PET,Q,5,30,0.0018514376496801543
01144000,PET,Q,5,1,0.003323312888448282
01144000,PET,Q,5,2,0.0032453109322421597
01144000,PET,Q,5,3,0.003210466584736768
01144000,PET,Q,5,4,0.0021731074565080194
01144000,PET,Q,5,5,0.002771639368447529
01144000,PET,Q,5,6,0.003058456010538488
01144000,PET,Q,5,7,0.0029515605545389206
01144000,PET,Q,5,8,0.002187136581337734
01144000,PET,Q,5,9,0.002394798317890426
01144000,PET,Q,5,10,0.0025715032242834973
01144000,PET,Q,5,11,0.003006041770792528
01144000,PET,Q,5,12,0.003056893157370788
01144000,PET,Q,5,13,0.0032473284312459494
01144000,PET,Q,5,14,0.002888745199107229
01144000,PET,Q,5,15,0.002352167178801448
01144000,PET,Q,5,16,0.0018271178458963283
01144000,PET,Q,5,17,0.0030033073815738526
01144000,PET,Q,5,18,0.002667943838925546
01144000,PET,Q,5,19,0.0026915157288323055
01144000,PET,Q,5,20,0.0029588282712365993
01144000,PET,Q,5,21,0.0030858549086698606
01144000,PET,Q,5,22,0.0024574037574384006
01144000,PET,Q,5,23,0.0025916982091804958
01144000,PET,Q,5,24,0.0022438630945860044
01144000,PET,Q,5,25,0.0028596182118787034
01144000,PET,Q,5,26,0.0023348009383514085
01144000,PET,Q,5,27,0.0024537435972615956
01144000,PET,Q,5,28,0.0023532952919367994
01144000,PET,Q,5,29,0.002269217953274588
01144000,PET,Q,5,30,0.002288336294563431
01162500,PET,Q,5,1,0.002638081011037352
01162500,PET,Q,5,2,0.0018712363766372198
01162500,PET,Q,5,3,0.0025342072738905597
01162500,PET,Q,5,4,0.002096126172578844
01162500,PET,Q,5,5,0.0016856408941091083
01162500,PET,Q,5,6,0.0018983868649416757
01162500,PET,Q,5,7,0.002256635925887124
01162500,PET,Q,5,8,0.002258539598079201
01162500,PET,Q,5,9,0.0021547269717636652
01162500,PET,Q,5,10,0.002491442945941419
01162500,PET,Q,5,11,0.001981092306180404
01162500,PET,Q,5,12,0.0018639876474509376
01162500,PET,Q,5,13,0.001933430237862549
01162500,PET,Q,5,14,0.0020790242524621194
01162500,PET,Q,5,15,0.0020151550626901493
01162500,PET,Q,5,16,0.002545441355347483
01162500,PET,Q,5,17,0.0021331603527342535
01162500,PET,Q,5,18,0.0017869820417877325
01162500,PET,Q,5,19,0.0016976311627879548
01162500,PET,Q,5,20,0.0022731305363405674
01162500,PET,Q,5,21,0.0023336953742101874
01162500,PET,Q,5,22,0.002310706830536302
01162500,PET,Q,5,23,0.002168223480440129
01162500,PET,Q,5,24,0.002662804435013988
01162500,PET,Q,5,25,0.002175466311981955
01162500,PET,Q,5,26,0.0021404295015697294
01162500,PET,Q,5,27,0.002330548092015494
01162500,PET,Q,5,28,0.0020692970748113493
01162500,PET,Q,5,29,0.0020744388788078716
01162500,PET,Q,5,30,0.002159325287619418
01169000,PET,Q,5,1,0.0011643134790908505
01169000,PET,Q,5,2,0.0015867101988674692
01169000,PET,Q,5,3,0.0014538587450630969
01169000,PET,Q,5,4,0.0015174394940846228
01169000,PET,Q,5,5,0.0012334060333806518
01169000,PET,Q,5,6,0.0019229855951558433
01169000,PET,Q,5,7,0.0019452066803747683
01169000,PET,Q,5,8,0.0020149071219085976
01169000,PET,Q,5,9,0.0016039859435742765
01169000,PET,Q,5,10,0.0013117309003922925
01169000,PET,Q,5,11,0.0017570403947297086
01169000,PET,Q,5,12,0.002182814508497534
01169000,PET,Q,5,13,0.0018981830060214172
01169000,PET,Q,5,14,0.0012755745129732002
01169000,PET,Q,5,15,0.0017348485843949116
01169000,PET,Q,5,16,0.0018972284779413887
01169000,PET,Q,5,17,0.0021379917912747112
01169000,PET,Q,5,18,0.0015397866187583237
01169000,PET,Q,5,19,0.0019440254579660074
01169000,PET,Q,5,20,0.002269035214526635
01169000,PET,Q,5,21,0.0017436370201926801
01169000,PET,Q,5,22,0.0017722274411037242
01169000,PET,Q,5,23,0.0011707227964368877
01169000,PET,Q,5,24,0.0015791103469017728
01169000,PET,Q,5,25,0.0015132262985691064
01169000,PET,Q,5,26,0.0016998261882531715
01169000,PET,Q,5,27,0.00205905980444894
01169000,PET,Q,5,28,0.001862742009353685
01169000,PET,Q,5,29,0.0018812439010919071
01169000,PET,Q,5,30,0.0018169925510723023
01170100,PET,Q,5,1,0.0021557805035385263
01170100,PET,Q,5,2,0.0022544282693707923
01170100,PET,Q,5,3,0.0020390808245431685
01170100,PET,Q,5,4,0.002620867844816535
01170100,PET,Q,5,5,0.002025388428084293
01170100,PET,Q,5,6,0.002152608415525864
01170100,PET,Q,5,7,0.0024445139577837713
01170100,PET,Q,5,8,0.0024233442675583652
01170100,PET,Q,5,9,0.0016412534909714394
01170100,PET,Q,5,10,0.0018782201798022147
01170100,PET,Q,5,11,0.002258770258347989
01170100,PET,Q,5,12,0.002322579128785432
01170100,PET,Q,5,13,0.002021254132636735
01170100,PET,Q,5,14,0.0016459710490330584
01170100,PET,Q,5,15,0.002048035509802988
01170100,PET,Q,5,16,0.0021023045765863405
01170100,PET,Q,5,17,0.0018955810947015941
01170100,PET,Q,5,18,0.0016152438571646124
01170100,PET,Q,5,19,0.002782903899342916
01170100,PET,Q,5,20,0.002592895499939768
01170100,PET,Q,5,21,0.0015792397666859609
01170100,PET,Q,5,22,0.001978812823322136
01170100,PET,Q,5,23,0.002134028999945657
01170100,PET,Q,5,24,0.002221070086245787
01170100,PET,Q,5,25,0.0019728719306300532
01170100,PET,Q,5,26,0.002411374154537564
01170100,PET,Q,5,27,0.002144362729985659
01170100,PET,Q,5,28,0.0019524891796891333
01170100,PET,Q,5,29,0.002309846883082181
01170100,PET,Q,5,30,0.0022441723041114747
01181000,PET,Q,5,1,0.0008017014671362933
01181000,PET,Q,5,2,0.0011315911482962931
01181000,PET,Q,5,3,0.001071426023547567
01181000,PET,Q,5,4,0.0016189774308506821
01181000,PET,Q,5,5,0.0010123085573922504
01181000,PET,Q,5,6,0.0012426438788694129
01181000,PET,Q,5,7,0.0013109696674356956
01181000,PET,Q,5,8,0.0015130107550242015
01181000,PET,Q,5,9,0.000988061222775588
01181000,PET,Q,5,10,0.0009968447792681814
01181000,PET,Q,5,11,0.0011934494223061684
01181000,PET,Q,5,12,0.0014730865713535567
01181000,PET,Q,5,13,0.001273473243139655
01181000,PET,Q,5,14,0.0012156985613327245
01181000,PET,Q,5,15,0.0011843939487574222
01181000,PET,Q,5,16,0.001041689933591855
01181000,PET,Q,5,17,0.000959335576398896
01181000,PET,Q,5,18,0.0012457381802651428
01181000,PET,Q,5,19,0.001027276950043645
01181000,PET,Q,5,20,0.0013555338040942728
01181000,PET,Q,5,21,0.0008465918336494106
01181000,PET,Q,5,22,0.0010763228913160498
01181000,PET,Q,5,23,0.0010046755349526898
01181000,PET,Q,5,24,0.001261703851832753
01181000,PET,Q,5,25,0.0010273246482380254
01181000,PET,Q,5,26,0.0010899220166557186
01181000,PET,Q,5,27,0.0010572851090922056
01181000,PET,Q,5,28,0.0008510128419521763
01181000,PET,Q,5,29,0.0008525871114339924
01181000,PET,Q,5,30,0.0010447350166455475
01187300,PET,Q,5,1,0.0015269624811643165
01187300,PET,Q,5,2,0.0014796273686659075
01187300,PET,Q,5,3,0.0021856332702025055
01187300,PET,Q,5,4,0.001488603101210545
01187300,PET,Q,5,5,0.0012512417114296306
01187300,PET,Q,5,6,0.0016262397516965746
01187300,PET,Q,5,7,0.0015590747348023723
01187300,PET,Q,5,8,0.0012087560763980251
01187300,PET,Q,5,9,0.0015533518847925254
01187300,PET,Q,5,10,0.0013196960016484613
01187300,PET,Q,5,11,0.0018344301903508997
01187300,PET,Q,5,12,0.0017852486669822643
01187300,PET,Q,5,13,0.0014823106619794996
01187300,PET,Q,5,14,0.0012276465568448747
01187300,PET,Q,5,15,0.0016005873372915633
01187300,PET,Q,5,16,0.001359092849651626
01187300,PET,Q,5,17,0.0012015800480892
01187300,PET,Q,5,18,0.001391273964954691
01187300,PET,Q,5,19,0.001612535354053042
01187300,PET,Q,5,20,0.0016363343428096033
01187300,PET,Q,5,21,0.001550796746460581
01187300,PET,Q,5,22,0.0011591438315489977
01187300,PET,Q,5,23,0.0013266290893115817
01187300,PET,Q,5,24,0.001233159649496711
01187300,PET,Q,5,25,0.001238696387639071
01187300,PET,Q,5,26,0.0013253752936041793
01187300,PET,Q,5,27,0.0013888781270975231
01187300,PET,Q,5,28,0.0011590425106907734
01187300,PET,Q,5,29,0.001466962729842189
01187300,PET,Q,5,30,0.001515961050940283
01195100,PET,Q,5,1,0.002625678557172828
01195100,PET,Q,5,2,0.0017651249697940297
01195100,PET,Q,5,3,0.002512436008614019
01195100,PET,Q,5,4,0.0029533249152078195
01195100,PET,Q,5,5,0.0031186806072905776
01195100,PET,Q,5,6,0.00296424552187928
01195100,PET,Q,5,7,0.00293781439445899
01195100,PET,Q,5,8,0.0036771546821919993
01195100,PET,Q,5,9,0.002996676776522947
01195100,PET,Q,5,10,0.0028350500282460084
01195100,PET,Q,5,11,0.0025428123677229825
01195100,PET,Q,5,12,0.002946862366094455
01195100,PET,Q,5,13,0.0028936751591784188
01195100,PET,Q,5,14,0.0031066667790296265
01195100,PET,Q,5,15,0.0025866209720182276
01195100,PET,Q,5,16,0.003363536432217512
01195100,PET,Q,5,17,0.002914620430687742
01195100,PET,Q,5,18,0.0028179303295754465
01195100,PET,Q,5,19,0.003081697604367231
01195100,PET,Q,5,20,0.003156345199970531
01195100,PET,Q,5,21,0.0032050395504142903
01195100,PET,Q,5,22,0.0032416065687673606
01195100,PET,Q,5,23,0.0032411930985860593
01195100,PET,Q,5,24,0.003081241194974077
01195100,PET,Q,5,25,0.003050915504015997
01195100,PET,Q,5,26,0.0031080420203226655
01195100,PET,Q,5,27,0.003581900663847365
01195100,PET,Q,5,28,0.003384525037848349
01195100,PET,Q,5,29,0.0029776062039011397
01195100,PET,Q,5,30,0.00352998085124627
01333000,PET,Q,5,1,0.0037615279730075224
01333000,PET,Q,5,2,0.003041172275312365
01333000,PET,Q,5,3,0.0038897510084410225
01333000,PET,Q,5,4,0.004140590748725609
01333000,PET,Q,5,5,0.003599776100579183
01333000,PET,Q,5,6,0.004586306554438396
01333000,PET,Q,5,7,0.004138963914629951
01333000,PET,Q,5,8,0.0042319016030265555
01333000,PET,Q,5,9,0.0037980999434243934
01333000,PET,Q,5,10,0.003879139477806659
01333000,PET,Q,5,11,0.004759089317386028
01333000,PET,Q,5,12,0.004611470061422568
01333000,PET,Q,5,13,0.004726940731472812
01333000,PET,Q,5,14,0.004079338197792326
01333000,PET,Q,5,15,0.004779156626059877
01333000,PET,Q,5,16,0.004206861289326819
01333000,PET,Q,5,17,0.004225156923818862
01333000,PET,Q,5,18,0.004220137729521789
01333000,PET,Q,5,19,0.004180236825124667
01333000,PET,Q,5,20,0.004413152417581834
01333000,PET,Q,5,21,0.00462331969625393
01333000,PET,Q,5,22,0.004576515612073839
01333000,PET,Q,5,23,0.004677299347453423
01333000,PET,Q,5,24,0.005006135356345309
01333000,PET,Q,5,25,0.0047177002825782854
01333000,PET,Q,5,26,0.0052855613846440885
01333000,PET,Q,5,27,0.005515591173500062
01333000,PET,Q,5,28,0.005166889517472156
01333000,PET,Q,5,29,0.0053448872211012965
01333000,PET,Q,5,30,0.005266195639090421
01350000,PET,Q,5,1,0.001063718581902788
01350000,PET,Q,5,2,0.0009743068440813026
01350000,PET,Q,5,3,0.000704665286517546
01350000,PET,Q,5,4,0.0008023545217763495
01350000,PET,Q,5,5,0.0005533196153242707
01350000,PET,Q,5,6,0.0010151480229117944
01350000,PET,Q,5,7,0.0006878421077346208
01350000,PET,Q,5,8,0.0006515824730240864
01350000,PET,Q,5,9,0.0009101769329142931
01350000,PET,Q,5,10,0.0008530594969488291
01350000,PET,Q,5,11,0.000955980508848691
01350000,PET,Q,5,12,0.0008077533598371406
01350000,PET,Q,5,13,0.00091269264021775
01350000,PET,Q,5,14,0.0008038791931507215
01350000,PET,Q,5,15,0.000720827608689429
01350000,PET,Q,5,16,0.0009739828897311134
01350000,PET,Q,5,17,0.0008844084995877216
01350000,PET,Q,5,18,0.0008541960511378802
01350000,PET,Q,5,19,0.0010175876202312348
01350000,PET,Q,5,20,0.0010660197627347517
01350000,PET,Q,5,21,0.0007077924136875725
01350000,PET,Q,5,22,0.0008151513505221357
01350000,PET,Q,5,23,0.0005556914137299189
01350000,PET,Q,5,24,0.0006753417909272676
01350000,PET,Q,5,25,0.0007947817961387257
01350000,PET,Q,5,26,0.0006062884736753593
01350000,PET,Q,5,27,0.0006605023290631763
01350000,PET,Q,5,28,0.0008361625699174376
01350000,PET,Q,5,29,0.0008424835270332866
01350000,PET,Q,5,30,0.0006875882855385575
01350080,PET,Q,5,1,0.0021061233245859845
01350080,PET,Q,5,2,0.0019406856622431051
01350080,PET,Q,5,3,0.0013682433348222514
01350080,PET,Q,5,4,0.0016546844052133733
01350080,PET,Q,5,5,0.0016593934804983793
01350080,PET,Q,5,6,0.0022289399689019856
01350080,PET,Q,5,7,0.0015286010684378015
01350080,PET,Q,5,8,0.001480026219762516
01350080,PET,Q,5,9,0.0015332606314981678
01350080,PET,Q,5,10,0.001470227261395389
01350080,PET,Q,5,11,0.0012033708530560308
01350080,PET,Q,5,12,0.0020283588271963818
01350080,PET,Q,5,13,0.001448049963566518
01350080,PET,Q,5,14,0.0011510898226194596
01350080,PET,Q,5,15,0.0013064236631190537
01350080,PET,Q,5,16,0.001312846954966508
01350080,PET,Q,5,17,0.0015497667932649478
01350080,PET,Q,5,18,0.0015500838696002259
01350080,PET,Q,5,19,0.0014138275976612671
01350080,PET,Q,5,20,0.0015876737514832484
01350080,PET,Q,5,21,0.0015509661309190473
01350080,PET,Q,5,22,0.0013294342600567166
01350080,PET,Q,5,23,0.001583091269819946
01350080,PET,Q,5,24,0.001271288129704895
01350080,PET,Q,5,25,0.0015943159766541107
01350080,PET,Q,5,26,0.001427990887555186
01350080,PET,Q,5,27,0.0011496230094830001
01350080,PET,Q,5,28,0.0012587291624443844
01350080,PET,Q,5,29,0.0012785812560051901
01350080,PET,Q,5,30,0.0015093173617174924
01350140,PET,Q,5,1,0.002559676109230913
01350140,PET,Q,5,2,0.0029887371328086443
01350140,PET,Q,5,3,0.0021285295882233907
01350140,PET,Q,5,4,0.002397014144017731
01350140,PET,Q,5,5,0.002867512738169334
01350140,PET,Q,5,6,0.0027805169103506944
01350140,PET,Q,5,7,0.0028168246692542726
01350140,PET,Q,5,8,0.002697238661111434
01350140,PET,Q,5,9,0.0028700097600488084
01350140,PET,Q,5,10,0.0026446914152503803
01350140,PET,Q,5,11,0.002796014293113186
01350140,PET,Q,5,12,0.0028324309420433152
01350140,PET,Q,5,13,0.0027896150166240585
01350140,PET,Q,5,14,0.0027020580946483796
01350140,PET,Q,5,15,0.002368553545144092
01350140,PET,Q,5,16,0.003606612302531495
01350140,PET,Q,5,17,0.002867210830920938
01350140,PET,Q,5,18,0.0028896277974399948
01350140,PET,Q,5,19,0.0026054549751609313
01350140,PET,Q,5,20,0.0027156662318893604
01350140,PET,Q,5,21,0.0029833983070068765
01350140,PET,Q,5,22,0.002903961506573738
01350140,PET,Q,5,23,0.0025564027317324794
01350140,PET,Q,5,24,0.0030607748917823446
01350140,PET,Q,5,25,0.002588490540161026
01350140,PET,Q,5,26,0.002868768644143857
01350140,PET,Q,5,27,0.0029217501394412926
01350140,PET,Q,5,28,0.0028106854599784237
01350140,PET,Q,5,29,0.0026360496582258502
01350140,PET,Q,5,30,0.003024074181377595
01365000,PET,Q,5,1,0.001402722193270478
01365000,PET,Q,5,2,0.0013608134868692001
01365000,PET,Q,5,3,0.0017370342868721217
01365000,PET,Q,5,4,0.001932706349750915
01365000,PET,Q,5,5,0.0017625274749135944
01365000,PET,Q,5,6,0.001877584137738239
01365000,PET,Q,5,7,0.0016366858151839886
01365000,PET,Q,5,8,0.0016794442479390603
01365000,PET,Q,5,9,0.001755433267221121
01365000,PET,Q,5,10,0.0014089798824582361
01365000,PET,Q,5,11,0.0012434186941981118
01365000,PET,Q,5,12,0.0017253159885447233
01365000,PET,Q,5,13,0.002125011965926016
01365000,PET,Q,5,14,0.0012096612605822094
01365000,PET,Q,5,15,0.0023736630657960056
01365000,PET,Q,5,16,0.0020839073779084366
01365000,PET,Q,5,17,0.0016437455054898048
01365000,PET,Q,5,18,0.001645587839288573
01365000,PET,Q,5,19,0.0011534090379564516
01365000,PET,Q,5,20,0.001798949253269469
01365000,PET,Q,5,21,0.0015798996825413525
01365000,PET,Q,5,22,0.0013346310824500773
01365000,PET,Q,5,23,0.001399620110969016
01365000,PET,Q,5,24,0.00145150508700706
01365000,PET,Q,5,25,0.0016640818579633926
01365000,PET,Q,5,26,0.001053534723547217
01365000,PET,Q,5,27,0.0015613540284331456
01365000,PET,Q,5,28,0.0017176245060710887
01365000,PET,Q,5,29,0.0014967420827860511
01365000,PET,Q,5,30,0.001966837205480604
01411300,PET,Q,5,1,0.0019900603848568843
01411300,PET,Q,5,2,0.001450249952517163
01411300,PET,Q,5,3,0.0017830138164946427
01411300,PET,Q,5,4,0.00110822549610326
01411300,PET,Q,5,5,0.0010660325473238474
01411300,PET,Q,5,6,0.0011489518528572037
01411300,PET,Q,5,7,0.0007536168179883493
01411300,PET,Q,5,8,0.0011237349477822844
01411300,PET,Q,5,9,0.000949913723768174
01411300,PET,Q,5,10,0.00137970343035565
01411300,PET,Q,5,11,0.0009934841993841093
01411300,PET,Q,5,12,0.001294740240908837
01411300,PET,Q,5,13,0.0012582834436685245
01411300,PET,Q,5,14,0.0009329523413185645
01411300,PET,Q,5,15,0.0011922996875044084
01411300,PET,Q,5,16,0.0010416514658558446
01411300,PET,Q,5,17,0.000987511263245533
01411300,PET,Q,5,18,0.0008779411452825639
01411300,PET,Q,5,19,0.0008929420058564619
01411300,PET,Q,5,20,0.0006703136376142241
01411300,PET,Q,5,21,0.0010611122185438457
01411300,PET,Q,5,22,0.0014628815106965051
01411300,PET,Q,5,23,0.0009912622770724827
01411300,PET,Q,5,24,0.0009943081626662478
01411300,PET,Q,5,25,0.0010648208688508742
01411300,PET,Q,5,26,0.0006938975272050632
01411300,PET,Q,5,27,0.001058093174714489
01411300,PET,Q,5,28,0.001131806120585624
01411300,PET,Q,5,29,0.0009261221259877356
01411300,PET,Q,5,30,0.001059556112830283
01413500,PET,Q,5,1,0.0013998443991188082
01413500,PET,Q,5,2,0.0012468155335175167
01413500,PET,Q,5,3,0.0011879041392238443
01413500,PET,Q,5,4,0.0014897432457267566
01413500,PET,Q,5,5,0.0012718214635693073
01413500,PET,Q,5,6,0.001387181321258986
01413500,PET,Q,5,7,0.0014950043864046178
01413500,PET,Q,5,8,0.001694124818197952
01413500,PET,Q,5,9,0.0019339117895255144
01413500,PET,Q,5,10,0.001507691244810934
01413500,PET,Q,5,11,0.0015208960554809851
01413500,PET,Q,5,12,0.001572249678203519
01413500,PET,Q,5,13,0.001186293303241416
01413500,PET,Q,5,14,0.001011005553884066
01413500,PET,Q,5,15,0.0012442994039501137
01413500,PET,Q,5,16,0.001728210461540581
01413500,PET,Q,5,17,0.0014819194996576364
01413500,PET,Q,5,18,0.0013244192584774966
01413500,PET,Q,5,19,0.0012570217754243676
01413500,PET,Q,5,20,0.0016181884875320178
01413500,PET,Q,5,21,0.0012997484795250897
01413500,PET,Q,5,22,0.0012345608802572273
01413500,PET,Q,5,23,0.001261076290734811
01413500,PET,Q,5,24,0.001016835526607078
01413500,PET,Q,5,25,0.0016689253731561847
01413500,PET,Q,5,26,0.0014662753625494206
01413500,PET,Q,5,27,0.0015261506650528257
01413500,PET,Q,5,28,0.0014481566388582362
01413500,PET,Q,5,29,0.0013712121588773107
01413500,PET,Q,5,30,0.0015408112973877529
01414500,PET,Q,5,1,0.00171280285533245
01414500,PET,Q,5,2,0.00175949191802649
01414500,PET,Q,5,3,0.0018633039749361285
01414500,PET,Q,5,4,0.0021835310383791495
01414500,PET,Q,5,5,0.0014005309551525028
01414500,PET,Q,5,6,0.0019648567404169787
01414500,PET,Q,5,7,0.0019204652373939826
01414500,PET,Q,5,8,0.001412144814980379
01414500,PET,Q,5,9,0.0015826679260082313
01414500,PET,Q,5,10,0.001550597655362862
01414500,PET,Q,5,11,0.002036261531790755
01414500,PET,Q,5,12,0.001783071883342563
01414500,PET,Q,5,13,0.0018048341824039374
01414500,PET,Q,5,14,0.0017861136228897248
01414500,PET,Q,5,15,0.001920613414207982
01414500,PET,Q,5,16,0.002204416121785152
01414500,PET,Q,5,17,0.0019084817804297105
01414500,PET,Q,5,18,0.0022882084187743346
01414500,PET,Q,5,19,0.0015859081763166319
01414500,PET,Q,5,20,0.002139783613999781
01414500,PET,Q,5,21,0.0021770694773809093
01414500,PET,Q,5,22,0.0021041898480365917
01414500,PET,Q,5,23,0.0020165236782810417
01414500,PET,Q,5,24,0.002232216942102787
01414500,PET,Q,5,25,0.002034493274754419
01414500,PET,Q,5,26,0.0020649992799643135
01414500,PET,Q,5,27,0.0018587376551818732
01414500,PET,Q,5,28,0.0018233682687811281
01414500,PET,Q,5,29,0.002308278125145294
01414500,PET,Q,5,30,0.002146639032375691
01415000,PET,Q,5,1,0.001340438748479028
01415000,PET,Q,5,2,0.0014739686822379666
01415000,PET,Q,5,3,0.0014573673435259796
01415000,PET,Q,5,4,0.0012659168642241495
01415000,PET,Q,5,5,0.001564845384969052
01415000,PET,Q,5,6,0.0016614368547932662
01415000,PET,Q,5,7,0.001567944234255339
01415000,PET,Q,5,8,0.0017759071308569366
01415000,PET,Q,5,9,0.0015854833272424262
01415000,PET,Q,5,10,0.001628336796927858
01415000,PET,Q,5,11,0.001782445994550956
01415000,PET,Q,5,12,0.0017017081070755807
01415000,PET,Q,5,13,0.00145435338062367
01415000,PET,Q,5,14,0.0013672010200836415
01415000,PET,Q,5,15,0.0012464238529587626
01415000,PET,Q,5,16,0.001539735875183891
01415000,PET,Q,5,17,0.0013626704258780445
01415000,PET,Q,5,18,0.0016265398276715873
01415000,PET,Q,5,19,0.0015504066207640624
01415000,PET,Q,5,20,0.0014881537767079886
01415000,PET,Q,5,21,0.0016707148617270268
01415000,PET,Q,5,22,0.0018214797062743593
01415000,PET,Q,5,23,0.0019278092086806656
01415000,PET,Q,5,24,0.0016930648217956326
01415000,PET,Q,5,25,0.0017154831597680012
01415000,PET,Q,5,26,0.0015985146481773196
01415000,PET,Q,5,27,0.0014865934633800301
01415000,PET,Q,5,28,0.0015886065230613713
01415000,PET,Q,5,29,0.0017761524230104422
01415000,PET,Q,5,30,0.0020284494954419738
01423000,PET,Q,5,1,0.001697624785473105
01423000,PET,Q,5,2,0.0016825321822999117
01423000,PET,Q,5,3,0.0019696541798644718
01423000,PET,Q,5,4,0.001619651967056518
01423000,PET,Q,5,5,0.0021074508057221802
01423000,PET,Q,5,6,0.0018821484295816066
01423000,PET,Q,5,7,0.0022553240059097687
01423000,PET,Q,5,8,0.00242865839384563
01423000,PET,Q,5,9,0.0025656610487404183
01423000,PET,Q,5,10,0.0019403664631026593
01423000,PET,Q,5,11,0.002289657054734391
01423000,PET,Q,5,12,0.002262377340523765
01423000,PET,Q,5,13,0.0019850849669311443
01423000,PET,Q,5,14,0.0020524138594290448
01423000,PET,Q,5,15,0.002335698794348487
01423000,PET,Q,5,16,0.0019392016836357398
01423000,PET,Q,5,17,0.002040162466278715
01423000,PET,Q,5,18,0.0021006695080274945
01423000,PET,Q,5,19,0.0017499273891331615
01423000,PET,Q,5,20,0.0021481670685271695
01423000,PET,Q,5,21,0.002176136969031635
01423000,PET,Q,5,22,0.002035996307721874
01423000,PET,Q,5,23,0.0018472382045582464
01423000,PET,Q,5,24,0.0020240602699555105
01423000,PET,Q,5,25,0.0018950062134063875
01423000,PET,Q,5,26,0.0024206951220251266
01423000,PET,Q,5,27,0.0020288379637791037
01423000,PET,Q,5,28,0.0021550275599232296
01423000,PET,Q,5,29,0.0022463438077347034
01423000,PET,Q,5,30,0.0023728273209690856
01434025,PET,Q,5,1,0.0017726401663045732
01434025,PET,Q,5,2,0.0018786956001691293
01434025,PET,Q,5,3,0.0015966424934992715
01434025,PET,Q,5,4,0.0015563084678983097
01434025,PET,Q,5,5,0.0011907660551573399
01434025,PET,Q,5,6,0.0020967087112589503
01434025,PET,Q,5,7,0.0016071108043738125
01434025,PET,Q,5,8,0.001116636017383106
01434025,PET,Q,5,9,0.001751698921596087
01434025,PET,Q,5,10,0.0016610530158398945
01434025,PET,Q,5,11,0.0018765155703829653
01434025,PET,Q,5,12,0.0016485288920443375
01434025,PET,Q,5,13,0.001907319711903277
01434025,PET,Q,5,14,0.0013568969934652578
01434025,PET,Q,5,15,0.0012447277410650853
01434025,PET,Q,5,16,0.0014704777999894267
01434025,PET,Q,5,17,0.0014101746956298317
01434025,PET,Q,5,18,0.0011324010940073
01434025,PET,Q,5,19,0.0017313519875791564
01434025,PET,Q,5,20,0.0016012918112408153
01434025,PET,Q,5,21,0.0013472613613158615
01434025,PET,Q,5,22,0.0014507053061506292
01434025,PET,Q,5,23,0.0013920956462954576
01434025,PET,Q,5,24,0.0017264953282391735
01434025,PET,Q,5,25,0.0013828783301476563
01434025,PET,Q,5,26,0.0014436444910757504
01434025,PET,Q,5,27,0.001373482975825277
01434025,PET,Q,5,28,0.0015967104838921636
01434025,PET,Q,5,29,0.0014268718146698209
01434025,PET,Q,5,30,0.0018646990047462356
01435000,PET,Q,5,1,0.0014924218406676543
01435000,PET,Q,5,2,0.001847125544307826
01435000,PET,Q,5,3,0.001877405262050505
01435000,PET,Q,5,4,0.001679876585177903
01435000,PET,Q,5,5,0.0013879062181791219
01435000,PET,Q,5,6,0.0018366968573974157
01435000,PET,Q,5,7,0.001573068861555088
01435000,PET,Q,5,8,0.0017938647905765132
01435000,PET,Q,5,9,0.001982940019980589
01435000,PET,Q,5,10,0.0014131612793881337
01435000,PET,Q,5,11,0.0018393303515179399
01435000,PET,Q,5,12,0.0020972331452679682
01435000,PET,Q,5,13,0.0015578761673813724
01435000,PET,Q,5,14,0.001502816145103919
01435000,PET,Q,5,15,0.0020658740112252244
01435000,PET,Q,5,16,0.0016827846212677522
01435000,PET,Q,5,17,0.001258307719034485
01435000,PET,Q,5,18,0.0016271135954454424
01435000,PET,Q,5,19,0.0017620760871163293
01435000,PET,Q,5,20,0.0017396229980040784
01435000,PET,Q,5,21,0.0019152166887886068
01435000,PET,Q,5,22,0.0017071467047336392
01435000,PET,Q,5,23,0.001653367719281193
01435000,PET,Q,5,24,0.0015223920490196052
01435000,PET,Q,5,25,0.0015547261687025027
01435000,PET,Q,5,26,0.001887331408387219
01435000,PET,Q,5,27,0.0017109869484704804
01435000,PET,Q,5,28,0.0017814325766852268
01435000,PET,Q,5,29,0.0019133452967018266
01435000,PET,Q,5,30,0.0020896905520593895
01439500,PET,Q,5,1,0.0035889907776793517
01439500,PET,Q,5,2,0.001689496739111257
01439500,PET,Q,5,3,0.0017723795723106617
01439500,PET,Q,5,4,0.0021449947548370374
01439500,PET,Q,5,5,0.0019716511680835103
01439500,PET,Q,5,6,0.002380734119465433
01439500,PET,Q,5,7,0.002379310541894386
01439500,PET,Q,5,8,0.0021586001510451036
01439500,PET,Q,5,9,0.0024673328651519666
01439500,PET,Q,5,10,0.0022105544398185184
01439500,PET,Q,5,11,0.0020388163572525875
01439500,PET,Q,5,12,0.002421506112706029
01439500,PET,Q,5,13,0.0023201267528582536
01439500,PET,Q,5,14,0.002647323630769499
01439500,PET,Q,5,15,0.0022411366006826194
01439500,PET,Q,5,16,0.002485362598201535
01439500,PET,Q,5,17,0.0032514615454088125
01439500,PET,Q,5,18,0.0023125120845415015
01439500,PET,Q,5,19,0.00243961070430615
01439500,PET,Q,5,20,0.002610766906144174
01439500,PET,Q,5,21,0.003096276992893332
01439500,PET,Q,5,22,0.0025064317203567776
01439500,PET,Q,5,23,0.002287482291674331
01439500,PET,Q,5,24,0.0021759043888106844
01439500,PET,Q,5,25,0.0019638661934577306
01439500,PET,Q,5,26,0.0025605361127484794
01439500,PET,Q,5,27,0.0026308571576773854
01439500,PET,Q,5,28,0.0030330079983292846
01439500,PET,Q,5,29,0.0030957083837759025
01439500,PET,Q,5,30,0.0031730059688820644
01440000,PET,Q,5,1,0.0025048769725612985
01440000,PET,Q,5,2,0.0019947668244984854
01440000,PET,Q,5,3,0.0017288185544079293
01440000,PET,Q,5,4,0.0018901919132835454
01440000,PET,Q,5,5,0.0016891200898503794
01440000,PET,Q,5,6,0.0018623970849862975
01440000,PET,Q,5,7,0.001729116097209861
01440000,PET,Q,5,8,0.0018709280179696683
01440000,PET,Q,5,9,0.0019267829742354442
01440000,PET,Q,5,10,0.0012651819050237406
01440000,PET,Q,5,11,0.0012813527890932694
01440000,PET,Q,5,12,0.001526156200373524
01440000,PET,Q,5,13,0.002000865786159059
01440000,PET,Q,5,14,0.0015457422445927793
01440000,PET,Q,5,15,0.0018570024903423674
01440000,PET,Q,5,16,0.0017999230498209964
01440000,PET,Q,5,17,0.002111239468552989
01440000,PET,Q,5,18,0.0018707379128383925
01440000,PET,Q,5,19,0.0014403480320634848
01440000,PET,Q,5,20,0.00151854248767299
01440000,PET,Q,5,21,0.002328888269772532
01440000,PET,Q,5,22,0.002217452108303125
01440000,PET,Q,5,23,0.001969641700797213
01440000,PET,Q,5,24,0.001591516015433142
01440000,PET,Q,5,25,0.0022819318744657507
01440000,PET,Q,5,26,0.0017873879468325582
01440000,PET,Q,5,27,0.0018334621652584468
01440000,PET,Q,5,28,0.002326712759747898
01440000,PET,Q,5,29,0.0017798273848234347
01440000,PET,Q,5,30,0.0018179845227612387
01440400,PET,Q,5,1,0.002096377097361636
01440400,PET,Q,5,2,0.0013828209226158725
01440400,PET,Q,5,3,0.0014062257811001885
01440400,PET,Q,5,4,0.0014254213349940564
01440400,PET,Q,5,5,0.0012169573843043083
01440400,PET,Q,5,6,0.0008603287209012975
01440400,PET,Q,5,7,0.0015299371827714667
01440400,PET,Q,5,8,0.0017662088370569567
01440400,PET,Q,5,9,0.001463119052509891
01440400,PET,Q,5,10,0.0015213812490375359
01440400,PET,Q,5,11,0.0015745731912511288
01440400,PET,Q,5,12,0.0016907303818494215
01440400,PET,Q,5,13,0.002105249674023868
01440400,PET,Q,5,14,0.0015095054471205571
01440400,PET,Q,5,15,0.0014488511791881445
01440400,PET,Q,5,16,0.0020781723308178207
01440400,PET,Q,5,17,0.00131932145336381
01440400,PET,Q,5,18,0.0014186255903518782
01440400,PET,Q,5,19,0.00147426612513947
01440400,PET,Q,5,20,0.0013957486350861942
01440400,PET,Q,5,21,0.0010641628625296246
01440400,PET,Q,5,22,0.0013761707740247986
01440400,PET,Q,5,23,0.0013330941349176048
01440400,PET,Q,5,24,0.0014399485415401633
01440400,PET,Q,5,25,0.0012874555738338483
01440400,PET,Q,5,26,0.0015883496162036673
01440400,PET,Q,5,27,0.0013217123106143702
01440400,PET,Q,5,28,0.0011683464515665626
01440400,PET,Q,5,29,0.0012684694990364662
01440400,PET,Q,5,30,0.0014647184700445348
01451800,PET,Q,5,1,0.003946761388125872
01451800,PET,Q,5,2,0.0031323663344647174
01451800,PET,Q,5,3,0.003499387821035413
01451800,PET,Q,5,4,0.00280013600322937
01451800,PET,Q,5,5,0.0031244146453581895
01451800,PET,Q,5,6,0.0036864888387790895
01451800,PET,Q,5,7,0.004157014134968301
01451800,PET,Q,5,8,0.0035886810142374964
01451800,PET,Q,5,9,0.003935307317402048
01451800,PET,Q,5,10,0.004200930466784686
01451800,PET,Q,5,11,0.00349566760660501
01451800,PET,Q,5,12,0.0039655591505434185
01451800,PET,Q,5,13,0.003381299220138273
01451800,PET,Q,5,14,0.0039929163416088514
01451800,PET,Q,5,15,0.0037165868013756126
01451800,PET,Q,5,16,0.0036727701695100645
01451800,PET,Q,5,17,0.003962733276261926
01451800,PET,Q,5,18,0.004309115471786917
01451800,PET,Q,5,19,0.003573628951744637
01451800,PET,Q,5,20,0.002967364335980313
01451800,PET,Q,5,21,0.003306697371357442
01451800,PET,Q,5,22,0.003772760232183786
01451800,PET,Q,5,23,0.003778708322440441
01451800,PET,Q,5,24,0.004033407861773114
01451800,PET,Q,5,25,0.0034095749295288275
01451800,PET,Q,5,26,0.0036968184233832913
01451800,PET,Q,5,27,0.003991104566573922
01451800,PET,Q,5,28,0.004381367100099232
01451800,PET,Q,5,29,0.004141576705107022
01451800,PET,Q,5,30,0.004502841134812585
01466500,PET,Q,5,1,0.0017458770907302842
01466500,PET,Q,5,2,0.0020312885783876147
01466500,PET,Q,5,3,0.0016076694693578503
01466500,PET,Q,5,4,0.0011803219534022788
01466500,PET,Q,5,5,0.001241603131290632
01466500,PET,Q,5,6,0.0011147869867966995
01466500,PET,Q,5,7,0.001210476549717815
01466500,PET,Q,5,8,0.0014825750287783476
01466500,PET,Q,5,9,0.0012293319085915771
01466500,PET,Q,5,10,0.0017870502934910562
01466500,PET,Q,5,11,0.0014252192174297046
01466500,PET,Q,5,12,0.0012512867886384227
01466500,PET,Q,5,13,0.0010885641416930741
01466500,PET,Q,5,14,0.0012802097851074973
01466500,PET,Q,5,15,0.0009430936402870516
01466500,PET,Q,5,16,0.0006573230921788353
01466500,PET,Q,5,17,0.0012155245666052653
01466500,PET,Q,5,18,0.0010318958518201124
01466500,PET,Q,5,19,0.0013602844154624108
01466500,PET,Q,5,20,0.0012299418171472787
01466500,PET,Q,5,21,0.0009574072100932973
01466500,PET,Q,5,22,0.0010964842795265078
01466500,PET,Q,5,23,0.0009019422064212856
01466500,PET,Q,5,24,0.0012298143004348672
01466500,PET,Q,5,25,0.0011594927114195602
01466500,PET,Q,5,26,0.0012829624995341349
01466500,PET,Q,5,27,0.0012014977516934464
01466500,PET,Q,5,28,0.001589268011186508
01466500,PET,Q,5,29,0.0012309871397191072
01466500,PET,Q,5,30,0.0010110878063893172
01484100,PET,Q,5,1,0.0009435214628031735
01484100,PET,Q,5,2,0.0005860589439825176
01484100,PET,Q,5,3,0.001067467124829656
01484100,PET,Q,5,4,0.0007535072758358755
01484100,PET,Q,5,5,0.000902607740070862
01484100,PET,Q,5,6,0.0009363966479852791
01484100,PET,Q,5,7,0.0007674511507827601
01484100,PET,Q,5,8,0.0010125958267769679
01484100,PET,Q,5,9,0.0010376366187546775
01484100,PET,Q,5,10,0.0009050499704630691
01484100,PET,Q,5,11,0.0008184116010580764
01484100,PET,Q,5,12,0.0011574087818008762
01484100,PET,Q,5,13,0.0006974824589094618
01484100,PET,Q,5,14,0.0008518819126600366
01484100,PET,Q,5,15,0.0010483829850723193
01484100,PET,Q,5,16,0.0009225239077539672
01484100,PET,Q,5,17,0.0007414975214168201
01484100,PET,Q,5,18,0.0009136822206564747
01484100,PET,Q,5,19,0.0010065645164273954
01484100,PET,Q,5,20,0.0007412264418595743
01484100,PET,Q,5,21,0.001046984757228562
01484100,PET,Q,5,22,0.0010496026737349048
01484100,PET,Q,5,23,0.0006764758252858181
01484100,PET,Q,5,24,0.0008738954964839819
01484100,PET,Q,5,25,0.000840279047625965
01484100,PET,Q,5,26,0.001189450127556401
01484100,PET,Q,5,27,0.0013460532634591953
01484100,PET,Q,5,28,0.0009651121652846165
01484100,PET,Q,5,29,0.0011543121821893307
01484100,PET,Q,5,30,0.0010406461099589197
01485500,PET,Q,5,1,0.0018539459178709555
01485500,PET,Q,5,2,0.0016294984737457996
01485500,PET,Q,5,3,0.001648130001469697
01485500,PET,Q,5,4,0.001138661953076471
01485500,PET,Q,5,5,0.0012203456021401965
01485500,PET,Q,5,6,0.0008162409356497341
01485500,PET,Q,5,7,0.0011304217940442188
01485500,PET,Q,5,8,0.0011998485340145443
01485500,PET,Q,5,9,0.0010378473916825698
01485500,PET,Q,5,10,0.0012462375196856876
01485500,PET,Q,5,11,0.0011071548832667782
01485500,PET,Q,5,12,0.0009143474388155146
01485500,PET,Q,5,13,0.001556634081223078
01485500,PET,Q,5,14,0.0013314485123071193
01485500,PET,Q,5,15,0.0013127637988459007
01485500,PET,Q,5,16,0.001582957262349985
01485500,PET,Q,5,17,0.0012266960681540096
01485500,PET,Q,5,18,0.0013347606490737851
01485500,PET,Q,5,19,0.001187512562628154
01485500,PET,Q,5,20,0.001072502756549444
01485500,PET,Q,5,21,0.0015326035592279769
01485500,PET,Q,5,22,0.0009645412112015347
01485500,PET,Q,5,23,0.0013103348801247472
01485500,PET,Q,5,24,0.0011186220713500644
01485500,PET,Q,5,25,0.0014158388308814426
01485500,PET,Q,5,26,0.0015838097614817373
01485500,PET,Q,5,27,0.001537088638480226
01485500,PET,Q,5,28,0.0017587286343666644
01485500,PET,Q,5,29,0.0013422162031170512
01485500,PET,Q,5,30,0.0011160798993109788
01486000,PET,Q,5,1,0.0021401269986960902
01486000,PET,Q,5,2,0.0017745904221536657
01486000,PET,Q,5,3,0.001688032036055588
01486000,PET,Q,5,4,0.0015381994657257952
01486000,PET,Q,5,5,0.001596248015013832
01486000,PET,Q,5,6,0.0020559585297546326
01486000,PET,Q,5,7,0.001779987066948159
01486000,PET,Q,5,8,0.0018688553968052232
01486000,PET,Q,5,9,0.002005700039544221
01486000,PET,Q,5,10,0.0015602984673951936
01486000,PET,Q,5,11,0.00179259776266711
01486000,PET,Q,5,12,0.002632872311961583
01486000,PET,Q,5,13,0.002081791698115433
01486000,PET,Q,5,14,0.002271413478265323
01486000,PET,Q,5,15,0.00235008661527962
01486000,PET,Q,5,16,0.002300235094281039
01486000,PET,Q,5,17,0.0021615695423439427
01486000,PET,Q,5,18,0.00180386861131622
01486000,PET,Q,5,19,0.001969121291154431
01486000,PET,Q,5,20,0.0023912341164952222
01486000,PET,Q,5,21,0.0018851927781876748
01486000,PET,Q,5,22,0.0021829431321800027
01486000,PET,Q,5,23,0.0024646739200152035
01486000,PET,Q,5,24,0.002299378275464267
01486000,PET,Q,5,25,0.0023662142021455904
01486000,PET,Q,5,26,0.002422861075495275
01486000,PET,Q,5,27,0.002384969535135756
01486000,PET,Q,5,28,0.0024388159812704854
01486000,PET,Q,5,29,0.002370644711236429
01486000,PET,Q,5,30,0.0023648592649263625
01487000,PET,Q,5,1,0.0036234167943932916
01487000,PET,Q,5,2,0.002068456469484947
01487000,PET,Q,5,3,0.003003914813215963
01487000,PET,Q,5,4,0.0027273662103833446
01487000,PET,Q,5,5,0.0026528832076370135
01487000,PET,Q,5,6,0.002714276690720163
01487000,PET,Q,5,7,0.0029866095296465084
01487000,PET,Q,5,8,0.002452778378729037
01487000,PET,Q,5,9,0.0030289316219060114
01487000,PET,Q,5,10,0.0028684746774315234
01487000,PET,Q,5,11,0.002859859511620877
01487000,PET,Q,5,12,0.002832676272384302
01487000,PET,Q,5,13,0.0025430487883651848
01487000,PET,Q,5,14,0.0033755377249291008
01487000,PET,Q,5,15,0.003464130429453066
01487000,PET,Q,5,16,0.0027749002413557794
01487000,PET,Q,5,17,0.0031473549946371
01487000,PET,Q,5,18,0.002971853662397675
01487000,PET,Q,5,19,0.0030781457072819873
01487000,PET,Q,5,20,0.0027494793335337553
01487000,PET,Q,5,21,0.0031316415602863495
01487000,PET,Q,5,22,0.003190975059264786
01487000,PET,Q,5,23,0.0032676649363539284
01487000,PET,Q,5,24,0.00331084966952154
01487000,PET,Q,5,25,0.0029969789414296816
01487000,PET,Q,5,26,0.0035778280334655965
01487000,PET,Q,5,27,0.0034371447870844007
01487000,PET,Q,5,28,0.0038675009229849483
01487000,PET,Q,5,29,0.0032847439425616187
01487000,PET,Q,5,30,0.003394727226048111
01491000,PET,Q,5,1,0.0013185439814586489
01491000,PET,Q,5,2,0.0009318232650538869
01491000,PET,Q,5,3,0.0011102647689456603
01491000,PET,Q,5,4,0.0008006023125839215
01491000,PET,Q,5,5,0.0008556191690727889
01491000,PET,Q,5,6,0.0013948209154158661
01491000,PET,Q,5,7,0.0013762094377903697
01491000,PET,Q,5,8,0.001215924634462108
01491000,PET,Q,5,9,0.0014089664138498964
01491000,PET,Q,5,10,0.0014305466338586544
01491000,PET,Q,5,11,0.0012431321676612608
01491000,PET,Q,5,12,0.0012643149700229186
01491000,PET,Q,5,13,0.0010473386968511342
01491000,PET,Q,5,14,0.0009420906519131515
01491000,PET,Q,5,15,0.0013921705009778684
01491000,PET,Q,5,16,0.0012929280137016774
01491000,PET,Q,5,17,0.0012268468324378723
01491000,PET,Q,5,18,0.0013817312242636916
01491000,PET,Q,5,19,0.001225566845486626
01491000,PET,Q,5,20,0.001104074235871888
01491000,PET,Q,5,21,0.0010376133357957833
01491000,PET,Q,5,22,0.001279614642704225
01491000,PET,Q,5,23,0.0008844505233636009
01491000,PET,Q,5,24,0.0011048934335517908
01491000,PET,Q,5,25,0.001424252494154933
01491000,PET,Q,5,26,0.0014548571873465171
01491000,PET,Q,5,27,0.0016313963269041672
01491000,PET,Q,5,28,0.0012999862902399809
01491000,PET,Q,5,29,0.0012849076851410568
01491000,PET,Q,5,30,0.0011230992338874882
01510000,PET,Q,5,1,0.002105168174999353
01510000,PET,Q,5,2,0.0018035438574267038
01510000,PET,Q,5,3,0.0016334196514423832
01510000,PET,Q,5,4,0.002396994325147464
01510000,PET,Q,5,5,0.0017136516475583924
01510000,PET,Q,5,6,0.0022935019491858305
01510000,PET,Q,5,7,0.002003588308650689
01510000,PET,Q,5,8,0.001810775686628685
01510000,PET,Q,5,9,0.002073060214505762
01510000,PET,Q,5,10,0.0014591133306184612
01510000,PET,Q,5,11,0.002108286201844334
01510000,PET,Q,5,12,0.0017038305925703712
01510000,PET,Q,5,13,0.001984074800467528
01510000,PET,Q,5,14,0.0018718147572380078
01510000,PET,Q,5,15,0.0022045185561445912
01510000,PET,Q,5,16,0.0020614698771767997
01510000,PET,Q,5,17,0.0018402402455705152
01510000,PET,Q,5,18,0.0021755824041386485
01510000,PET,Q,5,19,0.002154726847010513
01510000,PET,Q,5,20,0.002523352692423708
01510000,PET,Q,5,21,0.00255248267334518
01510000,PET,Q,5,22,0.002349259778438001
01510000,PET,Q,5,23,0.002112161333169396
01510000,PET,Q,5,24,0.0027105439033504874
01510000,PET,Q,5,25,0.0024422319189557756
01510000,PET,Q,5,26,0.0023363517956351693
01510000,PET,Q,5,27,0.0024529998245860357
01510000,PET,Q,5,28,0.002313773389613083
01510000,PET,Q,5,29,0.0024934836645535696
01510000,PET,Q,5,30,0.0030003807684971795
01516500,PET,Q,5,1,0.0013066129989098008
01516500,PET,Q,5,2,0.0017095254738156013
01516500,PET,Q,5,3,0.0020904500698045725
01516500,PET,Q,5,4,0.0015849681499485666
01516500,PET,Q,5,5,0.0010731686057647086
01516500,PET,Q,5,6,0.001232442784374732
01516500,PET,Q,5,7,0.0015857638016731831
01516500,PET,Q,5,8,0.0016142234642564646
01516500,PET,Q,5,9,0.0014934243924922888
01516500,PET,Q,5,10,0.0010984346823769003
01516500,PET,Q,5,11,0.001548933526304072
01516500,PET,Q,5,12,0.0017716644986132887
01516500,PET,Q,5,13,0.001848048737568657
01516500,PET,Q,5,14,0.0018044131158174923
01516500,PET,Q,5,15,0.0016450177287784667
01516500,PET,Q,5,16,0.001519684794944083
01516500,PET,Q,5,17,0.0017926580756361318
01516500,PET,Q,5,18,0.0016060453486589285
01516500,PET,Q,5,19,0.001729075608644673
01516500,PET,Q,5,20,0.001760591014121335
01516500,PET,Q,5,21,0.0015704247743839467
01516500,PET,Q,5,22,0.0015673008862130133
01516500,PET,Q,5,23,0.0018019725216785257
01516500,PET,Q,5,24,0.001218590263486287
01516500,PET,Q,5,25,0.0013875351885771908
01516500,PET,Q,5,26,0.0016556319847069872
01516500,PET,Q,5,27,0.0016242261936456406
01516500,PET,Q,5,28,0.0020033691513646965
01516500,PET,Q,5,29,0.0017996139193935529
01516500,PET,Q,5,30,0.0016556877904707057
01518862,PET,Q,5,1,0.0019095026094760742
01518862,PET,Q,5,2,0.001972144155460785
01518862,PET,Q,5,3,0.0018434952868586693
01518862,PET,Q,5,4,0.0017756818289724335
01518862,PET,Q,5,5,0.0022245757184891635
01518862,PET,Q,5,6,0.001452519270128294
01518862,PET,Q,5,7,0.0016638616223080827
01518862,PET,Q,5,8,0.001807950783992332
01518862,PET,Q,5,9,0.0014103526290813809
01518862,PET,Q,5,10,0.0015793195667280074
01518862,PET,Q,5,11,0.0015564642202923265
01518862,PET,Q,5,12,0.0012900897463988537
01518862,PET,Q,5,13,0.001819645167653608
01518862,PET,Q,5,14,0.0014951646842258567
01518862,PET,Q,5,15,0.0012300219173797394
01518862,PET,Q,5,16,0.001510151281059871
01518862,PET,Q,5,17,0.0012375823132270286
01518862,PET,Q,5,18,0.0012466430497167294
01518862,PET,Q,5,19,0.0015197640853610167
01518862,PET,Q,5,20,0.0012611531383810992
01518862,PET,Q,5,21,0.0013129780970820848
01518862,PET,Q,5,22,0.001664425578440612
01518862,PET,Q,5,23,0.0015687289812626182
01518862,PET,Q,5,24,0.0021865435712204867
01518862,PET,Q,5,25,0.001644805973136168
01518862,PET,Q,5,26,0.0019065650578644622
01518862,PET,Q,5,27,0.0015406171257327517
01518862,PET,Q,5,28,0.0021017339305371627
01518862,PET,Q,5,29,0.002026404760759909
01518862,PET,Q,5,30,0.0015695631891994716
01532000,PET,Q,5,1,0.0005223238717127696
01532000,PET,Q,5,2,0.00044236892465992356
01532000,PET,Q,5,3,0.0010660854713197936
01532000,PET,Q,5,4,0.0006238070692778201
01532000,PET,Q,5,5,0.0008637692839427412
01532000,PET,Q,5,6,0.0008873051786854949
01532000,PET,Q,5,7,0.0009001912235134142
01532000,PET,Q,5,8,0.0008728339176592367
01532000,PET,Q,5,9,0.0008244378552186328
01532000,PET,Q,5,10,0.0007146151564070384
01532000,PET,Q,5,11,0.0008520336951645668
01532000,PET,Q,5,12,0.0007395801426514671
01532000,PET,Q,5,13,0.0008941627315456127
01532000,PET,Q,5,14,0.0007512930348363422
01532000,PET,Q,5,15,0.0010958664889510542
01532000,PET,Q,5,16,0.0007357071977241968
01532000,PET,Q,5,17,0.0007231961960896816
01532000,PET,Q,5,18,0.0010642361205772076
01532000,PET,Q,5,19,0.0010135840559928333
01532000,PET,Q,5,20,0.0009550363723848307
01532000,PET,Q,5,21,0.0009312634405772569
01532000,PET,Q,5,22,0.0006644246951074545
01532000,PET,Q,5,23,0.0007577051148180067
01532000,PET,Q,5,24,0.0009215483156068786
01532000,PET,Q,5,25,0.0008086734674066266
01532000,PET,Q,5,26,0.0007867165959982575
01532000,PET,Q,5,27,0.0006009352027634661
01532000,PET,Q,5,28,0.0010158541763726006
01532000,PET,Q,5,29,0.0005797431275797356
01532000,PET,Q,5,30,0.0008650690096205574
01539000,PET,Q,5,1,0.0013736571232928
01539000,PET,Q,5,2,0.0011064144001360875
01539000,PET,Q,5,3,0.0008924230004306935
01539000,PET,Q,5,4,0.001046758477716729
01539000,PET,Q,5,5,0.0010625603043994646
01539000,PET,Q,5,6,0.0008733929015186867
01539000,PET,Q,5,7,0.0010054421348009157
01539000,PET,Q,5,8,0.001326688717191174
01539000,PET,Q,5,9,0.0010770498901540027
01539000,PET,Q,5,10,0.001126620674347198
01539000,PET,Q,5,11,0.0012290864288069317
01539000,PET,Q,5,12,0.0011782488032984414
01539000,PET,Q,5,13,0.0011525678789123528
01539000,PET,Q,5,14,0.001413024176542453
01539000,PET,Q,5,15,0.0010436258731116622
01539000,PET,Q,5,16,0.001101391343584543
01539000,PET,Q,5,17,0.001119261998773713
01539000,PET,Q,5,18,0.0012263374700811312
01539000,PET,Q,5,19,0.0011792127727593901
01539000,PET,Q,5,20,0.0011293066332846435
01539000,PET,Q,5,21,0.0013101018715999356
01539000,PET,Q,5,22,0.00133047236672686
01539000,PET,Q,5,23,0.001047143700558452
01539000,PET,Q,5,24,0.001077150563632532
01539000,PET,Q,5,25,0.0008882806250387412
01539000,PET,Q,5,26,0.000958342654736391
01539000,PET,Q,5,27,0.0011968746357048192
01539000,PET,Q,5,28,0.0009609019115831667
01539000,PET,Q,5,29,0.0010270031019305736
01539000,PET,Q,5,30,0.0011081315619677345
01542810,PET,Q,5,1,0.0027711252386171392
01542810,PET,Q,5,2,0.0026746435178391648
01542810,PET,Q,5,3,0.002391869114669279
01542810,PET,Q,5,4,0.002314713402073801
01542810,PET,Q,5,5,0.0024980991964584642
01542810,PET,Q,5,6,0.0020992533551810744
01542810,PET,Q,5,7,0.0025517043702147635
01542810,PET,Q,5,8,0.002979939153376049
01542810,PET,Q,5,9,0.00208184550401537
01542810,PET,Q,5,10,0.0021167597699618262
01542810,PET,Q,5,11,0.0027545527462727454
01542810,PET,Q,5,12,0.0023247826622179307
01542810,PET,Q,5,13,0.0026530591882950455
01542810,PET,Q,5,14,0.002892198168268731
01542810,PET,Q,5,15,0.002624025158143972
01542810,PET,Q,5,16,0.003192632622560962
01542810,PET,Q,5,17,0.0026216149238238035
01542810,PET,Q,5,18,0.002279657249445677
01542810,PET,Q,5,19,0.0030904010441497737
01542810,PET,Q,5,20,0.0025517420009453645
01542810,PET,Q,5,21,0.0025808728708695966
01542810,PET,Q,5,22,0.0027394733960318662
01542810,PET,Q,5,23,0.002966067737321193
01542810,PET,Q,5,24,0.002915669910148827
01542810,PET,Q,5,25,0.0027572827349029577
01542810,PET,Q,5,26,0.002673283821493233
01542810,PET,Q,5,27,0.0032892396793879203
01542810,PET,Q,5,28,0.0031159747088147782
01542810,PET,Q,5,29,0.002768670526954481
01542810,PET,Q,5,30,0.0030661584936228226
01543000,PET,Q,5,1,0.0018465301855443705
01543000,PET,Q,5,2,0.0020600841428454614
01543000,PET,Q,5,3,0.002261206123061618
01543000,PET,Q,5,4,0.0020579556434926344
01543000,PET,Q,5,5,0.0019959674949932282
01543000,PET,Q,5,6,0.001990155954798095
01543000,PET,Q,5,7,0.0015068710977810401
01543000,PET,Q,5,8,0.0018222731328412095
01543000,PET,Q,5,9,0.0019958352161906917
01543000,PET,Q,5,10,0.001984696131003036
01543000,PET,Q,5,11,0.0015940726500962427
01543000,PET,Q,5,12,0.0015132933259069392
01543000,PET,Q,5,13,0.0019212341515699033
01543000,PET,Q,5,14,0.0017857742001941845
01543000,PET,Q,5,15,0.001656471203392823
01543000,PET,Q,5,16,0.0015933296994320584
01543000,PET,Q,5,17,0.0016488711154107882
01543000,PET,Q,5,18,0.0016499743342372891
01543000,PET,Q,5,19,0.0019448492676121393
01543000,PET,Q,5,20,0.0019698322964565723
01543000,PET,Q,5,21,0.0017642839023455786
01543000,PET,Q,5,22,0.0016895751095517691
01543000,PET,Q,5,23,0.001807466957943371
01543000,PET,Q,5,24,0.0021828358061475456
01543000,PET,Q,5,25,0.0019677474113998644
01543000,PET,Q,5,26,0.0017761048041336908
01543000,PET,Q,5,27,0.0019391844699601368
01543000,PET,Q,5,28,0.0018576049057933142
01543000,PET,Q,5,29,0.0021005550938796302
01543000,PET,Q,5,30,0.0016801882488888392
01543500,PET,Q,5,1,0.001573407234955873
01543500,PET,Q,5,2,0.001311270883318616
01543500,PET,Q,5,3,0.0014002068983142713
01543500,PET,Q,5,4,0.0014258688336608177
01543500,PET,Q,5,5,0.0012427844745342559
01543500,PET,Q,5,6,0.0011547681157588335
01543500,PET,Q,5,7,0.0012143671382979504
01543500,PET,Q,5,8,0.0012555685927940347
01543500,PET,Q,5,9,0.001611732166500901
01543500,PET,Q,5,10,0.0012724171008298563
01543500,PET,Q,5,11,0.0013606326349575593
01543500,PET,Q,5,12,0.0011523211881915851
01543500,PET,Q,5,13,0.0014520700958676053
01543500,PET,Q,5,14,0.0017874189556806586
01543500,PET,Q,5,15,0.0011827164694681869
01543500,PET,Q,5,16,0.001319543109062793
01543500,PET,Q,5,17,0.0014385866545178622
01543500,PET,Q,5,18,0.0016005996591453159
01543500,PET,Q,5,19,0.0016288048982427417
01543500,PET,Q,5,20,0.0021216856450080174
01543500,PET,Q,5,21,0.0016793004177899779
01543500,PET,Q,5,22,0.001766212445385107
01543500,PET,Q,5,23,0.0013789172190628862
01543500,PET,Q,5,24,0.0017803642066124142
01543500,PET,Q,5,25,0.0015952468151823468
01543500,PET,Q,5,26,0.0015188752496865937
01543500,PET,Q,5,27,0.0014460052571652476
01543500,PET,Q,5,28,0.0016389515252376585
01543500,PET,Q,5,29,0.001663966153005833
01543500,PET,Q,5,30,0.001762484799778391
01544500,PET,Q,5,1,0.002626563598660994
01544500,PET,Q,5,2,0.002025348558643475
01544500,PET,Q,5,3,0.002875182346857297
01544500,PET,Q,5,4,0.0025477347092214414
01544500,PET,Q,5,5,0.002531507141570369
01544500,PET,Q,5,6,0.0023461335157134167
01544500,PET,Q,5,7,0.0018396872394473157
01544500,PET,Q,5,8,0.0023526781517535372
01544500,PET,Q,5,9,0.0019806621681429243
01544500,PET,Q,5,10,0.0022104314985769563
01544500,PET,Q,5,11,0.0017709529723951706
01544500,PET,Q,5,12,0.0020813389939383226
01544500,PET,Q,5,13,0.002604970254060743
01544500,PET,Q,5,14,0.0023572864478571126
01544500,PET,Q,5,15,0.002317581594132187
01544500,PET,Q,5,16,0.0025858362533435347
01544500,PET,Q,5,17,0.0020283746309651685
01544500,PET,Q,5,18,0.0018059387920652675
01544500,PET,Q,5,19,0.0020419973889779647
01544500,PET,Q,5,20,0.002090197887710643
01544500,PET,Q,5,21,0.001720024306524126
01544500,PET,Q,5,22,0.002399044086331334
01544500,PET,Q,5,23,0.001903946970796086
01544500,PET,Q,5,24,0.0025113318888010105
01544500,PET,Q,5,25,0.0021623805915409605
01544500,PET,Q,5,26,0.0019951920639205978
01544500,PET,Q,5,27,0.0024085681395386027
01544500,PET,Q,5,28,0.0023284416916189016
01544500,PET,Q,5,29,0.0021736229922500044
01544500,PET,Q,5,30,0.001725911676923056
01545600,PET,Q,5,1,0.0019511849856496816
01545600,PET,Q,5,2,0.0014975871341301045
01545600,PET,Q,5,3,0.0020192240133364153
01545600,PET,Q,5,4,0.0014506141109656284
01545600,PET,Q,5,5,0.0020454109603424003
01545600,PET,Q,5,6,0.0016638699312085392
01545600,PET,Q,5,7,0.001802181364533681
01545600,PET,Q,5,8,0.001701764219504992
01545600,PET,Q,5,9,0.0018267480807122316
01545600,PET,Q,5,10,0.0015510019043074724
01545600,PET,Q,5,11,0.0015369186420750441
01545600,PET,Q,5,12,0.0019253295126777509
01545600,PET,Q,5,13,0.0018946951314578186
01545600,PET,Q,5,14,0.0014533060616531424
01545600,PET,Q,5,15,0.0014475684262618416
01545600,PET,Q,5,16,0.0018398998342385176
01545600,PET,Q,5,17,0.001484916267993644
01545600,PET,Q,5,18,0.0012278707244234022
01545600,PET,Q,5,19,0.0014162859425645852
01545600,PET,Q,5,20,0.0017439737653630744
01545600,PET,Q,5,21,0.001573138011912667
01545600,PET,Q,5,22,0.0012129421197257795
01545600,PET,Q,5,23,0.001500230127706087
01545600,PET,Q,5,24,0.0014674285747629662
01545600,PET,Q,5,25,0.0019782134140255703
01545600,PET,Q,5,26,0.0012867012393168592
01545600,PET,Q,5,27,0.0017728531760587557
01545600,PET,Q,5,28,0.001525991266633428
01545600,PET,Q,5,29,0.0019009156311406566
01545600,PET,Q,5,30,0.001727189921065686
01547700,PET,Q,5,1,0.0006805847736825535
01547700,PET,Q,5,2,0.0007390962226132246
01547700,PET,Q,5,3,0.0008793272691030724
01547700,PET,Q,5,4,0.0007673579724855918
01547700,PET,Q,5,5,0.0009032206502433242
01547700,PET,Q,5,6,0.0007892086288668297
01547700,PET,Q,5,7,0.0011426638138975279
01547700,PET,Q,5,8,0.0008650859141588717
01547700,PET,Q,5,9,0.0007217099770976086
01547700,PET,Q,5,10,0.0009183785257344985
01547700,PET,Q,5,11,0.0006145066439976303
01547700,PET,Q,5,12,0.0006968619662296761
01547700,PET,Q,5,13,0.0009945446172158721
01547700,PET,Q,5,14,0.0009079093486410138
01547700,PET,Q,5,15,0.0006672887117474061
01547700,PET,Q,5,16,0.0008027229283637319
01547700,PET,Q,5,17,0.0008085248248268159
01547700,PET,Q,5,18,0.0007342695694582471
01547700,PET,Q,5,19,0.0008146456174874563
01547700,PET,Q,5,20,0.0008593708749299808
01547700,PET,Q,5,21,0.0006039111464806353
01547700,PET,Q,5,22,0.0006667364307108604
01547700,PET,Q,5,23,0.0008546105653468514
01547700,PET,Q,5,24,0.0007402518196689412
01547700,PET,Q,5,25,0.0006858585853709541
01547700,PET,Q,5,26,0.000809467937526967
01547700,PET,Q,5,27,0.0007304775267235782
01547700,PET,Q,5,28,0.0006794478192792899
01547700,PET,Q,5,29,0.0008965998088439203
01547700,PET,Q,5,30,0.0006769159705311417
01548500,PET,Q,5,1,0.0019169722796862632
01548500,PET,Q,5,2,0.002338061723321405
01548500,PET,Q,5,3,0.0026390220901901795
01548500,PET,Q,5,4,0.0024035114257615064
01548500,PET,Q,5,5,0.0015136288437651857
01548500,PET,Q,5,6,0.002281493669595555
01548500,PET,Q,5,7,0.002065890560790068
01548500,PET,Q,5,8,0.0024043943174202886
01548500,PET,Q,5,9,0.0017040764217720744
01548500,PET,Q,5,10,0.0012633054982828379
01548500,PET,Q,5,11,0.0019114229188928883
01548500,PET,Q,5,12,0.001938247325322745
01548500,PET,Q,5,13,0.002427453340038868
01548500,PET,Q,5,14,0.002135136806040633
01548500,PET,Q,5,15,0.002014732088885904
01548500,PET,Q,5,16,0.0016248232313958028
01548500,PET,Q,5,17,0.0017964869969010339
01548500,PET,Q,5,18,0.0019761420458769274
01548500,PET,Q,5,19,0.001760469698788028
01548500,PET,Q,5,20,0.0019373454362591191
01548500,PET,Q,5,21,0.0016308230795113177
01548500,PET,Q,5,22,0.0017962683731830992
01548500,PET,Q,5,23,0.0015677926451057589
01548500,PET,Q,5,24,0.001923502148430803
01548500,PET,Q,5,25,0.002317806324005217
01548500,PET,Q,5,26,0.0018592541129310164
01548500,PET,Q,5,27,0.002523469675778503
01548500,PET,Q,5,28,0.002357566050698076
01548500,PET,Q,5,29,0.0015025934029078702
01548500,PET,Q,5,30,0.0015605444327749934
01549500,PET,Q,5,1,0.0027112462278596344
01549500,PET,Q,5,2,0.003129732023347334
01549500,PET,Q,5,3,0.0031402926277728366
01549500,PET,Q,5,4,0.0032169499336497237
01549500,PET,Q,5,5,0.0025926699360266647
01549500,PET,Q,5,6,0.002901425193003085
01549500,PET,Q,5,7,0.0031157075186636074
01549500,PET,Q,5,8,0.003536147219985214
01549500,PET,Q,5,9,0.0030304660630524616
01549500,PET,Q,5,10,0.002175901203958469
01549500,PET,Q,5,11,0.0026639669108311087
01549500,PET,Q,5,12,0.003497379988880847
01549500,PET,Q,5,13,0.002990830495956026
01549500,PET,Q,5,14,0.0026088835605594107
01549500,PET,Q,5,15,0.0031926034420640542
01549500,PET,Q,5,16,0.003393460677982102
01549500,PET,Q,5,17,0.0029420729355743164
01549500,PET,Q,5,18,0.0025580411894305516
01549500,PET,Q,5,19,0.002824026887371392
01549500,PET,Q,5,20,0.0031758555241139796
01549500,PET,Q,5,21,0.002751412912853954
01549500,PET,Q,5,22,0.002597479389391616
01549500,PET,Q,5,23,0.002520856746596717
01549500,PET,Q,5,24,0.0020992208019579156
01549500,PET,Q,5,25,0.002781060705065938
01549500,PET,Q,5,26,0.002774950564484291
01549500,PET,Q,5,27,0.002498655662321783
01549500,PET,Q,5,28,0.0025409449168565523
01549500,PET,Q,5,29,0.002475757144830934
01549500,PET,Q,5,30,0.002830822225713514
01550000,PET,Q,5,1,0.0017692985646376863
01550000,PET,Q,5,2,0.00140507920749805
01550000,PET,Q,5,3,0.001502625082228301
01550000,PET,Q,5,4,0.001635760555883041
01550000,PET,Q,5,5,0.0014168238325835275
01550000,PET,Q,5,6,0.001792417187438132
01550000,PET,Q,5,7,0.0020095692532944714
01550000,PET,Q,5,8,0.0022170604001801805
01550000,PET,Q,5,9,0.0017390801508475884
01550000,PET,Q,5,10,0.0015469406819156525
01550000,PET,Q,5,11,0.001424068437734384
01550000,PET,Q,5,12,0.0018605360720506253
01550000,PET,Q,5,13,0.002605964607271541
01550000,PET,Q,5,14,0.0014986702361517654
01550000,PET,Q,5,15,0.0016894542994325343
01550000,PET,Q,5,16,0.0018794068639721162
01550000,PET,Q,5,17,0.0016676941024359598
01550000,PET,Q,5,18,0.0015563886920385503
01550000,PET,Q,5,19,0.0014996930541193998
01550000,PET,Q,5,20,0.0015473168072088414
01550000,PET,Q,5,21,0.001956270793919773
01550000,PET,Q,5,22,0.0018531381399331387
01550000,PET,Q,5,23,0.0017319107097033618
01550000,PET,Q,5,24,0.0016349454426744028
01550000,PET,Q,5,25,0.0016025213798452273
01550000,PET,Q,5,26,0.001628349938737797
01550000,PET,Q,5,27,0.001464466687843509
01550000,PET,Q,5,28,0.0018357059594649797
01550000,PET,Q,5,29,0.0016737578244128137
01550000,PET,Q,5,30,0.0016112689387990445
01552000,PET,Q,5,1,0.0013403076407341279
01552000,PET,Q,5,2,0.0010822958220769834
01552000,PET,Q,5,3,0.0012812947328824272
01552000,PET,Q,5,4,0.0017062271273847532
01552000,PET,Q,5,5,0.0012299983684748786
01552000,PET,Q,5,6,0.0015486903566435846
01552000,PET,Q,5,7,0.001622501587472621
01552000,PET,Q,5,8,0.0010224794273120293
01552000,PET,Q,5,9,0.001655917737530821
01552000,PET,Q,5,10,0.0015213191640193711
01552000,PET,Q,5,11,0.0012127515190828615
01552000,PET,Q,5,12,0.0013966462619009953
01552000,PET,Q,5,13,0.0017974096506637657
01552000,PET,Q,5,14,0.0015099013201516909
01552000,PET,Q,5,15,0.000897864220701948
01552000,PET,Q,5,16,0.001260683572244091
01552000,PET,Q,5,17,0.0014462303769274508
01552000,PET,Q,5,18,0.0013070713773057387
01552000,PET,Q,5,19,0.0015230882182419095
01552000,PET,Q,5,20,0.0014030195793711085
01552000,PET,Q,5,21,0.0014456171124204685
01552000,PET,Q,5,22,0.0010697396447179632
01552000,PET,Q,5,23,0.001306267951369209
01552000,PET,Q,5,24,0.0014144913548505243
01552000,PET,Q,5,25,0.0014570619216260697
01552000,PET,Q,5,26,0.0011851800421793929
01552000,PET,Q,5,27,0.001066515823043162
01552000,PET,Q,5,28,0.0011099107931674054
01552000,PET,Q,5,29,0.0008138238402726379
01552000,PET,Q,5,30,0.0013234856054023317
01552500,PET,Q,5,1,0.001521285434144641
01552500,PET,Q,5,2,0.0015149906373798094
01552500,PET,Q,5,3,0.0016207503306003637
01552500,PET,Q,5,4,0.0021703119534651483
01552500,PET,Q,5,5,0.0016583670952623614
01552500,PET,Q,5,6,0.001935028969907257
01552500,PET,Q,5,7,0.0017078657286455565
01552500,PET,Q,5,8,0.0017350867813606535
01552500,PET,Q,5,9,0.0015249502174795176
01552500,PET,Q,5,10,0.001480625357056918
01552500,PET,Q,5,11,0.0015997778282799344
01552500,PET,Q,5,12,0.0018177402773359996
01552500,PET,Q,5,13,0.0017411043314974547
01552500,PET,Q,5,14,0.001704110670700594
01552500,PET,Q,5,15,0.0015570332025014039
01552500,PET,Q,5,16,0.0015566384402072794
01552500,PET,Q,5,17,0.0013247076141033945
01552500,PET,Q,5,18,0.0014098447588352103
01552500,PET,Q,5,19,0.0014482945169609213
01552500,PET,Q,5,20,0.0016978410491301082
01552500,PET,Q,5,21,0.0017016752150518302
01552500,PET,Q,5,22,0.0015985279211372036
01552500,PET,Q,5,23,0.001518003942485864
01552500,PET,Q,5,24,0.0017598302170081515
01552500,PET,Q,5,25,0.0014140367589873734
01552500,PET,Q,5,26,0.001772751078790269
01552500,PET,Q,5,27,0.001778957800809805
01552500,PET,Q,5,28,0.0018207421102022989
01552500,PET,Q,5,29,0.001828675938693597
01552500,PET,Q,5,30,0.0019393026426017534
01557500,PET,Q,5,1,0.0021650912653444765
01557500,PET,Q,5,2,0.0026353160164627187
01557500,PET,Q,5,3,0.003203246151195771
01557500,PET,Q,5,4,0.002788907328984472
01557500,PET,Q,5,5,0.002082834049490459
01557500,PET,Q,5,6,0.0017949701993829753
01557500,PET,Q,5,7,0.0025373848879322453
01557500,PET,Q,5,8,0.002434060870479496
01557500,PET,Q,5,9,0.002350885753947596
01557500,PET,Q,5,10,0.0018301020919123945
01557500,PET,Q,5,11,0.002600729124263332
01557500,PET,Q,5,12,0.0022226530815424445
01557500,PET,Q,5,13,0.002058487648706156
01557500,PET,Q,5,14,0.002397578937214137
01557500,PET,Q,5,15,0.002130752218759996
01557500,PET,Q,5,16,0.0018858387063712817
01557500,PET,Q,5,17,0.00271245793121018
01557500,PET,Q,5,18,0.0023310479480170565
01557500,PET,Q,5,19,0.0023695299863038533
01557500,PET,Q,5,20,0.0021724415757551907
01557500,PET,Q,5,21,0.002206965937746025
01557500,PET,Q,5,22,0.003117299962568168
01557500,PET,Q,5,23,0.0025347661914116304
01557500,PET,Q,5,24,0.002536626045209711
01557500,PET,Q,5,25,0.0023185799120131884
01557500,PET,Q,5,26,0.002298998233270566
01557500,PET,Q,5,27,0.0021673472042812586
01557500,PET,Q,5,28,0.002327663354970755
01557500,PET,Q,5,29,0.0020522746854471224
01557500,PET,Q,5,30,0.0023561072683072892
01567500,PET,Q,5,1,0.0014280537505681132
01567500,PET,Q,5,2,0.0018122598141605203
01567500,PET,Q,5,3,0.002133724136356964
01567500,PET,Q,5,4,0.0015705940510526498
01567500,PET,Q,5,5,0.0014970766619825313
01567500,PET,Q,5,6,0.0017210422862808522
01567500,PET,Q,5,7,0.0014041006460600164
01567500,PET,Q,5,8,0.0020196234138371363
01567500,PET,Q,5,9,0.001745620583824846
01567500,PET,Q,5,10,0.0021422732161348393
01567500,PET,Q,5,11,0.0021179354469208003
01567500,PET,Q,5,12,0.0017413153956239782
01567500,PET,Q,5,13,0.001861889677640699
01567500,PET,Q,5,14,0.0015156412233018474
01567500,PET,Q,5,15,0.0014242747207460493
01567500,PET,Q,5,16,0.0015813602694075973
01567500,PET,Q,5,17,0.0018797809526319292
01567500,PET,Q,5,18,0.0015536934744555392
01567500,PET,Q,5,19,0.0014369529012537366
01567500,PET,Q,5,20,0.001637489375422116
01567500,PET,Q,5,21,0.0018424506064385893
01567500,PET,Q,5,22,0.0017271166130611235
01567500,PET,Q,5,23,0.001531541207178029
01567500,PET,Q,5,24,0.001849634953879159
01567500,PET,Q,5,25,0.0012084337212125013
01567500,PET,Q,5,26,0.0018738829969683762
01567500,PET,Q,5,27,0.0016592781587193989
01567500,PET,Q,5,28,0.0017991217507573112
01567500,PET,Q,5,29,0.0017031839401699805
01567500,PET,Q,5,30,0.0017507200841359524
01568000,PET,Q,5,1,0.0027643591963204747
01568000,PET,Q,5,2,0.0024693481001661563
01568000,PET,Q,5,3,0.0023033956920797266
01568000,PET,Q,5,4,0.002194710320105847
01568000,PET,Q,5,5,0.0027861588218934044
01568000,PET,Q,5,6,0.0024275271507801857
01568000,PET,Q,5,7,0.0024515074147628546
01568000,PET,Q,5,8,0.002292954812899338
01568000,PET,Q,5,9,0.0025684668747320283
01568000,PET,Q,5,10,0.0023390944979502573
01568000,PET,Q,5,11,0.002169448792231382
01568000,PET,Q,5,12,0.002316248981507389
01568000,PET,Q,5,13,0.002443520234274181
01568000,PET,Q,5,14,0.0021875071936213603
01568000,PET,Q,5,15,0.002288953290354931
01568000,PET,Q,5,16,0.002404302255833747
01568000,PET,Q,5,17,0.0024309886940711983
01568000,PET,Q,5,18,0.002510406993245985
01568000,PET,Q,5,19,0.002589483834229668
01568000,PET,Q,5,20,0.0026121857512898874
01568000,PET,Q,5,21,0.002844954354421475
01568000,PET,Q,5,22,0.0029167699595472815
01568000,PET,Q,5,23,0.0021922787330769106
01568000,PET,Q,5,24,0.0025821323152879355
01568000,PET,Q,5,25,0.0022897243422269967
01568000,PET,Q,5,26,0.0021985937305527767
01568000,PET,Q,5,27,0.0021887490293238457
01568000,PET,Q,5,28,0.0023782588284591358
01568000,PET,Q,5,29,0.002831235049921249
01568000,PET,Q,5,30,0.002500620248945505
01580000,PET,Q,5,1,0.0026134582860020336
01580000,PET,Q,5,2,0.0013744675426994174
01580000,PET,Q,5,3,0.0013656135453462767
01580000,PET,Q,5,4,0.0015753284970075887
01580000,PET,Q,5,5,0.0016430895026532805
01580000,PET,Q,5,6,0.0018098894268587448
01580000,PET,Q,5,7,0.00232824870266983
01580000,PET,Q,5,8,0.0017834841461571993
01580000,PET,Q,5,9,0.0017855987278097077
01580000,PET,Q,5,10,0.0020009745314005234
01580000,PET,Q,5,11,0.0017270912642686903
01580000,PET,Q,5,12,0.001694491878764054
01580000,PET,Q,5,13,0.0021648865679142967
01580000,PET,Q,5,14,0.0017255303017375129
01580000,PET,Q,5,15,0.00172267695756885
01580000,PET,Q,5,16,0.001939194429991714
01580000,PET,Q,5,17,0.0016674681500908894
01580000,PET,Q,5,18,0.001750876534767347
01580000,PET,Q,5,19,0.0018479131474985755
01580000,PET,Q,5,20,0.002113702224781973
01580000,PET,Q,5,21,0.001610187790179525
01580000,PET,Q,5,22,0.0017399671098353095
01580000,PET,Q,5,23,0.0015953091001849537
01580000,PET,Q,5,24,0.0018394267172719275
01580000,PET,Q,5,25,0.0018486297358569423
01580000,PET,Q,5,26,0.0019205616535439493
01580000,PET,Q,5,27,0.0014105323023687263
01580000,PET,Q,5,28,0.0018589390439877618
01580000,PET,Q,5,29,0.001965080101301593
01580000,PET,Q,5,30,0.0018919887007567415
01583500,PET,Q,5,1,0.0016309457508676406
01583500,PET,Q,5,2,0.0013458877402305544
01583500,PET,Q,5,3,0.0012441849695037435
01583500,PET,Q,5,4,0.0010391711008402027
01583500,PET,Q,5,5,0.001241189467196771
01583500,PET,Q,5,6,0.001322126933281341
01583500,PET,Q,5,7,0.0011861702639378927
01583500,PET,Q,5,8,0.0012708321894410873
01583500,PET,Q,5,9,0.001040662206183235
01583500,PET,Q,5,10,0.0011674650590075275
01583500,PET,Q,5,11,0.0012918576080201694
01583500,PET,Q,5,12,0.001258463065888532
01583500,PET,Q,5,13,0.0012423839163179101
01583500,PET,Q,5,14,0.0012461429054765397
01583500,PET,Q,5,15,0.0013074148002994931
01583500,PET,Q,5,16,0.0009986889543377037
01583500,PET,Q,5,17,0.001356241424762851
01583500,PET,Q,5,18,0.0010236034730968652
01583500,PET,Q,5,19,0.0013493088244702217
01583500,PET,Q,5,20,0.0014974784368282507
01583500,PET,Q,5,21,0.0009521003562152769
01583500,PET,Q,5,22,0.001136103148142803
01583500,PET,Q,5,23,0.0010975275925412045
01583500,PET,Q,5,24,0.0011973393078332228
01583500,PET,Q,5,25,0.0011795126910416898
01583500,PET,Q,5,26,0.0010624794557568124
01583500,PET,Q,5,27,0.0012111147726134863
01583500,PET,Q,5,28,0.0010206161348108728
01583500,PET,Q,5,29,0.0013487369221917567
01583500,PET,Q,5,30,0.0013395074739314186
01586610,PET,Q,5,1,0.0019194383511091026
01586610,PET,Q,5,2,0.0011952182027054198
01586610,PET,Q,5,3,0.0014782876632987718
01586610,PET,Q,5,4,0.0015487826171743935
01586610,PET,Q,5,5,0.001608939593607743
01586610,PET,Q,5,6,0.0017515293298998175
01586610,PET,Q,5,7,0.0014122017469260922
01586610,PET,Q,5,8,0.0013551794561279182
01586610,PET,Q,5,9,0.0015540828277970029
01586610,PET,Q,5,10,0.0015760449383545316
01586610,PET,Q,5,11,0.001722236826668666
01586610,PET,Q,5,12,0.0018601435129085159
01586610,PET,Q,5,13,0.0015442394631675696
01586610,PET,Q,5,14,0.0017346331423100589
01586610,PET,Q,5,15,0.0015502601197782545
01586610,PET,Q,5,16,0.00126713868810336
01586610,PET,Q,5,17,0.0011978886039265002
01586610,PET,Q,5,18,0.0016202442649778728
01586610,PET,Q,5,19,0.0017646807385911512
01586610,PET,Q,5,20,0.0014569217189436684
01586610,PET,Q,5,21,0.0013764199965379392
01586610,PET,Q,5,22,0.0014026629872694804
01586610,PET,Q,5,23,0.0015186829819553924
01586610,PET,Q,5,24,0.0023311947728037533
01586610,PET,Q,5,25,0.001910811423075795
01586610,PET,Q,5,26,0.001841523255899799
01586610,PET,Q,5,27,0.001514635839710378
01586610,PET,Q,5,28,0.0019192581186138966
01586610,PET,Q,5,29,0.0017563053746340387
01586610,PET,Q,5,30,0.0020101685001783637
01591400,PET,Q,5,1,0.0015972146562039727
01591400,PET,Q,5,2,0.0017634369336756162
01591400,PET,Q,5,3,0.0016751682854447558
01591400,PET,Q,5,4,0.0016224015074555176
01591400,PET,Q,5,5,0.0015180316469555616
01591400,PET,Q,5,6,0.0016197898116227724
01591400,PET,Q,5,7,0.0014474734986649057
01591400,PET,Q,5,8,0.0015152279708745137
01591400,PET,Q,5,9,0.0014367611174204917
01591400,PET,Q,5,10,0.0017336195872761084
01591400,PET,Q,5,11,0.0014823567298645687
01591400,PET,Q,5,12,0.0010956235241965512
01591400,PET,Q,5,13,0.0012729326536708996
01591400,PET,Q,5,14,0.001321964312452975
01591400,PET,Q,5,15,0.0013702249047482934
01591400,PET,Q,5,16,0.0014961693335695109
01591400,PET,Q,5,17,0.0012950500322539624
01591400,PET,Q,5,18,0.0014056643057763982
01591400,PET,Q,5,19,0.001963538132746398
01591400,PET,Q,5,20,0.0013443803909023375
01591400,PET,Q,5,21,0.0015294202743203894
01591400,PET,Q,5,22,0.0014039369243992114
01591400,PET,Q,5,23,0.0017838161198344277
01591400,PET,Q,5,24,0.001144167102019207
01591400,PET,Q,5,25,0.00152681311439095
01591400,PET,Q,5,26,0.0015614895455092759
01591400,PET,Q,5,27,0.0016755002031071525
01591400,PET,Q,5,28,0.0019702554047731358
01591400,PET,Q,5,29,0.001745020942548775
01591400,PET,Q,5,30,0.0017076020500451025
01594950,PET,Q,5,1,0.0022478954313275012
01594950,PET,Q,5,2,0.0021519273587062293
01594950,PET,Q,5,3,0.002411582282141028
01594950,PET,Q,5,4,0.00169397363126976
01594950,PET,Q,5,5,0.0029556748034463426
01594950,PET,Q,5,6,0.004007486489843379
01594950,PET,Q,5,7,0.002975832812380924
01594950,PET,Q,5,8,0.0029879703490176684
01594950,PET,Q,5,9,0.00271930919776997
01594950,PET,Q,5,10,0.0029089765970304465
01594950,PET,Q,5,11,0.0021052217209824725
01594950,PET,Q,5,12,0.0031681610010408645
01594950,PET,Q,5,13,0.0024719940429128867
01594950,PET,Q,5,14,0.0025382888784139385
01594950,PET,Q,5,15,0.0028333841201619164
01594950,PET,Q,5,16,0.0025651239380990037
01594950,PET,Q,5,17,0.002850098859194128
01594950,PET,Q,5,18,0.0031389584797668624
01594950,PET,Q,5,19,0.00248728705025765
01594950,PET,Q,5,20,0.003238013340218615
01594950,PET,Q,5,21,0.0024892922657625965
01594950,PET,Q,5,22,0.0033474392643546014
01594950,PET,Q,5,23,0.0033150071172144274
01594950,PET,Q,5,24,0.003209370853763008
01594950,PET,Q,5,25,0.003550324461436369
01594950,PET,Q,5,26,0.003109553448264857
01594950,PET,Q,5,27,0.0034692679943116728
01594950,PET,Q,5,28,0.0034026788223511795
01594950,PET,Q,5,29,0.003475662197120699
01594950,PET,Q,5,30,0.0028046622667042415
01596500,PET,Q,5,1,0.0027857100630954423
01596500,PET,Q,5,2,0.0020210452045909405
01596500,PET,Q,5,3,0.002725957174145782
01596500,PET,Q,5,4,0.002334087505622112
01596500,PET,Q,5,5,0.0022868364447625883
01596500,PET,Q,5,6,0.001976885446343238
01596500,PET,Q,5,7,0.0018483254759674578
01596500,PET,Q,5,8,0.0018620634455715074
01596500,PET,Q,5,9,0.0026100124387721246
01596500,PET,Q,5,10,0.002215525143694802
01596500,PET,Q,5,11,0.002105900202559824
01596500,PET,Q,5,12,0.002231924025172971
01596500,PET,Q,5,13,0.0021647960638292024
01596500,PET,Q,5,14,0.002687872895251381
01596500,PET,Q,5,15,0.0021904783561670776
01596500,PET,Q,5,16,0.002294852094432878
01596500,PET,Q,5,17,0.0025184633779886945
01596500,PET,Q,5,18,0.002622914153287678
01596500,PET,Q,5,19,0.002680945920911962
01596500,PET,Q,5,20,0.0029571000846405765
01596500,PET,Q,5,21,0.0021279276837905953
01596500,PET,Q,5,22,0.0025132737272306194
01596500,PET,Q,5,23,0.002030962028478661
01596500,PET,Q,5,24,0.0024448704976455793
01596500,PET,Q,5,25,0.0026456001419766506
01596500,PET,Q,5,26,0.0030177627748954744
01596500,PET,Q,5,27,0.003157684142926248
01596500,PET,Q,5,28,0.002638688809918313
01596500,PET,Q,5,29,0.0033135891709661913
01596500,PET,Q,5,30,0.002906066847308722
01605500,PET,Q,5,1,0.00021811127250035908
01605500,PET,Q,5,2,0.00021812565581953453
01605500,PET,Q,5,3,0.0003129370688716481
01605500,PET,Q,5,4,0.0002058964603334412
01605500,PET,Q,5,5,0.000205099616794489
01605500,PET,Q,5,6,0.0002051798510994034
01605500,PET,Q,5,7,0.0002645683922702794
01605500,PET,Q,5,8,0.00011184751786460796
01605500,PET,Q,5,9,0.00020599019534287607
01605500,PET,Q,5,10,0.0003133142868647536
01605500,PET,Q,5,11,0.00020621393755302676
01605500,PET,Q,5,12,0.00020626103520385384
01605500,PET,Q,5,13,0.0003135436390168554
01605500,PET,Q,5,14,0.00020635027453057894
01605500,PET,Q,5,15,0.00026029630219519956
01605500,PET,Q,5,16,0.00026411100766271685
01605500,PET,Q,5,17,0.0002642008379345178
01605500,PET,Q,5,18,0.0002642536494657042
01605500,PET,Q,5,19,0.0002649210352156407
01605500,PET,Q,5,20,0.0002649546713207095
01605500,PET,Q,5,21,0.0003722938606832149
01605500,PET,Q,5,22,0.00037240662292789984
01605500,PET,Q,5,23,0.0003724485876594715
01605500,PET,Q,5,24,0.0002643461623606097
01605500,PET,Q,5,25,0.000265121186128728
01605500,PET,Q,5,26,0.0003799699610790592
01605500,PET,Q,5,27,0.00038008680206718347
01605500,PET,Q,5,28,0.000265223451851742
01605500,PET,Q,5,29,0.00038009784786198833
01605500,PET,Q,5,30,0.00038021475004223343
01606500,PET,Q,5,1,0.0005889871453659068
01606500,PET,Q,5,2,0.0005873435294448323
01606500,PET,Q,5,3,0.0005858387386830028
01606500,PET,Q,5,4,0.00042005765583314966
01606500,PET,Q,5,5,0.00042011947213123346
01606500,PET,Q,5,6,0.0004238282159299261
01606500,PET,Q,5,7,0.0004223681211826362
01606500,PET,Q,5,8,0.0005296704300705507
01606500,PET,Q,5,9,0.00042030232602641073
01606500,PET,Q,5,10,0.0005261856434048062
01606500,PET,Q,5,11,0.0005298996341557742
01606500,PET,Q,5,12,0.0005265024327710446
01606500,PET,Q,5,13,0.0005300082670382953
01606500,PET,Q,5,14,0.0005300626077553456
01606500,PET,Q,5,15,0.0004170172940175399
01606500,PET,Q,5,16,0.0004803888339548904
01606500,PET,Q,5,17,0.00048405348406968963
01606500,PET,Q,5,18,0.0004842703486495504
01606500,PET,Q,5,19,0.0004805675489175003
01606500,PET,Q,5,20,0.0005864149395978869
01606500,PET,Q,5,21,0.0005936096995238253
01606500,PET,Q,5,22,0.0004826802560784389
01606500,PET,Q,5,23,0.00048271405736547476
01606500,PET,Q,5,24,0.0005954307837544356
01606500,PET,Q,5,25,0.0004828204526786551
01606500,PET,Q,5,26,0.000597565899295392
01606500,PET,Q,5,27,0.0005976827603587451
01606500,PET,Q,5,28,0.0005940228619612546
01606500,PET,Q,5,29,0.00048295512997371427
01606500,PET,Q,5,30,0.00048453384762262887
01613050,PET,Q,5,1,0.002086344839905885
01613050,PET,Q,5,2,0.0016051579037659226
01613050,PET,Q,5,3,0.0013599527304956963
01613050,PET,Q,5,4,0.001508389313561332
01613050,PET,Q,5,5,0.0013173279142524585
01613050,PET,Q,5,6,0.0013192919512424704
01613050,PET,Q,5,7,0.001261590778886098
01613050,PET,Q,5,8,0.0010961591270516255
01613050,PET,Q,5,9,0.0008705047915394566
01613050,PET,Q,5,10,0.0013666051630938716
01613050,PET,Q,5,11,0.0012355872771779228
01613050,PET,Q,5,12,0.0010827580626890064
01613050,PET,Q,5,13,0.0008885916843826593
01613050,PET,Q,5,14,0.0009730776342940402
01613050,PET,Q,5,15,0.001126329175600467
01613050,PET,Q,5,16,0.0008704343219694995
01613050,PET,Q,5,17,0.0010837717033768159
01613050,PET,Q,5,18,0.001275615386500676
01613050,PET,Q,5,19,0.0009957659696255734
01613050,PET,Q,5,20,0.0007983426366997212
01613050,PET,Q,5,21,0.0009565624097019158
01613050,PET,Q,5,22,0.0010813403951686514
01613050,PET,Q,5,23,0.0009371478333199436
01613050,PET,Q,5,24,0.0010932272707047594
01613050,PET,Q,5,25,0.0010916968177829035
01613050,PET,Q,5,26,0.0011893761439365665
01613050,PET,Q,5,27,0.0009248151124055144
01613050,PET,Q,5,28,0.001107653188854002
01613050,PET,Q,5,29,0.0011028268608296414
01613050,PET,Q,5,30,0.0008348319648921292
01620500,PET,Q,5,1,0.0008173414356464036
01620500,PET,Q,5,2,0.0009588308202692492
01620500,PET,Q,5,3,0.0006293557296046595
01620500,PET,Q,5,4,0.000682657623983108
01620500,PET,Q,5,5,0.0009123860703786381
01620500,PET,Q,5,6,0.0012421104938611302
01620500,PET,Q,5,7,0.0008420036703410579
01620500,PET,Q,5,8,0.0010455237532978993
01620500,PET,Q,5,9,0.0007599427756552687
01620500,PET,Q,5,10,0.0010362405229081897
01620500,PET,Q,5,11,0.0006607727244541707
01620500,PET,Q,5,12,0.0012954897962745467
01620500,PET,Q,5,13,0.0006463006269446063
01620500,PET,Q,5,14,0.0011148937020344744
01620500,PET,Q,5,15,0.0009449583659735077
01620500,PET,Q,5,16,0.0009294056691743872
01620500,PET,Q,5,17,0.0010146830361164871
01620500,PET,Q,5,18,0.0008619883914172954
01620500,PET,Q,5,19,0.0009014242448258762
01620500,PET,Q,5,20,0.0007088144135472055
01620500,PET,Q,5,21,0.0010134205620841788
01620500,PET,Q,5,22,0.0007322104680490722
01620500,PET,Q,5,23,0.0007304547922004148
01620500,PET,Q,5,24,0.0010209336674227854
01620500,PET,Q,5,25,0.0009753636918750572
01620500,PET,Q,5,26,0.0007681753044610079
01620500,PET,Q,5,27,0.0007247092259330783
01620500,PET,Q,5,28,0.0008793931611112589
01620500,PET,Q,5,29,0.0009701619007483481
01620500,PET,Q,5,30,0.0007447575100050577
01632000,PET,Q,5,1,0.0008496656018173662
01632000,PET,Q,5,2,0.001077378492341621
01632000,PET,Q,5,3,0.0009792221057530175
01632000,PET,Q,5,4,0.0008298538543610005
01632000,PET,Q,5,5,0.0007370207391720202
01632000,PET,Q,5,6,0.0005894219450065293
01632000,PET,Q,5,7,0.0007115459434396589
01632000,PET,Q,5,8,0.0007040291615537739
01632000,PET,Q,5,9,0.0007805207075340381
01632000,PET,Q,5,10,0.0007124393246861586
01632000,PET,Q,5,11,0.001018514974866368
01632000,PET,Q,5,12,0.0007876956842284826
01632000,PET,Q,5,13,0.0005840950673776883
01632000,PET,Q,5,14,0.0008571936811185999
01632000,PET,Q,5,15,0.0009264714836173908
01632000,PET,Q,5,16,0.0005548232369211072
01632000,PET,Q,5,17,0.0009986284988069676
01632000,PET,Q,5,18,0.0009338300570049304
01632000,PET,Q,5,19,0.000819952359566712
01632000,PET,Q,5,20,0.000721820091102273
01632000,PET,Q,5,21,0.0009043594431404067
01632000,PET,Q,5,22,0.0008481686483769214
01632000,PET,Q,5,23,0.0006691433953758142
01632000,PET,Q,5,24,0.0006753332369647241
01632000,PET,Q,5,25,0.0008283569163068123
01632000,PET,Q,5,26,0.0005819551375388244
01632000,PET,Q,5,27,0.0007848504899973241
01632000,PET,Q,5,28,0.0008712739748935137
01632000,PET,Q,5,29,0.0006763298895927101
01632000,PET,Q,5,30,0.0006167598168422012
01632900,PET,Q,5,1,0.001369515896588451
01632900,PET,Q,5,2,0.0017302968259854112
01632900,PET,Q,5,3,0.0017651395803617437
01632900,PET,Q,5,4,0.0014092614303941355
01632900,PET,Q,5,5,0.0013416503940777112
01632900,PET,Q,5,6,0.0011186003788450569
01632900,PET,Q,5,7,0.0013302392989547399
01632900,PET,Q,5,8,0.0013874177541900942
01632900,PET,Q,5,9,0.001340707224242399
01632900,PET,Q,5,10,0.0013153647948336393
01632900,PET,Q,5,11,0.0009748544368703739
01632900,PET,Q,5,12,0.001147822908423097
01632900,PET,Q,5,13,0.0015154487994852688
01632900,PET,Q,5,14,0.0015449473142895125
01632900,PET,Q,5,15,0.0014431675567069292
01632900,PET,Q,5,16,0.001616516119282537
01632900,PET,Q,5,17,0.0013512442719586827
01632900,PET,Q,5,18,0.0013483153649194862
01632900,PET,Q,5,19,0.0013955935505767826
01632900,PET,Q,5,20,0.0012588151672818758
01632900,PET,Q,5,21,0.0015218026420105966
01632900,PET,Q,5,22,0.0015227536421610725
01632900,PET,Q,5,23,0.001462406156921222
01632900,PET,Q,5,24,0.001408548793814749
01632900,PET,Q,5,25,0.001623187419891186
01632900,PET,Q,5,26,0.0014780015830769128
01632900,PET,Q,5,27,0.0013563481530666568
01632900,PET,Q,5,28,0.0013853767773480095
01632900,PET,Q,5,29,0.0013986423376250653
01632900,PET,Q,5,30,0.0013457134795794058
01634500,PET,Q,5,1,0.0020007212276326874
01634500,PET,Q,5,2,0.0017958327222093312
01634500,PET,Q,5,3,0.0017373789061684297
01634500,PET,Q,5,4,0.0014048033508592198
01634500,PET,Q,5,5,0.0017146925833248922
01634500,PET,Q,5,6,0.0018870066765340962
01634500,PET,Q,5,7,0.0013942985761921309
01634500,PET,Q,5,8,0.0014807255751051046
01634500,PET,Q,5,9,0.0018748223935662264
01634500,PET,Q,5,10,0.0017024801170124892
01634500,PET,Q,5,11,0.001465276799184928
01634500,PET,Q,5,12,0.0017881503857120895
01634500,PET,Q,5,13,0.001999994910642025
01634500,PET,Q,5,14,0.002085714465151954
01634500,PET,Q,5,15,0.0019360773442070045
01634500,PET,Q,5,16,0.0018843965764036297
01634500,PET,Q,5,17,0.0019421624228655454
01634500,PET,Q,5,18,0.001630253140047222
01634500,PET,Q,5,19,0.001785567686518011
01634500,PET,Q,5,20,0.002164979404340385
01634500,PET,Q,5,21,0.0022103459179961607
01634500,PET,Q,5,22,0.0019519366179809317
01634500,PET,Q,5,23,0.0017082483331305395
01634500,PET,Q,5,24,0.0017447655152465977
01634500,PET,Q,5,25,0.0020205973375016367
01634500,PET,Q,5,26,0.0017631121575182457
01634500,PET,Q,5,27,0.002123541248075296
01634500,PET,Q,5,28,0.0018762689966391813
01634500,PET,Q,5,29,0.002031912760914488
01634500,PET,Q,5,30,0.0017111062580793049
01638480,PET,Q,5,1,0.0013998184119184756
01638480,PET,Q,5,2,0.001284643985765166
01638480,PET,Q,5,3,0.001813698424829903
01638480,PET,Q,5,4,0.0013998773384553548
01638480,PET,Q,5,5,0.0016243944047385078
01638480,PET,Q,5,6,0.0012396150853461047
01638480,PET,Q,5,7,0.001130653725956804
01638480,PET,Q,5,8,0.0017102883866584873
01638480,PET,Q,5,9,0.0010955291919421267
01638480,PET,Q,5,10,0.0011660878667020882
01638480,PET,Q,5,11,0.0012232429392880911
01638480,PET,Q,5,12,0.0012071262552894382
01638480,PET,Q,5,13,0.0018075752611746085
01638480,PET,Q,5,14,0.0012608795279106175
01638480,PET,Q,5,15,0.0016985734183488713
01638480,PET,Q,5,16,0.001316129286531284
01638480,PET,Q,5,17,0.0013733569881890714
01638480,PET,Q,5,18,0.0015432286995985603
01638480,PET,Q,5,19,0.0013140959347113373
01638480,PET,Q,5,20,0.0015292747387980546
01638480,PET,Q,5,21,0.001376111955785457
01638480,PET,Q,5,22,0.0014341463867823673
01638480,PET,Q,5,23,0.0013255043199995181
01638480,PET,Q,5,24,0.0014451172791066294
01638480,PET,Q,5,25,0.0018397947806306492
01638480,PET,Q,5,26,0.0016470551648994011
01638480,PET,Q,5,27,0.001452353009466771
01638480,PET,Q,5,28,0.0012268818568651058
01638480,PET,Q,5,29,0.0014457347029763826
01638480,PET,Q,5,30,0.0017579452749924632
01639500,PET,Q,5,1,0.0018584354928765368
01639500,PET,Q,5,2,0.0015690969731309568
01639500,PET,Q,5,3,0.0018926253272988636
01639500,PET,Q,5,4,0.0019262834137528106
01639500,PET,Q,5,5,0.002246612938442985
01639500,PET,Q,5,6,0.002238750850696046
01639500,PET,Q,5,7,0.0019269848753336108
01639500,PET,Q,5,8,0.002293754242333322
01639500,PET,Q,5,9,0.0021583055412260563
01639500,PET,Q,5,10,0.0016334165611537263
01639500,PET,Q,5,11,0.0017421623781464987
01639500,PET,Q,5,12,0.002190639134623494
01639500,PET,Q,5,13,0.002582482181952485
01639500,PET,Q,5,14,0.0023483981673888613
01639500,PET,Q,5,15,0.0021895176857711293
01639500,PET,Q,5,16,0.0022585815034614765
01639500,PET,Q,5,17,0.0023783120909993127
01639500,PET,Q,5,18,0.0024478942605371187
01639500,PET,Q,5,19,0.0025611102395767735
01639500,PET,Q,5,20,0.002331882457272144
01639500,PET,Q,5,21,0.0025762787779352522
01639500,PET,Q,5,22,0.002639559286843271
01639500,PET,Q,5,23,0.002320662061513115
01639500,PET,Q,5,24,0.0024517162361460607
01639500,PET,Q,5,25,0.0028356075615843385
01639500,PET,Q,5,26,0.0026098134519118993
01639500,PET,Q,5,27,0.002207496672068425
01639500,PET,Q,5,28,0.0027560320236930808
01639500,PET,Q,5,29,0.0028180353516427323
01639500,PET,Q,5,30,0.0029080318105250066
01644000,PET,Q,5,1,0.0014263276880462153
01644000,PET,Q,5,2,0.0015078462661880926
01644000,PET,Q,5,3,0.0012257835166297193
01644000,PET,Q,5,4,0.0014847947350974874
01644000,PET,Q,5,5,0.0011368685413775392
01644000,PET,Q,5,6,0.0011473057305820336
01644000,PET,Q,5,7,0.0011872339545756158
01644000,PET,Q,5,8,0.0015248899396790444
01644000,PET,Q,5,9,0.0012166970953773337
01644000,PET,Q,5,10,0.0013784439759973802
01644000,PET,Q,5,11,0.001155349798607777
01644000,PET,Q,5,12,0.0011557114363660373
01644000,PET,Q,5,13,0.0018626080334100195
01644000,PET,Q,5,14,0.001388030047917349
01644000,PET,Q,5,15,0.001734673553588903
01644000,PET,Q,5,16,0.001396040019700208
01644000,PET,Q,5,17,0.0017503889271477877
01644000,PET,Q,5,18,0.001431107865841233
01644000,PET,Q,5,19,0.0012964287845529318
01644000,PET,Q,5,20,0.001713929633207975
01644000,PET,Q,5,21,0.001337453435210377
01644000,PET,Q,5,22,0.001535004322228549
01644000,PET,Q,5,23,0.0018333672899650474
01644000,PET,Q,5,24,0.0015855912359605817
01644000,PET,Q,5,25,0.001504234254157126
01644000,PET,Q,5,26,0.0014264447447841291
01644000,PET,Q,5,27,0.0017268925424990325
01644000,PET,Q,5,28,0.001448804439693946
01644000,PET,Q,5,29,0.0012965544544573035
01644000,PET,Q,5,30,0.001519088602269951
01658500,PET,Q,5,1,0.0017665343618962978
01658500,PET,Q,5,2,0.0012577536370707784
01658500,PET,Q,5,3,0.0014259393210841048
01658500,PET,Q,5,4,0.0014507751774009564
01658500,PET,Q,5,5,0.001406215343162466
01658500,PET,Q,5,6,0.0017647839146122737
01658500,PET,Q,5,7,0.0017376166965156273
01658500,PET,Q,5,8,0.00174641655867587
01658500,PET,Q,5,9,0.001555599511129109
01658500,PET,Q,5,10,0.0020479602760743107
01658500,PET,Q,5,11,0.001696755737958279
01658500,PET,Q,5,12,0.0014486576753295205
01658500,PET,Q,5,13,0.0018423799053722684
01658500,PET,Q,5,14,0.0014603124023490552
01658500,PET,Q,5,15,0.0017329390169626493
01658500,PET,Q,5,16,0.0016658716419963998
01658500,PET,Q,5,17,0.0020160236679154647
01658500,PET,Q,5,18,0.001953544938735896
01658500,PET,Q,5,19,0.0015109229002225402
01658500,PET,Q,5,20,0.001761004315481575
01658500,PET,Q,5,21,0.001910779848513476
01658500,PET,Q,5,22,0.0017857189827000866
01658500,PET,Q,5,23,0.0018937405797761556
01658500,PET,Q,5,24,0.0022014184601226727
01658500,PET,Q,5,25,0.002130407696851952
01658500,PET,Q,5,26,0.0013937100485827691
01658500,PET,Q,5,27,0.001565842165189034
01658500,PET,Q,5,28,0.0015440482356047086
01658500,PET,Q,5,29,0.0014617745856067219
01658500,PET,Q,5,30,0.001682562035384902
01664000,PET,Q,5,1,0.0018849860978450775
01664000,PET,Q,5,2,0.0017467699050830732
01664000,PET,Q,5,3,0.0016436107338492281
01664000,PET,Q,5,4,0.0018084508891927503
01664000,PET,Q,5,5,0.001417649490411288
01664000,PET,Q,5,6,0.0016382355091924677
01664000,PET,Q,5,7,0.001427149071422662
01664000,PET,Q,5,8,0.0018024526451640571
01664000,PET,Q,5,9,0.0016003458503584256
01664000,PET,Q,5,10,0.001653791391330775
01664000,PET,Q,5,11,0.0013597461308208353
01664000,PET,Q,5,12,0.0017787168516198645
01664000,PET,Q,5,13,0.0014258880379632438
01664000,PET,Q,5,14,0.0015734163373059967
01664000,PET,Q,5,15,0.0014789761951281427
01664000,PET,Q,5,16,0.0017473431263436423
01664000,PET,Q,5,17,0.001846453128139601
01664000,PET,Q,5,18,0.0018850246222708658
01664000,PET,Q,5,19,0.0015407041713816766
01664000,PET,Q,5,20,0.0021394919710387775
01664000,PET,Q,5,21,0.0016510549650523704
01664000,PET,Q,5,22,0.002352411183923632
01664000,PET,Q,5,23,0.002172349931135159
01664000,PET,Q,5,24,0.0012008332753648404
01664000,PET,Q,5,25,0.00202204255225516
01664000,PET,Q,5,26,0.0017554466847376632
01664000,PET,Q,5,27,0.001648617934629365
01664000,PET,Q,5,28,0.0017820396287720613
01664000,PET,Q,5,29,0.001819334719310825
01664000,PET,Q,5,30,0.001791504815017761
01666500,PET,Q,5,1,0.0011095515205954837
01666500,PET,Q,5,2,0.0013591502995342203
01666500,PET,Q,5,3,0.0010999628309108014
01666500,PET,Q,5,4,0.0012494694700264167
01666500,PET,Q,5,5,0.0014264847657093557
01666500,PET,Q,5,6,0.001026949034217739
01666500,PET,Q,5,7,0.0012252083504349504
01666500,PET,Q,5,8,0.0013904004433697853
01666500,PET,Q,5,9,0.0011394530119673424
01666500,PET,Q,5,10,0.001496545702509705
01666500,PET,Q,5,11,0.0012356243501513778
01666500,PET,Q,5,12,0.0013252989371733068
01666500,PET,Q,5,13,0.0014579244845708689
01666500,PET,Q,5,14,0.0016821344320065573
01666500,PET,Q,5,15,0.0014518402420661963
01666500,PET,Q,5,16,0.0012682591255383374
01666500,PET,Q,5,17,0.0015015185742991433
01666500,PET,Q,5,18,0.0013893482918800187
01666500,PET,Q,5,19,0.0013435633774088185
01666500,PET,Q,5,20,0.0011237489309469592
01666500,PET,Q,5,21,0.0013321599762996517
01666500,PET,Q,5,22,0.0010199542059704109
01666500,PET,Q,5,23,0.0013232241944988662
01666500,PET,Q,5,24,0.0012385936318960455
01666500,PET,Q,5,25,0.00144893472164654
01666500,PET,Q,5,26,0.0011758073643409611
01666500,PET,Q,5,27,0.0009014440161071169
01666500,PET,Q,5,28,0.0011388183718185896
01666500,PET,Q,5,29,0.0008112517018292187
01666500,PET,Q,5,30,0.0012999515781978305
01667500,PET,Q,5,1,0.0006883312192289583
01667500,PET,Q,5,2,0.0007128740371222034
01667500,PET,Q,5,3,0.0007520200959119823
01667500,PET,Q,5,4,0.0007104158080987362
01667500,PET,Q,5,5,0.0007357656623431831
01667500,PET,Q,5,6,0.0006962374290031062
01667500,PET,Q,5,7,0.0006250511016098088
01667500,PET,Q,5,8,0.0007175729190038831
01667500,PET,Q,5,9,0.0008979408442508184
01667500,PET,Q,5,10,0.0009187626463638583
01667500,PET,Q,5,11,0.0007388085493636072
01667500,PET,Q,5,12,0.0007522599156973633
01667500,PET,Q,5,13,0.0007540028728310472
01667500,PET,Q,5,14,0.0008205343939613231
01667500,PET,Q,5,15,0.0006725158785097773
01667500,PET,Q,5,16,0.0010968190046935118
01667500,PET,Q,5,17,0.000781178980900521
01667500,PET,Q,5,18,0.0008359501635636611
01667500,PET,Q,5,19,0.0007409670684708075
01667500,PET,Q,5,20,0.0011382068809703966
01667500,PET,Q,5,21,0.0009067513183294851
01667500,PET,Q,5,22,0.0009889429371735849
01667500,PET,Q,5,23,0.0009495246473924142
01667500,PET,Q,5,24,0.0007690451649468508
01667500,PET,Q,5,25,0.0007688599988408887
01667500,PET,Q,5,26,0.0008503087735439625
01667500,PET,Q,5,27,0.0010369182984890993
01667500,PET,Q,5,28,0.0007912703017924419
01667500,PET,Q,5,29,0.0008671136782667475
01667500,PET,Q,5,30,0.0009216557942929061
01669000,PET,Q,5,1,0.0014911225697022204
01669000,PET,Q,5,2,0.0010488244973217153
01669000,PET,Q,5,3,0.001307741897882457
01669000,PET,Q,5,4,0.001150695829211991
01669000,PET,Q,5,5,0.0010626535615391626
01669000,PET,Q,5,6,0.0009244917369209925
01669000,PET,Q,5,7,0.001367651699388281
01669000,PET,Q,5,8,0.001047070827661669
01669000,PET,Q,5,9,0.001111147159528654
01669000,PET,Q,5,10,0.00100596903389975
01669000,PET,Q,5,11,0.0010640669059468963
01669000,PET,Q,5,12,0.0012255096419658516
01669000,PET,Q,5,13,0.0009254793614034418
01669000,PET,Q,5,14,0.0008971216331278391
01669000,PET,Q,5,15,0.000986289848772845
01669000,PET,Q,5,16,0.0010294902479904625
01669000,PET,Q,5,17,0.00086313479164217
01669000,PET,Q,5,18,0.0011263335044837224
01669000,PET,Q,5,19,0.0009188201721713994
01669000,PET,Q,5,20,0.0011162596125633036
01669000,PET,Q,5,21,0.0009158873907429248
01669000,PET,Q,5,22,0.001019728225437895
01669000,PET,Q,5,23,0.0009335233697345749
01669000,PET,Q,5,24,0.0010387789401925009
01669000,PET,Q,5,25,0.001008075733822604
01669000,PET,Q,5,26,0.0011181264717924529
01669000,PET,Q,5,27,0.0008184202760607752
01669000,PET,Q,5,28,0.0009260502453042746
01669000,PET,Q,5,29,0.0007248980815120175
01669000,PET,Q,5,30,0.0011269235059960525
01669520,PET,Q,5,1,0.0014046690966528948
01669520,PET,Q,5,2,0.0014699444061859954
01669520,PET,Q,5,3,0.0008263391348189465
01669520,PET,Q,5,4,0.0013444316183302031
01669520,PET,Q,5,5,0.001269595416373965
01669520,PET,Q,5,6,0.001160738097379689
01669520,PET,Q,5,7,0.0009350605848569699
01669520,PET,Q,5,8,0.0007591025366469467
01669520,PET,Q,5,9,0.0009720560223060934
01669520,PET,Q,5,10,0.0007881177929740767
01669520,PET,Q,5,11,0.001091392484865103
01669520,PET,Q,5,12,0.0012649805650072447
01669520,PET,Q,5,13,0.0006983007937960695
01669520,PET,Q,5,14,0.00041080223044059894
01669520,PET,Q,5,15,0.0007886488842545024
01669520,PET,Q,5,16,0.0008171956780519997
01669520,PET,Q,5,17,0.0009417840267779351
01669520,PET,Q,5,18,0.0008050461324033663
01669520,PET,Q,5,19,0.0008453345316056619
01669520,PET,Q,5,20,0.0008141334073918996
01669520,PET,Q,5,21,0.0008296058732588478
01669520,PET,Q,5,22,0.0007693147460970315
01669520,PET,Q,5,23,0.001372133905244849
01669520,PET,Q,5,24,0.0011185838701586008
01669520,PET,Q,5,25,0.0012076189601485827
01669520,PET,Q,5,26,0.000502297910190963
01669520,PET,Q,5,27,0.0007706257642367854
01669520,PET,Q,5,28,0.00043031592801649754
01669520,PET,Q,5,29,0.000922321340600718
01669520,PET,Q,5,30,0.0009710786417405706
02011400,PET,Q,5,1,0.000977082487386937
02011400,PET,Q,5,2,0.0010639318889963077
02011400,PET,Q,5,3,0.000695019121505578
02011400,PET,Q,5,4,0.0004968468218727734
02011400,PET,Q,5,5,0.0005218191575697972
02011400,PET,Q,5,6,0.0006018774880738667
02011400,PET,Q,5,7,0.0006917893631610758
02011400,PET,Q,5,8,0.0006882605512268103
02011400,PET,Q,5,9,0.0006261622935469363
02011400,PET,Q,5,10,0.0010204759177335938
02011400,PET,Q,5,11,0.0008695028177471385
02011400,PET,Q,5,12,0.0008130496705864125
02011400,PET,Q,5,13,0.0006486449411740904
02011400,PET,Q,5,14,0.0006417967169858908
02011400,PET,Q,5,15,0.0007075451065061272
02011400,PET,Q,5,16,0.001299360675944574
02011400,PET,Q,5,17,0.000811239131489231
02011400,PET,Q,5,18,0.0008593301571779184
02011400,PET,Q,5,19,0.0008083225580691501
02011400,PET,Q,5,20,0.0008792772898445732
02011400,PET,Q,5,21,0.0012502084041462885
02011400,PET,Q,5,22,0.0007822338471802845
02011400,PET,Q,5,23,0.0005558993842375813
02011400,PET,Q,5,24,0.0006189014141084574
02011400,PET,Q,5,25,0.001028746069610481
02011400,PET,Q,5,26,0.0008247895621668055
02011400,PET,Q,5,27,0.0009313138432881889
02011400,PET,Q,5,28,0.0006862089362356452
02011400,PET,Q,5,29,0.0007805186767527242
02011400,PET,Q,5,30,0.0008923190357610286
02011460,PET,Q,5,1,0.0008160526435530627
02011460,PET,Q,5,2,0.0005891543124245877
02011460,PET,Q,5,3,0.0008548844288212114
02011460,PET,Q,5,4,0.0007226465124036512
02011460,PET,Q,5,5,0.0007632539737026378
02011460,PET,Q,5,6,0.0008286227797490615
02011460,PET,Q,5,7,0.0007208406904981486
02011460,PET,Q,5,8,0.0006643412080015211
02011460,PET,Q,5,9,0.0009323385376162792
02011460,PET,Q,5,10,0.0009777772933678881
02011460,PET,Q,5,11,0.0009955681144097825
02011460,PET,Q,5,12,0.0011598585466935235
02011460,PET,Q,5,13,0.0009303136914178382
02011460,PET,Q,5,14,0.0007763551555813805
02011460,PET,Q,5,15,0.0011165146382428846
02011460,PET,Q,5,16,0.0009787724695819837
02011460,PET,Q,5,17,0.0010446263675775586
02011460,PET,Q,5,18,0.0010241843661883757
02011460,PET,Q,5,19,0.0011186558942424957
02011460,PET,Q,5,20,0.0010448803153501086
02011460,PET,Q,5,21,0.0010592895548077325
02011460,PET,Q,5,22,0.0012292478202046639
02011460,PET,Q,5,23,0.0009633354218899007
02011460,PET,Q,5,24,0.0011484553075795656
02011460,PET,Q,5,25,0.0012547835274595194
02011460,PET,Q,5,26,0.0011732057371730623
02011460,PET,Q,5,27,0.0013585706982583053
02011460,PET,Q,5,28,0.0008676902276412955
02011460,PET,Q,5,29,0.0008328349934069272
02011460,PET,Q,5,30,0.0010173919875766692
02013000,PET,Q,5,1,0.001891173890866231
02013000,PET,Q,5,2,0.001463396116487034
02013000,PET,Q,5,3,0.0013677410114924168
02013000,PET,Q,5,4,0.0010833123178021764
02013000,PET,Q,5,5,0.0010583374987707117
02013000,PET,Q,5,6,0.0014528600904881728
02013000,PET,Q,5,7,0.0016643900796921227
02013000,PET,Q,5,8,0.0014858505908573877
02013000,PET,Q,5,9,0.001277226314548477
02013000,PET,Q,5,10,0.0014454999860013529
02013000,PET,Q,5,11,0.001509933056009799
02013000,PET,Q,5,12,0.0012950117913849563
02013000,PET,Q,5,13,0.0017005243284909308
02013000,PET,Q,5,14,0.001735101304270896
02013000,PET,Q,5,15,0.001598921500785909
02013000,PET,Q,5,16,0.0023119270907575526
02013000,PET,Q,5,17,0.0020014201042631782
02013000,PET,Q,5,18,0.00142853962534438
02013000,PET,Q,5,19,0.0018573427651993255
02013000,PET,Q,5,20,0.0016339230939564214
02013000,PET,Q,5,21,0.0021974320735653405
02013000,PET,Q,5,22,0.00149860512689836
02013000,PET,Q,5,23,0.001620454996965899
02013000,PET,Q,5,24,0.0015436669323944524
02013000,PET,Q,5,25,0.0021762577949713466
02013000,PET,Q,5,26,0.0018388403188741784
02013000,PET,Q,5,27,0.0017341507623558558
02013000,PET,Q,5,28,0.0018714464210533507
02013000,PET,Q,5,29,0.0021587480114847735
02013000,PET,Q,5,30,0.00198996703868342
02014000,PET,Q,5,1,0.0021066966141274207
02014000,PET,Q,5,2,0.002233103280056749
02014000,PET,Q,5,3,0.0021181019363682024
02014000,PET,Q,5,4,0.002288693768248626
02014000,PET,Q,5,5,0.002034654588665273
02014000,PET,Q,5,6,0.00203475014619673
02014000,PET,Q,5,7,0.0018021662382241843
02014000,PET,Q,5,8,0.0022172709803383317
02014000,PET,Q,5,9,0.0019545190488752945
02014000,PET,Q,5,10,0.00215176726470033
02014000,PET,Q,5,11,0.0016352939947469544
02014000,PET,Q,5,12,0.001747263335626588
02014000,PET,Q,5,13,0.00174674954562197
02014000,PET,Q,5,14,0.0017641545794085875
02014000,PET,Q,5,15,0.0017992204296245623
02014000,PET,Q,5,16,0.0019658466837389962
02014000,PET,Q,5,17,0.0017880329015849614
02014000,PET,Q,5,18,0.0020353761645114446
02014000,PET,Q,5,19,0.001608942086266267
02014000,PET,Q,5,20,0.0017599428026377692
02014000,PET,Q,5,21,0.0016735069644897502
02014000,PET,Q,5,22,0.001359902922851569
02014000,PET,Q,5,23,0.0019051415139222025
02014000,PET,Q,5,24,0.002267330809283215
02014000,PET,Q,5,25,0.002411916656166198
02014000,PET,Q,5,26,0.0018757728227733264
02014000,PET,Q,5,27,0.0021689885542712714
02014000,PET,Q,5,28,0.0019058822087433536
02014000,PET,Q,5,29,0.0020467423982679298
02014000,PET,Q,5,30,0.0021106704982393615
02015700,PET,Q,5,1,0.0010828951298822824
02015700,PET,Q,5,2,0.0014526467324631753
02015700,PET,Q,5,3,0.0011212314705115536
02015700,PET,Q,5,4,0.000871557005452734
02015700,PET,Q,5,5,0.0007393568216570515
02015700,PET,Q,5,6,0.0008395657274616122
02015700,PET,Q,5,7,0.0009547828127805524
02015700,PET,Q,5,8,0.0009336569680044177
02015700,PET,Q,5,9,0.0007316019470881528
02015700,PET,Q,5,10,0.0011354869590347004
02015700,PET,Q,5,11,0.0009356692098680224
02015700,PET,Q,5,12,0.0009663932834992096
02015700,PET,Q,5,13,0.0009854447753522844
02015700,PET,Q,5,14,0.001201327227589248
02015700,PET,Q,5,15,0.0010488539210012256
02015700,PET,Q,5,16,0.0016590551355530128
02015700,PET,Q,5,17,0.0013898355451034752
02015700,PET,Q,5,18,0.0008528405826873017
02015700,PET,Q,5,19,0.0009743514363735155
02015700,PET,Q,5,20,0.0013248657257164675
02015700,PET,Q,5,21,0.0012885645475444636
02015700,PET,Q,5,22,0.0011364847169207555
02015700,PET,Q,5,23,0.0009800240733886523
02015700,PET,Q,5,24,0.0011341624688040695
02015700,PET,Q,5,25,0.0010033687283041992
02015700,PET,Q,5,26,0.0012797542178534724
02015700,PET,Q,5,27,0.001197794188925294
02015700,PET,Q,5,28,0.001263800224133773
02015700,PET,Q,5,29,0.0011532352647236621
02015700,PET,Q,5,30,0.001157601265662181
02016000,PET,Q,5,1,0.001691981410539993
02016000,PET,Q,5,2,0.0010359625060258823
02016000,PET,Q,5,3,0.000989426890183144
02016000,PET,Q,5,4,0.0013557984960728825
02016000,PET,Q,5,5,0.001384635431727614
02016000,PET,Q,5,6,0.0014076703624490636
02016000,PET,Q,5,7,0.001286889493038977
02016000,PET,Q,5,8,0.0015472552577113982
02016000,PET,Q,5,9,0.0012518231417620873
02016000,PET,Q,5,10,0.0017810239640333528
02016000,PET,Q,5,11,0.0011701210573534584
02016000,PET,Q,5,12,0.0012427017444996483
02016000,PET,Q,5,13,0.001027266986508818
02016000,PET,Q,5,14,0.0015980485495382113
02016000,PET,Q,5,15,0.0013498125168011632
02016000,PET,Q,5,16,0.0014670414351345973
02016000,PET,Q,5,17,0.0018641460467620427
02016000,PET,Q,5,18,0.0012298682619470772
02016000,PET,Q,5,19,0.0016346998680736025
02016000,PET,Q,5,20,0.0012235634629835027
02016000,PET,Q,5,21,0.0017723425610600002
02016000,PET,Q,5,22,0.0019761077887622477
02016000,PET,Q,5,23,0.0015831258497432735
02016000,PET,Q,5,24,0.0017596784175888391
02016000,PET,Q,5,25,0.0017576436212091984
02016000,PET,Q,5,26,0.001677462328477368
02016000,PET,Q,5,27,0.0018518017233425943
02016000,PET,Q,5,28,0.0021809762834127527
02016000,PET,Q,5,29,0.0015576045794341645
02016000,PET,Q,5,30,0.0014830968118116558
02017500,PET,Q,5,1,0.002504510009735353
02017500,PET,Q,5,2,0.0018880054136776875
02017500,PET,Q,5,3,0.0016750588676615608
02017500,PET,Q,5,4,0.0018201553657762326
02017500,PET,Q,5,5,0.0018768926140293463
02017500,PET,Q,5,6,0.0026643123202374636
02017500,PET,Q,5,7,0.0016583970002609916
02017500,PET,Q,5,8,0.0019942014604521913
02017500,PET,Q,5,9,0.0014443250060326152
02017500,PET,Q,5,10,0.0016794074558038746
02017500,PET,Q,5,11,0.0017822466254336228
02017500,PET,Q,5,12,0.001565867509551247
02017500,PET,Q,5,13,0.001954238538727046
02017500,PET,Q,5,14,0.0018743807182215744
02017500,PET,Q,5,15,0.0015635209937793354
02017500,PET,Q,5,16,0.001773048386158646
02017500,PET,Q,5,17,0.0021006985251284666
02017500,PET,Q,5,18,0.0018121896241744956
02017500,PET,Q,5,19,0.001785533535694675
02017500,PET,Q,5,20,0.0017850250639922516
02017500,PET,Q,5,21,0.001654630660607545
02017500,PET,Q,5,22,0.001517233547887964
02017500,PET,Q,5,23,0.0019808028456456406
02017500,PET,Q,5,24,0.0022324779390160143
02017500,PET,Q,5,25,0.002310632452535988
02017500,PET,Q,5,26,0.002208290506046026
02017500,PET,Q,5,27,0.002197130683508075
02017500,PET,Q,5,28,0.0023944632512318126
02017500,PET,Q,5,29,0.0020410697682596984
02017500,PET,Q,5,30,0.002341245551949561
02018000,PET,Q,5,1,0.0022859243040957503
02018000,PET,Q,5,2,0.0014556549766809868
02018000,PET,Q,5,3,0.0016111636849592548
02018000,PET,Q,5,4,0.0013480114717009106
02018000,PET,Q,5,5,0.001231690598587333
02018000,PET,Q,5,6,0.0014781882487569509
02018000,PET,Q,5,7,0.0011379483286333425
02018000,PET,Q,5,8,0.0015326810602353594
02018000,PET,Q,5,9,0.001421227222903991
02018000,PET,Q,5,10,0.0015113625437184058
02018000,PET,Q,5,11,0.0012275091791482881
02018000,PET,Q,5,12,0.001444234149025482
02018000,PET,Q,5,13,0.000973122427112956
02018000,PET,Q,5,14,0.0013601206277417122
02018000,PET,Q,5,15,0.0017326132994853055
02018000,PET,Q,5,16,0.0016963904191668877
02018000,PET,Q,5,17,0.0014104839900728125
02018000,PET,Q,5,18,0.001460748103149223
02018000,PET,Q,5,19,0.0016650190941438353
02018000,PET,Q,5,20,0.0015186091785103772
02018000,PET,Q,5,21,0.0014062347544334247
02018000,PET,Q,5,22,0.0013538898450529552
02018000,PET,Q,5,23,0.0010144086597740354
02018000,PET,Q,5,24,0.0015332852105917685
02018000,PET,Q,5,25,0.001356716070617818
02018000,PET,Q,5,26,0.001898387894574062
02018000,PET,Q,5,27,0.0017965509985967965
02018000,PET,Q,5,28,0.001806104604888177
02018000,PET,Q,5,29,0.0014936035898874614
02018000,PET,Q,5,30,0.0016803434467625028
02027000,PET,Q,5,1,0.001385487369234363
02027000,PET,Q,5,2,0.0012211949956599244
02027000,PET,Q,5,3,0.0014296967077692055
02027000,PET,Q,5,4,0.0014715308309513828
02027000,PET,Q,5,5,0.001759840232328183
02027000,PET,Q,5,6,0.0018055805206367223
02027000,PET,Q,5,7,0.001897976642632089
02027000,PET,Q,5,8,0.0019309334747930965
02027000,PET,Q,5,9,0.002076088684064968
02027000,PET,Q,5,10,0.001936220927306033
02027000,PET,Q,5,11,0.001910639733318828
02027000,PET,Q,5,12,0.00192878189533352
02027000,PET,Q,5,13,0.001780296018672127
02027000,PET,Q,5,14,0.0017949379303181592
02027000,PET,Q,5,15,0.001897662449496268
02027000,PET,Q,5,16,0.0021329382817920906
02027000,PET,Q,5,17,0.001834113519841224
02027000,PET,Q,5,18,0.0013472417927799657
02027000,PET,Q,5,19,0.0017758472429386524
02027000,PET,Q,5,20,0.0016678066698574967
02027000,PET,Q,5,21,0.0019147256388806835
02027000,PET,Q,5,22,0.0016658216747210894
02027000,PET,Q,5,23,0.002052724991067824
02027000,PET,Q,5,24,0.0015979368340132763
02027000,PET,Q,5,25,0.0013628498682385567
02027000,PET,Q,5,26,0.0014650514226557249
02027000,PET,Q,5,27,0.0014960266595948693
02027000,PET,Q,5,28,0.0016357298145358717
02027000,PET,Q,5,29,0.0015640680387793496
02027000,PET,Q,5,30,0.0015045936780300542
02027500,PET,Q,5,1,0.0006098117581734182
02027500,PET,Q,5,2,0.0005134193077062608
02027500,PET,Q,5,3,0.0005335499570244401
02027500,PET,Q,5,4,0.00043111821304803004
02027500,PET,Q,5,5,0.0007280814524906181
02027500,PET,Q,5,6,0.00043208374541558146
02027500,PET,Q,5,7,0.0005815815094156167
02027500,PET,Q,5,8,0.0005029407220802206
02027500,PET,Q,5,9,0.000670935386471113
02027500,PET,Q,5,10,0.00046300539530748017
02027500,PET,Q,5,11,0.0005579371666705711
02027500,PET,Q,5,12,0.0007274385535552073
02027500,PET,Q,5,13,0.0005307880267934901
02027500,PET,Q,5,14,0.0004297667183466407
02027500,PET,Q,5,15,0.0005202726234386397
02027500,PET,Q,5,16,0.0004896250627323216
02027500,PET,Q,5,17,0.000754204504905041
02027500,PET,Q,5,18,0.00036525461856260454
02027500,PET,Q,5,19,0.000856107533961559
02027500,PET,Q,5,20,0.0004205972573795274
02027500,PET,Q,5,21,0.0007838462411583185
02027500,PET,Q,5,22,0.000510968766310748
02027500,PET,Q,5,23,0.00044814369405966545
02027500,PET,Q,5,24,0.00045503749951377424
02027500,PET,Q,5,25,0.00048415954161215927
02027500,PET,Q,5,26,0.0006973640490708661
02027500,PET,Q,5,27,0.0004896789496495677
02027500,PET,Q,5,28,0.0005717256258565562
02027500,PET,Q,5,29,0.0004282319966574903
02027500,PET,Q,5,30,0.0007011196358602725
02028500,PET,Q,5,1,0.0015726906406261718
02028500,PET,Q,5,2,0.0013480321138891957
02028500,PET,Q,5,3,0.001730018680646296
02028500,PET,Q,5,4,0.0018483629181355182
02028500,PET,Q,5,5,0.002248046825757556
02028500,PET,Q,5,6,0.0016106657921769185
02028500,PET,Q,5,7,0.0018699824675967244
02028500,PET,Q,5,8,0.0017219221463701112
02028500,PET,Q,5,9,0.0017875494218576454
02028500,PET,Q,5,10,0.0018397802459756418
02028500,PET,Q,5,11,0.0017506373841219974
02028500,PET,Q,5,12,0.0014726792403284839
02028500,PET,Q,5,13,0.001696269517704782
02028500,PET,Q,5,14,0.0018607614805279046
02028500,PET,Q,5,15,0.0019432102660531733
02028500,PET,Q,5,16,0.0022987170274329574
02028500,PET,Q,5,17,0.0019442860311754614
02028500,PET,Q,5,18,0.0016809650623116276
02028500,PET,Q,5,19,0.0019078913674039702
02028500,PET,Q,5,20,0.0020305867339413947
02028500,PET,Q,5,21,0.0017693058089221017
02028500,PET,Q,5,22,0.0018447302390904655
02028500,PET,Q,5,23,0.0015138001843312265
02028500,PET,Q,5,24,0.0017961469613810774
02028500,PET,Q,5,25,0.0019285108016254063
02028500,PET,Q,5,26,0.0019224218532796628
02028500,PET,Q,5,27,0.0017291705089378245
02028500,PET,Q,5,28,0.0020509895588484706
02028500,PET,Q,5,29,0.0016957432560659805
02028500,PET,Q,5,30,0.0018080840595841446
02038850,PET,Q,5,1,0.0008827619242572169
02038850,PET,Q,5,2,0.0005702813380359852
02038850,PET,Q,5,3,0.0004632846823938268
02038850,PET,Q,5,4,0.0006001605104472771
02038850,PET,Q,5,5,0.000528139400566667
02038850,PET,Q,5,6,0.0005177576711963908
02038850,PET,Q,5,7,0.0007018591252793815
02038850,PET,Q,5,8,0.0005579028151215908
02038850,PET,Q,5,9,0.0006028432715555147
02038850,PET,Q,5,10,0.0008119869480744946
02038850,PET,Q,5,11,0.0006153706928825418
02038850,PET,Q,5,12,0.0005452123016538163
02038850,PET,Q,5,13,0.0006050306413912139
02038850,PET,Q,5,14,0.000562935234618674
02038850,PET,Q,5,15,0.0006737828724744273
02038850,PET,Q,5,16,0.0006702874101813423
02038850,PET,Q,5,17,0.0006343125614335123
02038850,PET,Q,5,18,0.0007488861190933001
02038850,PET,Q,5,19,0.0006405361905534902
02038850,PET,Q,5,20,0.0007291289380371487
02038850,PET,Q,5,21,0.0005620621543329946
02038850,PET,Q,5,22,0.0005785892128268681
02038850,PET,Q,5,23,0.0008855519488921524
02038850,PET,Q,5,24,0.0005736744728215178
02038850,PET,Q,5,25,0.0008355051281729586
02038850,PET,Q,5,26,0.0008340797755514318
02038850,PET,Q,5,27,0.0006972250755620021
02038850,PET,Q,5,28,0.0007225220834605577
02038850,PET,Q,5,29,0.0006636709813271757
02038850,PET,Q,5,30,0.0006825764447850949
02046000,PET,Q,5,1,0.001483661618392168
02046000,PET,Q,5,2,0.0013960461138727565
02046000,PET,Q,5,3,0.0014747996917689084
02046000,PET,Q,5,4,0.001410690219628443
02046000,PET,Q,5,5,0.0012907173926677527
02046000,PET,Q,5,6,0.0013336287945816538
02046000,PET,Q,5,7,0.0012530349256175376
02046000,PET,Q,5,8,0.0011427224737493198
02046000,PET,Q,5,9,0.0016870294047117637
02046000,PET,Q,5,10,0.0012316577885327154
02046000,PET,Q,5,11,0.001376058916391712
02046000,PET,Q,5,12,0.0011623364114935475
02046000,PET,Q,5,13,0.0011295755514191298
02046000,PET,Q,5,14,0.0013958758621108631
02046000,PET,Q,5,15,0.001303861810781938
02046000,PET,Q,5,16,0.0013538744062089984
02046000,PET,Q,5,17,0.0015998473359380046
02046000,PET,Q,5,18,0.0015660595027539234
02046000,PET,Q,5,19,0.0014889675964766327
02046000,PET,Q,5,20,0.0011105797550579125
02046000,PET,Q,5,21,0.0010634001640337024
02046000,PET,Q,5,22,0.0016907950395723542
02046000,PET,Q,5,23,0.0013573381208247144
02046000,PET,Q,5,24,0.0013666727093620303
02046000,PET,Q,5,25,0.0012609246329270615
02046000,PET,Q,5,26,0.0015344749319879045
02046000,PET,Q,5,27,0.0015111371316596997
02046000,PET,Q,5,28,0.0013810536774742158
02046000,PET,Q,5,29,0.001263227549149433
02046000,PET,Q,5,30,0.0014674606499231711
02051000,PET,Q,5,1,0.0018314475088113957
02051000,PET,Q,5,2,0.0017605366830231173
02051000,PET,Q,5,3,0.0020928174545603723
02051000,PET,Q,5,4,0.001998247327292417
02051000,PET,Q,5,5,0.001990136160215497
02051000,PET,Q,5,6,0.0020273718555435735
02051000,PET,Q,5,7,0.001605666822567596
02051000,PET,Q,5,8,0.0024534206112974202
02051000,PET,Q,5,9,0.0023002661190917456
02051000,PET,Q,5,10,0.0022881281205164167
02051000,PET,Q,5,11,0.0017139434054461514
02051000,PET,Q,5,12,0.0017457174152700483
02051000,PET,Q,5,13,0.0015250546115595925
02051000,PET,Q,5,14,0.0017169075056789398
02051000,PET,Q,5,15,0.0020344332720439104
02051000,PET,Q,5,16,0.0013977669361916467
02051000,PET,Q,5,17,0.0015726724288288724
02051000,PET,Q,5,18,0.0016676118968159473
02051000,PET,Q,5,19,0.0017117323900769782
02051000,PET,Q,5,20,0.0020031207649088903
02051000,PET,Q,5,21,0.0021312759010355953
02051000,PET,Q,5,22,0.0018784707339777884
02051000,PET,Q,5,23,0.0018918228360018871
02051000,PET,Q,5,24,0.0015516282706747736
02051000,PET,Q,5,25,0.0019455684393562822
02051000,PET,Q,5,26,0.002083208240035425
02051000,PET,Q,5,27,0.00163416044207923
02051000,PET,Q,5,28,0.0018665700654289588
02051000,PET,Q,5,29,0.001887824887464841
02051000,PET,Q,5,30,0.0022313247898878563
02051500,PET,Q,5,1,0.005561356167398987
02051500,PET,Q,5,2,0.003139892031741115
02051500,PET,Q,5,3,0.0033405089661337206
02051500,PET,Q,5,4,0.003206558560607878
02051500,PET,Q,5,5,0.003366233260866519
02051500,PET,Q,5,6,0.002935915341675019
02051500,PET,Q,5,7,0.002748981462409053
02051500,PET,Q,5,8,0.0038571020655232546
02051500,PET,Q,5,9,0.003056436514206756
02051500,PET,Q,5,10,0.00297548361092502
02051500,PET,Q,5,11,0.003725152850307681
02051500,PET,Q,5,12,0.0031944398524804685
02051500,PET,Q,5,13,0.0032329063048884277
02051500,PET,Q,5,14,0.0028404097863853894
02051500,PET,Q,5,15,0.003286319455776246
02051500,PET,Q,5,16,0.004109281771824055
02051500,PET,Q,5,17,0.0035464192457782817
02051500,PET,Q,5,18,0.0031258760020893422
02051500,PET,Q,5,19,0.0033771705737299373
02051500,PET,Q,5,20,0.004016626457355385
02051500,PET,Q,5,21,0.003294925250272321
02051500,PET,Q,5,22,0.003168150959805008
02051500,PET,Q,5,23,0.004190535201782766
02051500,PET,Q,5,24,0.0039369220512007475
02051500,PET,Q,5,25,0.003954642334581107
02051500,PET,Q,5,26,0.0036753870961255403
02051500,PET,Q,5,27,0.0037471843671540717
02051500,PET,Q,5,28,0.0037946895265789232
02051500,PET,Q,5,29,0.003858130928071954
02051500,PET,Q,5,30,0.004550577892013491
02053200,PET,Q,5,1,0.0009954130599319592
02053200,PET,Q,5,2,0.00104343177277098
02053200,PET,Q,5,3,0.001326319927223922
02053200,PET,Q,5,4,0.0007561567240112789
02053200,PET,Q,5,5,0.0006463287075808011
02053200,PET,Q,5,6,0.0009983043697809751
02053200,PET,Q,5,7,0.0008041718021990635
02053200,PET,Q,5,8,0.0005175775299975441
02053200,PET,Q,5,9,0.000513729509534995
02053200,PET,Q,5,10,0.0005537838687658808
02053200,PET,Q,5,11,0.0005853327204323883
02053200,PET,Q,5,12,0.0006414737979393605
02053200,PET,Q,5,13,0.0006616121990441273
02053200,PET,Q,5,14,0.0009939367790149471
02053200,PET,Q,5,15,0.0005870285500903724
02053200,PET,Q,5,16,0.0005351501768890814
02053200,PET,Q,5,17,0.0007680556480246202
02053200,PET,Q,5,18,0.0007165158605462081
02053200,PET,Q,5,19,0.0009370436511937225
02053200,PET,Q,5,20,0.0006337189727197746
02053200,PET,Q,5,21,0.000830864108377339
02053200,PET,Q,5,22,0.0006142533718574358
02053200,PET,Q,5,23,0.0008390794836845086
02053200,PET,Q,5,24,0.0008471142014035114
02053200,PET,Q,5,25,0.0006779200965508665
02053200,PET,Q,5,26,0.0005898396208837489
02053200,PET,Q,5,27,0.0006006742802224969
02053200,PET,Q,5,28,0.0006396953833659597
02053200,PET,Q,5,29,0.0007892618892532781
02053200,PET,Q,5,30,0.0006703857417096996
02053800,PET,Q,5,1,0.0014962426259864103
02053800,PET,Q,5,2,0.0013584246191105792
02053800,PET,Q,5,3,0.0018184010685733734
02053800,PET,Q,5,4,0.002020734090957446
02053800,PET,Q,5,5,0.002564122876382108
02053800,PET,Q,5,6,0.0015675894149162276
02053800,PET,Q,5,7,0.0017181193029560324
02053800,PET,Q,5,8,0.002117873394014258
02053800,PET,Q,5,9,0.0021061577961666994
02053800,PET,Q,5,10,0.002079736494024889
02053800,PET,Q,5,11,0.0017639079606629401
02053800,PET,Q,5,12,0.0019386564008112561
02053800,PET,Q,5,13,0.002079661774354598
02053800,PET,Q,5,14,0.0015814226567369277
02053800,PET,Q,5,15,0.0019622804299131574
02053800,PET,Q,5,16,0.002071850597335098
02053800,PET,Q,5,17,0.0016704879362741745
02053800,PET,Q,5,18,0.0023478429934828612
02053800,PET,Q,5,19,0.0019246096588515296
02053800,PET,Q,5,20,0.0016806847134447356
02053800,PET,Q,5,21,0.00239132136365041
02053800,PET,Q,5,22,0.0017049278829766382
02053800,PET,Q,5,23,0.0020927168436582835
02053800,PET,Q,5,24,0.0016228391956722432
02053800,PET,Q,5,25,0.0023348497535863252
02053800,PET,Q,5,26,0.002098971808783323
02053800,PET,Q,5,27,0.002162398040600977
02053800,PET,Q,5,28,0.0020497570438645987
02053800,PET,Q,5,29,0.0021867333207840067
02053800,PET,Q,5,30,0.002251605485360464
02055100,PET,Q,5,1,0.0004807293646375728
02055100,PET,Q,5,2,0.00048113532799166133
02055100,PET,Q,5,3,0.0004814735437687471
02055100,PET,Q,5,4,0.0003347538013237193
02055100,PET,Q,5,5,0.0003966911914547169
02055100,PET,Q,5,6,0.0003347219693048474
02055100,PET,Q,5,7,0.00033477725492861345
02055100,PET,Q,5,8,0.00039676109505369563
02055100,PET,Q,5,9,0.0002857304620084147
02055100,PET,Q,5,10,0.00045161170297410187
02055100,PET,Q,5,11,0.00023068881054986654
02055100,PET,Q,5,12,0.00023081905874906437
02055100,PET,Q,5,13,0.00022366366549662637
02055100,PET,Q,5,14,0.00032858125742647433
02055100,PET,Q,5,15,0.00038363545310746323
02055100,PET,Q,5,16,0.0003837089463331364
02055100,PET,Q,5,17,0.0002787634154357609
02055100,PET,Q,5,18,0.0004518552212697752
02055100,PET,Q,5,19,0.00045170633782685684
02055100,PET,Q,5,20,0.00022376400876207353
02055100,PET,Q,5,21,0.00028572079233602464
02055100,PET,Q,5,22,0.0002786782015782286
02055100,PET,Q,5,23,0.0005367353979569781
02055100,PET,Q,5,24,0.0003837496496358881
02055100,PET,Q,5,25,0.00027873671306306424
02055100,PET,Q,5,26,0.0003836910340932198
02055100,PET,Q,5,27,0.00038971602291750645
02055100,PET,Q,5,28,0.000383701086184806
02055100,PET,Q,5,29,0.0002787575250363279
02055100,PET,Q,5,30,0.00039596793472224676
02056900,PET,Q,5,1,0.001893134079833353
02056900,PET,Q,5,2,0.0011032708796670301
02056900,PET,Q,5,3,0.001936780534308201
02056900,PET,Q,5,4,0.00148203005919062
02056900,PET,Q,5,5,0.0016704986701408867
02056900,PET,Q,5,6,0.0011099437393646897
02056900,PET,Q,5,7,0.0009969987244768455
02056900,PET,Q,5,8,0.0016937497183666245
02056900,PET,Q,5,9,0.001855653733599326
02056900,PET,Q,5,10,0.001695034692438778
02056900,PET,Q,5,11,0.0011598933073945147
02056900,PET,Q,5,12,0.001168737381217283
02056900,PET,Q,5,13,0.0011414153372161645
02056900,PET,Q,5,14,0.001337067328751676
02056900,PET,Q,5,15,0.0016844919056968818
02056900,PET,Q,5,16,0.0017299657990452674
02056900,PET,Q,5,17,0.0013917552910991116
02056900,PET,Q,5,18,0.0015296868007736927
02056900,PET,Q,5,19,0.0013860425681013824
02056900,PET,Q,5,20,0.0014613720621348067
02056900,PET,Q,5,21,0.001670289837082159
02056900,PET,Q,5,22,0.0013614427133822118
02056900,PET,Q,5,23,0.0014595537889774482
02056900,PET,Q,5,24,0.0017569353683879602
02056900,PET,Q,5,25,0.0015620058961350394
02056900,PET,Q,5,26,0.0014709175642989361
02056900,PET,Q,5,27,0.0014477769196284684
02056900,PET,Q,5,28,0.0016475412643219417
02056900,PET,Q,5,29,0.0016838061122934206
02056900,PET,Q,5,30,0.001295463559919656
02059500,PET,Q,5,1,0.000655451638745733
02059500,PET,Q,5,2,0.0004932886844557678
02059500,PET,Q,5,3,0.000455412789563011
02059500,PET,Q,5,4,0.0004112132513928359
02059500,PET,Q,5,5,0.000680924756631408
02059500,PET,Q,5,6,0.0006804682166409257
02059500,PET,Q,5,7,0.00032836642447185184
02059500,PET,Q,5,8,0.0005054079378772388
02059500,PET,Q,5,9,0.00045411400564813846
02059500,PET,Q,5,10,0.0004403041057646079
02059500,PET,Q,5,11,0.0006834115033845338
02059500,PET,Q,5,12,0.00042917254907632457
02059500,PET,Q,5,13,0.0005057205452054375
02059500,PET,Q,5,14,0.0003957716089864286
02059500,PET,Q,5,15,0.0004735112505868874
02059500,PET,Q,5,16,0.00043092527372937117
02059500,PET,Q,5,17,0.0004065166295622747
02059500,PET,Q,5,18,0.0003860685915905819
02059500,PET,Q,5,19,0.000584726736791958
02059500,PET,Q,5,20,0.0003050460867748909
02059500,PET,Q,5,21,0.0008087953222728379
02059500,PET,Q,5,22,0.0004988964633240254
02059500,PET,Q,5,23,0.0004979811806636696
02059500,PET,Q,5,24,0.0006970251547447955
02059500,PET,Q,5,25,0.0006962615521798905
02059500,PET,Q,5,26,0.000800650696510476
02059500,PET,Q,5,27,0.00039380116086209713
02059500,PET,Q,5,28,0.0006783609031735024
02059500,PET,Q,5,29,0.0005003691692323856
02059500,PET,Q,5,30,0.000544553532753329
02064000,PET,Q,5,1,0.0005193067301109524
02064000,PET,Q,5,2,0.00039387240888466915
02064000,PET,Q,5,3,0.0005660964807853728
02064000,PET,Q,5,4,0.0005552763074913175
02064000,PET,Q,5,5,0.00039889535059413686
02064000,PET,Q,5,6,0.00039742340402724834
02064000,PET,Q,5,7,0.000399055748374671
02064000,PET,Q,5,8,0.0003990469304656682
02064000,PET,Q,5,9,0.0003975028470504056
02064000,PET,Q,5,10,0.0003991356099207564
02064000,PET,Q,5,11,0.0004119032932840142
02064000,PET,Q,5,12,0.0004646946265666977
02064000,PET,Q,5,13,0.0004648532231681926
02064000,PET,Q,5,14,0.00035387448072137905
02064000,PET,Q,5,15,0.0005867951996944495
02064000,PET,Q,5,16,0.0005885656222695294
02064000,PET,Q,5,17,0.0005229057416213656
02064000,PET,Q,5,18,0.0005196744342739913
02064000,PET,Q,5,19,0.0004637084534192112
02064000,PET,Q,5,20,0.000410364992705344
02064000,PET,Q,5,21,0.0003541258726789693
02064000,PET,Q,5,22,0.00045561176714488394
02064000,PET,Q,5,23,0.00045905226607071293
02064000,PET,Q,5,24,0.0005247656880992217
02064000,PET,Q,5,25,0.0003594864655270917
02064000,PET,Q,5,26,0.00035773174093491154
02064000,PET,Q,5,27,0.00046104360253023703
02064000,PET,Q,5,28,0.0004541414358968767
02064000,PET,Q,5,29,0.00039966175691776365
02064000,PET,Q,5,30,0.00030624843453698307
02065500,PET,Q,5,1,0.001545026829582876
02065500,PET,Q,5,2,0.0009372534324965723
02065500,PET,Q,5,3,0.0010485801072507225
02065500,PET,Q,5,4,0.0013156291204009414
02065500,PET,Q,5,5,0.0011092180254382127
02065500,PET,Q,5,6,0.0010989462835787646
02065500,PET,Q,5,7,0.0009446339322242772
02065500,PET,Q,5,8,0.0012490064483308555
02065500,PET,Q,5,9,0.0011677391855372532
02065500,PET,Q,5,10,0.00115958248970012
02065500,PET,Q,5,11,0.0014132621298614187
02065500,PET,Q,5,12,0.001081676906807879
02065500,PET,Q,5,13,0.0012444868654371659
02065500,PET,Q,5,14,0.0009769074927406599
02065500,PET,Q,5,15,0.0009944707361896447
02065500,PET,Q,5,16,0.001099238883114112
02065500,PET,Q,5,17,0.0009081029489197284
02065500,PET,Q,5,18,0.0009476393956625341
02065500,PET,Q,5,19,0.0012663202954582183
02065500,PET,Q,5,20,0.001365394333950165
02065500,PET,Q,5,21,0.0009855817050994746
02065500,PET,Q,5,22,0.0011590072993742234
02065500,PET,Q,5,23,0.0012253735869465036
02065500,PET,Q,5,24,0.001130578977438488
02065500,PET,Q,5,25,0.001252217550929885
02065500,PET,Q,5,26,0.001179344449664648
02065500,PET,Q,5,27,0.001148031540123929
02065500,PET,Q,5,28,0.001078134432785205
02065500,PET,Q,5,29,0.0012027734022887447
02065500,PET,Q,5,30,0.0011994212474752165
02069700,PET,Q,5,1,0.000646795237839972
02069700,PET,Q,5,2,0.0005406850550872828
02069700,PET,Q,5,3,0.00055652950094821
02069700,PET,Q,5,4,0.0005723106463345531
02069700,PET,Q,5,5,0.0007539630438202251
02069700,PET,Q,5,6,0.0006502401620549839
02069700,PET,Q,5,7,0.0005650578563010048
02069700,PET,Q,5,8,0.0006760090829844995
02069700,PET,Q,5,9,0.0006653126686631122
02069700,PET,Q,5,10,0.0005553169818131344
02069700,PET,Q,5,11,0.0005318539708330759
02069700,PET,Q,5,12,0.0005909065683263465
02069700,PET,Q,5,13,0.0008007905602520644
02069700,PET,Q,5,14,0.0008225525374095845
02069700,PET,Q,5,15,0.0006981902826736185
02069700,PET,Q,5,16,0.0006804571239211483
02069700,PET,Q,5,17,0.0006589473611217419
02069700,PET,Q,5,18,0.0005619986619215915
02069700,PET,Q,5,19,0.0006847725024869099
02069700,PET,Q,5,20,0.000463994687853719
02069700,PET,Q,5,21,0.0007426757641135467
02069700,PET,Q,5,22,0.0007808407057415291
02069700,PET,Q,5,23,0.00042236114100297276
02069700,PET,Q,5,24,0.0005515031996287077
02069700,PET,Q,5,25,0.0003951254506726707
02069700,PET,Q,5,26,0.0007238611693825003
02069700,PET,Q,5,27,0.0008573817986289103
02069700,PET,Q,5,28,0.00048146710091540035
02069700,PET,Q,5,29,0.000693098179955217
02069700,PET,Q,5,30,0.0008146527579990914
02070000,PET,Q,5,1,0.0007931874338821809
02070000,PET,Q,5,2,0.0007408435212368399
02070000,PET,Q,5,3,0.0005925472892588275
02070000,PET,Q,5,4,0.0007203015270504168
02070000,PET,Q,5,5,0.0007868776953314227
02070000,PET,Q,5,6,0.0007735392598765198
02070000,PET,Q,5,7,0.0008425890453385085
02070000,PET,Q,5,8,0.0007946898992978943
02070000,PET,Q,5,9,0.00108080511060607
02070000,PET,Q,5,10,0.0009678580556944025
02070000,PET,Q,5,11,0.001028725331798784
02070000,PET,Q,5,12,0.0010731132721634347
02070000,PET,Q,5,13,0.0009500934823952617
02070000,PET,Q,5,14,0.0006414903218586315
02070000,PET,Q,5,15,0.0008708353249274221
02070000,PET,Q,5,16,0.000864835537415596
02070000,PET,Q,5,17,0.000859653614521224
02070000,PET,Q,5,18,0.0007800228756196514
02070000,PET,Q,5,19,0.000929408272775295
02070000,PET,Q,5,20,0.000947747691055531
02070000,PET,Q,5,21,0.0012820092606771298
02070000,PET,Q,5,22,0.0007508467940408707
02070000,PET,Q,5,23,0.0006655684017587288
02070000,PET,Q,5,24,0.0009990785599248327
02070000,PET,Q,5,25,0.0013684551057558114
02070000,PET,Q,5,26,0.0007117943710624811
02070000,PET,Q,5,27,0.0010645121018525473
02070000,PET,Q,5,28,0.0009822161919053538
02070000,PET,Q,5,29,0.0011199676068965325
02070000,PET,Q,5,30,0.0011901510234830041
02074500,PET,Q,5,1,0.001082956579895173
02074500,PET,Q,5,2,0.0012352431843472324
02074500,PET,Q,5,3,0.0014894327829060305
02074500,PET,Q,5,4,0.0012760367735516337
02074500,PET,Q,5,5,0.0011490039820599117
02074500,PET,Q,5,6,0.001439680862946248
02074500,PET,Q,5,7,0.001376049932109144
02074500,PET,Q,5,8,0.0012017068156476608
02074500,PET,Q,5,9,0.001333420657753305
02074500,PET,Q,5,10,0.0012561286900222672
02074500,PET,Q,5,11,0.0010242854306611072
02074500,PET,Q,5,12,0.001348184210647238
02074500,PET,Q,5,13,0.0012375903298105367
02074500,PET,Q,5,14,0.0013963444417278634
02074500,PET,Q,5,15,0.001289884384947218
02074500,PET,Q,5,16,0.0009557357933384046
02074500,PET,Q,5,17,0.0013354261262713864
02074500,PET,Q,5,18,0.0015270603855143186
02074500,PET,Q,5,19,0.0013230366315957753
02074500,PET,Q,5,20,0.001260096559930285
02074500,PET,Q,5,21,0.0013662683345445348
02074500,PET,Q,5,22,0.0012825023324532225
02074500,PET,Q,5,23,0.0011185632749995955
02074500,PET,Q,5,24,0.0011838678666192398
02074500,PET,Q,5,25,0.0014145805178237755
02074500,PET,Q,5,26,0.001339317460314314
02074500,PET,Q,5,27,0.0013493569262008065
02074500,PET,Q,5,28,0.001523601508373381
02074500,PET,Q,5,29,0.0014674651066670444
02074500,PET,Q,5,30,0.0012107280577817493
02077200,PET,Q,5,1,0.0008098721703592906
02077200,PET,Q,5,2,0.0008155889346697538
02077200,PET,Q,5,3,0.000722283322252425
02077200,PET,Q,5,4,0.0007478173255170573
02077200,PET,Q,5,5,0.0005770444745786408
02077200,PET,Q,5,6,0.0006614527943613491
02077200,PET,Q,5,7,0.0007670376751027965
02077200,PET,Q,5,8,0.0008018544899062435
02077200,PET,Q,5,9,0.0007811021924618994
02077200,PET,Q,5,10,0.0007715830618669449
02077200,PET,Q,5,11,0.0006737042935881718
02077200,PET,Q,5,12,0.0008031442707138146
02077200,PET,Q,5,13,0.0007281643620360243
02077200,PET,Q,5,14,0.0007218615015975507
02077200,PET,Q,5,15,0.0007691008443860038
02077200,PET,Q,5,16,0.0007554249751650435
02077200,PET,Q,5,17,0.0006802867871394253
02077200,PET,Q,5,18,0.0007307359340912398
02077200,PET,Q,5,19,0.000765755872870191
02077200,PET,Q,5,20,0.0008544838656021885
02077200,PET,Q,5,21,0.0008685150740586484
02077200,PET,Q,5,22,0.000624886045841393
02077200,PET,Q,5,23,0.0006654369099521537
02077200,PET,Q,5,24,0.0005802657010748509
02077200,PET,Q,5,25,0.0007118961398190973
02077200,PET,Q,5,26,0.0007117831778325374
02077200,PET,Q,5,27,0.0007433088919368107
02077200,PET,Q,5,28,0.0007831675842353506
02077200,PET,Q,5,29,0.0006481617794369537
02077200,PET,Q,5,30,0.0006557646048003171
02081500,PET,Q,5,1,0.002809212682492429
02081500,PET,Q,5,2,0.002248641783980092
02081500,PET,Q,5,3,0.0018049701898783937
02081500,PET,Q,5,4,0.0023215573819773336
02081500,PET,Q,5,5,0.0028943192390955205
02081500,PET,Q,5,6,0.0032375921473854555
02081500,PET,Q,5,7,0.0026243412663274
02081500,PET,Q,5,8,0.002297498720637059
02081500,PET,Q,5,9,0.0023356789363758595
02081500,PET,Q,5,10,0.0026797168023429893
02081500,PET,Q,5,11,0.0018853974663930254
02081500,PET,Q,5,12,0.0024819942001714015
02081500,PET,Q,5,13,0.0026362613326226664
02081500,PET,Q,5,14,0.002586667086409887
02081500,PET,Q,5,15,0.0024578851552688186
02081500,PET,Q,5,16,0.002684849600244406
02081500,PET,Q,5,17,0.002726980806874932
02081500,PET,Q,5,18,0.0024756619844816252
02081500,PET,Q,5,19,0.002819129726677798
02081500,PET,Q,5,20,0.0024726131781717814
02081500,PET,Q,5,21,0.0025786718355743227
02081500,PET,Q,5,22,0.002935579722653424
02081500,PET,Q,5,23,0.002914737008455001
02081500,PET,Q,5,24,0.0029933759159904497
02081500,PET,Q,5,25,0.003157059368627986
02081500,PET,Q,5,26,0.002929386436015695
02081500,PET,Q,5,27,0.0030485620972780514
02081500,PET,Q,5,28,0.003194494374718672
02081500,PET,Q,5,29,0.0030568839900769473
02081500,PET,Q,5,30,0.003711393587412626
02082950,PET,Q,5,1,0.00042875345505891897
02082950,PET,Q,5,2,0.00024663089909219334
02082950,PET,Q,5,3,0.0006037003326293186
02082950,PET,Q,5,4,0.00039169046698413375
02082950,PET,Q,5,5,0.00028091459120497923
02082950,PET,Q,5,6,0.00025901982202313455
02082950,PET,Q,5,7,0.00037483720096669927
02082950,PET,Q,5,8,0.00021729028806082712
02082950,PET,Q,5,9,0.0002836417676389995
02082950,PET,Q,5,10,0.00040223720230034374
02082950,PET,Q,5,11,0.0005086209022974108
02082950,PET,Q,5,12,0.00035298251545165353
02082950,PET,Q,5,13,0.0004638944545052315
02082950,PET,Q,5,14,0.0004249153007364606
02082950,PET,Q,5,15,0.000442634566423121
02082950,PET,Q,5,16,0.00045950078085887826
02082950,PET,Q,5,17,0.0004592700070761603
02082950,PET,Q,5,18,0.00045948994266203046
02082950,PET,Q,5,19,0.00034557655506261154
02082950,PET,Q,5,20,0.0004919961050762513
02082950,PET,Q,5,21,0.0006694634146825439
02082950,PET,Q,5,22,0.000447706057851981
02082950,PET,Q,5,23,0.00044298407356723087
02082950,PET,Q,5,24,0.0005570057985105677
02082950,PET,Q,5,25,0.00031196406944471265
02082950,PET,Q,5,26,0.00024753005283249894
02082950,PET,Q,5,27,0.0004697029602484491
02082950,PET,Q,5,28,0.00034588438335040033
02082950,PET,Q,5,29,0.0004377383159801969
02082950,PET,Q,5,30,0.0003268111613647824
02092500,PET,Q,5,1,0.0009342339677690832
02092500,PET,Q,5,2,0.0008700715834613001
02092500,PET,Q,5,3,0.0007848415861882313
02092500,PET,Q,5,4,0.0007936660373203813
02092500,PET,Q,5,5,0.0009361093608091196
02092500,PET,Q,5,6,0.0006428683544275789
02092500,PET,Q,5,7,0.000681337465648961
02092500,PET,Q,5,8,0.0005765329575408186
02092500,PET,Q,5,9,0.0006106606238057838
02092500,PET,Q,5,10,0.0007661033662204816
02092500,PET,Q,5,11,0.0008039767394250746
02092500,PET,Q,5,12,0.0005145765124365195
02092500,PET,Q,5,13,0.001073149462867025
02092500,PET,Q,5,14,0.0011897233258173837
02092500,PET,Q,5,15,0.0006337862821193772
02092500,PET,Q,5,16,0.0007063005192582475
02092500,PET,Q,5,17,0.0007573163376779629
02092500,PET,Q,5,18,0.0008704253863749054
02092500,PET,Q,5,19,0.0007899996811536261
02092500,PET,Q,5,20,0.0006795635021924727
02092500,PET,Q,5,21,0.0005748111075185858
02092500,PET,Q,5,22,0.0005415687372843786
02092500,PET,Q,5,23,0.0005865234782568632
02092500,PET,Q,5,24,0.0006961660111382967
02092500,PET,Q,5,25,0.000768431732736715
02092500,PET,Q,5,26,0.0005860515435984585
02092500,PET,Q,5,27,0.0009657320769091739
02092500,PET,Q,5,28,0.0007474346957339131
02092500,PET,Q,5,29,0.0008306421835575541
02092500,PET,Q,5,30,0.0008887516405635919
02096846,PET,Q,5,1,0.0018162246997211126
02096846,PET,Q,5,2,0.001718414955212702
02096846,PET,Q,5,3,0.0014123613607162286
02096846,PET,Q,5,4,0.0018726122930599054
02096846,PET,Q,5,5,0.0019220316101025772
02096846,PET,Q,5,6,0.0016248992680655758
02096846,PET,Q,5,7,0.0016493930019435
02096846,PET,Q,5,8,0.001523613838250254
02096846,PET,Q,5,9,0.0018173096031681366
02096846,PET,Q,5,10,0.00165573131185906
02096846,PET,Q,5,11,0.0017239769033362204
02096846,PET,Q,5,12,0.0013577247153920557
02096846,PET,Q,5,13,0.0018811549139371928
02096846,PET,Q,5,14,0.0019801675153037976
02096846,PET,Q,5,15,0.0021329929286554444
02096846,PET,Q,5,16,0.0023037227367081053
02096846,PET,Q,5,17,0.002338858250309557
02096846,PET,Q,5,18,0.0021408526076363565
02096846,PET,Q,5,19,0.0017099610290568917
02096846,PET,Q,5,20,0.0016053494668729282
02096846,PET,Q,5,21,0.0020090261638968585
02096846,PET,Q,5,22,0.0026227131146355706
02096846,PET,Q,5,23,0.0021390323151977697
02096846,PET,Q,5,24,0.0016073503867250274
02096846,PET,Q,5,25,0.002646646860939461
02096846,PET,Q,5,26,0.0023843425778900112
02096846,PET,Q,5,27,0.001989181648990014
02096846,PET,Q,5,28,0.002102450107491348
02096846,PET,Q,5,29,0.0022827612612441595
02096846,PET,Q,5,30,0.002279541724871166
02102908,PET,Q,5,1,0.001057712523785663
02102908,PET,Q,5,2,0.001599279101036119
02102908,PET,Q,5,3,0.0013706443419594788
02102908,PET,Q,5,4,0.0016384661535380624
02102908,PET,Q,5,5,0.0011467190568890603
02102908,PET,Q,5,6,0.001532171357907515
02102908,PET,Q,5,7,0.0011934094947968557
02102908,PET,Q,5,8,0.001190369944456586
02102908,PET,Q,5,9,0.0011507695863190032
02102908,PET,Q,5,10,0.0012352781574907143
02102908,PET,Q,5,11,0.0008852672048618726
02102908,PET,Q,5,12,0.0010585086836350927
02102908,PET,Q,5,13,0.0014270898310261917
02102908,PET,Q,5,14,0.0009926250894856659
02102908,PET,Q,5,15,0.001070242705659162
02102908,PET,Q,5,16,0.0010784693438705
02102908,PET,Q,5,17,0.0010936423984952148
02102908,PET,Q,5,18,0.001346427377651914
02102908,PET,Q,5,19,0.0015406557668188395
02102908,PET,Q,5,20,0.0014590831983686131
02102908,PET,Q,5,21,0.0014202268551275626
02102908,PET,Q,5,22,0.001364773774268746
02102908,PET,Q,5,23,0.0012913346915516544
02102908,PET,Q,5,24,0.0011133409009106143
02102908,PET,Q,5,25,0.0011180247368397303
02102908,PET,Q,5,26,0.0012654753157024592
02102908,PET,Q,5,27,0.0010337551677326237
02102908,PET,Q,5,28,0.0010234956682406912
02102908,PET,Q,5,29,0.0011429003233582383
02102908,PET,Q,5,30,0.0015822865672001502
02108000,PET,Q,5,1,0.0009346763066963998
02108000,PET,Q,5,2,0.0008299623264154399
02108000,PET,Q,5,3,0.0008894786009603708
02108000,PET,Q,5,4,0.0007291029179058509
02108000,PET,Q,5,5,0.0006401629422717534
02108000,PET,Q,5,6,0.0007296440625172637
02108000,PET,Q,5,7,0.0006402775450116485
02108000,PET,Q,5,8,0.0007297918572253537
02108000,PET,Q,5,9,0.0006445438214147947
02108000,PET,Q,5,10,0.0004940461052905798
02108000,PET,Q,5,11,0.0006936793571788447
02108000,PET,Q,5,12,0.0009576145136164088
02108000,PET,Q,5,13,0.0004526203113039279
02108000,PET,Q,5,14,0.0006903084975704646
02108000,PET,Q,5,15,0.0005387845915991729
02108000,PET,Q,5,16,0.0009041120286397003
02108000,PET,Q,5,17,0.0004971214864718659
02108000,PET,Q,5,18,0.0005550148126310106
02108000,PET,Q,5,19,0.0004174755646092973
02108000,PET,Q,5,20,0.0005425190868520655
02108000,PET,Q,5,21,0.0005780744415841699
02108000,PET,Q,5,22,0.0005329583352557399
02108000,PET,Q,5,23,0.00045425916744939315
02108000,PET,Q,5,24,0.0006098109033660509
02108000,PET,Q,5,25,0.0006529459028132359
02108000,PET,Q,5,26,0.0007461293307040526
02108000,PET,Q,5,27,0.0004986619071421852
02108000,PET,Q,5,28,0.0007243055550661473
02108000,PET,Q,5,29,0.0009082872364281971
02108000,PET,Q,5,30,0.0005953302908884087
02111180,PET,Q,5,1,0.0006319544595809606
02111180,PET,Q,5,2,0.00046338312794627634
02111180,PET,Q,5,3,0.0007661121896061357
02111180,PET,Q,5,4,0.0005112985060118681
02111180,PET,Q,5,5,0.000442071643226509
02111180,PET,Q,5,6,0.0005807298017746036
02111180,PET,Q,5,7,0.0007959897307688486
02111180,PET,Q,5,8,0.0006095776671659822
02111180,PET,Q,5,9,0.0007043692208753838
02111180,PET,Q,5,10,0.0006476694755773067
02111180,PET,Q,5,11,0.0007071590583573942
02111180,PET,Q,5,12,0.0004906807839791284
02111180,PET,Q,5,13,0.0009392215526444724
02111180,PET,Q,5,14,0.0008314471800736113
02111180,PET,Q,5,15,0.0007350027970719833
02111180,PET,Q,5,16,0.000704991735807653
02111180,PET,Q,5,17,0.0008900051196696519
02111180,PET,Q,5,18,0.0007484823715386661
02111180,PET,Q,5,19,0.0010015620732591914
02111180,PET,Q,5,20,0.000933745276252923
02111180,PET,Q,5,21,0.0008784147844294078
02111180,PET,Q,5,22,0.0008533709935227632
02111180,PET,Q,5,23,0.0012063623924755025
02111180,PET,Q,5,24,0.0007945431136702832
02111180,PET,Q,5,25,0.0011317349566221033
02111180,PET,Q,5,26,0.0008858689240042183
02111180,PET,Q,5,27,0.0008403452834094584
02111180,PET,Q,5,28,0.0005118554695401553
02111180,PET,Q,5,29,0.0008614993784091703
02111180,PET,Q,5,30,0.0009674711649126644
02111500,PET,Q,5,1,0.0016215250483668162
02111500,PET,Q,5,2,0.0016596172990815256
02111500,PET,Q,5,3,0.0015976513027588998
02111500,PET,Q,5,4,0.0022943940757663706
02111500,PET,Q,5,5,0.0012698655865087394
02111500,PET,Q,5,6,0.001832129502485437
02111500,PET,Q,5,7,0.0012826515188505833
02111500,PET,Q,5,8,0.0018692433940895939
02111500,PET,Q,5,9,0.0012709029831467766
02111500,PET,Q,5,10,0.0020112850610433247
02111500,PET,Q,5,11,0.0016715373878233505
02111500,PET,Q,5,12,0.0015815713396809608
02111500,PET,Q,5,13,0.0015834913229935202
02111500,PET,Q,5,14,0.00194559311217736
02111500,PET,Q,5,15,0.0018926248812919655
02111500,PET,Q,5,16,0.0018944923237601552
02111500,PET,Q,5,17,0.0012246211144299954
02111500,PET,Q,5,18,0.001510789777204244
02111500,PET,Q,5,19,0.0019493438878241398
02111500,PET,Q,5,20,0.001896699319672221
02111500,PET,Q,5,21,0.0016220141662810217
02111500,PET,Q,5,22,0.001817931804937542
02111500,PET,Q,5,23,0.001622222167385133
02111500,PET,Q,5,24,0.0016054105492953122
02111500,PET,Q,5,25,0.0017658243881798208
02111500,PET,Q,5,26,0.001877687705922497
02111500,PET,Q,5,27,0.001514342425982286
02111500,PET,Q,5,28,0.002020015547370517
02111500,PET,Q,5,29,0.001732508440367271
02111500,PET,Q,5,30,0.0015953754523438668
02112120,PET,Q,5,1,0.0010402125625207335
02112120,PET,Q,5,2,0.0008103941291546478
02112120,PET,Q,5,3,0.0009614694210845764
02112120,PET,Q,5,4,0.0008936611352394798
02112120,PET,Q,5,5,0.001000576349377988
02112120,PET,Q,5,6,0.0013272608314837744
02112120,PET,Q,5,7,0.0010421058113771267
02112120,PET,Q,5,8,0.0008796025063798861
02112120,PET,Q,5,9,0.0009155725839437578
02112120,PET,Q,5,10,0.0009994464207791938
02112120,PET,Q,5,11,0.0015699358252697984
02112120,PET,Q,5,12,0.0007119175146489826
02112120,PET,Q,5,13,0.0007041014463662933
02112120,PET,Q,5,14,0.000829606014685725
02112120,PET,Q,5,15,0.0012854112714949587
02112120,PET,Q,5,16,0.0009923582464310549
02112120,PET,Q,5,17,0.0009098545853766481
02112120,PET,Q,5,18,0.0008743341256436249
02112120,PET,Q,5,19,0.0008921385163206952
02112120,PET,Q,5,20,0.0009648716658048999
02112120,PET,Q,5,21,0.0008537638016903742
02112120,PET,Q,5,22,0.0009959469089058336
02112120,PET,Q,5,23,0.001094235937684207
02112120,PET,Q,5,24,0.0009471535353070305
02112120,PET,Q,5,25,0.0010968599755252426
02112120,PET,Q,5,26,0.001113378757310761
02112120,PET,Q,5,27,0.0010708740667141753
02112120,PET,Q,5,28,0.001089980056433345
02112120,PET,Q,5,29,0.0011245240329794542
02112120,PET,Q,5,30,0.0008483585141985245
02112360,PET,Q,5,1,0.0015362977610164225
02112360,PET,Q,5,2,0.0021867959948835697
02112360,PET,Q,5,3,0.002305735546352883
02112360,PET,Q,5,4,0.0022127057904320624
02112360,PET,Q,5,5,0.0025652474719139173
02112360,PET,Q,5,6,0.0022707205931691427
02112360,PET,Q,5,7,0.0020155759015092756
02112360,PET,Q,5,8,0.002281590465173289
02112360,PET,Q,5,9,0.0020022130324087867
02112360,PET,Q,5,10,0.002302658726569984
02112360,PET,Q,5,11,0.002456445112762856
02112360,PET,Q,5,12,0.0023936997993362352
02112360,PET,Q,5,13,0.0021468473136931066
02112360,PET,Q,5,14,0.0018545274831011371
02112360,PET,Q,5,15,0.002241704941751063
02112360,PET,Q,5,16,0.0015695536365629426
02112360,PET,Q,5,17,0.0017140751501726476
02112360,PET,Q,5,18,0.001993876326161409
02112360,PET,Q,5,19,0.002620901891426164
02112360,PET,Q,5,20,0.0021655436852846127
02112360,PET,Q,5,21,0.001961984419620727
02112360,PET,Q,5,22,0.0019241311426610869
02112360,PET,Q,5,23,0.0025764817545615715
02112360,PET,Q,5,24,0.0019231102533704691
02112360,PET,Q,5,25,0.002017709141790225
02112360,PET,Q,5,26,0.0022681037253398234
02112360,PET,Q,5,27,0.002065596941590267
02112360,PET,Q,5,28,0.0020767333162666074
02112360,PET,Q,5,29,0.0018350584287640387
02112360,PET,Q,5,30,0.0017919324938089343
02118500,PET,Q,5,1,0.0013265257494581573
02118500,PET,Q,5,2,0.0012262364526016561
02118500,PET,Q,5,3,0.001818835561774916
02118500,PET,Q,5,4,0.0012413635742445847
02118500,PET,Q,5,5,0.0016334010474298721
02118500,PET,Q,5,6,0.0016581105008630706
02118500,PET,Q,5,7,0.00158199026880277
02118500,PET,Q,5,8,0.0013571455176082312
02118500,PET,Q,5,9,0.0013289602265825762
02118500,PET,Q,5,10,0.0012583873295073725
02118500,PET,Q,5,11,0.0015813633668698007
02118500,PET,Q,5,12,0.0013137773283876733
02118500,PET,Q,5,13,0.0017471793725444482
02118500,PET,Q,5,14,0.001300556876144221
02118500,PET,Q,5,15,0.001283490741306785
02118500,PET,Q,5,16,0.001338561124335079
02118500,PET,Q,5,17,0.0016171666576889343
02118500,PET,Q,5,18,0.00117733958060795
02118500,PET,Q,5,19,0.001200021062978389
02118500,PET,Q,5,20,0.0011572476794281111
02118500,PET,Q,5,21,0.0016970205502942828
02118500,PET,Q,5,22,0.001363338140131981
02118500,PET,Q,5,23,0.0013242601223756936
02118500,PET,Q,5,24,0.0012715218189198185
02118500,PET,Q,5,25,0.001354677023047618
02118500,PET,Q,5,26,0.0010839042053834985
02118500,PET,Q,5,27,0.0014633540690587657
02118500,PET,Q,5,28,0.0012137788502103938
02118500,PET,Q,5,29,0.0014257088022518669
02118500,PET,Q,5,30,0.001334919509786675
02125000,PET,Q,5,1,0.0023357681680468007
02125000,PET,Q,5,2,0.0017007825686960326
02125000,PET,Q,5,3,0.0020188939559654673
02125000,PET,Q,5,4,0.0018655635980456553
02125000,PET,Q,5,5,0.0019956222526880465
02125000,PET,Q,5,6,0.0016868603543441565
02125000,PET,Q,5,7,0.0017610610520312694
02125000,PET,Q,5,8,0.002029690945558195
02125000,PET,Q,5,9,0.002355077187663243
02125000,PET,Q,5,10,0.0023154391621339407
02125000,PET,Q,5,11,0.0021746026775752575
02125000,PET,Q,5,12,0.0022271124897449424
02125000,PET,Q,5,13,0.002037294336752031
02125000,PET,Q,5,14,0.0022419707842146128
02125000,PET,Q,5,15,0.0022579143897280968
02125000,PET,Q,5,16,0.0024651526119958134
02125000,PET,Q,5,17,0.0021588156502584943
02125000,PET,Q,5,18,0.0020467922401811445
02125000,PET,Q,5,19,0.0023661871928114322
02125000,PET,Q,5,20,0.002092232028376967
02125000,PET,Q,5,21,0.002032645704191212
02125000,PET,Q,5,22,0.002506435467687619
02125000,PET,Q,5,23,0.002647865262470843
02125000,PET,Q,5,24,0.002722726926575554
02125000,PET,Q,5,25,0.002171592046467899
02125000,PET,Q,5,26,0.002319525962999204
02125000,PET,Q,5,27,0.0024265260650458836
02125000,PET,Q,5,28,0.0025264095056570096
02125000,PET,Q,5,29,0.002358461007428196
02125000,PET,Q,5,30,0.0029097971986379173
02128000,PET,Q,5,1,0.0014523977036730168
02128000,PET,Q,5,2,0.0011259253562817123
02128000,PET,Q,5,3,0.0011703975407088563
02128000,PET,Q,5,4,0.0010995731832649652
02128000,PET,Q,5,5,0.0006779249056897904
02128000,PET,Q,5,6,0.0006135343030797338
02128000,PET,Q,5,7,0.0009791572782718305
02128000,PET,Q,5,8,0.000861815373810193
02128000,PET,Q,5,9,0.0014910230386942364
02128000,PET,Q,5,10,0.0009994555753469678
02128000,PET,Q,5,11,0.000794688688642943
02128000,PET,Q,5,12,0.000618340567940176
02128000,PET,Q,5,13,0.0010638169551145937
02128000,PET,Q,5,14,0.0008390791825380259
02128000,PET,Q,5,15,0.0010329079096669108
02128000,PET,Q,5,16,0.000916830496428156
02128000,PET,Q,5,17,0.0009473899123349366
02128000,PET,Q,5,18,0.0011836812466275576
02128000,PET,Q,5,19,0.0010402435321662865
02128000,PET,Q,5,20,0.001203968048129278
02128000,PET,Q,5,21,0.001156339777370008
02128000,PET,Q,5,22,0.0010726580268650907
02128000,PET,Q,5,23,0.0011185964435101448
02128000,PET,Q,5,24,0.001139137865376491
02128000,PET,Q,5,25,0.0012507779097634675
02128000,PET,Q,5,26,0.0010713281373845307
02128000,PET,Q,5,27,0.0013391405464236034
02128000,PET,Q,5,28,0.0011523497071649208
02128000,PET,Q,5,29,0.0013126347870525204
02128000,PET,Q,5,30,0.0010135431981024567
02137727,PET,Q,5,1,0.0008563434554119086
02137727,PET,Q,5,2,0.0010392798340505237
02137727,PET,Q,5,3,0.0008965542837897113
02137727,PET,Q,5,4,0.0006989026167046244
02137727,PET,Q,5,5,0.0009026972133485758
02137727,PET,Q,5,6,0.0006990131743593222
02137727,PET,Q,5,7,0.0009649916513845818
02137727,PET,Q,5,8,0.0009092837117021836
02137727,PET,Q,5,9,0.0009329271207820632
02137727,PET,Q,5,10,0.0006593638100986388
02137727,PET,Q,5,11,0.0011251015526282365
02137727,PET,Q,5,12,0.0007940874161091408
02137727,PET,Q,5,13,0.0011611776931502171
02137727,PET,Q,5,14,0.0009500288877833333
02137727,PET,Q,5,15,0.0009172027796783937
02137727,PET,Q,5,16,0.0008553234131159198
02137727,PET,Q,5,17,0.0006914291492357422
02137727,PET,Q,5,18,0.0010570500986033758
02137727,PET,Q,5,19,0.0010751189264797782
02137727,PET,Q,5,20,0.0012498650150722327
02137727,PET,Q,5,21,0.0007394509096851545
02137727,PET,Q,5,22,0.0011253885543942438
02137727,PET,Q,5,23,0.0009287502883465817
02137727,PET,Q,5,24,0.0008825982819827809
02137727,PET,Q,5,25,0.0009452003363474813
02137727,PET,Q,5,26,0.001034744980787608
02137727,PET,Q,5,27,0.0010124542961384743
02137727,PET,Q,5,28,0.0010485645160542012
02137727,PET,Q,5,29,0.0009620173808607309
02137727,PET,Q,5,30,0.0009948196431343193
02140991,PET,Q,5,1,0.001370352974745151
02140991,PET,Q,5,2,0.0016931494582169172
02140991,PET,Q,5,3,0.0014107903163779988
02140991,PET,Q,5,4,0.0012257869151592986
02140991,PET,Q,5,5,0.0008881316838942679
02140991,PET,Q,5,6,0.001190245784222766
02140991,PET,Q,5,7,0.0010867647248697099
02140991,PET,Q,5,8,0.0013490489495529452
02140991,PET,Q,5,9,0.001231370891962031
02140991,PET,Q,5,10,0.0012997850163210187
02140991,PET,Q,5,11,0.0010765881156298146
02140991,PET,Q,5,12,0.0010898877480534676
02140991,PET,Q,5,13,0.0012596296294734438
02140991,PET,Q,5,14,0.0014682347427239471
02140991,PET,Q,5,15,0.001143753139340578
02140991,PET,Q,5,16,0.0013264653527167262
02140991,PET,Q,5,17,0.0013688874488849735
02140991,PET,Q,5,18,0.0014441476675959956
02140991,PET,Q,5,19,0.001103989893184519
02140991,PET,Q,5,20,0.0013771595131739992
02140991,PET,Q,5,21,0.0013321772644026113
02140991,PET,Q,5,22,0.0012928463529259908
02140991,PET,Q,5,23,0.0012835730956672238
02140991,PET,Q,5,24,0.0011962394430679313
02140991,PET,Q,5,25,0.0015389283604770113
02140991,PET,Q,5,26,0.0014144691938335653
02140991,PET,Q,5,27,0.0012346103484279156
02140991,PET,Q,5,28,0.001508076744074053
02140991,PET,Q,5,29,0.0012637980465209815
02140991,PET,Q,5,30,0.0009719290844695631
02143000,PET,Q,5,1,0.0014247093654009765
02143000,PET,Q,5,2,0.0009812470961713948
02143000,PET,Q,5,3,0.0009572534946405524
02143000,PET,Q,5,4,0.001161239267450355
02143000,PET,Q,5,5,0.0012661962215611312
02143000,PET,Q,5,6,0.001265192958928553
02143000,PET,Q,5,7,0.0010171062278940754
02143000,PET,Q,5,8,0.0011186912626424336
02143000,PET,Q,5,9,0.0011571332701549725
02143000,PET,Q,5,10,0.00134632287961323
02143000,PET,Q,5,11,0.0016990250647794594
02143000,PET,Q,5,12,0.001136785081212524
02143000,PET,Q,5,13,0.0011878876474177812
02143000,PET,Q,5,14,0.0011266056142471073
02143000,PET,Q,5,15,0.0014305973479675528
02143000,PET,Q,5,16,0.0013320117089601763
02143000,PET,Q,5,17,0.001145262753799059
02143000,PET,Q,5,18,0.001185143136419927
02143000,PET,Q,5,19,0.0014237582189187935
02143000,PET,Q,5,20,0.0013029765339619866
02143000,PET,Q,5,21,0.0011379956109312528
02143000,PET,Q,5,22,0.0011305103127305198
02143000,PET,Q,5,23,0.001184101156741734
02143000,PET,Q,5,24,0.0014812440248741544
02143000,PET,Q,5,25,0.0016143867378881488
02143000,PET,Q,5,26,0.001566396300456227
02143000,PET,Q,5,27,0.0011980874810574478
02143000,PET,Q,5,28,0.0013758666758920401
02143000,PET,Q,5,29,0.001478770652249585
02143000,PET,Q,5,30,0.0014396381084788197
02143040,PET,Q,5,1,0.0010321281831709786
02143040,PET,Q,5,2,0.0008712167641229014
02143040,PET,Q,5,3,0.0010017795402412627
02143040,PET,Q,5,4,0.0010843253386523845
02143040,PET,Q,5,5,0.0007995089017904522
02143040,PET,Q,5,6,0.0007347609709821741
02143040,PET,Q,5,7,0.0007680467380307907
02143040,PET,Q,5,8,0.0006924278584884251
02143040,PET,Q,5,9,0.0009019010914711051
02143040,PET,Q,5,10,0.0008724101837885891
02143040,PET,Q,5,11,0.0011350528954766868
02143040,PET,Q,5,12,0.0011468485241206416
02143040,PET,Q,5,13,0.0012026261023930784
02143040,PET,Q,5,14,0.0008371051031612793
02143040,PET,Q,5,15,0.0012561113859936163
02143040,PET,Q,5,16,0.0012191198292536252
02143040,PET,Q,5,17,0.0010888148929000217
02143040,PET,Q,5,18,0.0008919135530795728
02143040,PET,Q,5,19,0.0009099575213841957
02143040,PET,Q,5,20,0.0009624880584956051
02143040,PET,Q,5,21,0.0006967314588985432
02143040,PET,Q,5,22,0.0008385823446367124
02143040,PET,Q,5,23,0.0008061967574790573
02143040,PET,Q,5,24,0.0010275387795132783
02143040,PET,Q,5,25,0.0011570859382368723
02143040,PET,Q,5,26,0.0010617007884224788
02143040,PET,Q,5,27,0.001107569469728762
02143040,PET,Q,5,28,0.0010603500491929048
02143040,PET,Q,5,29,0.0007096840553706268
02143040,PET,Q,5,30,0.0007070197567653723
02149000,PET,Q,5,1,0.0010755037780945942
02149000,PET,Q,5,2,0.0007363628682476031
02149000,PET,Q,5,3,0.0009383579754078039
02149000,PET,Q,5,4,0.0007394043899373592
02149000,PET,Q,5,5,0.000620137190170178
02149000,PET,Q,5,6,0.0008197683713607393
02149000,PET,Q,5,7,0.0008619572346223042
02149000,PET,Q,5,8,0.0006771202143267471
02149000,PET,Q,5,9,0.0009234758191698639
02149000,PET,Q,5,10,0.000800209351868815
02149000,PET,Q,5,11,0.0008646375493070735
02149000,PET,Q,5,12,0.0009347590006096237
02149000,PET,Q,5,13,0.0007825372607713418
02149000,PET,Q,5,14,0.0005956436461578493
02149000,PET,Q,5,15,0.0008498514214457104
02149000,PET,Q,5,16,0.0007250262439554012
02149000,PET,Q,5,17,0.0007033192492294088
02149000,PET,Q,5,18,0.0007779717214813006
02149000,PET,Q,5,19,0.000778494652155251
02149000,PET,Q,5,20,0.0009893166712150528
02149000,PET,Q,5,21,0.0010434344868145776
02149000,PET,Q,5,22,0.0008501892461516489
02149000,PET,Q,5,23,0.0009955877940169833
02149000,PET,Q,5,24,0.0009329958032841187
02149000,PET,Q,5,25,0.0008923442802102471
02149000,PET,Q,5,26,0.0008759810385818509
02149000,PET,Q,5,27,0.0007823061387678271
02149000,PET,Q,5,28,0.0008559581444776976
02149000,PET,Q,5,29,0.0008222861357506384
02149000,PET,Q,5,30,0.0008182639769812178
02152100,PET,Q,5,1,0.0007145033039357811
02152100,PET,Q,5,2,0.0005634158085816299
02152100,PET,Q,5,3,0.0005766875075374871
02152100,PET,Q,5,4,0.0007219518871329281
02152100,PET,Q,5,5,0.0006518959140986783
02152100,PET,Q,5,6,0.0005786973958733926
02152100,PET,Q,5,7,0.00048323627158161284
02152100,PET,Q,5,8,0.0006505108346051246
02152100,PET,Q,5,9,0.0005714458491727532
02152100,PET,Q,5,10,0.0007255486463285249
02152100,PET,Q,5,11,0.0007313343530038485
02152100,PET,Q,5,12,0.0009261715287442567
02152100,PET,Q,5,13,0.0007294167854666189
02152100,PET,Q,5,14,0.0006599643313509249
02152100,PET,Q,5,15,0.0006716960327150558
02152100,PET,Q,5,16,0.0008835588211444402
02152100,PET,Q,5,17,0.0011169212606076152
02152100,PET,Q,5,18,0.0008035454034416509
02152100,PET,Q,5,19,0.0006098516783726408
02152100,PET,Q,5,20,0.0005640475278613465
02152100,PET,Q,5,21,0.0006682190723411342
02152100,PET,Q,5,22,0.0006715284893168139
02152100,PET,Q,5,23,0.0006587703196536329
02152100,PET,Q,5,24,0.0007365571617262631
02152100,PET,Q,5,25,0.0006428041667949358
02152100,PET,Q,5,26,0.0007584906201538004
02152100,PET,Q,5,27,0.0008916706199864968
02152100,PET,Q,5,28,0.0006310278748594862
02152100,PET,Q,5,29,0.0008081099242987222
02152100,PET,Q,5,30,0.0005931296942105445
02177000,PET,Q,5,1,0.0010780541603120225
02177000,PET,Q,5,2,0.0006778705191238417
02177000,PET,Q,5,3,0.0008261951940981803
02177000,PET,Q,5,4,0.0009439567878676489
02177000,PET,Q,5,5,0.0007776007235495395
02177000,PET,Q,5,6,0.0009397076531221307
02177000,PET,Q,5,7,0.000947905349245777
02177000,PET,Q,5,8,0.0008231023439578093
02177000,PET,Q,5,9,0.0011640267265867303
02177000,PET,Q,5,10,0.0010827798352750113
02177000,PET,Q,5,11,0.0008758938289801857
02177000,PET,Q,5,12,0.0008362094195365939
02177000,PET,Q,5,13,0.0013468226409981653
02177000,PET,Q,5,14,0.0009893832184537654
02177000,PET,Q,5,15,0.001046143826994573
02177000,PET,Q,5,16,0.0007799359745088198
02177000,PET,Q,5,17,0.00071498291518092
02177000,PET,Q,5,18,0.0007943822475681497
02177000,PET,Q,5,19,0.0008738755138614843
02177000,PET,Q,5,20,0.0008203322699357196
02177000,PET,Q,5,21,0.0009338875532830214
02177000,PET,Q,5,22,0.0008761494564664823
02177000,PET,Q,5,23,0.0009851035045584586
02177000,PET,Q,5,24,0.0011633270322649256
02177000,PET,Q,5,25,0.0009446430423903224
02177000,PET,Q,5,26,0.001137319459360478
02177000,PET,Q,5,27,0.0008099254142834265
02177000,PET,Q,5,28,0.000854873545441108
02177000,PET,Q,5,29,0.0007816110267510647
02177000,PET,Q,5,30,0.0008856845834984382
02178400,PET,Q,5,1,0.0018862787834283967
02178400,PET,Q,5,2,0.0018914643662418032
02178400,PET,Q,5,3,0.0017968458516628844
02178400,PET,Q,5,4,0.0016219005515318644
02178400,PET,Q,5,5,0.0014792134687750397
02178400,PET,Q,5,6,0.0018757013614174173
02178400,PET,Q,5,7,0.0014731771602130433
02178400,PET,Q,5,8,0.001449432136266894
02178400,PET,Q,5,9,0.0014979217146453908
02178400,PET,Q,5,10,0.0015047904798253867
02178400,PET,Q,5,11,0.0019529919297872275
02178400,PET,Q,5,12,0.0018553679174862364
02178400,PET,Q,5,13,0.002142304130330952
02178400,PET,Q,5,14,0.001410302072330255
02178400,PET,Q,5,15,0.0016676742313881318
02178400,PET,Q,5,16,0.0015459224601234375
02178400,PET,Q,5,17,0.001346009145594039
02178400,PET,Q,5,18,0.001698537122698053
02178400,PET,Q,5,19,0.0015004720632471671
02178400,PET,Q,5,20,0.001942425577507144
02178400,PET,Q,5,21,0.001554577959391401
02178400,PET,Q,5,22,0.0017970347204012208
02178400,PET,Q,5,23,0.0013130387650080524
02178400,PET,Q,5,24,0.0015369891368280444
02178400,PET,Q,5,25,0.0018704581829592296
02178400,PET,Q,5,26,0.0019306155312600673
02178400,PET,Q,5,27,0.0017233500972707039
02178400,PET,Q,5,28,0.0017337537357655503
02178400,PET,Q,5,29,0.001687471837359178
02178400,PET,Q,5,30,0.0016915668146376128
02193340,PET,Q,5,1,0.00249594263992977
02193340,PET,Q,5,2,0.002190375046139552
02193340,PET,Q,5,3,0.0022508897485823617
02193340,PET,Q,5,4,0.0024471442146098282
02193340,PET,Q,5,5,0.0019206760250726276
02193340,PET,Q,5,6,0.0023171886525685456
02193340,PET,Q,5,7,0.002685341700104628
02193340,PET,Q,5,8,0.0020762156569435475
02193340,PET,Q,5,9,0.0024715523621536076
02193340,PET,Q,5,10,0.002124046435880607
02193340,PET,Q,5,11,0.0024179011205733847
02193340,PET,Q,5,12,0.0026455769864515075
02193340,PET,Q,5,13,0.001960392336678614
02193340,PET,Q,5,14,0.0022938088372901205
02193340,PET,Q,5,15,0.0025244005948394516
02193340,PET,Q,5,16,0.0019873597001407242
02193340,PET,Q,5,17,0.0023118281579610975
02193340,PET,Q,5,18,0.002395718337059788
02193340,PET,Q,5,19,0.002582978275525595
02193340,PET,Q,5,20,0.002579024584441543
02193340,PET,Q,5,21,0.0019460770400432162
02193340,PET,Q,5,22,0.002234952755929241
02193340,PET,Q,5,23,0.0026776288618787156
02193340,PET,Q,5,24,0.002626738390660556
02193340,PET,Q,5,25,0.0025194939885563525
02193340,PET,Q,5,26,0.0026817246291527402
02193340,PET,Q,5,27,0.0024139334855477687
02193340,PET,Q,5,28,0.0024966478851566262
02193340,PET,Q,5,29,0.0022455363956951496
02193340,PET,Q,5,30,0.0022724196213108755
02196000,PET,Q,5,1,0.003759694527638413
02196000,PET,Q,5,2,0.003538613636551974
02196000,PET,Q,5,3,0.0033252418075598866
02196000,PET,Q,5,4,0.0034451362481784237
02196000,PET,Q,5,5,0.0035559260393453335
02196000,PET,Q,5,6,0.003513526097931652
02196000,PET,Q,5,7,0.0036778016400865476
02196000,PET,Q,5,8,0.0030162447211031923
02196000,PET,Q,5,9,0.003331665587414878
02196000,PET,Q,5,10,0.004578101558427319
02196000,PET,Q,5,11,0.003317260433682162
02196000,PET,Q,5,12,0.0034869494485963853
02196000,PET,Q,5,13,0.0036747989501180883
02196000,PET,Q,5,14,0.004001315732780258
02196000,PET,Q,5,15,0.003794917840974424
02196000,PET,Q,5,16,0.004429085197215216
02196000,PET,Q,5,17,0.00488134527590095
02196000,PET,Q,5,18,0.0035192345276359033
02196000,PET,Q,5,19,0.003917162995821455
02196000,PET,Q,5,20,0.003219476601179286
02196000,PET,Q,5,21,0.003806841727481261
02196000,PET,Q,5,22,0.003947011769373954
02196000,PET,Q,5,23,0.00429249300526062
02196000,PET,Q,5,24,0.0038965071939679463
02196000,PET,Q,5,25,0.0043506567233244225
02196000,PET,Q,5,26,0.0045107398512141406
02196000,PET,Q,5,27,0.003987935495440478
02196000,PET,Q,5,28,0.004296791491946186
02196000,PET,Q,5,29,0.004394684153737491
02196000,PET,Q,5,30,0.0039004387611987074
02198100,PET,Q,5,1,0.0011584613791739001
02198100,PET,Q,5,2,0.0012298432113778332
02198100,PET,Q,5,3,0.0012068115815982126
02198100,PET,Q,5,4,0.0010941877836355314
02198100,PET,Q,5,5,0.0013752394831282704
02198100,PET,Q,5,6,0.0011492242387905367
02198100,PET,Q,5,7,0.00131962428839736
02198100,PET,Q,5,8,0.0012291538300304473
02198100,PET,Q,5,9,0.0012001645031395579
02198100,PET,Q,5,10,0.0013461596638932594
02198100,PET,Q,5,11,0.0013640440804185833
02198100,PET,Q,5,12,0.0016774719251003642
02198100,PET,Q,5,13,0.0012845810046483164
02198100,PET,Q,5,14,0.0015724765064612997
02198100,PET,Q,5,15,0.0012445827717701315
02198100,PET,Q,5,16,0.0011706825973587694
02198100,PET,Q,5,17,0.0013021574457157924
02198100,PET,Q,5,18,0.0013750768236575062
02198100,PET,Q,5,19,0.0011716772057481228
02198100,PET,Q,5,20,0.0011306850106389266
02198100,PET,Q,5,21,0.0012120797389935031
02198100,PET,Q,5,22,0.0012868799597924273
02198100,PET,Q,5,23,0.0011325242449094566
02198100,PET,Q,5,24,0.0013637077360551149
02198100,PET,Q,5,25,0.0012468891148034109
02198100,PET,Q,5,26,0.0012824757261957198
02198100,PET,Q,5,27,0.0014373980676302203
02198100,PET,Q,5,28,0.0010342344610582942
02198100,PET,Q,5,29,0.0011094101008595376
02198100,PET,Q,5,30,0.0012342444455749647
02202600,PET,Q,5,1,0.0015592712051224478
02202600,PET,Q,5,2,0.0018898239106476394
02202600,PET,Q,5,3,0.0019157520897709057
02202600,PET,Q,5,4,0.0012722264197150765
02202600,PET,Q,5,5,0.001104483981376067
02202600,PET,Q,5,6,0.0015940056112509482
02202600,PET,Q,5,7,0.001469525549922926
02202600,PET,Q,5,8,0.0014857287302007666
02202600,PET,Q,5,9,0.0014117866281195338
02202600,PET,Q,5,10,0.0018510728951525723
02202600,PET,Q,5,11,0.0018434773722417683
02202600,PET,Q,5,12,0.0013524667212006514
02202600,PET,Q,5,13,0.0016242248035496301
02202600,PET,Q,5,14,0.001693593432472558
02202600,PET,Q,5,15,0.0018664759925287808
02202600,PET,Q,5,16,0.0015755267131764075
02202600,PET,Q,5,17,0.001759562184609799
02202600,PET,Q,5,18,0.002126845266175799
02202600,PET,Q,5,19,0.0013824245449913994
02202600,PET,Q,5,20,0.0014893785688436245
02202600,PET,Q,5,21,0.001566466879311293
02202600,PET,Q,5,22,0.0015680216847086606
02202600,PET,Q,5,23,0.001788861863487784
02202600,PET,Q,5,24,0.0016618024891391359
02202600,PET,Q,5,25,0.0013478461213678183
02202600,PET,Q,5,26,0.0018685962406772422
02202600,PET,Q,5,27,0.0015667203769605537
02202600,PET,Q,5,28,0.0016027848104695624
02202600,PET,Q,5,29,0.0014996171329432206
02202600,PET,Q,5,30,0.0015518853816385292
02212600,PET,Q,5,1,0.002394487926023141
02212600,PET,Q,5,2,0.002327131808056798
02212600,PET,Q,5,3,0.0019998157556731233
02212600,PET,Q,5,4,0.0025829603522274855
02212600,PET,Q,5,5,0.002654908155346525
02212600,PET,Q,5,6,0.0023971361239737074
02212600,PET,Q,5,7,0.0021298595235646617
02212600,PET,Q,5,8,0.0019516710610469334
02212600,PET,Q,5,9,0.0020087213313309676
02212600,PET,Q,5,10,0.0017157099643163101
02212600,PET,Q,5,11,0.0021478265149412687
02212600,PET,Q,5,12,0.0018581758569513607
02212600,PET,Q,5,13,0.002186255108372781
02212600,PET,Q,5,14,0.0021680449689416154
02212600,PET,Q,5,15,0.002235623897482393
02212600,PET,Q,5,16,0.0019467883488192839
02212600,PET,Q,5,17,0.0018330466481159269
02212600,PET,Q,5,18,0.002075883010484794
02212600,PET,Q,5,19,0.002288376313993812
02212600,PET,Q,5,20,0.0024678815693994632
02212600,PET,Q,5,21,0.0021450639497268553
02212600,PET,Q,5,22,0.0020573044957417214
02212600,PET,Q,5,23,0.001976452773682788
02212600,PET,Q,5,24,0.0018907676548365546
02212600,PET,Q,5,25,0.002179366429224165
02212600,PET,Q,5,26,0.0023418139110772604
02212600,PET,Q,5,27,0.0023906156229791253
02212600,PET,Q,5,28,0.00224367602849046
02212600,PET,Q,5,29,0.0021113170061617184
02212600,PET,Q,5,30,0.002011158487618972
02215100,PET,Q,5,1,0.0021970015772892343
02215100,PET,Q,5,2,0.001726053105683082
02215100,PET,Q,5,3,0.001563535323448429
02215100,PET,Q,5,4,0.0013226411697841375
02215100,PET,Q,5,5,0.0017930417167047255
02215100,PET,Q,5,6,0.0016518801991076727
02215100,PET,Q,5,7,0.0014484940449435019
02215100,PET,Q,5,8,0.0015639541339410243
02215100,PET,Q,5,9,0.0016766103628189748
02215100,PET,Q,5,10,0.0015657015005392794
02215100,PET,Q,5,11,0.0016042182780425934
02215100,PET,Q,5,12,0.0014961570927770965
02215100,PET,Q,5,13,0.0015214277831318117
02215100,PET,Q,5,14,0.0014379067636593294
02215100,PET,Q,5,15,0.0017401750587285603
02215100,PET,Q,5,16,0.0018044893032679934
02215100,PET,Q,5,17,0.0016255738420791616
02215100,PET,Q,5,18,0.001647648425245906
02215100,PET,Q,5,19,0.0018730817375711348
02215100,PET,Q,5,20,0.001746365827199746
02215100,PET,Q,5,21,0.0017004702029715692
02215100,PET,Q,5,22,0.0019765151759805442
02215100,PET,Q,5,23,0.0014227842686219717
02215100,PET,Q,5,24,0.001672895376151784
02215100,PET,Q,5,25,0.0019835303858319296
02215100,PET,Q,5,26,0.001990403947545509
02215100,PET,Q,5,27,0.002279863287315404
02215100,PET,Q,5,28,0.0018878031872559611
02215100,PET,Q,5,29,0.0018774339040734805
02215100,PET,Q,5,30,0.0016776030710538292
02216180,PET,Q,5,1,0.002395651808857452
02216180,PET,Q,5,2,0.001717087081601787
02216180,PET,Q,5,3,0.0019864216252179004
02216180,PET,Q,5,4,0.0016737535360510855
02216180,PET,Q,5,5,0.0017432285543750592
02216180,PET,Q,5,6,0.0015964583571238533
02216180,PET,Q,5,7,0.0018209623477534811
02216180,PET,Q,5,8,0.0016391824093908158
02216180,PET,Q,5,9,0.001854568174318623
02216180,PET,Q,5,10,0.0017267931575374457
02216180,PET,Q,5,11,0.0018140215362497242
02216180,PET,Q,5,12,0.0018529485236000454
02216180,PET,Q,5,13,0.0018321207861149574
02216180,PET,Q,5,14,0.0019954776047952302
02216180,PET,Q,5,15,0.002184512400163388
02216180,PET,Q,5,16,0.001743940268292915
02216180,PET,Q,5,17,0.0018989967685117404
02216180,PET,Q,5,18,0.0018468933069151067
02216180,PET,Q,5,19,0.0022903427820188532
02216180,PET,Q,5,20,0.0018986447215451757
02216180,PET,Q,5,21,0.0018244614333194145
02216180,PET,Q,5,22,0.0018015176060497892
02216180,PET,Q,5,23,0.001767999161158544
02216180,PET,Q,5,24,0.002103780359661099
02216180,PET,Q,5,25,0.002150661877389909
02216180,PET,Q,5,26,0.002955113854726875
02216180,PET,Q,5,27,0.0022870364158376275
02216180,PET,Q,5,28,0.002509474284235917
02216180,PET,Q,5,29,0.0021812739571746564
02216180,PET,Q,5,30,0.0026049517084730384
02221525,PET,Q,5,1,0.00323484288501584
02221525,PET,Q,5,2,0.0019378465171705217
02221525,PET,Q,5,3,0.002806153633302229
02221525,PET,Q,5,4,0.0019162359601714932
02221525,PET,Q,5,5,0.0016678863075388767
02221525,PET,Q,5,6,0.002284519377512048
02221525,PET,Q,5,7,0.0021498496566115105
02221525,PET,Q,5,8,0.002217717636832109
02221525,PET,Q,5,9,0.0019426548529066986
02221525,PET,Q,5,10,0.001907417438323171
02221525,PET,Q,5,11,0.0020968969916638075
02221525,PET,Q,5,12,0.0023679500215884816
02221525,PET,Q,5,13,0.0023874755959537586
02221525,PET,Q,5,14,0.002213241305984298
02221525,PET,Q,5,15,0.0020152184202361645
02221525,PET,Q,5,16,0.0019624146384292426
02221525,PET,Q,5,17,0.002016990504671884
02221525,PET,Q,5,18,0.002372183140356046
02221525,PET,Q,5,19,0.0020516916785496137
02221525,PET,Q,5,20,0.002218648046294243
02221525,PET,Q,5,21,0.0025327506819830536
02221525,PET,Q,5,22,0.002214140272637062
02221525,PET,Q,5,23,0.0021753755051693233
02221525,PET,Q,5,24,0.002035075820841989
02221525,PET,Q,5,25,0.0025300653334179163
02221525,PET,Q,5,26,0.0022097623125358345
02221525,PET,Q,5,27,0.001962310419351375
02221525,PET,Q,5,28,0.002285410485989056
02221525,PET,Q,5,29,0.002419981649376707
02221525,PET,Q,5,30,0.0024840663909851055
02231000,PET,Q,5,1,0.0013807226736029451
02231000,PET,Q,5,2,0.001844135448101622
02231000,PET,Q,5,3,0.0014854938649593724
02231000,PET,Q,5,4,0.001453616883336055
02231000,PET,Q,5,5,0.0011792187975616444
02231000,PET,Q,5,6,0.0012643464285171657
02231000,PET,Q,5,7,0.0020005223351420923
02231000,PET,Q,5,8,0.0016653287070851341
02231000,PET,Q,5,9,0.001414887998357997
02231000,PET,Q,5,10,0.0014373747487968422
02231000,PET,Q,5,11,0.0013851457229998032
02231000,PET,Q,5,12,0.0012957747157280736
02231000,PET,Q,5,13,0.0009767472363294977
02231000,PET,Q,5,14,0.0009914738351224292
02231000,PET,Q,5,15,0.0008967491712505021
02231000,PET,Q,5,16,0.0011535926385920978
02231000,PET,Q,5,17,0.0011912594445353253
02231000,PET,Q,5,18,0.001193705153558336
02231000,PET,Q,5,19,0.001100558085573515
02231000,PET,Q,5,20,0.0012030744186098674
02231000,PET,Q,5,21,0.0010681948322922435
02231000,PET,Q,5,22,0.0011703614840913312
02231000,PET,Q,5,23,0.0014808663180861104
02231000,PET,Q,5,24,0.0016397532416246724
02231000,PET,Q,5,25,0.0007675965440406274
02231000,PET,Q,5,26,0.0007669007578365097
02231000,PET,Q,5,27,0.0013187363296537427
02231000,PET,Q,5,28,0.0012819261969108722
02231000,PET,Q,5,29,0.0012417372527787976
02231000,PET,Q,5,30,0.001094542858098145
02231342,PET,Q,5,1,0.0024536851903278756
02231342,PET,Q,5,2,0.002224218512374962
02231342,PET,Q,5,3,0.001313742553801442
02231342,PET,Q,5,4,0.002069582404073983
02231342,PET,Q,5,5,0.001617525422176025
02231342,PET,Q,5,6,0.001902640356525112
02231342,PET,Q,5,7,0.0021002436607711616
02231342,PET,Q,5,8,0.0016755539070754666
02231342,PET,Q,5,9,0.0017448114729995412
02231342,PET,Q,5,10,0.0020294890201145444
02231342,PET,Q,5,11,0.0019329752273590933
02231342,PET,Q,5,12,0.001773505159847033
02231342,PET,Q,5,13,0.0022091860255145507
02231342,PET,Q,5,14,0.00234708165077116
02231342,PET,Q,5,15,0.0021620532882251353
02231342,PET,Q,5,16,0.002006362946813542
02231342,PET,Q,5,17,0.002040421635932488
02231342,PET,Q,5,18,0.0014788381703499665
02231342,PET,Q,5,19,0.0018797643256424634
02231342,PET,Q,5,20,0.0024480355754912253
02231342,PET,Q,5,21,0.002244533724897607
02231342,PET,Q,5,22,0.0017312893965232279
02231342,PET,Q,5,23,0.001858841429679306
02231342,PET,Q,5,24,0.0017528257622455579
02231342,PET,Q,5,25,0.001945568987370666
02231342,PET,Q,5,26,0.0018101913973725264
02231342,PET,Q,5,27,0.0016435312765948895
02231342,PET,Q,5,28,0.0023448718645221467
02231342,PET,Q,5,29,0.0023971651065375355
02231342,PET,Q,5,30,0.0021468410071544403
02235200,PET,Q,5,1,0.003415267018431367
02235200,PET,Q,5,2,0.0022513741554974764
02235200,PET,Q,5,3,0.0017895587104010957
02235200,PET,Q,5,4,0.0027097557251742344
02235200,PET,Q,5,5,0.002240218296907681
02235200,PET,Q,5,6,0.0021675356795908818
02235200,PET,Q,5,7,0.0023754968660829046
02235200,PET,Q,5,8,0.0022046039224288827
02235200,PET,Q,5,9,0.002507562491348092
02235200,PET,Q,5,10,0.002133073568238164
02235200,PET,Q,5,11,0.002211693130598269
02235200,PET,Q,5,12,0.0023751366230119197
02235200,PET,Q,5,13,0.002767130392949513
02235200,PET,Q,5,14,0.002277776133699061
02235200,PET,Q,5,15,0.0020385504406512656
02235200,PET,Q,5,16,0.001654675322071919
02235200,PET,Q,5,17,0.002799626221287932
02235200,PET,Q,5,18,0.002047134786753113
02235200,PET,Q,5,19,0.001480450227304697
02235200,PET,Q,5,20,0.0020578650094671413
02235200,PET,Q,5,21,0.0018587242939265836
02235200,PET,Q,5,22,0.0013024354080512501
02235200,PET,Q,5,23,0.0020323528606167596
02235200,PET,Q,5,24,0.0017453385526165488
02235200,PET,Q,5,25,0.0014440816220936403
02235200,PET,Q,5,26,0.0020423552791346555
02235200,PET,Q,5,27,0.0018360120418466908
02235200,PET,Q,5,28,0.0016527821267358633
02235200,PET,Q,5,29,0.0018125596120037724
02235200,PET,Q,5,30,0.0018613639724752162
02245500,PET,Q,5,1,0.002623187235671419
02245500,PET,Q,5,2,0.0020236352630662244
02245500,PET,Q,5,3,0.0024407679413230854
02245500,PET,Q,5,4,0.002413091115391827
02245500,PET,Q,5,5,0.002536387316812806
02245500,PET,Q,5,6,0.0028765796465683516
02245500,PET,Q,5,7,0.0024000600270764408
02245500,PET,Q,5,8,0.0028012926665180946
02245500,PET,Q,5,9,0.002162665652784314
02245500,PET,Q,5,10,0.002229786640331584
02245500,PET,Q,5,11,0.0020759940807104915
02245500,PET,Q,5,12,0.0023144499452413744
02245500,PET,Q,5,13,0.002142168459264758
02245500,PET,Q,5,14,0.0025696487064287704
02245500,PET,Q,5,15,0.001760655254034009
02245500,PET,Q,5,16,0.0019676168975694686
02245500,PET,Q,5,17,0.002312913101850368
02245500,PET,Q,5,18,0.003255154298069149
02245500,PET,Q,5,19,0.002425365334324331
02245500,PET,Q,5,20,0.002385686030456434
02245500,PET,Q,5,21,0.0023944467441464473
02245500,PET,Q,5,22,0.002170139954925883
02245500,PET,Q,5,23,0.002675990158347949
02245500,PET,Q,5,24,0.0027251338198995417
02245500,PET,Q,5,25,0.002033082215002688
02245500,PET,Q,5,26,0.002076758342585222
02245500,PET,Q,5,27,0.002606904094492407
02245500,PET,Q,5,28,0.002281232370388721
02245500,PET,Q,5,29,0.0022673639736758566
02245500,PET,Q,5,30,0.0022299478934915892
02246000,PET,Q,5,1,0.0020810658347740485
02246000,PET,Q,5,2,0.0013034374596553773
02246000,PET,Q,5,3,0.0017270204040296354
02246000,PET,Q,5,4,0.0011556563716453652
02246000,PET,Q,5,5,0.0013338729528871891
02246000,PET,Q,5,6,0.00125678690935015
02246000,PET,Q,5,7,0.0015156957434980627
02246000,PET,Q,5,8,0.00160372902537146
02246000,PET,Q,5,9,0.0012547333606961718
02246000,PET,Q,5,10,0.0009929026731350307
02246000,PET,Q,5,11,0.001185155407379592
02246000,PET,Q,5,12,0.0009343663880787799
02246000,PET,Q,5,13,0.0010224492757490086
02246000,PET,Q,5,14,0.0014731255506143896
02246000,PET,Q,5,15,0.0007390304160643617
02246000,PET,Q,5,16,0.001087887066679942
02246000,PET,Q,5,17,0.0011944811591061942
02246000,PET,Q,5,18,0.0015108224531112865
02246000,PET,Q,5,19,0.001131922171285181
02246000,PET,Q,5,20,0.0014240959626887727
02246000,PET,Q,5,21,0.0010997502369353915
02246000,PET,Q,5,22,0.0010007627871288644
02246000,PET,Q,5,23,0.0012515873271598602
02246000,PET,Q,5,24,0.0010885544628006678
02246000,PET,Q,5,25,0.0011163014781928327
02246000,PET,Q,5,26,0.0012208204605302295
02246000,PET,Q,5,27,0.0012769112325552966
02246000,PET,Q,5,28,0.0009365253300057386
02246000,PET,Q,5,29,0.0011393162439581432
02246000,PET,Q,5,30,0.001221039172695896
02296500,PET,Q,5,1,0.002617284770785655
02296500,PET,Q,5,2,0.002093477893288731
02296500,PET,Q,5,3,0.0018903507916550044
02296500,PET,Q,5,4,0.0014645682725137332
02296500,PET,Q,5,5,0.0014480191020540545
02296500,PET,Q,5,6,0.0015296366888780388
02296500,PET,Q,5,7,0.001201666225278064
02296500,PET,Q,5,8,0.0009000235918993071
02296500,PET,Q,5,9,0.0017890559738575895
02296500,PET,Q,5,10,0.001995950240126748
02296500,PET,Q,5,11,0.0017881605120517174
02296500,PET,Q,5,12,0.001940501055193028
02296500,PET,Q,5,13,0.0014856408861091963
02296500,PET,Q,5,14,0.001343171290644457
02296500,PET,Q,5,15,0.0014639077977358639
02296500,PET,Q,5,16,0.0014837728853315801
02296500,PET,Q,5,17,0.0017734228219014603
02296500,PET,Q,5,18,0.0015780002892524514
02296500,PET,Q,5,19,0.0014674239179101323
02296500,PET,Q,5,20,0.0011129554957627907
02296500,PET,Q,5,21,0.0015209672627404247
02296500,PET,Q,5,22,0.0009633210756943011
02296500,PET,Q,5,23,0.001602329248556078
02296500,PET,Q,5,24,0.001581443587951592
02296500,PET,Q,5,25,0.0016289208659403531
02296500,PET,Q,5,26,0.0017098627952199796
02296500,PET,Q,5,27,0.0013654498405865356
02296500,PET,Q,5,28,0.0021972535877505806
02296500,PET,Q,5,29,0.0020120179768645663
02296500,PET,Q,5,30,0.0013738061599451457
02297155,PET,Q,5,1,0.0020606648193634836
02297155,PET,Q,5,2,0.001323884478285929
02297155,PET,Q,5,3,0.0013044778990052089
02297155,PET,Q,5,4,0.001794801705360928
02297155,PET,Q,5,5,0.001590455976143143
02297155,PET,Q,5,6,0.0017945072728054734
02297155,PET,Q,5,7,0.0016100160533427527
02297155,PET,Q,5,8,0.0022038412188459255
02297155,PET,Q,5,9,0.0021383970153406665
02297155,PET,Q,5,10,0.0017227469420511704
02297155,PET,Q,5,11,0.0022019495251035318
02297155,PET,Q,5,12,0.0023244196075183562
02297155,PET,Q,5,13,0.0019973778100000616
02297155,PET,Q,5,14,0.0016851936168784873
02297155,PET,Q,5,15,0.0018134098407537255
02297155,PET,Q,5,16,0.001993547701755395
02297155,PET,Q,5,17,0.0018612231264181628
02297155,PET,Q,5,18,0.0019667848915913
02297155,PET,Q,5,19,0.0023665095549145893
02297155,PET,Q,5,20,0.001552444004770906
02297155,PET,Q,5,21,0.002119049555976131
02297155,PET,Q,5,22,0.001971010482554901
02297155,PET,Q,5,23,0.0016109256367937072
02297155,PET,Q,5,24,0.0018369151935919148
02297155,PET,Q,5,25,0.002164667389197683
02297155,PET,Q,5,26,0.002438191226209273
02297155,PET,Q,5,27,0.002571847562680536
02297155,PET,Q,5,28,0.001815889365794028
02297155,PET,Q,5,29,0.0022466737521952412
02297155,PET,Q,5,30,0.0024755578508252954
02297310,PET,Q,5,1,0.001677416217283595
02297310,PET,Q,5,2,0.0015625748332217596
02297310,PET,Q,5,3,0.001632014238992896
02297310,PET,Q,5,4,0.0011840425337715788
02297310,PET,Q,5,5,0.0012040833777510265
02297310,PET,Q,5,6,0.0012523466443077474
02297310,PET,Q,5,7,0.0015314724651360467
02297310,PET,Q,5,8,0.0017451736753555241
02297310,PET,Q,5,9,0.0013216120018953725
02297310,PET,Q,5,10,0.0016402158631888056
02297310,PET,Q,5,11,0.0013421386002193739
02297310,PET,Q,5,12,0.0013555880380402771
02297310,PET,Q,5,13,0.0014201195276925954
02297310,PET,Q,5,14,0.0012818391811874469
02297310,PET,Q,5,15,0.0014576154504540306
02297310,PET,Q,5,16,0.0014919611625172288
02297310,PET,Q,5,17,0.0012403948760091738
02297310,PET,Q,5,18,0.0013917325627153393
02297310,PET,Q,5,19,0.001360174383402482
02297310,PET,Q,5,20,0.0014417617785998302
02297310,PET,Q,5,21,0.0013113191582159248
02297310,PET,Q,5,22,0.0015890670639366264
02297310,PET,Q,5,23,0.0009974863160791408
02297310,PET,Q,5,24,0.001025778504013329
02297310,PET,Q,5,25,0.0011702907795981751
02297310,PET,Q,5,26,0.001459925774267186
02297310,PET,Q,5,27,0.0014604208920894965
02297310,PET,Q,5,28,0.0016415715115771293
02297310,PET,Q,5,29,0.0013873084298708371
02297310,PET,Q,5,30,0.0011872045209161408
02298123,PET,Q,5,1,0.0028031424056393917
02298123,PET,Q,5,2,0.0025839961283764257
02298123,PET,Q,5,3,0.003038612319944206
02298123,PET,Q,5,4,0.0027680666708774226
02298123,PET,Q,5,5,0.0028896497863481196
02298123,PET,Q,5,6,0.002628379690676863
02298123,PET,Q,5,7,0.0026237109491695776
02298123,PET,Q,5,8,0.0037017797657188656
02298123,PET,Q,5,9,0.003587162907630559
02298123,PET,Q,5,10,0.002355611562565474
02298123,PET,Q,5,11,0.00212077123113541
02298123,PET,Q,5,12,0.002521765028611317
02298123,PET,Q,5,13,0.0025750012618638296
02298123,PET,Q,5,14,0.002376562236916707
02298123,PET,Q,5,15,0.0024278485366421576
02298123,PET,Q,5,16,0.002832419298212374
02298123,PET,Q,5,17,0.0024242811732120007
02298123,PET,Q,5,18,0.0022112226521384115
02298123,PET,Q,5,19,0.002098758001090495
02298123,PET,Q,5,20,0.002345561315454936
02298123,PET,Q,5,21,0.0029219382664091853
02298123,PET,Q,5,22,0.0030441423401773304
02298123,PET,Q,5,23,0.0031082533879007723
02298123,PET,Q,5,24,0.0028687550574115483
02298123,PET,Q,5,25,0.0031891505600943615
02298123,PET,Q,5,26,0.002909948741334961
02298123,PET,Q,5,27,0.0031188789194706024
02298123,PET,Q,5,28,0.0029241772090440876
02298123,PET,Q,5,29,0.0027076907455965415
02298123,PET,Q,5,30,0.002649004354459833
02298608,PET,Q,5,1,0.0026884908286024314
02298608,PET,Q,5,2,0.001820659149335796
02298608,PET,Q,5,3,0.0018642901403627399
02298608,PET,Q,5,4,0.001847373663592701
02298608,PET,Q,5,5,0.0021195635291084425
02298608,PET,Q,5,6,0.0020593204123505043
02298608,PET,Q,5,7,0.002143359357832407
02298608,PET,Q,5,8,0.002088777178953019
02298608,PET,Q,5,9,0.0021668428157853303
02298608,PET,Q,5,10,0.0024872745919502504
02298608,PET,Q,5,11,0.001685721102293293
02298608,PET,Q,5,12,0.0019450037384056637
02298608,PET,Q,5,13,0.0026012036802603444
02298608,PET,Q,5,14,0.0024112554141157913
02298608,PET,Q,5,15,0.0025207205924751633
02298608,PET,Q,5,16,0.0022311226386909633
02298608,PET,Q,5,17,0.00313176923976536
02298608,PET,Q,5,18,0.0022356148001632797
02298608,PET,Q,5,19,0.0022039866702508112
02298608,PET,Q,5,20,0.0022912804446011334
02298608,PET,Q,5,21,0.00212106191242499
02298608,PET,Q,5,22,0.0023711614123754984
02298608,PET,Q,5,23,0.002156214191020689
02298608,PET,Q,5,24,0.0020116715466389073
02298608,PET,Q,5,25,0.0023492003059602737
02298608,PET,Q,5,26,0.0023155006290255242
02298608,PET,Q,5,27,0.002195792256603553
02298608,PET,Q,5,28,0.0019693418219975806
02298608,PET,Q,5,29,0.0021589136945991197
02298608,PET,Q,5,30,0.0023936008551232457
02299950,PET,Q,5,1,0.0017188363548363214
02299950,PET,Q,5,2,0.001409319693125105
02299950,PET,Q,5,3,0.001209688421783664
02299950,PET,Q,5,4,0.0010761431416337064
02299950,PET,Q,5,5,0.0015608666592715759
02299950,PET,Q,5,6,0.0008870756586395606
02299950,PET,Q,5,7,0.0013813649613694592
02299950,PET,Q,5,8,0.0011326642103959145
02299950,PET,Q,5,9,0.0013576862539989923
02299950,PET,Q,5,10,0.0012102470328277798
02299950,PET,Q,5,11,0.0013547691398558825
02299950,PET,Q,5,12,0.0012908971785525192
02299950,PET,Q,5,13,0.0016589654652054836
02299950,PET,Q,5,14,0.0013077252754371202
02299950,PET,Q,5,15,0.001706192416518225
02299950,PET,Q,5,16,0.0020016193625881362
02299950,PET,Q,5,17,0.001430849363565967
02299950,PET,Q,5,18,0.001553012951529445
02299950,PET,Q,5,19,0.0013227238959838475
02299950,PET,Q,5,20,0.0018998432273130972
02299950,PET,Q,5,21,0.0011933987701583937
02299950,PET,Q,5,22,0.001256351190227753
02299950,PET,Q,5,23,0.0012882044939465792
02299950,PET,Q,5,24,0.0013894430324471255
02299950,PET,Q,5,25,0.0015812124412113784
02299950,PET,Q,5,26,0.0010007925907702733
02299950,PET,Q,5,27,0.0015894413363048768
02299950,PET,Q,5,28,0.001802784122091311
02299950,PET,Q,5,29,0.0014849800955385253
02299950,PET,Q,5,30,0.0014933223037726859
02300700,PET,Q,5,1,0.0016760214001963203
02300700,PET,Q,5,2,0.0008281888067188173
02300700,PET,Q,5,3,0.0014495885050758162
02300700,PET,Q,5,4,0.0014590054016728055
02300700,PET,Q,5,5,0.001616717860065807
02300700,PET,Q,5,6,0.0015788099166920075
02300700,PET,Q,5,7,0.0011967658658888908
02300700,PET,Q,5,8,0.0011260179731085174
02300700,PET,Q,5,9,0.0011769232726944953
02300700,PET,Q,5,10,0.0015510436145477272
02300700,PET,Q,5,11,0.0009312886249546806
02300700,PET,Q,5,12,0.001515252602511584
02300700,PET,Q,5,13,0.001415026452173257
02300700,PET,Q,5,14,0.0014903068116970258
02300700,PET,Q,5,15,0.0014113194687716962
02300700,PET,Q,5,16,0.0007891924675322362
02300700,PET,Q,5,17,0.0010474223712686748
02300700,PET,Q,5,18,0.001442108533804505
02300700,PET,Q,5,19,0.000904732640438291
02300700,PET,Q,5,20,0.0012862205351030082
02300700,PET,Q,5,21,0.001786007961378941
02300700,PET,Q,5,22,0.0016682849706154967
02300700,PET,Q,5,23,0.0010702811629896905
02300700,PET,Q,5,24,0.0011618784782661817
02300700,PET,Q,5,25,0.00142933358797135
02300700,PET,Q,5,26,0.0012013356145430878
02300700,PET,Q,5,27,0.0016296389221914787
02300700,PET,Q,5,28,0.0012176930864236796
02300700,PET,Q,5,29,0.0012969742395852538
02300700,PET,Q,5,30,0.0016164365031050704
02310947,PET,Q,5,1,0.002210345610308917
02310947,PET,Q,5,2,0.0012128250011544384
02310947,PET,Q,5,3,0.0012330922562027447
02310947,PET,Q,5,4,0.001223071248044827
02310947,PET,Q,5,5,0.0014908402635740448
02310947,PET,Q,5,6,0.0017014554248704905
02310947,PET,Q,5,7,0.0017357325278626878
02310947,PET,Q,5,8,0.0013009174870363127
02310947,PET,Q,5,9,0.0010521042599048458
02310947,PET,Q,5,10,0.0016000049684856132
02310947,PET,Q,5,11,0.0011788376712447146
02310947,PET,Q,5,12,0.0012927413910057972
02310947,PET,Q,5,13,0.0014463289085110687
02310947,PET,Q,5,14,0.001170653000798133
02310947,PET,Q,5,15,0.0009393150307005216
02310947,PET,Q,5,16,0.0011389816180095436
02310947,PET,Q,5,17,0.0009162098797615148
02310947,PET,Q,5,18,0.0012031435125682832
02310947,PET,Q,5,19,0.0012301551614003758
02310947,PET,Q,5,20,0.0011288939983117863
02310947,PET,Q,5,21,0.00155345376331964
02310947,PET,Q,5,22,0.0014975014412688392
02310947,PET,Q,5,23,0.0014038949339563733
02310947,PET,Q,5,24,0.0012335933166648383
02310947,PET,Q,5,25,0.0015822248379895598
02310947,PET,Q,5,26,0.0013439772151621898
02310947,PET,Q,5,27,0.00097290835304506
02310947,PET,Q,5,28,0.0008442568931957273
02310947,PET,Q,5,29,0.0014945571910530975
02310947,PET,Q,5,30,0.0015241863545485124
02312200,PET,Q,5,1,0.002256558514847351
02312200,PET,Q,5,2,0.0017526682831939255
02312200,PET,Q,5,3,0.0018938981823943268
02312200,PET,Q,5,4,0.001806916879198317
02312200,PET,Q,5,5,0.0014808419053224386
02312200,PET,Q,5,6,0.0012159662935786186
02312200,PET,Q,5,7,0.0011782285633974432
02312200,PET,Q,5,8,0.0013372382613057177
02312200,PET,Q,5,9,0.0017715239853871023
02312200,PET,Q,5,10,0.0013207356878184306
02312200,PET,Q,5,11,0.0012771367849077064
02312200,PET,Q,5,12,0.0015833792679516012
02312200,PET,Q,5,13,0.0012644046933317776
02312200,PET,Q,5,14,0.0018745192970662794
02312200,PET,Q,5,15,0.0019343376180283034
02312200,PET,Q,5,16,0.002141430580747894
02312200,PET,Q,5,17,0.0013000500528135284
02312200,PET,Q,5,18,0.001454724088032766
02312200,PET,Q,5,19,0.0011838809795591265
02312200,PET,Q,5,20,0.0015103390526975957
02312200,PET,Q,5,21,0.0015015553842470664
02312200,PET,Q,5,22,0.0012437555483226226
02312200,PET,Q,5,23,0.0013095566816498927
02312200,PET,Q,5,24,0.0014055607790471325
02312200,PET,Q,5,25,0.001501879775451076
02312200,PET,Q,5,26,0.001448289916796186
02312200,PET,Q,5,27,0.0013520886893185757
02312200,PET,Q,5,28,0.0015996327883304184
02312200,PET,Q,5,29,0.0013858154765618025
02312200,PET,Q,5,30,0.0014117866467333595
02314500,PET,Q,5,1,0.0021681308666527954
02314500,PET,Q,5,2,0.002638085011923419
02314500,PET,Q,5,3,0.0022006161310524353
02314500,PET,Q,5,4,0.0015485326909487895
02314500,PET,Q,5,5,0.0014961364648645725
02314500,PET,Q,5,6,0.0017616642084226086
02314500,PET,Q,5,7,0.0017985213216673013
02314500,PET,Q,5,8,0.0017527443904714057
02314500,PET,Q,5,9,0.0017638748791430903
02314500,PET,Q,5,10,0.0015209777328740737
02314500,PET,Q,5,11,0.00187040851137954
02314500,PET,Q,5,12,0.0013817123194137526
02314500,PET,Q,5,13,0.0014439818372528612
02314500,PET,Q,5,14,0.00151938362444759
02314500,PET,Q,5,15,0.0010829779843924414
02314500,PET,Q,5,16,0.001137059046647848
02314500,PET,Q,5,17,0.0014137764156579857
02314500,PET,Q,5,18,0.0017901960799147076
02314500,PET,Q,5,19,0.0016403966201350428
02314500,PET,Q,5,20,0.001376237914870071
02314500,PET,Q,5,21,0.0019240208991005425
02314500,PET,Q,5,22,0.001759929386255632
02314500,PET,Q,5,23,0.0014062985343248346
02314500,PET,Q,5,24,0.0015619593360592376
02314500,PET,Q,5,25,0.0014689934784464787
02314500,PET,Q,5,26,0.0010792095094370735
02314500,PET,Q,5,27,0.0014529561755455833
02314500,PET,Q,5,28,0.0017065516905684364
02314500,PET,Q,5,29,0.001610199956988967
02314500,PET,Q,5,30,0.0016485658658682567
02315500,PET,Q,5,1,0.0022205159083432124
02315500,PET,Q,5,2,0.0019166072239583665
02315500,PET,Q,5,3,0.002343007640568051
02315500,PET,Q,5,4,0.002681636338074611
02315500,PET,Q,5,5,0.0023842268560383406
02315500,PET,Q,5,6,0.0022718728089952678
02315500,PET,Q,5,7,0.002073582384601813
02315500,PET,Q,5,8,0.0015519427012029574
02315500,PET,Q,5,9,0.0015262659433817882
02315500,PET,Q,5,10,0.002010355842368583
02315500,PET,Q,5,11,0.0018176360930194924
02315500,PET,Q,5,12,0.001924811109249469
02315500,PET,Q,5,13,0.0018167535478944008
02315500,PET,Q,5,14,0.001846867560984622
02315500,PET,Q,5,15,0.0018452402864991835
02315500,PET,Q,5,16,0.0016194528085639592
02315500,PET,Q,5,17,0.0016369455308433145
02315500,PET,Q,5,18,0.002195089871709077
02315500,PET,Q,5,19,0.001660560465557126
02315500,PET,Q,5,20,0.0019980559441163948
02315500,PET,Q,5,21,0.001929293152147682
02315500,PET,Q,5,22,0.0017649079987191452
02315500,PET,Q,5,23,0.0020104080402189584
02315500,PET,Q,5,24,0.0023237660276831384
02315500,PET,Q,5,25,0.0021105148578587363
02315500,PET,Q,5,26,0.0018225467120864258
02315500,PET,Q,5,27,0.0023756759594211196
02315500,PET,Q,5,28,0.001605481823252708
02315500,PET,Q,5,29,0.0014091918046005847
02315500,PET,Q,5,30,0.0017531002215487312
02324400,PET,Q,5,1,0.0030471175046875576
02324400,PET,Q,5,2,0.0024219790662122764
02324400,PET,Q,5,3,0.0022725131589444447
02324400,PET,Q,5,4,0.0018388572435163453
02324400,PET,Q,5,5,0.0021613691012397074
02324400,PET,Q,5,6,0.0020551865225043875
02324400,PET,Q,5,7,0.0015761561382377498
02324400,PET,Q,5,8,0.0027328153377581266
02324400,PET,Q,5,9,0.0027322206596863685
02324400,PET,Q,5,10,0.0020428296426601156
02324400,PET,Q,5,11,0.0019385718073831049
02324400,PET,Q,5,12,0.001643191548445777
02324400,PET,Q,5,13,0.0016287976198225973
02324400,PET,Q,5,14,0.0018113327171464244
02324400,PET,Q,5,15,0.0022556466107234996
02324400,PET,Q,5,16,0.0023834076272873372
02324400,PET,Q,5,17,0.00203242309061738
02324400,PET,Q,5,18,0.0017842727569320205
02324400,PET,Q,5,19,0.0013535925098810686
02324400,PET,Q,5,20,0.0018190986513196838
02324400,PET,Q,5,21,0.0021224175351652053
02324400,PET,Q,5,22,0.0017188473735320065
02324400,PET,Q,5,23,0.0022432304928750313
02324400,PET,Q,5,24,0.0022050552112133914
02324400,PET,Q,5,25,0.0018063590130642515
02324400,PET,Q,5,26,0.002232635644724701
02324400,PET,Q,5,27,0.0026346403664094797
02324400,PET,Q,5,28,0.002061785517409709
02324400,PET,Q,5,29,0.002223672452690839
02324400,PET,Q,5,30,0.0024296977118665464
02327100,PET,Q,5,1,0.0018072246751436871
02327100,PET,Q,5,2,0.0014053406311277522
02327100,PET,Q,5,3,0.001241358768002708
02327100,PET,Q,5,4,0.0010090463730749247
02327100,PET,Q,5,5,0.0005612216210840945
02327100,PET,Q,5,6,0.0008074912448594873
02327100,PET,Q,5,7,0.0009256379687872587
02327100,PET,Q,5,8,0.0007038900707911355
02327100,PET,Q,5,9,0.0006143765852959504
02327100,PET,Q,5,10,0.0006466196904447788
02327100,PET,Q,5,11,0.0005482267306105917
02327100,PET,Q,5,12,0.0007615792886462025
02327100,PET,Q,5,13,0.00033345659480255724
02327100,PET,Q,5,14,0.0005844745035143914
02327100,PET,Q,5,15,0.0005328406045517348
02327100,PET,Q,5,16,0.0005799040601397396
02327100,PET,Q,5,17,0.0005837545533259603
02327100,PET,Q,5,18,0.0005648101263077271
02327100,PET,Q,5,19,0.0004075729927547553
02327100,PET,Q,5,20,0.0004151145031211362
02327100,PET,Q,5,21,0.0004351339694799658
02327100,PET,Q,5,22,0.00040087714967163013
02327100,PET,Q,5,23,0.0004191801322636843
02327100,PET,Q,5,24,0.0003661328924999749
02327100,PET,Q,5,25,0.0005187500999490127
02327100,PET,Q,5,26,0.0004063438260073493
02327100,PET,Q,5,27,0.000487937373212545
02327100,PET,Q,5,28,0.0007113373055916555
02327100,PET,Q,5,29,0.0007348512757630876
02327100,PET,Q,5,30,0.0005825893458650117
02342933,PET,Q,5,1,0.0009643038850040905
02342933,PET,Q,5,2,0.0009245748788909158
02342933,PET,Q,5,3,0.0008702860254439192
02342933,PET,Q,5,4,0.0007982357831729757
02342933,PET,Q,5,5,0.0007851260960954204
02342933,PET,Q,5,6,0.0008093262869294637
02342933,PET,Q,5,7,0.0008396586314981629
02342933,PET,Q,5,8,0.000919101249602974
02342933,PET,Q,5,9,0.0007961791929245159
02342933,PET,Q,5,10,0.0009892059953195333
02342933,PET,Q,5,11,0.0011440566937612976
02342933,PET,Q,5,12,0.001085873903074559
02342933,PET,Q,5,13,0.0008600274011735954
02342933,PET,Q,5,14,0.0008792983677759839
02342933,PET,Q,5,15,0.0009069389518550734
02342933,PET,Q,5,16,0.0008880251319672815
02342933,PET,Q,5,17,0.0008881662534036966
02342933,PET,Q,5,18,0.0008467875867970483
02342933,PET,Q,5,19,0.0011027027065765253
02342933,PET,Q,5,20,0.0010976905534059757
02342933,PET,Q,5,21,0.001141966405504756
02342933,PET,Q,5,22,0.0010875263231607656
02342933,PET,Q,5,23,0.0010867018990391997
02342933,PET,Q,5,24,0.0010851902196272658
02342933,PET,Q,5,25,0.0010466254812463837
02342933,PET,Q,5,26,0.0010704008180406552
02342933,PET,Q,5,27,0.001193900269013861
02342933,PET,Q,5,28,0.0012736017830196796
02342933,PET,Q,5,29,0.0008400638071255975
02342933,PET,Q,5,30,0.0009024099743536757
02349900,PET,Q,5,1,0.0013471652549328153
02349900,PET,Q,5,2,0.0009395651493711646
02349900,PET,Q,5,3,0.001114446736468138
02349900,PET,Q,5,4,0.001383741477735366
02349900,PET,Q,5,5,0.0011567942826567132
02349900,PET,Q,5,6,0.0011472327607736817
02349900,PET,Q,5,7,0.001184489885898133
02349900,PET,Q,5,8,0.0013649166586075095
02349900,PET,Q,5,9,0.0010124913333386214
02349900,PET,Q,5,10,0.0010840189875290958
02349900,PET,Q,5,11,0.0012182235922601828
02349900,PET,Q,5,12,0.0010121982929110693
02349900,PET,Q,5,13,0.001154464356301614
02349900,PET,Q,5,14,0.0009718397951305607
02349900,PET,Q,5,15,0.0014527062061011377
02349900,PET,Q,5,16,0.0012409923730584416
02349900,PET,Q,5,17,0.0011305755353939496
02349900,PET,Q,5,18,0.0012568684467185835
02349900,PET,Q,5,19,0.0013306088748535547
02349900,PET,Q,5,20,0.0014052306470476936
02349900,PET,Q,5,21,0.0013124666360752983
02349900,PET,Q,5,22,0.0013617500009682655
02349900,PET,Q,5,23,0.0012552586893799927
02349900,PET,Q,5,24,0.0012909397116159863
02349900,PET,Q,5,25,0.001244780352492779
02349900,PET,Q,5,26,0.0013996913409821503
02349900,PET,Q,5,27,0.001088644521992175
02349900,PET,Q,5,28,0.0010754587381018518
02349900,PET,Q,5,29,0.0013311206259592027
02349900,PET,Q,5,30,0.001309814468897389
02350900,PET,Q,5,1,0.0008820605525363089
02350900,PET,Q,5,2,0.0008109349245636818
02350900,PET,Q,5,3,0.0008590676078251147
02350900,PET,Q,5,4,0.001180037052875723
02350900,PET,Q,5,5,0.0010565266746825064
02350900,PET,Q,5,6,0.0008766291887391357
02350900,PET,Q,5,7,0.0008187421512144966
02350900,PET,Q,5,8,0.0010415223800842206
02350900,PET,Q,5,9,0.0009387130216081951
02350900,PET,Q,5,10,0.0008732724618778151
02350900,PET,Q,5,11,0.0009243152357548551
02350900,PET,Q,5,12,0.0008840206930047917
02350900,PET,Q,5,13,0.0009520744980902017
02350900,PET,Q,5,14,0.0007144168890367494
02350900,PET,Q,5,15,0.0008923843425244112
02350900,PET,Q,5,16,0.0012496713655575087
02350900,PET,Q,5,17,0.0007366529472727784
02350900,PET,Q,5,18,0.0007618245437461049
02350900,PET,Q,5,19,0.0008890277041334431
02350900,PET,Q,5,20,0.0008580701543718997
02350900,PET,Q,5,21,0.0008788508492913148
02350900,PET,Q,5,22,0.00085644373733108
02350900,PET,Q,5,23,0.0008024443953663259
02350900,PET,Q,5,24,0.000890424196263423
02350900,PET,Q,5,25,0.0007766035914343258
02350900,PET,Q,5,26,0.001052677522700697
02350900,PET,Q,5,27,0.000801625596373954
02350900,PET,Q,5,28,0.0010883244590027263
02350900,PET,Q,5,29,0.0010502466722867795
02350900,PET,Q,5,30,0.000833911344997891
02361000,PET,Q,5,1,0.0004755259540356084
02361000,PET,Q,5,2,0.000704498739889663
02361000,PET,Q,5,3,0.00042626099984562245
02361000,PET,Q,5,4,0.0006223691427342387
02361000,PET,Q,5,5,0.0007332836594532086
02361000,PET,Q,5,6,0.0006922526226403151
02361000,PET,Q,5,7,0.000689859577273081
02361000,PET,Q,5,8,0.0008056226192759888
02361000,PET,Q,5,9,0.00046815741599039694
02361000,PET,Q,5,10,0.0007046376429498472
02361000,PET,Q,5,11,0.000781504868160629
02361000,PET,Q,5,12,0.0007397218431908284
02361000,PET,Q,5,13,0.0005423710788068376
02361000,PET,Q,5,14,0.0005452120399199612
02361000,PET,Q,5,15,0.0008159120978162536
02361000,PET,Q,5,16,0.0006509179244907348
02361000,PET,Q,5,17,0.0005966479027590642
02361000,PET,Q,5,18,0.0005967921082753198
02361000,PET,Q,5,19,0.0007078479238025182
02361000,PET,Q,5,20,0.0005846904822324993
02361000,PET,Q,5,21,0.0005481836920632963
02361000,PET,Q,5,22,0.0006592540314109396
02361000,PET,Q,5,23,0.0005497612709021299
02361000,PET,Q,5,24,0.0008067864185159306
02361000,PET,Q,5,25,0.000470215333519354
02361000,PET,Q,5,26,0.0006651931295831338
02361000,PET,Q,5,27,0.00043745095205798695
02361000,PET,Q,5,28,0.0004914516375479298
02361000,PET,Q,5,29,0.0007822577996198093
02361000,PET,Q,5,30,0.000471389403993331
02363000,PET,Q,5,1,0.0011761186095184846
02363000,PET,Q,5,2,0.0012772639786829479
02363000,PET,Q,5,3,0.0011817138256235878
02363000,PET,Q,5,4,0.0011065639233787047
02363000,PET,Q,5,5,0.001164284120630573
02363000,PET,Q,5,6,0.000980733806622669
02363000,PET,Q,5,7,0.0011032359712393608
02363000,PET,Q,5,8,0.0011563179438672105
02363000,PET,Q,5,9,0.0012261722207342653
02363000,PET,Q,5,10,0.0012985917922913419
02363000,PET,Q,5,11,0.0009991284229672326
02363000,PET,Q,5,12,0.0011831284130196656
02363000,PET,Q,5,13,0.00084454567439304
02363000,PET,Q,5,14,0.0006318324264604248
02363000,PET,Q,5,15,0.0012902749389889154
02363000,PET,Q,5,16,0.0012522848541661469
02363000,PET,Q,5,17,0.0010186029928788455
02363000,PET,Q,5,18,0.0010484958299482212
02363000,PET,Q,5,19,0.0009139754831861378
02363000,PET,Q,5,20,0.0007493243507084094
02363000,PET,Q,5,21,0.0008671770525365621
02363000,PET,Q,5,22,0.0007865870345939024
02363000,PET,Q,5,23,0.0013084766631448926
02363000,PET,Q,5,24,0.0012678617315461174
02363000,PET,Q,5,25,0.0012562567114224599
02363000,PET,Q,5,26,0.0012950764234755108
02363000,PET,Q,5,27,0.0010443430352120656
02363000,PET,Q,5,28,0.0011117297697827329
02363000,PET,Q,5,29,0.0010095587430679863
02363000,PET,Q,5,30,0.0007915398661293774
02369800,PET,Q,5,1,0.0005462403848427964
02369800,PET,Q,5,2,0.0005589187259651511
02369800,PET,Q,5,3,0.000712261739555263
02369800,PET,Q,5,4,0.0004386964605686862
02369800,PET,Q,5,5,0.000569450020169936
02369800,PET,Q,5,6,0.0003967415995607664
02369800,PET,Q,5,7,0.0007257418400030639
02369800,PET,Q,5,8,0.0004551165734066522
02369800,PET,Q,5,9,0.0004901291690090313
02369800,PET,Q,5,10,0.0007267267259655295
02369800,PET,Q,5,11,0.0007068108236660039
02369800,PET,Q,5,12,0.0004975541862477211
02369800,PET,Q,5,13,0.0006775147274828489
02369800,PET,Q,5,14,0.000677499256979448
02369800,PET,Q,5,15,0.0005740005271652367
02369800,PET,Q,5,16,0.0005050366429787331
02369800,PET,Q,5,17,0.0005051442054399766
02369800,PET,Q,5,18,0.0004774250434736744
02369800,PET,Q,5,19,0.0005667061909631101
02369800,PET,Q,5,20,0.0005358498200916176
02369800,PET,Q,5,21,0.0005461895933121363
02369800,PET,Q,5,22,0.0004657945560345555
02369800,PET,Q,5,23,0.0008301406403181111
02369800,PET,Q,5,24,0.0005085876830751464
02369800,PET,Q,5,25,0.000595746733017502
02369800,PET,Q,5,26,0.00047402394987397165
02369800,PET,Q,5,27,0.0006812879897114682
02369800,PET,Q,5,28,0.0007200862350254834
02369800,PET,Q,5,29,0.00046352005445411334
02369800,PET,Q,5,30,0.0003827769073832966
02371500,PET,Q,5,1,0.0014495256476946133
02371500,PET,Q,5,2,0.0017285556790715903
02371500,PET,Q,5,3,0.0016708845735588854
02371500,PET,Q,5,4,0.0021520214993183753
02371500,PET,Q,5,5,0.001264675271576525
02371500,PET,Q,5,6,0.0013143448853913178
02371500,PET,Q,5,7,0.0011652416187605888
02371500,PET,Q,5,8,0.0012138088176680134
02371500,PET,Q,5,9,0.001350439045464634
02371500,PET,Q,5,10,0.0014356615897760869
02371500,PET,Q,5,11,0.0008749927470312405
02371500,PET,Q,5,12,0.0015388275153371267
02371500,PET,Q,5,13,0.0013529451384200752
02371500,PET,Q,5,14,0.001071639942538359
02371500,PET,Q,5,15,0.0012461942099757234
02371500,PET,Q,5,16,0.0011037257431577643
02371500,PET,Q,5,17,0.001490097704699704
02371500,PET,Q,5,18,0.0011888669810248206
02371500,PET,Q,5,19,0.001280428734976101
02371500,PET,Q,5,20,0.0011508413087690864
02371500,PET,Q,5,21,0.001034823326782515
02371500,PET,Q,5,22,0.0010488314789967382
02371500,PET,Q,5,23,0.0013145690592616735
02371500,PET,Q,5,24,0.0013937257332369696
02371500,PET,Q,5,25,0.0016233705586703104
02371500,PET,Q,5,26,0.00140109703900871
02371500,PET,Q,5,27,0.001166622364787935
02371500,PET,Q,5,28,0.001364952521369478
02371500,PET,Q,5,29,0.0013325505292686307
02371500,PET,Q,5,30,0.0010281347220736994
02372250,PET,Q,5,1,0.0009835820356540181
02372250,PET,Q,5,2,0.0011751557261779517
02372250,PET,Q,5,3,0.0012583076630822386
02372250,PET,Q,5,4,0.0012268224598882757
02372250,PET,Q,5,5,0.0011959006203983644
02372250,PET,Q,5,6,0.0008551444408987155
02372250,PET,Q,5,7,0.0013327389655269951
02372250,PET,Q,5,8,0.0008755093261513941
02372250,PET,Q,5,9,0.0009835049594484474
02372250,PET,Q,5,10,0.0011378106353756474
02372250,PET,Q,5,11,0.0014596836792914215
02372250,PET,Q,5,12,0.0009139082936673662
02372250,PET,Q,5,13,0.001136198666946496
02372250,PET,Q,5,14,0.0011159171580504557
02372250,PET,Q,5,15,0.001059944929101428
02372250,PET,Q,5,16,0.0014221372882264119
02372250,PET,Q,5,17,0.0014056259355346885
02372250,PET,Q,5,18,0.0009153509769895228
02372250,PET,Q,5,19,0.0006623237554298604
02372250,PET,Q,5,20,0.0008080985441630655
02372250,PET,Q,5,21,0.0009575138314306016
02372250,PET,Q,5,22,0.0012549696939921258
02372250,PET,Q,5,23,0.0013598989336535382
02372250,PET,Q,5,24,0.0010401956711987709
02372250,PET,Q,5,25,0.0011939868751205708
02372250,PET,Q,5,26,0.0011180882922239635
02372250,PET,Q,5,27,0.000873498376245424
02372250,PET,Q,5,28,0.0010101781771288815
02372250,PET,Q,5,29,0.0009362084433719858
02372250,PET,Q,5,30,0.0009093643054990455
02374500,PET,Q,5,1,0.0018250214305113172
02374500,PET,Q,5,2,0.0017199367329743323
02374500,PET,Q,5,3,0.0012411397383209205
02374500,PET,Q,5,4,0.0012220656529407167
02374500,PET,Q,5,5,0.0012837698803737987
02374500,PET,Q,5,6,0.000744798423413004
02374500,PET,Q,5,7,0.0009776964876408653
02374500,PET,Q,5,8,0.0010448032535152335
02374500,PET,Q,5,9,0.0011662723907635564
02374500,PET,Q,5,10,0.001111197888928328
02374500,PET,Q,5,11,0.0016138629459211962
02374500,PET,Q,5,12,0.00103770151292399
02374500,PET,Q,5,13,0.0014512143023847068
02374500,PET,Q,5,14,0.001360228279460328
02374500,PET,Q,5,15,0.0014352471323091226
02374500,PET,Q,5,16,0.0010655287748859363
02374500,PET,Q,5,17,0.0010200725160920618
02374500,PET,Q,5,18,0.0009834691872066467
02374500,PET,Q,5,19,0.0012122332412236453
02374500,PET,Q,5,20,0.0011762147501551898
02374500,PET,Q,5,21,0.0011537708551426287
02374500,PET,Q,5,22,0.0011628912723268478
02374500,PET,Q,5,23,0.0015877557647636653
02374500,PET,Q,5,24,0.0010753671411783544
02374500,PET,Q,5,25,0.0014013484226567952
02374500,PET,Q,5,26,0.0011575140777412077
02374500,PET,Q,5,27,0.0009957838794727447
02374500,PET,Q,5,28,0.0014461131325732846
02374500,PET,Q,5,29,0.0014219162165362564
02374500,PET,Q,5,30,0.0013360856199706034
02381600,PET,Q,5,1,0.0011793255388300138
02381600,PET,Q,5,2,0.0015005357601775397
02381600,PET,Q,5,3,0.00148714615227594
02381600,PET,Q,5,4,0.0013321383917040339
02381600,PET,Q,5,5,0.0015561493330420173
02381600,PET,Q,5,6,0.0019471977214056933
02381600,PET,Q,5,7,0.0009540593618907849
02381600,PET,Q,5,8,0.0012756694506049458
02381600,PET,Q,5,9,0.0009930549546853136
02381600,PET,Q,5,10,0.001318041555582794
02381600,PET,Q,5,11,0.0013237726242246659
02381600,PET,Q,5,12,0.001153435685205824
02381600,PET,Q,5,13,0.001351924110214786
02381600,PET,Q,5,14,0.0009565087937618878
02381600,PET,Q,5,15,0.001198965635898979
02381600,PET,Q,5,16,0.0014973801144124582
02381600,PET,Q,5,17,0.00133125869325839
02381600,PET,Q,5,18,0.0014660488475766766
02381600,PET,Q,5,19,0.001544296067785545
02381600,PET,Q,5,20,0.0014919940468654316
02381600,PET,Q,5,21,0.0016501920183259779
02381600,PET,Q,5,22,0.0015763443267457003
02381600,PET,Q,5,23,0.0013673027712763353
02381600,PET,Q,5,24,0.0013682227885684316
02381600,PET,Q,5,25,0.0012929728445384044
02381600,PET,Q,5,26,0.0017097345271727196
02381600,PET,Q,5,27,0.0013832415270230262
02381600,PET,Q,5,28,0.001462530863427007
02381600,PET,Q,5,29,0.0020088801686923043
02381600,PET,Q,5,30,0.0012988914026574906
02384540,PET,Q,5,1,0.0014222042952988512
02384540,PET,Q,5,2,0.0012394166884431637
02384540,PET,Q,5,3,0.0011259837057425726
02384540,PET,Q,5,4,0.0012634226977492127
02384540,PET,Q,5,5,0.001036228489544995
02384540,PET,Q,5,6,0.0012704630878529188
02384540,PET,Q,5,7,0.0014938817514720815
02384540,PET,Q,5,8,0.0012007339295857025
02384540,PET,Q,5,9,0.001002784260053305
02384540,PET,Q,5,10,0.0018383473551473253
02384540,PET,Q,5,11,0.0012971061958365337
02384540,PET,Q,5,12,0.0010475798973628575
02384540,PET,Q,5,13,0.0015545204441150193
02384540,PET,Q,5,14,0.0010818794975939183
02384540,PET,Q,5,15,0.0013575892384208518
02384540,PET,Q,5,16,0.0013264236071008143
02384540,PET,Q,5,17,0.0008825568409478526
02384540,PET,Q,5,18,0.0011756115722896254
02384540,PET,Q,5,19,0.0012090052765355158
02384540,PET,Q,5,20,0.0011523964631870165
02384540,PET,Q,5,21,0.0011875982301362276
02384540,PET,Q,5,22,0.0008677098718044146
02384540,PET,Q,5,23,0.0010754405124333705
02384540,PET,Q,5,24,0.001196361101666106
02384540,PET,Q,5,25,0.0008069289375113586
02384540,PET,Q,5,26,0.0008281438668224228
02384540,PET,Q,5,27,0.0010719255888880785
02384540,PET,Q,5,28,0.001340512188241695
02384540,PET,Q,5,29,0.0009090160736153971
02384540,PET,Q,5,30,0.001285761158248154
02395120,PET,Q,5,1,0.002450211655123394
02395120,PET,Q,5,2,0.002411050660419675
02395120,PET,Q,5,3,0.0028120089100528017
02395120,PET,Q,5,4,0.002729866769731991
02395120,PET,Q,5,5,0.0029044962461137747
02395120,PET,Q,5,6,0.0027055166930435234
02395120,PET,Q,5,7,0.001965176227557819
02395120,PET,Q,5,8,0.0016293285282525868
02395120,PET,Q,5,9,0.002718661443236868
02395120,PET,Q,5,10,0.0026646095306012
02395120,PET,Q,5,11,0.002315651855646389
02395120,PET,Q,5,12,0.0021903339997418614
02395120,PET,Q,5,13,0.0021144135697256927
02395120,PET,Q,5,14,0.002400140720867139
02395120,PET,Q,5,15,0.0023568208369940877
02395120,PET,Q,5,16,0.002476574533197648
02395120,PET,Q,5,17,0.00256934194255308
02395120,PET,Q,5,18,0.002397774285370295
02395120,PET,Q,5,19,0.002061639392950343
02395120,PET,Q,5,20,0.0022623443384562486
02395120,PET,Q,5,21,0.0025040381350888707
02395120,PET,Q,5,22,0.002438097383046081
02395120,PET,Q,5,23,0.0019296858614275408
02395120,PET,Q,5,24,0.0026953909964635148
02395120,PET,Q,5,25,0.0027464332461376445
02395120,PET,Q,5,26,0.0026422629400369296
02395120,PET,Q,5,27,0.002863201163345569
02395120,PET,Q,5,28,0.0026381534598475045
02395120,PET,Q,5,29,0.002886359037179681
02395120,PET,Q,5,30,0.002404217257273196
02408540,PET,Q,5,1,0.0030251537754292096
02408540,PET,Q,5,2,0.002391951870876166
02408540,PET,Q,5,3,0.002746838226063107
02408540,PET,Q,5,4,0.002836369282045406
02408540,PET,Q,5,5,0.0028886306899628955
02408540,PET,Q,5,6,0.002326710521963482
02408540,PET,Q,5,7,0.0024421418918025226
02408540,PET,Q,5,8,0.0025867261197188574
02408540,PET,Q,5,9,0.002425882341477531
02408540,PET,Q,5,10,0.0021251592829828123
02408540,PET,Q,5,11,0.002086785134423952
02408540,PET,Q,5,12,0.0032079313341929552
02408540,PET,Q,5,13,0.0028188852501684625
02408540,PET,Q,5,14,0.0027984719652082365
02408540,PET,Q,5,15,0.002977650377265134
02408540,PET,Q,5,16,0.0024392634099611524
02408540,PET,Q,5,17,0.0023799404137679753
02408540,PET,Q,5,18,0.0027670577334623983
02408540,PET,Q,5,19,0.002391353159566234
02408540,PET,Q,5,20,0.0026079178185926394
02408540,PET,Q,5,21,0.0026748539959414452
02408540,PET,Q,5,22,0.0025793871175663757
02408540,PET,Q,5,23,0.002721936552901233
02408540,PET,Q,5,24,0.003068052381636377
02408540,PET,Q,5,25,0.0022675497367475317
02408540,PET,Q,5,26,0.002909625633402503
02408540,PET,Q,5,27,0.0029256765589319236
02408540,PET,Q,5,28,0.0030533988473766746
02408540,PET,Q,5,29,0.002853183815168296
02408540,PET,Q,5,30,0.0033500615913071158
02415000,PET,Q,5,1,0.003050921364538335
02415000,PET,Q,5,2,0.003428129826352863
02415000,PET,Q,5,3,0.004099213920101902
02415000,PET,Q,5,4,0.0035902164918968013
02415000,PET,Q,5,5,0.002960959103771324
02415000,PET,Q,5,6,0.002707030494767136
02415000,PET,Q,5,7,0.0030059031613449
02415000,PET,Q,5,8,0.003255721446096746
02415000,PET,Q,5,9,0.0033129107179616576
02415000,PET,Q,5,10,0.003402426957235284
02415000,PET,Q,5,11,0.003095976806296398
02415000,PET,Q,5,12,0.0035907433433032612
02415000,PET,Q,5,13,0.003440014910662169
02415000,PET,Q,5,14,0.0035773774928749835
02415000,PET,Q,5,15,0.003463611114038867
02415000,PET,Q,5,16,0.0027233720454627047
02415000,PET,Q,5,17,0.003190595596792155
02415000,PET,Q,5,18,0.0029127708708894945
02415000,PET,Q,5,19,0.0036292520197277398
02415000,PET,Q,5,20,0.0030977418665647863
02415000,PET,Q,5,21,0.0035478471613846763
02415000,PET,Q,5,22,0.0038738241843617738
02415000,PET,Q,5,23,0.00352456154518329
02415000,PET,Q,5,24,0.0037754188638064318
02415000,PET,Q,5,25,0.0035137488909380704
02415000,PET,Q,5,26,0.0035297337053114067
02415000,PET,Q,5,27,0.0037627831703590728
02415000,PET,Q,5,28,0.003467223698780164
02415000,PET,Q,5,29,0.003548940765342762
02415000,PET,Q,5,30,0.0043025595503806136
02422500,PET,Q,5,1,0.0015959779018776404
02422500,PET,Q,5,2,0.0011125675338263114
02422500,PET,Q,5,3,0.0010181455125904196
02422500,PET,Q,5,4,0.0013492398432364272
02422500,PET,Q,5,5,0.0013171184929164845
02422500,PET,Q,5,6,0.001190031690078669
02422500,PET,Q,5,7,0.0009384179126246603
02422500,PET,Q,5,8,0.0010822500059466597
02422500,PET,Q,5,9,0.0010073109210694542
02422500,PET,Q,5,10,0.000816783142692061
02422500,PET,Q,5,11,0.0009038386576641147
02422500,PET,Q,5,12,0.001154373462250509
02422500,PET,Q,5,13,0.0011291025751493239
02422500,PET,Q,5,14,0.0016269688720702696
02422500,PET,Q,5,15,0.0018024176205449424
02422500,PET,Q,5,16,0.0015172994507187815
02422500,PET,Q,5,17,0.0011535064393508113
02422500,PET,Q,5,18,0.0011713938152732514
02422500,PET,Q,5,19,0.0012648193435789157
02422500,PET,Q,5,20,0.0013989809079126211
02422500,PET,Q,5,21,0.0015330929584607966
02422500,PET,Q,5,22,0.0012771048317873138
02422500,PET,Q,5,23,0.0014506440609474633
02422500,PET,Q,5,24,0.0012401129856680418
02422500,PET,Q,5,25,0.0014047726288190718
02422500,PET,Q,5,26,0.0013406762194081434
02422500,PET,Q,5,27,0.0012099253161656984
02422500,PET,Q,5,28,0.0016388296486177512
02422500,PET,Q,5,29,0.0014584302512244754
02422500,PET,Q,5,30,0.001599561906428515
02427250,PET,Q,5,1,0.0030428053135071534
02427250,PET,Q,5,2,0.0018575698280028988
02427250,PET,Q,5,3,0.001719650492230447
02427250,PET,Q,5,4,0.002561187553241716
02427250,PET,Q,5,5,0.0025416064004396624
02427250,PET,Q,5,6,0.002307541811608263
02427250,PET,Q,5,7,0.001920449117088767
02427250,PET,Q,5,8,0.0017006939014169095
02427250,PET,Q,5,9,0.001946228224719966
02427250,PET,Q,5,10,0.002210279831015738
02427250,PET,Q,5,11,0.0017578677326247766
02427250,PET,Q,5,12,0.001852834344729222
02427250,PET,Q,5,13,0.0021925640226278173
02427250,PET,Q,5,14,0.001725651222973218
02427250,PET,Q,5,15,0.002142125609058583
02427250,PET,Q,5,16,0.002418737826839601
02427250,PET,Q,5,17,0.0018110363544114189
02427250,PET,Q,5,18,0.001735516815948815
02427250,PET,Q,5,19,0.001679215895104634
02427250,PET,Q,5,20,0.002050166284622415
02427250,PET,Q,5,21,0.0018409883374586877
02427250,PET,Q,5,22,0.0018498640085361853
02427250,PET,Q,5,23,0.0023898317221162924
02427250,PET,Q,5,24,0.0024120451766815876
02427250,PET,Q,5,25,0.0020216856785806245
02427250,PET,Q,5,26,0.002111945377186203
02427250,PET,Q,5,27,0.002498063870174448
02427250,PET,Q,5,28,0.002234468217560112
02427250,PET,Q,5,29,0.0024458678293631936
02427250,PET,Q,5,30,0.003002359675415442
02430085,PET,Q,5,1,0.0022761983221102206
02430085,PET,Q,5,2,0.0018239087761555972
02430085,PET,Q,5,3,0.002228089680682513
02430085,PET,Q,5,4,0.001931621864285471
02430085,PET,Q,5,5,0.0017326959036844114
02430085,PET,Q,5,6,0.0021782773850957254
02430085,PET,Q,5,7,0.002110960849671842
02430085,PET,Q,5,8,0.0017325169648481492
02430085,PET,Q,5,9,0.0017396486546268908
02430085,PET,Q,5,10,0.0017409699157395347
02430085,PET,Q,5,11,0.001746702118212956
02430085,PET,Q,5,12,0.0016511570258780361
02430085,PET,Q,5,13,0.0020058265185644575
02430085,PET,Q,5,14,0.0018745009769545462
02430085,PET,Q,5,15,0.002069812686765246
02430085,PET,Q,5,16,0.001950367379781437
02430085,PET,Q,5,17,0.0019071511120793694
02430085,PET,Q,5,18,0.0022929279500449734
02430085,PET,Q,5,19,0.0020520914502202003
02430085,PET,Q,5,20,0.002363746600447192
02430085,PET,Q,5,21,0.0023564227383508912
02430085,PET,Q,5,22,0.0019764818060882122
02430085,PET,Q,5,23,0.001993488354416456
02430085,PET,Q,5,24,0.002309054437686975
02430085,PET,Q,5,25,0.002492942320432512
02430085,PET,Q,5,26,0.0020130061432592633
02430085,PET,Q,5,27,0.002542136957730992
02430085,PET,Q,5,28,0.00224374973423741
02430085,PET,Q,5,29,0.0024388375072699475
02430085,PET,Q,5,30,0.0022941026186856783
02430615,PET,Q,5,1,0.00286337470933936
02430615,PET,Q,5,2,0.0025894201820824067
02430615,PET,Q,5,3,0.002577893462978993
02430615,PET,Q,5,4,0.0024760890024787194
02430615,PET,Q,5,5,0.002757842609976316
02430615,PET,Q,5,6,0.0031144755495347703
02430615,PET,Q,5,7,0.0028557863034288505
02430615,PET,Q,5,8,0.0028364591369025166
02430615,PET,Q,5,9,0.0029846426217553026
02430615,PET,Q,5,10,0.002604805538889407
02430615,PET,Q,5,11,0.002822960760055046
02430615,PET,Q,5,12,0.0030107716915499586
02430615,PET,Q,5,13,0.0029342852953490803
02430615,PET,Q,5,14,0.0030653748812056597
02430615,PET,Q,5,15,0.002839638060610862
02430615,PET,Q,5,16,0.0022901993967800044
02430615,PET,Q,5,17,0.002241443139364349
02430615,PET,Q,5,18,0.002716318408085519
02430615,PET,Q,5,19,0.002812214070713817
02430615,PET,Q,5,20,0.0026526532220357
02430615,PET,Q,5,21,0.00285949117271464
02430615,PET,Q,5,22,0.0024086442040101505
02430615,PET,Q,5,23,0.002316603833804373
02430615,PET,Q,5,24,0.002285499745213089
02430615,PET,Q,5,25,0.002464905068325446
02430615,PET,Q,5,26,0.0028552168684535806
02430615,PET,Q,5,27,0.002819319941656309
02430615,PET,Q,5,28,0.0026014587144105594
02430615,PET,Q,5,29,0.002581390805867209
02430615,PET,Q,5,30,0.002879568003251662
02450250,PET,Q,5,1,0.0029008870089515387
02450250,PET,Q,5,2,0.0021786661554259595
02450250,PET,Q,5,3,0.0022018928411031286
02450250,PET,Q,5,4,0.0025790705583913776
02450250,PET,Q,5,5,0.002031148217001316
02450250,PET,Q,5,6,0.002267858452255092
02450250,PET,Q,5,7,0.003101955229856901
02450250,PET,Q,5,8,0.0026709869213082937
02450250,PET,Q,5,9,0.002169017119394892
02450250,PET,Q,5,10,0.003105041487185309
02450250,PET,Q,5,11,0.0025901460758449846
02450250,PET,Q,5,12,0.0023267354494957287
02450250,PET,Q,5,13,0.0022763596919843504
02450250,PET,Q,5,14,0.00234208535345079
02450250,PET,Q,5,15,0.0034131684822853864
02450250,PET,Q,5,16,0.0026704505370511167
02450250,PET,Q,5,17,0.0025568133359420014
02450250,PET,Q,5,18,0.0027827585837153918
02450250,PET,Q,5,19,0.0021034936195019477
02450250,PET,Q,5,20,0.00268344784244777
02450250,PET,Q,5,21,0.002514647488096905
02450250,PET,Q,5,22,0.0025472855991302973
02450250,PET,Q,5,23,0.002592881196972041
02450250,PET,Q,5,24,0.0025248652149771483
02450250,PET,Q,5,25,0.003115499801334909
02450250,PET,Q,5,26,0.002760904986266771
02450250,PET,Q,5,27,0.0033823594102923155
02450250,PET,Q,5,28,0.0033116370464844475
02450250,PET,Q,5,29,0.0032664940083413085
02450250,PET,Q,5,30,0.003061229203551577
02464000,PET,Q,5,1,0.0031969975920946303
02464000,PET,Q,5,2,0.002559728178279791
02464000,PET,Q,5,3,0.002864570440587494
02464000,PET,Q,5,4,0.0025370271764792313
02464000,PET,Q,5,5,0.0026757698963656706
02464000,PET,Q,5,6,0.0026170051803477146
02464000,PET,Q,5,7,0.002608787864457937
02464000,PET,Q,5,8,0.002867064046770673
02464000,PET,Q,5,9,0.0031547832561141936
02464000,PET,Q,5,10,0.002853553416697671
02464000,PET,Q,5,11,0.0026652858074114605
02464000,PET,Q,5,12,0.0026431678422192406
02464000,PET,Q,5,13,0.0027604327605066648
02464000,PET,Q,5,14,0.002987619720283108
02464000,PET,Q,5,15,0.0031027260142281743
02464000,PET,Q,5,16,0.0025446221655364143
02464000,PET,Q,5,17,0.002590158853018623
02464000,PET,Q,5,18,0.0029578647067329267
02464000,PET,Q,5,19,0.003155708022242243
02464000,PET,Q,5,20,0.002888886098283916
02464000,PET,Q,5,21,0.0027999492367616202
02464000,PET,Q,5,22,0.0030634648674578158
02464000,PET,Q,5,23,0.0031800734972238787
02464000,PET,Q,5,24,0.003126977862804678
02464000,PET,Q,5,25,0.003419873748323088
02464000,PET,Q,5,26,0.0032889995516940246
02464000,PET,Q,5,27,0.0039923507813349884
02464000,PET,Q,5,28,0.0036216998044646675
02464000,PET,Q,5,29,0.0036512996532316044
02464000,PET,Q,5,30,0.0032984984031179804
02464146,PET,Q,5,1,0.0011172850226282612
02464146,PET,Q,5,2,0.0010698035851069553
02464146,PET,Q,5,3,0.000892759625214087
02464146,PET,Q,5,4,0.0008269186222399569
02464146,PET,Q,5,5,0.000874705833018229
02464146,PET,Q,5,6,0.0007888225005871566
02464146,PET,Q,5,7,0.000737002377722595
02464146,PET,Q,5,8,0.0008634111430673285
02464146,PET,Q,5,9,0.0010634572305679383
02464146,PET,Q,5,10,0.0010228890295184891
02464146,PET,Q,5,11,0.0007664397250087777
02464146,PET,Q,5,12,0.0011565537202419852
02464146,PET,Q,5,13,0.0012692599190157663
02464146,PET,Q,5,14,0.001098518816648084
02464146,PET,Q,5,15,0.0009688483019228821
02464146,PET,Q,5,16,0.0007540971945001543
02464146,PET,Q,5,17,0.0006276634023394297
02464146,PET,Q,5,18,0.0008334882465369457
02464146,PET,Q,5,19,0.0008703131434116412
02464146,PET,Q,5,20,0.0009644461349719753
02464146,PET,Q,5,21,0.0008800917635569221
02464146,PET,Q,5,22,0.0008470433790072444
02464146,PET,Q,5,23,0.000898512164818047
02464146,PET,Q,5,24,0.0008463389980638558
02464146,PET,Q,5,25,0.0008430373495517032
02464146,PET,Q,5,26,0.0010824586945543946
02464146,PET,Q,5,27,0.000937591296314863
02464146,PET,Q,5,28,0.0009607094643557038
02464146,PET,Q,5,29,0.0011357891544553599
02464146,PET,Q,5,30,0.0009172673629647202
02464360,PET,Q,5,1,0.0031867010622013414
02464360,PET,Q,5,2,0.0023406571402102144
02464360,PET,Q,5,3,0.0022802141939403386
02464360,PET,Q,5,4,0.002623570138380618
02464360,PET,Q,5,5,0.002216161676128925
02464360,PET,Q,5,6,0.0032251327157303555
02464360,PET,Q,5,7,0.002647418717009395
02464360,PET,Q,5,8,0.0020128176413901216
02464360,PET,Q,5,9,0.003058928184196383
02464360,PET,Q,5,10,0.0028866114671114024
02464360,PET,Q,5,11,0.002151176700529278
02464360,PET,Q,5,12,0.0026850768968634947
02464360,PET,Q,5,13,0.002874249427753342
02464360,PET,Q,5,14,0.002924272651433066
02464360,PET,Q,5,15,0.0026526057272035775
02464360,PET,Q,5,16,0.002152576996538841
02464360,PET,Q,5,17,0.0022793403073364527
02464360,PET,Q,5,18,0.0024992964807790674
02464360,PET,Q,5,19,0.0028815577167349976
02464360,PET,Q,5,20,0.0027593602607224044
02464360,PET,Q,5,21,0.002810776936803955
02464360,PET,Q,5,22,0.0025153732342532847
02464360,PET,Q,5,23,0.0027911368285847282
02464360,PET,Q,5,24,0.002733642364859401
02464360,PET,Q,5,25,0.002559416794075217
02464360,PET,Q,5,26,0.0030225695658196577
02464360,PET,Q,5,27,0.002570677352367115
02464360,PET,Q,5,28,0.002801610250960554
02464360,PET,Q,5,29,0.002966952507900536
02464360,PET,Q,5,30,0.003003504334958232
02465493,PET,Q,5,1,0.0005722633562954028
02465493,PET,Q,5,2,0.00047508236271599433
02465493,PET,Q,5,3,0.0005091414165690096
02465493,PET,Q,5,4,0.0008458472386546536
02465493,PET,Q,5,5,0.0005228148042792629
02465493,PET,Q,5,6,0.0006866350409370017
02465493,PET,Q,5,7,0.0006617479268477278
02465493,PET,Q,5,8,0.0004863539771785691
02465493,PET,Q,5,9,0.0004619922290726667
02465493,PET,Q,5,10,0.0005204554735012343
02465493,PET,Q,5,11,0.0005301059342323194
02465493,PET,Q,5,12,0.00046357340810855574
02465493,PET,Q,5,13,0.0005047920424713255
02465493,PET,Q,5,14,0.0006222684934254069
02465493,PET,Q,5,15,0.0004979520126953581
02465493,PET,Q,5,16,0.0005727140692944072
02465493,PET,Q,5,17,0.0005515257789632366
02465493,PET,Q,5,18,0.0005192051619577389
02465493,PET,Q,5,19,0.0006859288375886102
02465493,PET,Q,5,20,0.0006494894130594855
02465493,PET,Q,5,21,0.00044650991522497685
02465493,PET,Q,5,22,0.0004645760794501092
02465493,PET,Q,5,23,0.0005594543965762918
02465493,PET,Q,5,24,0.000686650651100405
02465493,PET,Q,5,25,0.0006385872727973883
02465493,PET,Q,5,26,0.00047276062857300356
02465493,PET,Q,5,27,0.0006334785562296975
02465493,PET,Q,5,28,0.0006124248154387845
02465493,PET,Q,5,29,0.0006016668046446814
02465493,PET,Q,5,30,0.0005459584670492769
02469800,PET,Q,5,1,0.0020143684466327402
02469800,PET,Q,5,2,0.0019304738538451702
02469800,PET,Q,5,3,0.0019481565713281301
02469800,PET,Q,5,4,0.0018418433133796652
02469800,PET,Q,5,5,0.0016185037075693368
02469800,PET,Q,5,6,0.0018463370184597372
02469800,PET,Q,5,7,0.0016818252253213012
02469800,PET,Q,5,8,0.0016878254510955676
02469800,PET,Q,5,9,0.0017462326469034131
02469800,PET,Q,5,10,0.0018203359417102577
02469800,PET,Q,5,11,0.002359561954631287
02469800,PET,Q,5,12,0.001669439767921825
02469800,PET,Q,5,13,0.0019030370311236347
02469800,PET,Q,5,14,0.0014651988630480228
02469800,PET,Q,5,15,0.00162084209088377
02469800,PET,Q,5,16,0.001803537629328611
02469800,PET,Q,5,17,0.0016961244673820847
02469800,PET,Q,5,18,0.0016178422660370478
02469800,PET,Q,5,19,0.002078940035065091
02469800,PET,Q,5,20,0.0015931906689047731
02469800,PET,Q,5,21,0.0019478952912630187
02469800,PET,Q,5,22,0.0020623702133708635
02469800,PET,Q,5,23,0.0019553696951226385
02469800,PET,Q,5,24,0.001954564862165234
02469800,PET,Q,5,25,0.001962425269762494
02469800,PET,Q,5,26,0.002162553570499798
02469800,PET,Q,5,27,0.002322330506881888
02469800,PET,Q,5,28,0.0026755196535109133
02469800,PET,Q,5,29,0.003026173246030356
02469800,PET,Q,5,30,0.002384858886567434
02472000,PET,Q,5,1,0.002986279910519987
02472000,PET,Q,5,2,0.002329477244558703
02472000,PET,Q,5,3,0.001661275123113537
02472000,PET,Q,5,4,0.00239251863164526
02472000,PET,Q,5,5,0.00208620155833196
02472000,PET,Q,5,6,0.002226117216621387
02472000,PET,Q,5,7,0.0018977309810831733
02472000,PET,Q,5,8,0.002187622581134377
02472000,PET,Q,5,9,0.002439433864626861
02472000,PET,Q,5,10,0.002309352751792809
02472000,PET,Q,5,11,0.0018264516328395791
02472000,PET,Q,5,12,0.0021569983338766557
02472000,PET,Q,5,13,0.002016854819675895
02472000,PET,Q,5,14,0.0018948569279740868
02472000,PET,Q,5,15,0.002685552434619265
02472000,PET,Q,5,16,0.002513009039814565
02472000,PET,Q,5,17,0.002244929032321999
02472000,PET,Q,5,18,0.0025336837638885584
02472000,PET,Q,5,19,0.002346558861053477
02472000,PET,Q,5,20,0.002390279249378388
02472000,PET,Q,5,21,0.003113554535426069
02472000,PET,Q,5,22,0.003112270936572334
02472000,PET,Q,5,23,0.002360886766382825
02472000,PET,Q,5,24,0.0030530242809783253
02472000,PET,Q,5,25,0.002950253857916696
02472000,PET,Q,5,26,0.0026326970424375845
02472000,PET,Q,5,27,0.002507441312432246
02472000,PET,Q,5,28,0.002668035257187548
02472000,PET,Q,5,29,0.0029757348676013873
02472000,PET,Q,5,30,0.002549816905500782
02472500,PET,Q,5,1,0.002328855668709967
02472500,PET,Q,5,2,0.0016901400209729522
02472500,PET,Q,5,3,0.0016636281163527056
02472500,PET,Q,5,4,0.0016215276625422478
02472500,PET,Q,5,5,0.0013551339312339386
02472500,PET,Q,5,6,0.001844790849236777
02472500,PET,Q,5,7,0.0013381129529078592
02472500,PET,Q,5,8,0.0019350114772073365
02472500,PET,Q,5,9,0.001823917824222497
02472500,PET,Q,5,10,0.001956277492008121
02472500,PET,Q,5,11,0.0012226508452691867
02472500,PET,Q,5,12,0.0015313504156925506
02472500,PET,Q,5,13,0.0016477405790426974
02472500,PET,Q,5,14,0.0018554765609177376
02472500,PET,Q,5,15,0.001890956338375084
02472500,PET,Q,5,16,0.0016846860785804177
02472500,PET,Q,5,17,0.001653226866500608
02472500,PET,Q,5,18,0.0015014796528747543
02472500,PET,Q,5,19,0.0018188526094385649
02472500,PET,Q,5,20,0.0020099318883865375
02472500,PET,Q,5,21,0.001972046324953229
02472500,PET,Q,5,22,0.0023423617449241582
02472500,PET,Q,5,23,0.0022926148521118864
02472500,PET,Q,5,24,0.0020827455065125025
02472500,PET,Q,5,25,0.0021543004433370247
02472500,PET,Q,5,26,0.002107486873404077
02472500,PET,Q,5,27,0.0021700107833008617
02472500,PET,Q,5,28,0.002200509549037888
02472500,PET,Q,5,29,0.0018286911405835451
02472500,PET,Q,5,30,0.002071976338250174
02479155,PET,Q,5,1,0.0017960292430708007
02479155,PET,Q,5,2,0.0013822691218348046
02479155,PET,Q,5,3,0.0011301893711994186
02479155,PET,Q,5,4,0.001082306865714245
02479155,PET,Q,5,5,0.0011315562428235448
02479155,PET,Q,5,6,0.0011754203652155938
02479155,PET,Q,5,7,0.0013187571932112077
02479155,PET,Q,5,8,0.0013884868019493832
02479155,PET,Q,5,9,0.000989029071431398
02479155,PET,Q,5,10,0.001469963270762955
02479155,PET,Q,5,11,0.0012902250229643066
02479155,PET,Q,5,12,0.0015913455477944496
02479155,PET,Q,5,13,0.0013695258449197903
02479155,PET,Q,5,14,0.0014763586564609243
02479155,PET,Q,5,15,0.0013585734163875304
02479155,PET,Q,5,16,0.0014445339763759536
02479155,PET,Q,5,17,0.0015100183669168772
02479155,PET,Q,5,18,0.001488243505385775
02479155,PET,Q,5,19,0.0012418199247217487
02479155,PET,Q,5,20,0.0013211617569427285
02479155,PET,Q,5,21,0.0015526242908440527
02479155,PET,Q,5,22,0.0014731263264588061
02479155,PET,Q,5,23,0.0013519991993322135
02479155,PET,Q,5,24,0.0014584412540181863
02479155,PET,Q,5,25,0.0017296540521904817
02479155,PET,Q,5,26,0.0012372082480365948
02479155,PET,Q,5,27,0.0015831279607708033
02479155,PET,Q,5,28,0.0017083654472617171
02479155,PET,Q,5,29,0.0015454010035585823
02479155,PET,Q,5,30,0.001348903421172519
02479300,PET,Q,5,1,0.0034745226685443803
02479300,PET,Q,5,2,0.002348184520621216
02479300,PET,Q,5,3,0.0026180543125383787
02479300,PET,Q,5,4,0.002002559597749032
02479300,PET,Q,5,5,0.002005069503219048
02479300,PET,Q,5,6,0.0020327547511337918
02479300,PET,Q,5,7,0.0014648710141609844
02479300,PET,Q,5,8,0.002263407662903616
02479300,PET,Q,5,9,0.002357311552288993
02479300,PET,Q,5,10,0.0017943322462927458
02479300,PET,Q,5,11,0.0018684223250333143
02479300,PET,Q,5,12,0.0017819310273802375
02479300,PET,Q,5,13,0.0018682634702309742
02479300,PET,Q,5,14,0.002092605987417201
02479300,PET,Q,5,15,0.0018927221585727377
02479300,PET,Q,5,16,0.0018714964651908306
02479300,PET,Q,5,17,0.0015028429161598605
02479300,PET,Q,5,18,0.0017061725119104365
02479300,PET,Q,5,19,0.0019916367467268242
02479300,PET,Q,5,20,0.002066766610318238
02479300,PET,Q,5,21,0.002355845492457362
02479300,PET,Q,5,22,0.0021209894402518803
02479300,PET,Q,5,23,0.002893586577663712
02479300,PET,Q,5,24,0.002511948330548533
02479300,PET,Q,5,25,0.002455737483845144
02479300,PET,Q,5,26,0.0018603003104932514
02479300,PET,Q,5,27,0.0023377086853351714
02479300,PET,Q,5,28,0.0019372267671331628
02479300,PET,Q,5,29,0.0019670923992242684
02479300,PET,Q,5,30,0.0019521467380676089
02479560,PET,Q,5,1,0.003942700971737587
02479560,PET,Q,5,2,0.00215560008348277
02479560,PET,Q,5,3,0.001991339112786497
02479560,PET,Q,5,4,0.002147065523291719
02479560,PET,Q,5,5,0.0018917948059836431
02479560,PET,Q,5,6,0.0019508225298299903
02479560,PET,Q,5,7,0.001847076630733302
02479560,PET,Q,5,8,0.0016230233972191754
02479560,PET,Q,5,9,0.0019034459502528245
02479560,PET,Q,5,10,0.0020156975420202866
02479560,PET,Q,5,11,0.0020002918009205534
02479560,PET,Q,5,12,0.0020118342814791496
02479560,PET,Q,5,13,0.0018973212807782969
02479560,PET,Q,5,14,0.001990708910634409
02479560,PET,Q,5,15,0.002258299703970096
02479560,PET,Q,5,16,0.0022527087137000634
02479560,PET,Q,5,17,0.0022359701299436707
02479560,PET,Q,5,18,0.002257273217164929
02479560,PET,Q,5,19,0.0023916377005870487
02479560,PET,Q,5,20,0.0018231690796282063
02479560,PET,Q,5,21,0.0024376858271925456
02479560,PET,Q,5,22,0.0025044402530536303
02479560,PET,Q,5,23,0.0027496876951225158
02479560,PET,Q,5,24,0.0026001626740890516
02479560,PET,Q,5,25,0.0026765564088331306
02479560,PET,Q,5,26,0.0029644263256689424
02479560,PET,Q,5,27,0.002676119897576615
02479560,PET,Q,5,28,0.002537363054140429
02479560,PET,Q,5,29,0.0028277294593799795
02479560,PET,Q,5,30,0.0023444231010096156
02481000,PET,Q,5,1,0.003230015009072898
02481000,PET,Q,5,2,0.0030559592673652103
02481000,PET,Q,5,3,0.0038109443062636084
02481000,PET,Q,5,4,0.0029108175508346795
02481000,PET,Q,5,5,0.00259221680928938
02481000,PET,Q,5,6,0.0026186007885371787
02481000,PET,Q,5,7,0.0025495538381308525
02481000,PET,Q,5,8,0.002703193885371477
02481000,PET,Q,5,9,0.002933631385759111
02481000,PET,Q,5,10,0.002957381197623135
02481000,PET,Q,5,11,0.0025857100353678802
02481000,PET,Q,5,12,0.0024079134600342167
02481000,PET,Q,5,13,0.0031053549685089304
02481000,PET,Q,5,14,0.003070216197532602
02481000,PET,Q,5,15,0.003295087184275944
02481000,PET,Q,5,16,0.002979895175829278
02481000,PET,Q,5,17,0.002981155661038501
02481000,PET,Q,5,18,0.0028812814402313647
02481000,PET,Q,5,19,0.002938175333179388
02481000,PET,Q,5,20,0.0029499955016832335
02481000,PET,Q,5,21,0.0027950420544736038
02481000,PET,Q,5,22,0.003071287798843733
02481000,PET,Q,5,23,0.0030000675011869204
02481000,PET,Q,5,24,0.003029399834556315
02481000,PET,Q,5,25,0.0030909596110130083
02481000,PET,Q,5,26,0.003133321482874263
02481000,PET,Q,5,27,0.002670086224089971
02481000,PET,Q,5,28,0.0031287583289033444
02481000,PET,Q,5,29,0.0029846018366357224
02481000,PET,Q,5,30,0.0028085213208500492
02481510,PET,Q,5,1,0.0020816446367956237
02481510,PET,Q,5,2,0.0017751232356089802
02481510,PET,Q,5,3,0.001041099548693497
02481510,PET,Q,5,4,0.0016687528756171716
02481510,PET,Q,5,5,0.0013095109953907835
02481510,PET,Q,5,6,0.001073463444789341
02481510,PET,Q,5,7,0.0013400511013782757
02481510,PET,Q,5,8,0.0011824784979251879
02481510,PET,Q,5,9,0.0013433728013439936
02481510,PET,Q,5,10,0.0011466247864543588
02481510,PET,Q,5,11,0.0008815879409077784
02481510,PET,Q,5,12,0.0013160730979987142
02481510,PET,Q,5,13,0.0017957784669904164
02481510,PET,Q,5,14,0.0013008068707461642
02481510,PET,Q,5,15,0.0013993258127547314
02481510,PET,Q,5,16,0.0011240324226334947
02481510,PET,Q,5,17,0.0011711468624300003
02481510,PET,Q,5,18,0.00129456511135638
02481510,PET,Q,5,19,0.0012997750202078454
02481510,PET,Q,5,20,0.0012846410777793138
02481510,PET,Q,5,21,0.0015887655293968656
02481510,PET,Q,5,22,0.002121272225833068
02481510,PET,Q,5,23,0.0018903468842723856
02481510,PET,Q,5,24,0.0015407232520134387
02481510,PET,Q,5,25,0.0015383540319767741
02481510,PET,Q,5,26,0.00209549572035312
02481510,PET,Q,5,27,0.0016777538304854483
02481510,PET,Q,5,28,0.0020201258133464434
02481510,PET,Q,5,29,0.002124566701884892
02481510,PET,Q,5,30,0.0015270374549567964
03010655,PET,Q,5,1,0.00437317039287044
03010655,PET,Q,5,2,0.004013114083205788
03010655,PET,Q,5,3,0.003803975979095875
03010655,PET,Q,5,4,0.0037465921097888377
03010655,PET,Q,5,5,0.0035358858695999085
03010655,PET,Q,5,6,0.003187463366550264
03010655,PET,Q,5,7,0.0036270904977469265
03010655,PET,Q,5,8,0.002599522114733549
03010655,PET,Q,5,9,0.002825206005115266
03010655,PET,Q,5,10,0.0031078374351867777
03010655,PET,Q,5,11,0.0027768243822060557
03010655,PET,Q,5,12,0.0029953393402830653
03010655,PET,Q,5,13,0.003951021898708801
03010655,PET,Q,5,14,0.003072219989353281
03010655,PET,Q,5,15,0.0025493325913156784
03010655,PET,Q,5,16,0.003412216600560486
03010655,PET,Q,5,17,0.003511254289089244
03010655,PET,Q,5,18,0.002596526664779608
03010655,PET,Q,5,19,0.0032489078251023706
03010655,PET,Q,5,20,0.0033097521244197514
03010655,PET,Q,5,21,0.003471305947994413
03010655,PET,Q,5,22,0.0032232257958997035
03010655,PET,Q,5,23,0.0031880644865991126
03010655,PET,Q,5,24,0.0032853881072780755
03010655,PET,Q,5,25,0.003264324532512103
03010655,PET,Q,5,26,0.0029615895904589185
03010655,PET,Q,5,27,0.0032191090266687206
03010655,PET,Q,5,28,0.0029144797327709804
03010655,PET,Q,5,29,0.0026720017938240415
03010655,PET,Q,5,30,0.003007436927188606
03011800,PET,Q,5,1,0.0020711213758959485
03011800,PET,Q,5,2,0.001657452617093963
03011800,PET,Q,5,3,0.0014569292507325693
03011800,PET,Q,5,4,0.0014670286359527857
03011800,PET,Q,5,5,0.0013974711534146256
03011800,PET,Q,5,6,0.0016458916835178777
03011800,PET,Q,5,7,0.0019115189810879202
03011800,PET,Q,5,8,0.0017659319104419702
03011800,PET,Q,5,9,0.0013786416850496142
03011800,PET,Q,5,10,0.0014490656457638862
03011800,PET,Q,5,11,0.001527868580871783
03011800,PET,Q,5,12,0.0014495147177993328
03011800,PET,Q,5,13,0.0014790375562009073
03011800,PET,Q,5,14,0.0013397393566821902
03011800,PET,Q,5,15,0.0016722074625046962
03011800,PET,Q,5,16,0.001578460539056567
03011800,PET,Q,5,17,0.001710824669289998
03011800,PET,Q,5,18,0.0016392273139906183
03011800,PET,Q,5,19,0.0015732635728576694
03011800,PET,Q,5,20,0.0013059655581949409
03011800,PET,Q,5,21,0.001211615194570137
03011800,PET,Q,5,22,0.0017009889713915372
03011800,PET,Q,5,23,0.0014893568190258166
03011800,PET,Q,5,24,0.0016351558211791517
03011800,PET,Q,5,25,0.001805970533434939
03011800,PET,Q,5,26,0.0015397543518071988
03011800,PET,Q,5,27,0.0018391377078326165
03011800,PET,Q,5,28,0.0013119050376249886
03011800,PET,Q,5,29,0.0013086342951275504
03011800,PET,Q,5,30,0.0016736753886863187
03015500,PET,Q,5,1,0.00369345198325724
03015500,PET,Q,5,2,0.002061186586439001
03015500,PET,Q,5,3,0.0024940035279987505
03015500,PET,Q,5,4,0.002493594261534199
03015500,PET,Q,5,5,0.002660230961828325
03015500,PET,Q,5,6,0.0021191430369139064
03015500,PET,Q,5,7,0.0023664765937433663
03015500,PET,Q,5,8,0.002702044640054968
03015500,PET,Q,5,9,0.0026430764334671175
03015500,PET,Q,5,10,0.0026603107355578914
03015500,PET,Q,5,11,0.002345872407796129
03015500,PET,Q,5,12,0.0026105092063011537
03015500,PET,Q,5,13,0.0036206154490088793
03015500,PET,Q,5,14,0.003103729501520325
03015500,PET,Q,5,15,0.0031051721288180567
03015500,PET,Q,5,16,0.00304379645384098
03015500,PET,Q,5,17,0.003108691865711083
03015500,PET,Q,5,18,0.003049836135327666
03015500,PET,Q,5,19,0.003297528104018954
03015500,PET,Q,5,20,0.0031768779969928995
03015500,PET,Q,5,21,0.0035293323894647344
03015500,PET,Q,5,22,0.003397603233900426
03015500,PET,Q,5,23,0.0037961824533913058
03015500,PET,Q,5,24,0.003276768422790094
03015500,PET,Q,5,25,0.0031625703819119777
03015500,PET,Q,5,26,0.0034822063101528633
03015500,PET,Q,5,27,0.0037589562283460443
03015500,PET,Q,5,28,0.004191111141215426
03015500,PET,Q,5,29,0.003683403386994105
03015500,PET,Q,5,30,0.0034564876146689627
03021350,PET,Q,5,1,0.005270501384492143
03021350,PET,Q,5,2,0.004360618675795097
03021350,PET,Q,5,3,0.005504655705888428
03021350,PET,Q,5,4,0.005179391733234867
03021350,PET,Q,5,5,0.005038411060356768
03021350,PET,Q,5,6,0.006246971236512633
03021350,PET,Q,5,7,0.005607620108263767
03021350,PET,Q,5,8,0.005014615151970936
03021350,PET,Q,5,9,0.005822560466856919
03021350,PET,Q,5,10,0.00557899417645627
03021350,PET,Q,5,11,0.005739861670894381
03021350,PET,Q,5,12,0.0061710753645159155
03021350,PET,Q,5,13,0.005794127630594725
03021350,PET,Q,5,14,0.0059390456760131105
03021350,PET,Q,5,15,0.005617704988540112
03021350,PET,Q,5,16,0.006206894904558474
03021350,PET,Q,5,17,0.006148851850396708
03021350,PET,Q,5,18,0.0057665186063116936
03021350,PET,Q,5,19,0.0067216171004151615
03021350,PET,Q,5,20,0.006327050478309226
03021350,PET,Q,5,21,0.006225780461861813
03021350,PET,Q,5,22,0.005802768619742743
03021350,PET,Q,5,23,0.006768958366511202
03021350,PET,Q,5,24,0.006592006591366939
03021350,PET,Q,5,25,0.006747393649001371
03021350,PET,Q,5,26,0.006659191500227729
03021350,PET,Q,5,27,0.006842829077735174
03021350,PET,Q,5,28,0.006657123252182817
03021350,PET,Q,5,29,0.006610181559940531
03021350,PET,Q,5,30,0.00659010921144465
03026500,PET,Q,5,1,0.001882539390131055
03026500,PET,Q,5,2,0.0014294365304285128
03026500,PET,Q,5,3,0.0018487321589144984
03026500,PET,Q,5,4,0.0021735169246249048
03026500,PET,Q,5,5,0.0021545614713860267
03026500,PET,Q,5,6,0.00171134952835085
03026500,PET,Q,5,7,0.0021831257062749493
03026500,PET,Q,5,8,0.0020254259934616575
03026500,PET,Q,5,9,0.00172973961983304
03026500,PET,Q,5,10,0.0024632240466685024
03026500,PET,Q,5,11,0.0018538776093141585
03026500,PET,Q,5,12,0.002205618447340199
03026500,PET,Q,5,13,0.002268973856525941
03026500,PET,Q,5,14,0.002266877063817868
03026500,PET,Q,5,15,0.0021988291034755886
03026500,PET,Q,5,16,0.0026677904631699223
03026500,PET,Q,5,17,0.002381606880154777
03026500,PET,Q,5,18,0.002643077529477067
03026500,PET,Q,5,19,0.002014897329246673
03026500,PET,Q,5,20,0.002268197787597806
03026500,PET,Q,5,21,0.002088786085229166
03026500,PET,Q,5,22,0.0025231791179703422
03026500,PET,Q,5,23,0.0026458479447709765
03026500,PET,Q,5,24,0.002182182098673352
03026500,PET,Q,5,25,0.0029053799319227053
03026500,PET,Q,5,26,0.002312765352085591
03026500,PET,Q,5,27,0.0024321720616668763
03026500,PET,Q,5,28,0.002336240844376336
03026500,PET,Q,5,29,0.0027055876046200578
03026500,PET,Q,5,30,0.0019860407767277877
03028000,PET,Q,5,1,0.0016252515083022834
03028000,PET,Q,5,2,0.00105699540971331
03028000,PET,Q,5,3,0.0012758799994339598
03028000,PET,Q,5,4,0.0014524804629922616
03028000,PET,Q,5,5,0.001195054778215826
03028000,PET,Q,5,6,0.0011522449244120714
03028000,PET,Q,5,7,0.0012513587842563761
03028000,PET,Q,5,8,0.0010536623888598579
03028000,PET,Q,5,9,0.0012172288936231346
03028000,PET,Q,5,10,0.0010886705266305169
03028000,PET,Q,5,11,0.0013163926624841366
03028000,PET,Q,5,12,0.0013025393041887767
03028000,PET,Q,5,13,0.001709335373707932
03028000,PET,Q,5,14,0.0011089837907011652
03028000,PET,Q,5,15,0.0013260552440133438
03028000,PET,Q,5,16,0.0012150657815423738
03028000,PET,Q,5,17,0.0013427575348598508
03028000,PET,Q,5,18,0.0018249524036293568
03028000,PET,Q,5,19,0.0011588720655400647
03028000,PET,Q,5,20,0.0013551087446984494
03028000,PET,Q,5,21,0.001389451947377926
03028000,PET,Q,5,22,0.0016269505487137847
03028000,PET,Q,5,23,0.0012556148361385217
03028000,PET,Q,5,24,0.00153655438993211
03028000,PET,Q,5,25,0.0014780557452788862
03028000,PET,Q,5,26,0.0014530436245207418
03028000,PET,Q,5,27,0.0013007802564657112
03028000,PET,Q,5,28,0.0014466972762461894
03028000,PET,Q,5,29,0.001212176149374869
03028000,PET,Q,5,30,0.001467328944505561
03049000,PET,Q,5,1,0.0011721451101486743
03049000,PET,Q,5,2,0.0014231426114052897
03049000,PET,Q,5,3,0.0010743645859307635
03049000,PET,Q,5,4,0.0013721394689094751
03049000,PET,Q,5,5,0.001390266457529786
03049000,PET,Q,5,6,0.0016967081577295012
03049000,PET,Q,5,7,0.0010549596284392254
03049000,PET,Q,5,8,0.0011886759151379656
03049000,PET,Q,5,9,0.0012548383421144699
03049000,PET,Q,5,10,0.001351125616885128
03049000,PET,Q,5,11,0.001320355359442714
03049000,PET,Q,5,12,0.001806788190388972
03049000,PET,Q,5,13,0.0014916557065938404
03049000,PET,Q,5,14,0.001301114264298013
03049000,PET,Q,5,15,0.0014979212068051556
03049000,PET,Q,5,16,0.0014266700399240273
03049000,PET,Q,5,17,0.0016842371987276297
03049000,PET,Q,5,18,0.0015017036040542858
03049000,PET,Q,5,19,0.00148041200581904
03049000,PET,Q,5,20,0.0012131781708458328
03049000,PET,Q,5,21,0.0014043153747088574
03049000,PET,Q,5,22,0.0018226404207380698
03049000,PET,Q,5,23,0.0018226620818038164
03049000,PET,Q,5,24,0.0013264163135343204
03049000,PET,Q,5,25,0.0014617063585346188
03049000,PET,Q,5,26,0.0015668372260917093
03049000,PET,Q,5,27,0.0018625799198661377
03049000,PET,Q,5,28,0.0017905147348585906
03049000,PET,Q,5,29,0.0015735368810287712
03049000,PET,Q,5,30,0.0021585536453411353
03049800,PET,Q,5,1,0.000657101705079305
03049800,PET,Q,5,2,0.0005999554244152886
03049800,PET,Q,5,3,0.0005556156178531946
03049800,PET,Q,5,4,0.0005556575079884501
03049800,PET,Q,5,5,0.0007666374522623653
03049800,PET,Q,5,6,0.0005070095835611335
03049800,PET,Q,5,7,0.0006563716583721044
03049800,PET,Q,5,8,0.0005555646073380259
03049800,PET,Q,5,9,0.0005556731292786932
03049800,PET,Q,5,10,0.0005522361933400144
03049800,PET,Q,5,11,0.000600304185997067
03049800,PET,Q,5,12,0.0006073898159416188
03049800,PET,Q,5,13,0.0007602705385596946
03049800,PET,Q,5,14,0.0006319074360324204
03049800,PET,Q,5,15,0.0006320712714976929
03049800,PET,Q,5,16,0.0006251335773700233
03049800,PET,Q,5,17,0.0005587575784853031
03049800,PET,Q,5,18,0.0006008114314589611
03049800,PET,Q,5,19,0.0005589859030171703
03049800,PET,Q,5,20,0.0005657831962584108
03049800,PET,Q,5,21,0.0006077573100426344
03049800,PET,Q,5,22,0.0006179965020352094
03049800,PET,Q,5,23,0.0005693416999049423
03049800,PET,Q,5,24,0.0005213832731151818
03049800,PET,Q,5,25,0.0006673793463261206
03049800,PET,Q,5,26,0.0005527442737279491
03049800,PET,Q,5,27,0.0007052347761653602
03049800,PET,Q,5,28,0.0006540839561092159
03049800,PET,Q,5,29,0.0006322800587919303
03049800,PET,Q,5,30,0.000563404511130983
03050000,PET,Q,5,1,0.0029903765459214082
03050000,PET,Q,5,2,0.0020773720880611635
03050000,PET,Q,5,3,0.002711697616668632
03050000,PET,Q,5,4,0.0026988132540026882
03050000,PET,Q,5,5,0.0024252485825974474
03050000,PET,Q,5,6,0.0022859797339601917
03050000,PET,Q,5,7,0.0022743324532165793
03050000,PET,Q,5,8,0.0024096373710769947
03050000,PET,Q,5,9,0.0029552443366345216
03050000,PET,Q,5,10,0.0028221851472257364
03050000,PET,Q,5,11,0.003343850662376316
03050000,PET,Q,5,12,0.0028895161683612364
03050000,PET,Q,5,13,0.003428454012669377
03050000,PET,Q,5,14,0.003427605919050322
03050000,PET,Q,5,15,0.002640081745258885
03050000,PET,Q,5,16,0.0027255512142739385
03050000,PET,Q,5,17,0.0027622010758637794
03050000,PET,Q,5,18,0.0031644902383706763
03050000,PET,Q,5,19,0.002607350429912697
03050000,PET,Q,5,20,0.002603093107254817
03050000,PET,Q,5,21,0.003386491805273034
03050000,PET,Q,5,22,0.0026106338211603908
03050000,PET,Q,5,23,0.0029375517278076857
03050000,PET,Q,5,24,0.003672283151155989
03050000,PET,Q,5,25,0.003034046444471264
03050000,PET,Q,5,26,0.003817605438164562
03050000,PET,Q,5,27,0.003872122900150307
03050000,PET,Q,5,28,0.003198196307774001
03050000,PET,Q,5,29,0.002838415350210524
03050000,PET,Q,5,30,0.0032043916552350893
03066000,PET,Q,5,1,0.0009181616201671614
03066000,PET,Q,5,2,0.0011526975126599885
03066000,PET,Q,5,3,0.0008197571854089945
03066000,PET,Q,5,4,0.0005914148067725812
03066000,PET,Q,5,5,0.0005036096826837519
03066000,PET,Q,5,6,0.0005680082946230708
03066000,PET,Q,5,7,0.0005713699055344933
03066000,PET,Q,5,8,0.0006280677703459255
03066000,PET,Q,5,9,0.0005609459272918962
03066000,PET,Q,5,10,0.0006556669865092311
03066000,PET,Q,5,11,0.0005006521339800292
03066000,PET,Q,5,12,0.00048431291488003
03066000,PET,Q,5,13,0.000652531625607515
03066000,PET,Q,5,14,0.0007125864770933799
03066000,PET,Q,5,15,0.0005443775141188989
03066000,PET,Q,5,16,0.0009012115051502609
03066000,PET,Q,5,17,0.0007376456474026301
03066000,PET,Q,5,18,0.0007332074630831097
03066000,PET,Q,5,19,0.0009949811963449809
03066000,PET,Q,5,20,0.0007529949173996422
03066000,PET,Q,5,21,0.0006369930953235327
03066000,PET,Q,5,22,0.0006212524593320369
03066000,PET,Q,5,23,0.0004320389217690075
03066000,PET,Q,5,24,0.0009671749095469806
03066000,PET,Q,5,25,0.0007363258898383102
03066000,PET,Q,5,26,0.0007407771870465429
03066000,PET,Q,5,27,0.0009210625656784349
03066000,PET,Q,5,28,0.0006389157594989849
03066000,PET,Q,5,29,0.0008007794742036292
03066000,PET,Q,5,30,0.0007400832148102485
03069500,PET,Q,5,1,0.0012704703585367516
03069500,PET,Q,5,2,0.0014619007649733576
03069500,PET,Q,5,3,0.0012344454241741826
03069500,PET,Q,5,4,0.0008712982714695269
03069500,PET,Q,5,5,0.0011427345703028807
03069500,PET,Q,5,6,0.0014141972685852156
03069500,PET,Q,5,7,0.0011795293757856928
03069500,PET,Q,5,8,0.001173803001352225
03069500,PET,Q,5,9,0.0014609059792509982
03069500,PET,Q,5,10,0.0012137246664447182
03069500,PET,Q,5,11,0.0009266720493689221
03069500,PET,Q,5,12,0.0013042318528656838
03069500,PET,Q,5,13,0.0014933549372978527
03069500,PET,Q,5,14,0.0016960303185983086
03069500,PET,Q,5,15,0.0010569267307053778
03069500,PET,Q,5,16,0.0011201087462911416
03069500,PET,Q,5,17,0.0016616949812170573
03069500,PET,Q,5,18,0.0013490183308243892
03069500,PET,Q,5,19,0.0015105371074220567
03069500,PET,Q,5,20,0.0015155575392714823
03069500,PET,Q,5,21,0.0016983227193618014
03069500,PET,Q,5,22,0.0016341184243665527
03069500,PET,Q,5,23,0.0015436839505166416
03069500,PET,Q,5,24,0.0015577601460200555
03069500,PET,Q,5,25,0.0020317714030304995
03069500,PET,Q,5,26,0.001660514055959822
03069500,PET,Q,5,27,0.002108284023433743
03069500,PET,Q,5,28,0.0021088212935445605
03069500,PET,Q,5,29,0.0018954978148293597
03069500,PET,Q,5,30,0.0016414371608300046
03070500,PET,Q,5,1,0.0035844845393446234
03070500,PET,Q,5,2,0.0023685612124704214
03070500,PET,Q,5,3,0.0021905661222891004
03070500,PET,Q,5,4,0.0024916781020479506
03070500,PET,Q,5,5,0.002860619155320099
03070500,PET,Q,5,6,0.0028820834970868514
03070500,PET,Q,5,7,0.002990182889421572
03070500,PET,Q,5,8,0.002757385850199384
03070500,PET,Q,5,9,0.002769689145127485
03070500,PET,Q,5,10,0.0025955678434865515
03070500,PET,Q,5,11,0.003134014352685316
03070500,PET,Q,5,12,0.002945347289091127
03070500,PET,Q,5,13,0.003269165304073063
03070500,PET,Q,5,14,0.003246000093494933
03070500,PET,Q,5,15,0.0026221016646996442
03070500,PET,Q,5,16,0.002697179163686364
03070500,PET,Q,5,17,0.0026728770887093634
03070500,PET,Q,5,18,0.0031314794552458336
03070500,PET,Q,5,19,0.003444412215437037
03070500,PET,Q,5,20,0.0033353058858636153
03070500,PET,Q,5,21,0.0032871596927165347
03070500,PET,Q,5,22,0.0038990964039755938
03070500,PET,Q,5,23,0.0037011758728286437
03070500,PET,Q,5,24,0.0038598275799579806
03070500,PET,Q,5,25,0.0033515722911017787
03070500,PET,Q,5,26,0.004216105994417602
03070500,PET,Q,5,27,0.004180071887760123
03070500,PET,Q,5,28,0.003707686120341974
03070500,PET,Q,5,29,0.0036825023364513987
03070500,PET,Q,5,30,0.003922872312893011
03076600,PET,Q,5,1,0.002890782683226248
03076600,PET,Q,5,2,0.0022661360980605477
03076600,PET,Q,5,3,0.00255491243405552
03076600,PET,Q,5,4,0.0027162983133278557
03076600,PET,Q,5,5,0.0024848119122262563
03076600,PET,Q,5,6,0.0032840184269376377
03076600,PET,Q,5,7,0.0024081534035585023
03076600,PET,Q,5,8,0.0025165512165003234
03076600,PET,Q,5,9,0.0025493627671771407
03076600,PET,Q,5,10,0.0022948240109983836
03076600,PET,Q,5,11,0.002400579242933354
03076600,PET,Q,5,12,0.002764533569085903
03076600,PET,Q,5,13,0.002800082527072617
03076600,PET,Q,5,14,0.0032144771026921815
03076600,PET,Q,5,15,0.0024590079516334518
03076600,PET,Q,5,16,0.0025104034654464813
03076600,PET,Q,5,17,0.003024465501213186
03076600,PET,Q,5,18,0.0027332538542614165
03076600,PET,Q,5,19,0.0029697177684333276
03076600,PET,Q,5,20,0.0025038619647245325
03076600,PET,Q,5,21,0.0028369961701156104
03076600,PET,Q,5,22,0.003248507130477668
03076600,PET,Q,5,23,0.003397024763862555
03076600,PET,Q,5,24,0.0028765397231311357
03076600,PET,Q,5,25,0.002810719253896865
03076600,PET,Q,5,26,0.003442337144001467
03076600,PET,Q,5,27,0.003344975374467804
03076600,PET,Q,5,28,0.0031270076601205565
03076600,PET,Q,5,29,0.0032144484732737205
03076600,PET,Q,5,30,0.003396035506529768
03078000,PET,Q,5,1,0.0024057230113283673
03078000,PET,Q,5,2,0.002559760628268487
03078000,PET,Q,5,3,0.0025627143249821738
03078000,PET,Q,5,4,0.00167339533258265
03078000,PET,Q,5,5,0.002084095391958335
03078000,PET,Q,5,6,0.0023448630195481573
03078000,PET,Q,5,7,0.002793819891866625
03078000,PET,Q,5,8,0.0029067925181113508
03078000,PET,Q,5,9,0.001936133677408608
03078000,PET,Q,5,10,0.002333257998770641
03078000,PET,Q,5,11,0.0029517183356880666
03078000,PET,Q,5,12,0.0025175006362823105
03078000,PET,Q,5,13,0.0024746233815906987
03078000,PET,Q,5,14,0.0023223839006035335
03078000,PET,Q,5,15,0.002150786345327796
03078000,PET,Q,5,16,0.00244365294199593
03078000,PET,Q,5,17,0.003030246909188114
03078000,PET,Q,5,18,0.003441031457255675
03078000,PET,Q,5,19,0.002668222069262996
03078000,PET,Q,5,20,0.0027915606973982765
03078000,PET,Q,5,21,0.002991856443350635
03078000,PET,Q,5,22,0.0029717462932909167
03078000,PET,Q,5,23,0.002777074059654619
03078000,PET,Q,5,24,0.003311667938789134
03078000,PET,Q,5,25,0.0034271378685545723
03078000,PET,Q,5,26,0.0034600416262105665
03078000,PET,Q,5,27,0.0035021087322453792
03078000,PET,Q,5,28,0.0030006680839467365
03078000,PET,Q,5,29,0.0030110741726684515
03078000,PET,Q,5,30,0.003226517598797371
03140000,PET,Q,5,1,0.0019512521420425866
03140000,PET,Q,5,2,0.0018830400854554646
03140000,PET,Q,5,3,0.0019240204840992453
03140000,PET,Q,5,4,0.001981623236732649
03140000,PET,Q,5,5,0.0018485178954315423
03140000,PET,Q,5,6,0.0016446417318876083
03140000,PET,Q,5,7,0.002181082785830832
03140000,PET,Q,5,8,0.001873785107871645
03140000,PET,Q,5,9,0.002420682729470519
03140000,PET,Q,5,10,0.0015849289941380768
03140000,PET,Q,5,11,0.0017414852408816212
03140000,PET,Q,5,12,0.002293581372586756
03140000,PET,Q,5,13,0.0019470178698987317
03140000,PET,Q,5,14,0.00217020514369326
03140000,PET,Q,5,15,0.001735707212077664
03140000,PET,Q,5,16,0.0022957310192704278
03140000,PET,Q,5,17,0.0020954696719296256
03140000,PET,Q,5,18,0.0029296760265671573
03140000,PET,Q,5,19,0.0023103294873212804
03140000,PET,Q,5,20,0.0020868827817013547
03140000,PET,Q,5,21,0.001825000075711944
03140000,PET,Q,5,22,0.0023895968264846523
03140000,PET,Q,5,23,0.002482431513761693
03140000,PET,Q,5,24,0.002485568701327809
03140000,PET,Q,5,25,0.0017366214277544922
03140000,PET,Q,5,26,0.002483341774707354
03140000,PET,Q,5,27,0.0020131079758319154
03140000,PET,Q,5,28,0.0022937416831283752
03140000,PET,Q,5,29,0.002458053850241601
03140000,PET,Q,5,30,0.0025056745831919802
03144000,PET,Q,5,1,0.0017536546510638351
03144000,PET,Q,5,2,0.0012222188615821222
03144000,PET,Q,5,3,0.0013847141080579398
03144000,PET,Q,5,4,0.0017567484867659078
03144000,PET,Q,5,5,0.001096961716857206
03144000,PET,Q,5,6,0.001446296278801322
03144000,PET,Q,5,7,0.001533362552623485
03144000,PET,Q,5,8,0.0010413906358241395
03144000,PET,Q,5,9,0.0013029685770642035
03144000,PET,Q,5,10,0.0016507260924194453
03144000,PET,Q,5,11,0.0017270260902059534
03144000,PET,Q,5,12,0.0015362244463261107
03144000,PET,Q,5,13,0.0017108842413906394
03144000,PET,Q,5,14,0.0017335462357891476
03144000,PET,Q,5,15,0.001128765756455749
03144000,PET,Q,5,16,0.0014843339585186022
03144000,PET,Q,5,17,0.0015384509254829301
03144000,PET,Q,5,18,0.0018776875951335911
03144000,PET,Q,5,19,0.0016127241171678894
03144000,PET,Q,5,20,0.0014479216964009695
03144000,PET,Q,5,21,0.001450343692548088
03144000,PET,Q,5,22,0.001592885975707073
03144000,PET,Q,5,23,0.0016925285238302834
03144000,PET,Q,5,24,0.0016481180447234373
03144000,PET,Q,5,25,0.0016196229631913472
03144000,PET,Q,5,26,0.0018778423525617621
03144000,PET,Q,5,27,0.0022268962294516303
03144000,PET,Q,5,28,0.0018881697366879904
03144000,PET,Q,5,29,0.0018525199248712113
03144000,PET,Q,5,30,0.0016320031900673992
03159540,PET,Q,5,1,0.0018049665019541986
03159540,PET,Q,5,2,0.0012593194146143516
03159540,PET,Q,5,3,0.0015557161869431332
03159540,PET,Q,5,4,0.0017799846218048351
03159540,PET,Q,5,5,0.0015570385605932907
03159540,PET,Q,5,6,0.0012765945823751748
03159540,PET,Q,5,7,0.0013147162613642849
03159540,PET,Q,5,8,0.0017440054479230666
03159540,PET,Q,5,9,0.0014596622260048958
03159540,PET,Q,5,10,0.0015444253126790375
03159540,PET,Q,5,11,0.0016300647612240912
03159540,PET,Q,5,12,0.0015499069267413054
03159540,PET,Q,5,13,0.001580040028324535
03159540,PET,Q,5,14,0.0018680261450589389
03159540,PET,Q,5,15,0.001967499996698076
03159540,PET,Q,5,16,0.0017607531872937537
03159540,PET,Q,5,17,0.001804678044183619
03159540,PET,Q,5,18,0.0018425156703904683
03159540,PET,Q,5,19,0.001971358399534981
03159540,PET,Q,5,20,0.001832392046766343
03159540,PET,Q,5,21,0.0017843952108414288
03159540,PET,Q,5,22,0.0017498153383184376
03159540,PET,Q,5,23,0.002150929057140996
03159540,PET,Q,5,24,0.001870425184001094
03159540,PET,Q,5,25,0.0021353692091476625
03159540,PET,Q,5,26,0.002018881074799868
03159540,PET,Q,5,27,0.0025549656190439127
03159540,PET,Q,5,28,0.0018732410599193935
03159540,PET,Q,5,29,0.002025290101087457
03159540,PET,Q,5,30,0.0018410122105293192
03161000,PET,Q,5,1,0.0012452474749552918
03161000,PET,Q,5,2,0.0012540278263872724
03161000,PET,Q,5,3,0.0008366428485652756
03161000,PET,Q,5,4,0.0008826451027773748
03161000,PET,Q,5,5,0.000732227715091769
03161000,PET,Q,5,6,0.0009949536967541056
03161000,PET,Q,5,7,0.001198824378778579
03161000,PET,Q,5,8,0.0008725782854957682
03161000,PET,Q,5,9,0.000758187731339087
03161000,PET,Q,5,10,0.0007399833518486713
03161000,PET,Q,5,11,0.0006864599042889913
03161000,PET,Q,5,12,0.0008261323824908066
03161000,PET,Q,5,13,0.0008586715256841161
03161000,PET,Q,5,14,0.0012399065210782802
03161000,PET,Q,5,15,0.0008153892811371653
03161000,PET,Q,5,16,0.0007787190383295277
03161000,PET,Q,5,17,0.0006658984464767322
03161000,PET,Q,5,18,0.0009363985615845026
03161000,PET,Q,5,19,0.0008138552871435542
03161000,PET,Q,5,20,0.0010401585643182339
03161000,PET,Q,5,21,0.0010338883040435683
03161000,PET,Q,5,22,0.001175807173614738
03161000,PET,Q,5,23,0.0010671030779867557
03161000,PET,Q,5,24,0.0009283542837803353
03161000,PET,Q,5,25,0.0008641563892558268
03161000,PET,Q,5,26,0.0012041317767353538
03161000,PET,Q,5,27,0.0009056573675834227
03161000,PET,Q,5,28,0.0012536606786196156
03161000,PET,Q,5,29,0.0009048569393006189
03161000,PET,Q,5,30,0.0010582210457797357
03164000,PET,Q,5,1,0.0016593480162096774
03164000,PET,Q,5,2,0.0009961726314080335
03164000,PET,Q,5,3,0.0007787493602785869
03164000,PET,Q,5,4,0.0007953111776084487
03164000,PET,Q,5,5,0.0008713695376512121
03164000,PET,Q,5,6,0.001071430650001766
03164000,PET,Q,5,7,0.0008638475093983439
03164000,PET,Q,5,8,0.0012015744481776863
03164000,PET,Q,5,9,0.0014599701777419372
03164000,PET,Q,5,10,0.0009484771886035318
03164000,PET,Q,5,11,0.0010452077238527202
03164000,PET,Q,5,12,0.000813922530118083
03164000,PET,Q,5,13,0.0012528802826311108
03164000,PET,Q,5,14,0.0011413560425424171
03164000,PET,Q,5,15,0.001250595983023961
03164000,PET,Q,5,16,0.0010440195182005174
03164000,PET,Q,5,17,0.0010098768307397407
03164000,PET,Q,5,18,0.0011735226383658912
03164000,PET,Q,5,19,0.0015668234453454985
03164000,PET,Q,5,20,0.0013003496009625984
03164000,PET,Q,5,21,0.0009063156377287288
03164000,PET,Q,5,22,0.0009668668888048668
03164000,PET,Q,5,23,0.0010396169184937396
03164000,PET,Q,5,24,0.001233126262293556
03164000,PET,Q,5,25,0.0011510770091635175
03164000,PET,Q,5,26,0.0012513718127103654
03164000,PET,Q,5,27,0.0007864265872226037
03164000,PET,Q,5,28,0.0015244125718427703
03164000,PET,Q,5,29,0.0011575375042439662
03164000,PET,Q,5,30,0.0012548866843180156
03165000,PET,Q,5,1,0.00167470358645333
03165000,PET,Q,5,2,0.0016265236221818871
03165000,PET,Q,5,3,0.00216085488535267
03165000,PET,Q,5,4,0.0020869524241616255
03165000,PET,Q,5,5,0.0016863209952174898
03165000,PET,Q,5,6,0.0021648641477923503
03165000,PET,Q,5,7,0.00173351822568249
03165000,PET,Q,5,8,0.0022007667648400314
03165000,PET,Q,5,9,0.0023818396182669413
03165000,PET,Q,5,10,0.0019413783974639512
03165000,PET,Q,5,11,0.0024055204246292913
03165000,PET,Q,5,12,0.0019722106753643984
03165000,PET,Q,5,13,0.0019216680949436515
03165000,PET,Q,5,14,0.0024079573299624485
03165000,PET,Q,5,15,0.0015710146697193172
03165000,PET,Q,5,16,0.00154487352854836
03165000,PET,Q,5,17,0.001930929369458309
03165000,PET,Q,5,18,0.0020979980162756234
03165000,PET,Q,5,19,0.0020964963854152793
03165000,PET,Q,5,20,0.0018640700635527835
03165000,PET,Q,5,21,0.0024054010047447824
03165000,PET,Q,5,22,0.002112776605981234
03165000,PET,Q,5,23,0.002156462649894296
03165000,PET,Q,5,24,0.0019419617992837354
03165000,PET,Q,5,25,0.0019604973022166808
03165000,PET,Q,5,26,0.0020416130703040936
03165000,PET,Q,5,27,0.0021188173393184295
03165000,PET,Q,5,28,0.0014655898216211632
03165000,PET,Q,5,29,0.0017634599792855504
03165000,PET,Q,5,30,0.0021635749280009345
03170000,PET,Q,5,1,0.002963496842764937
03170000,PET,Q,5,2,0.0024865369938394874
03170000,PET,Q,5,3,0.002370273490331469
03170000,PET,Q,5,4,0.0025836264846143056
03170000,PET,Q,5,5,0.0030877506965885093
03170000,PET,Q,5,6,0.0022216239703888793
03170000,PET,Q,5,7,0.002224509406267984
03170000,PET,Q,5,8,0.002322015644859718
03170000,PET,Q,5,9,0.0023501679591635197
03170000,PET,Q,5,10,0.002838950642293725
03170000,PET,Q,5,11,0.0028896795254206784
03170000,PET,Q,5,12,0.002334625649151767
03170000,PET,Q,5,13,0.002346622887440808
03170000,PET,Q,5,14,0.002721182881359148
03170000,PET,Q,5,15,0.0022267170781682943
03170000,PET,Q,5,16,0.0023955026187601827
03170000,PET,Q,5,17,0.0022698236777885933
03170000,PET,Q,5,18,0.002507487232013113
03170000,PET,Q,5,19,0.0021799676118192113
03170000,PET,Q,5,20,0.0022268493029023798
03170000,PET,Q,5,21,0.002422358529699055
03170000,PET,Q,5,22,0.00246277541626954
03170000,PET,Q,5,23,0.0021679282116963336
03170000,PET,Q,5,24,0.002627491751802144
03170000,PET,Q,5,25,0.002367867080954468
03170000,PET,Q,5,26,0.00275583705032105
03170000,PET,Q,5,27,0.002521179978389021
03170000,PET,Q,5,28,0.0026361877253761185
03170000,PET,Q,5,29,0.003013138246906022
03170000,PET,Q,5,30,0.002904768620897953
03173000,PET,Q,5,1,0.001779263572907551
03173000,PET,Q,5,2,0.0018106406866306574
03173000,PET,Q,5,3,0.001898514281017491
03173000,PET,Q,5,4,0.0016813102523134463
03173000,PET,Q,5,5,0.0014916824296771006
03173000,PET,Q,5,6,0.0014221389435971066
03173000,PET,Q,5,7,0.0013502780842919518
03173000,PET,Q,5,8,0.00172134497621914
03173000,PET,Q,5,9,0.001265218359560276
03173000,PET,Q,5,10,0.0013460003129937212
03173000,PET,Q,5,11,0.0014010551278590758
03173000,PET,Q,5,12,0.0014738101487934696
03173000,PET,Q,5,13,0.001302539584598264
03173000,PET,Q,5,14,0.001100594352339175
03173000,PET,Q,5,15,0.0014905351993115198
03173000,PET,Q,5,16,0.0014058610282502784
03173000,PET,Q,5,17,0.0013700927444568328
03173000,PET,Q,5,18,0.001493223589650386
03173000,PET,Q,5,19,0.0013454102665356946
03173000,PET,Q,5,20,0.0014333615861904653
03173000,PET,Q,5,21,0.001209449108440036
03173000,PET,Q,5,22,0.0012376352661676027
03173000,PET,Q,5,23,0.001207407055464349
03173000,PET,Q,5,24,0.0014435391054861135
03173000,PET,Q,5,25,0.0014292566027105658
03173000,PET,Q,5,26,0.0014315885236431056
03173000,PET,Q,5,27,0.001770885585236165
03173000,PET,Q,5,28,0.001465386731151777
03173000,PET,Q,5,29,0.0013919820676855238
03173000,PET,Q,5,30,0.001400058547834454
03180500,PET,Q,5,1,0.0015004215462873227
03180500,PET,Q,5,2,0.0013553342217746886
03180500,PET,Q,5,3,0.0013788695348395247
03180500,PET,Q,5,4,0.001433543729081603
03180500,PET,Q,5,5,0.0011015305347170865
03180500,PET,Q,5,6,0.0013680180980754353
03180500,PET,Q,5,7,0.0012145678775501503
03180500,PET,Q,5,8,0.0016698513491537614
03180500,PET,Q,5,9,0.0011103558580427136
03180500,PET,Q,5,10,0.0011290291077440395
03180500,PET,Q,5,11,0.001105895088435782
03180500,PET,Q,5,12,0.0014471216971246592
03180500,PET,Q,5,13,0.0011396151160866855
03180500,PET,Q,5,14,0.001262790056761165
03180500,PET,Q,5,15,0.0013228649424001926
03180500,PET,Q,5,16,0.0013254942905574774
03180500,PET,Q,5,17,0.0013851693266727777
03180500,PET,Q,5,18,0.0014431935398396198
03180500,PET,Q,5,19,0.0014051572589782457
03180500,PET,Q,5,20,0.001391793204572396
03180500,PET,Q,5,21,0.0019446060064855775
03180500,PET,Q,5,22,0.0014162594643944218
03180500,PET,Q,5,23,0.0014113970723927186
03180500,PET,Q,5,24,0.0014240462829418488
03180500,PET,Q,5,25,0.0016036688057185985
03180500,PET,Q,5,26,0.0021786741720587893
03180500,PET,Q,5,27,0.00176702516711226
03180500,PET,Q,5,28,0.001460739964189467
03180500,PET,Q,5,29,0.0015724748105166234
03180500,PET,Q,5,30,0.0017574586691348482
03182500,PET,Q,5,1,0.0015968447399498237
03182500,PET,Q,5,2,0.0009480817788367901
03182500,PET,Q,5,3,0.001228662515715323
03182500,PET,Q,5,4,0.0010837601470542052
03182500,PET,Q,5,5,0.0009279279364510368
03182500,PET,Q,5,6,0.001297030807878248
03182500,PET,Q,5,7,0.0015396449405428933
03182500,PET,Q,5,8,0.001511830922522793
03182500,PET,Q,5,9,0.0014582545412944736
03182500,PET,Q,5,10,0.0012762305133830615
03182500,PET,Q,5,11,0.00137638426723289
03182500,PET,Q,5,12,0.0014659283745192403
03182500,PET,Q,5,13,0.0016039859837788453
03182500,PET,Q,5,14,0.001425347107454386
03182500,PET,Q,5,15,0.0014621219258661167
03182500,PET,Q,5,16,0.0017181632209755243
03182500,PET,Q,5,17,0.0018815920205848755
03182500,PET,Q,5,18,0.0018594910026701952
03182500,PET,Q,5,19,0.0016427886407951592
03182500,PET,Q,5,20,0.0014630641893921617
03182500,PET,Q,5,21,0.0016345102667442643
03182500,PET,Q,5,22,0.0019251007610278509
03182500,PET,Q,5,23,0.0012834649308568827
03182500,PET,Q,5,24,0.0018940160313987153
03182500,PET,Q,5,25,0.002021052035302208
03182500,PET,Q,5,26,0.0019971642803686893
03182500,PET,Q,5,27,0.001778843610952957
03182500,PET,Q,5,28,0.0017904696161653647
03182500,PET,Q,5,29,0.0020720250244317256
03182500,PET,Q,5,30,0.0018130988716422922
03186500,PET,Q,5,1,0.003162985742652183
03186500,PET,Q,5,2,0.0029065830072732696
03186500,PET,Q,5,3,0.0031512936995129748
03186500,PET,Q,5,4,0.0027928443572732137
03186500,PET,Q,5,5,0.002524520236504804
03186500,PET,Q,5,6,0.0033853826526614172
03186500,PET,Q,5,7,0.002927782493900244
03186500,PET,Q,5,8,0.002691370995272252
03186500,PET,Q,5,9,0.0024899859032721378
03186500,PET,Q,5,10,0.003274614257611677
03186500,PET,Q,5,11,0.002841098571508771
03186500,PET,Q,5,12,0.0030764614093642256
03186500,PET,Q,5,13,0.0029067298117309015
03186500,PET,Q,5,14,0.0032155680865831038
03186500,PET,Q,5,15,0.003251890596332338
03186500,PET,Q,5,16,0.0032747819253687305
03186500,PET,Q,5,17,0.003299859111693934
03186500,PET,Q,5,18,0.0028269919979545394
03186500,PET,Q,5,19,0.0034125898583607928
03186500,PET,Q,5,20,0.003176228615296234
03186500,PET,Q,5,21,0.002793222160519984
03186500,PET,Q,5,22,0.0031943296898536006
03186500,PET,Q,5,23,0.003373712967458517
03186500,PET,Q,5,24,0.003435289631934832
03186500,PET,Q,5,25,0.003998566048096175
03186500,PET,Q,5,26,0.0034008423705762375
03186500,PET,Q,5,27,0.004249686401610192
03186500,PET,Q,5,28,0.0037991786987272846
03186500,PET,Q,5,29,0.0036035434529476523
03186500,PET,Q,5,30,0.0032040559902881682
03187500,PET,Q,5,1,0.0026007503495328738
03187500,PET,Q,5,2,0.0018705749565443575
03187500,PET,Q,5,3,0.001923665898884916
03187500,PET,Q,5,4,0.0024560378843321296
03187500,PET,Q,5,5,0.0015500049444235608
03187500,PET,Q,5,6,0.0018363283392962282
03187500,PET,Q,5,7,0.0027096859279347046
03187500,PET,Q,5,8,0.0021940752649679124
03187500,PET,Q,5,9,0.0023614936362188754
03187500,PET,Q,5,10,0.0021437868536828275
03187500,PET,Q,5,11,0.0022337846896238606
03187500,PET,Q,5,12,0.002463947165072755
03187500,PET,Q,5,13,0.001962851046189845
03187500,PET,Q,5,14,0.002318660206087869
03187500,PET,Q,5,15,0.0019819314274982652
03187500,PET,Q,5,16,0.002470412824256224
03187500,PET,Q,5,17,0.0023785197553343462
03187500,PET,Q,5,18,0.0023536442947929836
03187500,PET,Q,5,19,0.002873306458366226
03187500,PET,Q,5,20,0.0026490169458841806
03187500,PET,Q,5,21,0.0027593242781576016
03187500,PET,Q,5,22,0.002077971742128412
03187500,PET,Q,5,23,0.0028226241791965007
03187500,PET,Q,5,24,0.0029285800030997983
03187500,PET,Q,5,25,0.002945646157878526
03187500,PET,Q,5,26,0.0028298851688613597
03187500,PET,Q,5,27,0.002580044093946743
03187500,PET,Q,5,28,0.0028305045395679573
03187500,PET,Q,5,29,0.0028935925267412343
03187500,PET,Q,5,30,0.0029527683536230004
03213700,PET,Q,5,1,0.003200033656627979
03213700,PET,Q,5,2,0.002030870232464968
03213700,PET,Q,5,3,0.0025778248911528384
03213700,PET,Q,5,4,0.0024814631343736127
03213700,PET,Q,5,5,0.0021790602772540496
03213700,PET,Q,5,6,0.0024880910138015966
03213700,PET,Q,5,7,0.002975602773386196
03213700,PET,Q,5,8,0.0023857545653083595
03213700,PET,Q,5,9,0.0026059139812554533
03213700,PET,Q,5,10,0.002405496632295695
03213700,PET,Q,5,11,0.0023941229819416654
03213700,PET,Q,5,12,0.0027911610014576677
03213700,PET,Q,5,13,0.0022084891671435986
03213700,PET,Q,5,14,0.0029500038066668927
03213700,PET,Q,5,15,0.0025750665607281037
03213700,PET,Q,5,16,0.002378296155314513
03213700,PET,Q,5,17,0.0024459013499357057
03213700,PET,Q,5,18,0.00273359666911549
03213700,PET,Q,5,19,0.00252341943323188
03213700,PET,Q,5,20,0.0022657316758823987
03213700,PET,Q,5,21,0.002776766457984331
03213700,PET,Q,5,22,0.0027870089711181795
03213700,PET,Q,5,23,0.0023658269773777357
03213700,PET,Q,5,24,0.0027051677720669465
03213700,PET,Q,5,25,0.0032376584935257663
03213700,PET,Q,5,26,0.0026739733850615205
03213700,PET,Q,5,27,0.0029395372907151246
03213700,PET,Q,5,28,0.0026433447891039547
03213700,PET,Q,5,29,0.0028055949430283167
03213700,PET,Q,5,30,0.0029938772455705837
03237280,PET,Q,5,1,0.002044302733161689
03237280,PET,Q,5,2,0.0019444654354681054
03237280,PET,Q,5,3,0.0019953465755229924
03237280,PET,Q,5,4,0.0021951474405498897
03237280,PET,Q,5,5,0.002112690116004838
03237280,PET,Q,5,6,0.0021319414160523645
03237280,PET,Q,5,7,0.0021698072725307785
03237280,PET,Q,5,8,0.0017504477387917453
03237280,PET,Q,5,9,0.00177998019128945
03237280,PET,Q,5,10,0.0016693712532096644
03237280,PET,Q,5,11,0.0018984068090899253
03237280,PET,Q,5,12,0.001714987579804296
03237280,PET,Q,5,13,0.002532163123422332
03237280,PET,Q,5,14,0.001708776080901031
03237280,PET,Q,5,15,0.0020646711561278785
03237280,PET,Q,5,16,0.0019033169818281626
03237280,PET,Q,5,17,0.0021448077866369417
03237280,PET,Q,5,18,0.0020953694683477214
03237280,PET,Q,5,19,0.0018369757472641648
03237280,PET,Q,5,20,0.0013794211174144935
03237280,PET,Q,5,21,0.0017456105839362898
03237280,PET,Q,5,22,0.0019703313995218866
03237280,PET,Q,5,23,0.0017379847706767357
03237280,PET,Q,5,24,0.0016499224314166158
03237280,PET,Q,5,25,0.00232477729547987
03237280,PET,Q,5,26,0.0021524534288305114
03237280,PET,Q,5,27,0.0018517425369335982
03237280,PET,Q,5,28,0.002043854678479999
03237280,PET,Q,5,29,0.002545744782207933
03237280,PET,Q,5,30,0.002110770049771671
03237500,PET,Q,5,1,0.0006280361142098206
03237500,PET,Q,5,2,0.0008586341511448992
03237500,PET,Q,5,3,0.0011417739344255773
03237500,PET,Q,5,4,0.00078873694109877
03237500,PET,Q,5,5,0.0005645201731367955
03237500,PET,Q,5,6,0.0006808107297159791
03237500,PET,Q,5,7,0.0005353690024462142
03237500,PET,Q,5,8,0.0006811665338402606
03237500,PET,Q,5,9,0.000595260890263391
03237500,PET,Q,5,10,0.0008834219228258458
03237500,PET,Q,5,11,0.0007750599267229916
03237500,PET,Q,5,12,0.0007706729299491281
03237500,PET,Q,5,13,0.0008027235145423306
03237500,PET,Q,5,14,0.0006781216303669534
03237500,PET,Q,5,15,0.0008957291453110597
03237500,PET,Q,5,16,0.0006525277278474802
03237500,PET,Q,5,17,0.0006100178058843254
03237500,PET,Q,5,18,0.0009368052783348922
03237500,PET,Q,5,19,0.0007786599799844626
03237500,PET,Q,5,20,0.0007217391914142827
03237500,PET,Q,5,21,0.0006788586906207039
03237500,PET,Q,5,22,0.0006535570424199
03237500,PET,Q,5,23,0.000754226712948048
03237500,PET,Q,5,24,0.0003888529534215833
03237500,PET,Q,5,25,0.0007275588907733783
03237500,PET,Q,5,26,0.0008478735908856068
03237500,PET,Q,5,27,0.0008500466520649196
03237500,PET,Q,5,28,0.0008056915426980747
03237500,PET,Q,5,29,0.0010146783887556542
03237500,PET,Q,5,30,0.000856526867150556
03238500,PET,Q,5,1,0.002199558485777145
03238500,PET,Q,5,2,0.0029042023684884705
03238500,PET,Q,5,3,0.0033322633633198345
03238500,PET,Q,5,4,0.002720494816721597
03238500,PET,Q,5,5,0.0027037261808233737
03238500,PET,Q,5,6,0.0028563352489448524
03238500,PET,Q,5,7,0.0024209353954507407
03238500,PET,Q,5,8,0.002537485066112566
03238500,PET,Q,5,9,0.002487952350421291
03238500,PET,Q,5,10,0.0030817387077190506
03238500,PET,Q,5,11,0.0026683128695421943
03238500,PET,Q,5,12,0.002202467214700382
03238500,PET,Q,5,13,0.0033124543866629996
03238500,PET,Q,5,14,0.002696184105605931
03238500,PET,Q,5,15,0.0025382459874830204
03238500,PET,Q,5,16,0.002316888990508012
03238500,PET,Q,5,17,0.0027438451297653738
03238500,PET,Q,5,18,0.00288391923573747
03238500,PET,Q,5,19,0.003027232279604747
03238500,PET,Q,5,20,0.0026609244286439487
03238500,PET,Q,5,21,0.0027861046102028164
03238500,PET,Q,5,22,0.0036799546024879337
03238500,PET,Q,5,23,0.002764735850994113
03238500,PET,Q,5,24,0.003317917344255461
03238500,PET,Q,5,25,0.0031699371423973277
03238500,PET,Q,5,26,0.0036635751014405804
03238500,PET,Q,5,27,0.0035132371260680195
03238500,PET,Q,5,28,0.003000247439753023
03238500,PET,Q,5,29,0.0034333317029676125
03238500,PET,Q,5,30,0.003538755765805743
03241500,PET,Q,5,1,0.0024485189802397195
03241500,PET,Q,5,2,0.0023173419209275015
03241500,PET,Q,5,3,0.0024925240072947857
03241500,PET,Q,5,4,0.0027181094454704624
03241500,PET,Q,5,5,0.0025275801032108025
03241500,PET,Q,5,6,0.0026046581670621377
03241500,PET,Q,5,7,0.002495199681584487
03241500,PET,Q,5,8,0.002465382476631403
03241500,PET,Q,5,9,0.0025370696383773955
03241500,PET,Q,5,10,0.002635904599210648
03241500,PET,Q,5,11,0.0024732382940140657
03241500,PET,Q,5,12,0.0028060907374579114
03241500,PET,Q,5,13,0.0028264964036056467
03241500,PET,Q,5,14,0.002068268967859138
03241500,PET,Q,5,15,0.0022002375676099667
03241500,PET,Q,5,16,0.002637682183624576
03241500,PET,Q,5,17,0.0027408619162251485
03241500,PET,Q,5,18,0.003138108649928556
03241500,PET,Q,5,19,0.002219933117817763
03241500,PET,Q,5,20,0.002208210470605654
03241500,PET,Q,5,21,0.002369709734078171
03241500,PET,Q,5,22,0.002363686752701835
03241500,PET,Q,5,23,0.0025207757668974096
03241500,PET,Q,5,24,0.0027521372464544003
03241500,PET,Q,5,25,0.0025729352351813867
03241500,PET,Q,5,26,0.002741399710496792
03241500,PET,Q,5,27,0.003073623161859121
03241500,PET,Q,5,28,0.0031079461467004438
03241500,PET,Q,5,29,0.0027498625367707724
03241500,PET,Q,5,30,0.0028362278825037474
03280700,PET,Q,5,1,0.002273921128889446
03280700,PET,Q,5,2,0.0021931186872570715
03280700,PET,Q,5,3,0.0022658455710233144
03280700,PET,Q,5,4,0.0022587155419338326
03280700,PET,Q,5,5,0.0021876654999709033
03280700,PET,Q,5,6,0.0022768181269501447
03280700,PET,Q,5,7,0.002152481448259018
03280700,PET,Q,5,8,0.002563542708244833
03280700,PET,Q,5,9,0.0022154980826616585
03280700,PET,Q,5,10,0.002273130616703742
03280700,PET,Q,5,11,0.0019910477554079473
03280700,PET,Q,5,12,0.002674358657809933
03280700,PET,Q,5,13,0.0023865440856665615
03280700,PET,Q,5,14,0.002644488550245447
03280700,PET,Q,5,15,0.0027207005629638625
03280700,PET,Q,5,16,0.002209346021835895
03280700,PET,Q,5,17,0.0025061998535488017
03280700,PET,Q,5,18,0.0022423127148857025
03280700,PET,Q,5,19,0.0025394452898588674
03280700,PET,Q,5,20,0.0032517298966926386
03280700,PET,Q,5,21,0.002449032397666362
03280700,PET,Q,5,22,0.002703347319910225
03280700,PET,Q,5,23,0.002649534067090599
03280700,PET,Q,5,24,0.002294474655241442
03280700,PET,Q,5,25,0.0026364720565390035
03280700,PET,Q,5,26,0.0030740693677412875
03280700,PET,Q,5,27,0.003001494957730347
03280700,PET,Q,5,28,0.002908158272294313
03280700,PET,Q,5,29,0.002723776629194201
03280700,PET,Q,5,30,0.0026627402778652207
03281100,PET,Q,5,1,0.0026494511640105453
03281100,PET,Q,5,2,0.0018372841951072513
03281100,PET,Q,5,3,0.001942209498716027
03281100,PET,Q,5,4,0.0018911620986901759
03281100,PET,Q,5,5,0.0018765776273937523
03281100,PET,Q,5,6,0.0017629228309851766
03281100,PET,Q,5,7,0.0019775296250395327
03281100,PET,Q,5,8,0.00215670265867611
03281100,PET,Q,5,9,0.0023675084995205195
03281100,PET,Q,5,10,0.0018887450305138595
03281100,PET,Q,5,11,0.0018171303058933871
03281100,PET,Q,5,12,0.002058658123810758
03281100,PET,Q,5,13,0.0020334520402006118
03281100,PET,Q,5,14,0.002310355042512452
03281100,PET,Q,5,15,0.002256923087954235
03281100,PET,Q,5,16,0.0024030472259605404
03281100,PET,Q,5,17,0.0021473057292103748
03281100,PET,Q,5,18,0.0024646668700417443
03281100,PET,Q,5,19,0.0027519497607380178
03281100,PET,Q,5,20,0.002311211003465534
03281100,PET,Q,5,21,0.002533405746660708
03281100,PET,Q,5,22,0.002386273086292613
03281100,PET,Q,5,23,0.002488123860467324
03281100,PET,Q,5,24,0.002448420765424633
03281100,PET,Q,5,25,0.002763070741594993
03281100,PET,Q,5,26,0.003077251882343396
03281100,PET,Q,5,27,0.002865001887905859
03281100,PET,Q,5,28,0.003375454469830605
03281100,PET,Q,5,29,0.0027583313957955866
03281100,PET,Q,5,30,0.0036644206341156296
03281500,PET,Q,5,1,0.0027812948013082595
03281500,PET,Q,5,2,0.0019505924394112306
03281500,PET,Q,5,3,0.0021972662351708167
03281500,PET,Q,5,4,0.0021865249735155967
03281500,PET,Q,5,5,0.0020323925078599564
03281500,PET,Q,5,6,0.0018874287346971053
03281500,PET,Q,5,7,0.0017058606582235486
03281500,PET,Q,5,8,0.0023121631770294665
03281500,PET,Q,5,9,0.0020230140526637103
03281500,PET,Q,5,10,0.002153343856121384
03281500,PET,Q,5,11,0.0020134167703736022
03281500,PET,Q,5,12,0.0022983277129030033
03281500,PET,Q,5,13,0.002158620400014688
03281500,PET,Q,5,14,0.0023871394677393715
03281500,PET,Q,5,15,0.0021782771526289157
03281500,PET,Q,5,16,0.0024874608727573494
03281500,PET,Q,5,17,0.002603348778424497
03281500,PET,Q,5,18,0.0029400706544784605
03281500,PET,Q,5,19,0.002403822654809526
03281500,PET,Q,5,20,0.002436230478483542
03281500,PET,Q,5,21,0.002345459345265824
03281500,PET,Q,5,22,0.002477079744545835
03281500,PET,Q,5,23,0.0026968561007583575
03281500,PET,Q,5,24,0.0025245475290981284
03281500,PET,Q,5,25,0.002880608298227824
03281500,PET,Q,5,26,0.0031194702690428844
03281500,PET,Q,5,27,0.00346933026739428
03281500,PET,Q,5,28,0.00315208926406553
03281500,PET,Q,5,29,0.003030565853154782
03281500,PET,Q,5,30,0.003152966394637538
03285000,PET,Q,5,1,0.0016026907427329276
03285000,PET,Q,5,2,0.0013675649212322727
03285000,PET,Q,5,3,0.0015090204720672393
03285000,PET,Q,5,4,0.0015301387568596933
03285000,PET,Q,5,5,0.001460975428175755
03285000,PET,Q,5,6,0.001846955188455006
03285000,PET,Q,5,7,0.0014458693113718127
03285000,PET,Q,5,8,0.0013419458791584446
03285000,PET,Q,5,9,0.0018516941179534466
03285000,PET,Q,5,10,0.0014060015728201217
03285000,PET,Q,5,11,0.0013623412286758244
03285000,PET,Q,5,12,0.0017021827230794748
03285000,PET,Q,5,13,0.0013241189673139087
03285000,PET,Q,5,14,0.0016779486517264422
03285000,PET,Q,5,15,0.0012971327405944394
03285000,PET,Q,5,16,0.0017550686763937173
03285000,PET,Q,5,17,0.001605789710104312
03285000,PET,Q,5,18,0.0016984034258367697
03285000,PET,Q,5,19,0.0014712347476647444
03285000,PET,Q,5,20,0.001391037047419566
03285000,PET,Q,5,21,0.0016984225167844466
03285000,PET,Q,5,22,0.0017224461499881563
03285000,PET,Q,5,23,0.0018661908437335242
03285000,PET,Q,5,24,0.0014571334609185735
03285000,PET,Q,5,25,0.001591925292936544
03285000,PET,Q,5,26,0.0016907772189743847
03285000,PET,Q,5,27,0.0017797299172520459
03285000,PET,Q,5,28,0.00161488460578528
03285000,PET,Q,5,29,0.001701407365169716
03285000,PET,Q,5,30,0.0013741881480013735
03291780,PET,Q,5,1,0.0029835675485743313
03291780,PET,Q,5,2,0.0021118662132837696
03291780,PET,Q,5,3,0.002159194261120184
03291780,PET,Q,5,4,0.003173347790691519
03291780,PET,Q,5,5,0.0024795988233308475
03291780,PET,Q,5,6,0.002554024693127835
03291780,PET,Q,5,7,0.00201629922564224
03291780,PET,Q,5,8,0.002172730770971465
03291780,PET,Q,5,9,0.002262904669852836
03291780,PET,Q,5,10,0.002334090235413283
03291780,PET,Q,5,11,0.0026776161430634576
03291780,PET,Q,5,12,0.0022730790188224548
03291780,PET,Q,5,13,0.0027962973723258677
03291780,PET,Q,5,14,0.002444882094376044
03291780,PET,Q,5,15,0.0028663489618791504
03291780,PET,Q,5,16,0.0026308963247889255
03291780,PET,Q,5,17,0.002320100915705392
03291780,PET,Q,5,18,0.002371503710692585
03291780,PET,Q,5,19,0.0026892956172259314
03291780,PET,Q,5,20,0.0019334051318280754
03291780,PET,Q,5,21,0.0020543050630630055
03291780,PET,Q,5,22,0.002117621701184222
03291780,PET,Q,5,23,0.0022095207679381085
03291780,PET,Q,5,24,0.002302081171387485
03291780,PET,Q,5,25,0.002363369434939408
03291780,PET,Q,5,26,0.0023895361927567943
03291780,PET,Q,5,27,0.002822579151789878
03291780,PET,Q,5,28,0.002781813388985338
03291780,PET,Q,5,29,0.0028274983556846878
03291780,PET,Q,5,30,0.0032514138787182317
03300400,PET,Q,5,1,0.0024385489937796406
03300400,PET,Q,5,2,0.00208816892572989
03300400,PET,Q,5,3,0.002297078323106959
03300400,PET,Q,5,4,0.0022665871262404214
03300400,PET,Q,5,5,0.0018680105124606675
03300400,PET,Q,5,6,0.0022572327879087084
03300400,PET,Q,5,7,0.002140941671825776
03300400,PET,Q,5,8,0.002210532684574683
03300400,PET,Q,5,9,0.0017791384084809916
03300400,PET,Q,5,10,0.002393414112799558
03300400,PET,Q,5,11,0.0026585117829955596
03300400,PET,Q,5,12,0.0023901424636375984
03300400,PET,Q,5,13,0.0024722445528416737
03300400,PET,Q,5,14,0.003226044818034013
03300400,PET,Q,5,15,0.0029162721304816924
03300400,PET,Q,5,16,0.0024887406139355653
03300400,PET,Q,5,17,0.002126923825430102
03300400,PET,Q,5,18,0.0022139806949732083
03300400,PET,Q,5,19,0.0020364493157922214
03300400,PET,Q,5,20,0.002759228976595099
03300400,PET,Q,5,21,0.0025411002798047255
03300400,PET,Q,5,22,0.0026960470886102234
03300400,PET,Q,5,23,0.0020452882344922374
03300400,PET,Q,5,24,0.00295925042252089
03300400,PET,Q,5,25,0.002918294092679144
03300400,PET,Q,5,26,0.0029496068862657487
03300400,PET,Q,5,27,0.0027242445092166417
03300400,PET,Q,5,28,0.0025964620891649887
03300400,PET,Q,5,29,0.002353141968244807
03300400,PET,Q,5,30,0.0022545838297119702
03338780,PET,Q,5,1,0.002805367396716496
03338780,PET,Q,5,2,0.0026995131103788594
03338780,PET,Q,5,3,0.0021616344908795687
03338780,PET,Q,5,4,0.002735801465423293
03338780,PET,Q,5,5,0.003394637399594169
03338780,PET,Q,5,6,0.0022021336825292087
03338780,PET,Q,5,7,0.002108958793766727
03338780,PET,Q,5,8,0.0026434244734935136
03338780,PET,Q,5,9,0.002682425909781086
03338780,PET,Q,5,10,0.0024053715017657157
03338780,PET,Q,5,11,0.0025722806799029635
03338780,PET,Q,5,12,0.002182220252802694
03338780,PET,Q,5,13,0.0025452310888946644
03338780,PET,Q,5,14,0.0023247516216943487
03338780,PET,Q,5,15,0.002517674964538766
03338780,PET,Q,5,16,0.0025814243569787926
03338780,PET,Q,5,17,0.002502573168169056
03338780,PET,Q,5,18,0.002191828945919641
03338780,PET,Q,5,19,0.002762449650719173
03338780,PET,Q,5,20,0.0026527583724338805
03338780,PET,Q,5,21,0.0020499007152464527
03338780,PET,Q,5,22,0.0022458975139405674
03338780,PET,Q,5,23,0.0024207956417913734
03338780,PET,Q,5,24,0.0018649244919907576
03338780,PET,Q,5,25,0.0024298448132554357
03338780,PET,Q,5,26,0.002211692081470054
03338780,PET,Q,5,27,0.0026260162050248115
03338780,PET,Q,5,28,0.00227344679632166
03338780,PET,Q,5,29,0.0029492780238760397
03338780,PET,Q,5,30,0.002190918334284378
03340800,PET,Q,5,1,0.0014201439612011
03340800,PET,Q,5,2,0.0011083751267457372
03340800,PET,Q,5,3,0.0008005725648255572
03340800,PET,Q,5,4,0.001249026331537794
03340800,PET,Q,5,5,0.0010092636746121993
03340800,PET,Q,5,6,0.001225699520279594
03340800,PET,Q,5,7,0.0014449750617130906
03340800,PET,Q,5,8,0.0012036539886171836
03340800,PET,Q,5,9,0.0016084221698030206
03340800,PET,Q,5,10,0.001414213159458489
03340800,PET,Q,5,11,0.0013296243914316906
03340800,PET,Q,5,12,0.0011050823640307295
03340800,PET,Q,5,13,0.0011777187506926273
03340800,PET,Q,5,14,0.001352855407569669
03340800,PET,Q,5,15,0.0012045693770769694
03340800,PET,Q,5,16,0.0009877909971297769
03340800,PET,Q,5,17,0.001602661187971248
03340800,PET,Q,5,18,0.0013341758601947487
03340800,PET,Q,5,19,0.0008409897896692539
03340800,PET,Q,5,20,0.0012709049718154786
03340800,PET,Q,5,21,0.001234681225564773
03340800,PET,Q,5,22,0.0010917098614364913
03340800,PET,Q,5,23,0.0011956578930024941
03340800,PET,Q,5,24,0.0010194273108326095
03340800,PET,Q,5,25,0.0006728261353670488
03340800,PET,Q,5,26,0.0011697583410445467
03340800,PET,Q,5,27,0.0010596976739494501
03340800,PET,Q,5,28,0.0008996952483610425
03340800,PET,Q,5,29,0.0015218651998550603
03340800,PET,Q,5,30,0.0010470794891092872
03346000,PET,Q,5,1,0.002175671659141447
03346000,PET,Q,5,2,0.0014338715297541604
03346000,PET,Q,5,3,0.0019987132342919045
03346000,PET,Q,5,4,0.0017990909455878265
03346000,PET,Q,5,5,0.0020496545698745067
03346000,PET,Q,5,6,0.0019096193803680855
03346000,PET,Q,5,7,0.0016525275538311762
03346000,PET,Q,5,8,0.0017001425605532444
03346000,PET,Q,5,9,0.0018373320771671586
03346000,PET,Q,5,10,0.002066655234715435
03346000,PET,Q,5,11,0.0022385417568386926
03346000,PET,Q,5,12,0.0017788801973137036
03346000,PET,Q,5,13,0.0018755517427436752
03346000,PET,Q,5,14,0.001896866831242891
03346000,PET,Q,5,15,0.0020111967389137703
03346000,PET,Q,5,16,0.001897512831719489
03346000,PET,Q,5,17,0.0015121568805091454
03346000,PET,Q,5,18,0.0020319527459292594
03346000,PET,Q,5,19,0.0018548258449219701
03346000,PET,Q,5,20,0.002164440186050505
03346000,PET,Q,5,21,0.0013848171156360459
03346000,PET,Q,5,22,0.001860527510728717
03346000,PET,Q,5,23,0.002002118097717283
03346000,PET,Q,5,24,0.0018562644072019421
03346000,PET,Q,5,25,0.0017312726142022922
03346000,PET,Q,5,26,0.0014959346042636018
03346000,PET,Q,5,27,0.002121986389882216
03346000,PET,Q,5,28,0.0018634175681880513
03346000,PET,Q,5,29,0.0016172142910074738
03346000,PET,Q,5,30,0.0020679677548610526
03357350,PET,Q,5,1,0.0016901760460297233
03357350,PET,Q,5,2,0.0016847123915960313
03357350,PET,Q,5,3,0.0016473395190463036
03357350,PET,Q,5,4,0.0016693426414470247
03357350,PET,Q,5,5,0.001979470802119132
03357350,PET,Q,5,6,0.0014370286190835621
03357350,PET,Q,5,7,0.0016820311636637497
03357350,PET,Q,5,8,0.0019546415776841436
03357350,PET,Q,5,9,0.0021909497490973165
03357350,PET,Q,5,10,0.0017569680209791744
03357350,PET,Q,5,11,0.0023975304533684905
03357350,PET,Q,5,12,0.0018052886258840897
03357350,PET,Q,5,13,0.001809495622267565
03357350,PET,Q,5,14,0.0016496178881189039
03357350,PET,Q,5,15,0.0018598875624433395
03357350,PET,Q,5,16,0.0015377382270281292
03357350,PET,Q,5,17,0.002037926780607338
03357350,PET,Q,5,18,0.001765011745545171
03357350,PET,Q,5,19,0.0019336901801902673
03357350,PET,Q,5,20,0.0018581693165760152
03357350,PET,Q,5,21,0.0020436720983971826
03357350,PET,Q,5,22,0.0022267197457838533
03357350,PET,Q,5,23,0.002062273614743683
03357350,PET,Q,5,24,0.002147388888464115
03357350,PET,Q,5,25,0.0018301671220086885
03357350,PET,Q,5,26,0.0018737544128748576
03357350,PET,Q,5,27,0.0021402689540226463
03357350,PET,Q,5,28,0.0023580239397508335
03357350,PET,Q,5,29,0.0016026085394663658
03357350,PET,Q,5,30,0.0021083812390136902
03364500,PET,Q,5,1,0.001375847416244011
03364500,PET,Q,5,2,0.0012140504503213578
03364500,PET,Q,5,3,0.001378487113904238
03364500,PET,Q,5,4,0.0011692344371191307
03364500,PET,Q,5,5,0.0016024367962833158
03364500,PET,Q,5,6,0.00137779412740191
03364500,PET,Q,5,7,0.00133182168611818
03364500,PET,Q,5,8,0.0011741816324069634
03364500,PET,Q,5,9,0.0013697819934677183
03364500,PET,Q,5,10,0.001514060536766032
03364500,PET,Q,5,11,0.0012548309995726245
03364500,PET,Q,5,12,0.0010844755243370197
03364500,PET,Q,5,13,0.0011214807499552518
03364500,PET,Q,5,14,0.0012790586455358396
03364500,PET,Q,5,15,0.0009199006585171449
03364500,PET,Q,5,16,0.0015962337338526963
03364500,PET,Q,5,17,0.0013662521777678266
03364500,PET,Q,5,18,0.0013661697306942833
03364500,PET,Q,5,19,0.00109302999117028
03364500,PET,Q,5,20,0.001023804800472719
03364500,PET,Q,5,21,0.0013299193859320976
03364500,PET,Q,5,22,0.0013000872522696758
03364500,PET,Q,5,23,0.0017565135397257792
03364500,PET,Q,5,24,0.0013715939318269324
03364500,PET,Q,5,25,0.001582492461460805
03364500,PET,Q,5,26,0.0014488958472181068
03364500,PET,Q,5,27,0.0017921858064168378
03364500,PET,Q,5,28,0.0016842191495530026
03364500,PET,Q,5,29,0.001111702388140054
03364500,PET,Q,5,30,0.0013234035356712998
03366500,PET,Q,5,1,0.001999483428140797
03366500,PET,Q,5,2,0.0020679234575274458
03366500,PET,Q,5,3,0.0015545215905774165
03366500,PET,Q,5,4,0.0020220855557948753
03366500,PET,Q,5,5,0.0019510320663147784
03366500,PET,Q,5,6,0.0022189650956447177
03366500,PET,Q,5,7,0.0021326843535685314
03366500,PET,Q,5,8,0.0018706690220345185
03366500,PET,Q,5,9,0.002030730770924888
03366500,PET,Q,5,10,0.0018245331116760813
03366500,PET,Q,5,11,0.001912396774863323
03366500,PET,Q,5,12,0.002004374143595257
03366500,PET,Q,5,13,0.0017199834168888165
03366500,PET,Q,5,14,0.001568081329711181
03366500,PET,Q,5,15,0.001800225974103592
03366500,PET,Q,5,16,0.001803057041810302
03366500,PET,Q,5,17,0.0021162153067755124
03366500,PET,Q,5,18,0.0018835000871541205
03366500,PET,Q,5,19,0.0016032016885168601
03366500,PET,Q,5,20,0.001610062180691027
03366500,PET,Q,5,21,0.0017519890612338676
03366500,PET,Q,5,22,0.001914069989919824
03366500,PET,Q,5,23,0.0021470975210647683
03366500,PET,Q,5,24,0.002194996335951188
03366500,PET,Q,5,25,0.002105165844958262
03366500,PET,Q,5,26,0.001725422793135506
03366500,PET,Q,5,27,0.001876484228157227
03366500,PET,Q,5,28,0.0018876787939122244
03366500,PET,Q,5,29,0.001981038384762372
03366500,PET,Q,5,30,0.00285516090291537
03368000,PET,Q,5,1,0.001929778215993161
03368000,PET,Q,5,2,0.001860974584311434
03368000,PET,Q,5,3,0.002154619223348281
03368000,PET,Q,5,4,0.0016801275954984457
03368000,PET,Q,5,5,0.0017262235695277017
03368000,PET,Q,5,6,0.0018285237747347194
03368000,PET,Q,5,7,0.0015218297133443859
03368000,PET,Q,5,8,0.0018473162052565079
03368000,PET,Q,5,9,0.002072970609919872
03368000,PET,Q,5,10,0.001901169835205177
03368000,PET,Q,5,11,0.0020656106665285223
03368000,PET,Q,5,12,0.002458248853081074
03368000,PET,Q,5,13,0.0020381353375383826
03368000,PET,Q,5,14,0.0018764430889842976
03368000,PET,Q,5,15,0.0018794945370048666
03368000,PET,Q,5,16,0.003101162048598158
03368000,PET,Q,5,17,0.0022380469615975312
03368000,PET,Q,5,18,0.0019286391208797882
03368000,PET,Q,5,19,0.0018643423664578412
03368000,PET,Q,5,20,0.001507862047893077
03368000,PET,Q,5,21,0.0017365423555251863
03368000,PET,Q,5,22,0.0022251071291601587
03368000,PET,Q,5,23,0.0024387920833349314
03368000,PET,Q,5,24,0.0021509043941532607
03368000,PET,Q,5,25,0.0020600122638221308
03368000,PET,Q,5,26,0.0025817143020242933
03368000,PET,Q,5,27,0.0026956163589904186
03368000,PET,Q,5,28,0.0023432787776887787
03368000,PET,Q,5,29,0.0024661627143886256
03368000,PET,Q,5,30,0.0027566393935030548
03384450,PET,Q,5,1,0.0017913595359752704
03384450,PET,Q,5,2,0.0015659967320025212
03384450,PET,Q,5,3,0.0017499595629478712
03384450,PET,Q,5,4,0.002020267533066812
03384450,PET,Q,5,5,0.002162566317096354
03384450,PET,Q,5,6,0.0016083955309358841
03384450,PET,Q,5,7,0.001658583420133572
03384450,PET,Q,5,8,0.0018183071900791242
03384450,PET,Q,5,9,0.001803124418461463
03384450,PET,Q,5,10,0.0016482307928584392
03384450,PET,Q,5,11,0.0016656592093625827
03384450,PET,Q,5,12,0.0014943740457278518
03384450,PET,Q,5,13,0.001730052881665875
03384450,PET,Q,5,14,0.0016090848965938792
03384450,PET,Q,5,15,0.0020544407451585853
03384450,PET,Q,5,16,0.002036989269169197
03384450,PET,Q,5,17,0.001631495315100255
03384450,PET,Q,5,18,0.002101414104746603
03384450,PET,Q,5,19,0.001838910278902782
03384450,PET,Q,5,20,0.0018294059287198919
03384450,PET,Q,5,21,0.001741159801904174
03384450,PET,Q,5,22,0.001723586282182818
03384450,PET,Q,5,23,0.002004348897377904
03384450,PET,Q,5,24,0.001730092544720646
03384450,PET,Q,5,25,0.0020128652907045255
03384450,PET,Q,5,26,0.0024416904619578503
03384450,PET,Q,5,27,0.0024339726117797375
03384450,PET,Q,5,28,0.0022080455197251575
03384450,PET,Q,5,29,0.0022718093161970057
03384450,PET,Q,5,30,0.0021888746148828464
03439000,PET,Q,5,1,0.0018751359908161513
03439000,PET,Q,5,2,0.002030311307404997
03439000,PET,Q,5,3,0.0017434778314577293
03439000,PET,Q,5,4,0.0020928673600784237
03439000,PET,Q,5,5,0.0021630529378718413
03439000,PET,Q,5,6,0.0022150998719186327
03439000,PET,Q,5,7,0.00271218867331028
03439000,PET,Q,5,8,0.002797815333468928
03439000,PET,Q,5,9,0.0024449404791245036
03439000,PET,Q,5,10,0.0019090009125623322
03439000,PET,Q,5,11,0.0019860600810568396
03439000,PET,Q,5,12,0.0021433301455372894
03439000,PET,Q,5,13,0.002313753509410557
03439000,PET,Q,5,14,0.0021774513005735005
03439000,PET,Q,5,15,0.002222071368794022
03439000,PET,Q,5,16,0.002367007519046893
03439000,PET,Q,5,17,0.002076467411651836
03439000,PET,Q,5,18,0.0025001011011304766
03439000,PET,Q,5,19,0.0023366649912109835
03439000,PET,Q,5,20,0.0029265238229008728
03439000,PET,Q,5,21,0.00223329466862833
03439000,PET,Q,5,22,0.002694991986793044
03439000,PET,Q,5,23,0.0024392808665183383
03439000,PET,Q,5,24,0.0026020785932853313
03439000,PET,Q,5,25,0.002182382182286377
03439000,PET,Q,5,26,0.002234793710135373
03439000,PET,Q,5,27,0.0019483749579048554
03439000,PET,Q,5,28,0.002478580707289735
03439000,PET,Q,5,29,0.0020413124878308625
03439000,PET,Q,5,30,0.0022849481176750383
03450000,PET,Q,5,1,0.0006191831701327088
03450000,PET,Q,5,2,0.0007812222818166653
03450000,PET,Q,5,3,0.0008766870153713094
03450000,PET,Q,5,4,0.0009384063749408762
03450000,PET,Q,5,5,0.0009276347400366675
03450000,PET,Q,5,6,0.0009770344576652337
03450000,PET,Q,5,7,0.0007943701996388462
03450000,PET,Q,5,8,0.0005868639290770479
03450000,PET,Q,5,9,0.0007246246585216332
03450000,PET,Q,5,10,0.0006348465987624403
03450000,PET,Q,5,11,0.0009908439990039646
03450000,PET,Q,5,12,0.0006907001281316986
03450000,PET,Q,5,13,0.0006872129680919811
03450000,PET,Q,5,14,0.0006853806745741285
03450000,PET,Q,5,15,0.0007598606093766613
03450000,PET,Q,5,16,0.0006399963226126348
03450000,PET,Q,5,17,0.0006689316583800148
03450000,PET,Q,5,18,0.0005441890098866788
03450000,PET,Q,5,19,0.0011927634929581425
03450000,PET,Q,5,20,0.0011227269160789428
03450000,PET,Q,5,21,0.0006664827694800694
03450000,PET,Q,5,22,0.000759683363886484
03450000,PET,Q,5,23,0.000543929293773459
03450000,PET,Q,5,24,0.0007635635049327884
03450000,PET,Q,5,25,0.0007955773144600574
03450000,PET,Q,5,26,0.0008698597885880704
03450000,PET,Q,5,27,0.0008137371973830389
03450000,PET,Q,5,28,0.0009163045132959576
03450000,PET,Q,5,29,0.0008566671538046515
03450000,PET,Q,5,30,0.0010565177782698477
03455500,PET,Q,5,1,0.0022214377071141517
03455500,PET,Q,5,2,0.0020513951284856086
03455500,PET,Q,5,3,0.0019813694411606603
03455500,PET,Q,5,4,0.0030770502203055217
03455500,PET,Q,5,5,0.0026175315036116448
03455500,PET,Q,5,6,0.0028953026024039624
03455500,PET,Q,5,7,0.0030691329475026202
03455500,PET,Q,5,8,0.0026875513664921663
03455500,PET,Q,5,9,0.0022759031638969196
03455500,PET,Q,5,10,0.0021538337808561375
03455500,PET,Q,5,11,0.002667441741779228
03455500,PET,Q,5,12,0.002914679347603699
03455500,PET,Q,5,13,0.002884452659281722
03455500,PET,Q,5,14,0.0033469900115279255
03455500,PET,Q,5,15,0.0025200824075726214
03455500,PET,Q,5,16,0.002641711336321073
03455500,PET,Q,5,17,0.0024222119993467517
03455500,PET,Q,5,18,0.0023941772953205848
03455500,PET,Q,5,19,0.002287872569590163
03455500,PET,Q,5,20,0.002406112551431569
03455500,PET,Q,5,21,0.0027058996705936617
03455500,PET,Q,5,22,0.0026904293796072704
03455500,PET,Q,5,23,0.002944046696795405
03455500,PET,Q,5,24,0.0025177835405705284
03455500,PET,Q,5,25,0.002332341788966269
03455500,PET,Q,5,26,0.0029390193830880346
03455500,PET,Q,5,27,0.0028089202522041667
03455500,PET,Q,5,28,0.0025779748490446647
03455500,PET,Q,5,29,0.002338743156917525
03455500,PET,Q,5,30,0.002489800431772868
03456500,PET,Q,5,1,0.0013473269920799419
03456500,PET,Q,5,2,0.001216386511534686
03456500,PET,Q,5,3,0.0011711236734438212
03456500,PET,Q,5,4,0.001091436119921206
03456500,PET,Q,5,5,0.00117681046443684
03456500,PET,Q,5,6,0.0013231878904160013
03456500,PET,Q,5,7,0.001460347152050085
03456500,PET,Q,5,8,0.001227807824199345
03456500,PET,Q,5,9,0.0013988055971946578
03456500,PET,Q,5,10,0.0014768985212448918
03456500,PET,Q,5,11,0.0012340465658589317
03456500,PET,Q,5,12,0.001139798836080154
03456500,PET,Q,5,13,0.0013710407225772762
03456500,PET,Q,5,14,0.0012774736342574776
03456500,PET,Q,5,15,0.0013687049698799768
03456500,PET,Q,5,16,0.0012512841942649289
03456500,PET,Q,5,17,0.0013676662399788979
03456500,PET,Q,5,18,0.0014616816240537768
03456500,PET,Q,5,19,0.001831997269064193
03456500,PET,Q,5,20,0.001366723892958048
03456500,PET,Q,5,21,0.0012312093359979903
03456500,PET,Q,5,22,0.0012546703534874123
03456500,PET,Q,5,23,0.0012928930692669913
03456500,PET,Q,5,24,0.0014596332938562016
03456500,PET,Q,5,25,0.0012904231941426626
03456500,PET,Q,5,26,0.0015386744461168972
03456500,PET,Q,5,27,0.0015425953514600702
03456500,PET,Q,5,28,0.0013759449554668762
03456500,PET,Q,5,29,0.0012826822020664055
03456500,PET,Q,5,30,0.0013977884788009091
03460000,PET,Q,5,1,0.0020996979600045457
03460000,PET,Q,5,2,0.002429216508343074
03460000,PET,Q,5,3,0.003333147730016861
03460000,PET,Q,5,4,0.002589461571026866
03460000,PET,Q,5,5,0.002508696763170018
03460000,PET,Q,5,6,0.003253810912498198
03460000,PET,Q,5,7,0.0033270044381464164
03460000,PET,Q,5,8,0.0027585857652961537
03460000,PET,Q,5,9,0.0032609781256659476
03460000,PET,Q,5,10,0.0026784592229047027
03460000,PET,Q,5,11,0.0025529736089915517
03460000,PET,Q,5,12,0.003227308298289655
03460000,PET,Q,5,13,0.003079511969194329
03460000,PET,Q,5,14,0.0032061595740526944
03460000,PET,Q,5,15,0.0032327075243046566
03460000,PET,Q,5,16,0.003354616836442767
03460000,PET,Q,5,17,0.003124335694709615
03460000,PET,Q,5,18,0.003315545250725818
03460000,PET,Q,5,19,0.0033055491913287355
03460000,PET,Q,5,20,0.003747282300919849
03460000,PET,Q,5,21,0.003527995699517658
03460000,PET,Q,5,22,0.0033741433420074463
03460000,PET,Q,5,23,0.0036056926110093757
03460000,PET,Q,5,24,0.0033435322721441507
03460000,PET,Q,5,25,0.0036005201294683487
03460000,PET,Q,5,26,0.003601388062990263
03460000,PET,Q,5,27,0.0034461064713280642
03460000,PET,Q,5,28,0.0030357420946099667
03460000,PET,Q,5,29,0.004040434036274826
03460000,PET,Q,5,30,0.0036118506103070824
03463300,PET,Q,5,1,0.0012255914803174783
03463300,PET,Q,5,2,0.0008941084507252013
03463300,PET,Q,5,3,0.0010400264353278045
03463300,PET,Q,5,4,0.0007452014822619847
03463300,PET,Q,5,5,0.0008528721107115035
03463300,PET,Q,5,6,0.0010440003796700417
03463300,PET,Q,5,7,0.0011921651325826448
03463300,PET,Q,5,8,0.0008856668113106751
03463300,PET,Q,5,9,0.0008257504745172867
03463300,PET,Q,5,10,0.000932806874597316
03463300,PET,Q,5,11,0.0008670567557478234
03463300,PET,Q,5,12,0.0008630120869362323
03463300,PET,Q,5,13,0.001032094366050989
03463300,PET,Q,5,14,0.0007083743612443759
03463300,PET,Q,5,15,0.00107906055749072
03463300,PET,Q,5,16,0.0008719873636234936
03463300,PET,Q,5,17,0.0009525681285266659
03463300,PET,Q,5,18,0.0011527669950500037
03463300,PET,Q,5,19,0.0008772914456906498
03463300,PET,Q,5,20,0.00129868502072783
03463300,PET,Q,5,21,0.001070833956592604
03463300,PET,Q,5,22,0.001248508830888933
03463300,PET,Q,5,23,0.0012311926764000704
03463300,PET,Q,5,24,0.0010521007879208608
03463300,PET,Q,5,25,0.0011961855264688015
03463300,PET,Q,5,26,0.0007059518836776968
03463300,PET,Q,5,27,0.0010316240686343153
03463300,PET,Q,5,28,0.0009627703905952939
03463300,PET,Q,5,29,0.0010342954376231644
03463300,PET,Q,5,30,0.001015156340933264
03471500,PET,Q,5,1,0.0015700822094821612
03471500,PET,Q,5,2,0.0011567834462900828
03471500,PET,Q,5,3,0.0013508379047484018
03471500,PET,Q,5,4,0.0011044984010728232
03471500,PET,Q,5,5,0.0008428544718592085
03471500,PET,Q,5,6,0.0014976825397769317
03471500,PET,Q,5,7,0.001696071615153158
03471500,PET,Q,5,8,0.0015637102168177819
03471500,PET,Q,5,9,0.001737018979844407
03471500,PET,Q,5,10,0.0016293195074500513
03471500,PET,Q,5,11,0.0013116261849224486
03471500,PET,Q,5,12,0.0012572138672607286
03471500,PET,Q,5,13,0.0011096377081230083
03471500,PET,Q,5,14,0.001478908202685654
03471500,PET,Q,5,15,0.0016158199466997925
03471500,PET,Q,5,16,0.0017559723509540867
03471500,PET,Q,5,17,0.0013989716446216466
03471500,PET,Q,5,18,0.0016088577284731134
03471500,PET,Q,5,19,0.0020989296429153592
03471500,PET,Q,5,20,0.0015838681674714555
03471500,PET,Q,5,21,0.0015102457138161315
03471500,PET,Q,5,22,0.0013859095081174624
03471500,PET,Q,5,23,0.0015566253087968898
03471500,PET,Q,5,24,0.0015887707250381092
03471500,PET,Q,5,25,0.0015689809993946272
03471500,PET,Q,5,26,0.0013434901829475349
03471500,PET,Q,5,27,0.0016440438008981859
03471500,PET,Q,5,28,0.001426721246148628
03471500,PET,Q,5,29,0.001359564366344941
03471500,PET,Q,5,30,0.0017848623920615411
03473000,PET,Q,5,1,0.00267030637028888
03473000,PET,Q,5,2,0.002158128881748614
03473000,PET,Q,5,3,0.0022802055733772697
03473000,PET,Q,5,4,0.0026215907835648172
03473000,PET,Q,5,5,0.001992069922134687
03473000,PET,Q,5,6,0.0025675328648595425
03473000,PET,Q,5,7,0.0023107266200662335
03473000,PET,Q,5,8,0.0025573295042466554
03473000,PET,Q,5,9,0.0024234223237236674
03473000,PET,Q,5,10,0.002441934744795579
03473000,PET,Q,5,11,0.0020369099963953308
03473000,PET,Q,5,12,0.002066634429099351
03473000,PET,Q,5,13,0.0019072742920347857
03473000,PET,Q,5,14,0.0029128169849649693
03473000,PET,Q,5,15,0.002437966902422886
03473000,PET,Q,5,16,0.0031747107787640366
03473000,PET,Q,5,17,0.002809690537643919
03473000,PET,Q,5,18,0.0025675896054836306
03473000,PET,Q,5,19,0.0027581543903759526
03473000,PET,Q,5,20,0.0030104073910485335
03473000,PET,Q,5,21,0.002380179974618507
03473000,PET,Q,5,22,0.002676140253344228
03473000,PET,Q,5,23,0.0024639138573548797
03473000,PET,Q,5,24,0.0027990357121568804
03473000,PET,Q,5,25,0.0023986191551795266
03473000,PET,Q,5,26,0.002777128149446473
03473000,PET,Q,5,27,0.0029488715601720256
03473000,PET,Q,5,28,0.002884328461856586
03473000,PET,Q,5,29,0.0026008779878775035
03473000,PET,Q,5,30,0.002939802519569476
03479000,PET,Q,5,1,0.001112413137999771
03479000,PET,Q,5,2,0.001393139623159765
03479000,PET,Q,5,3,0.0011599800956971149
03479000,PET,Q,5,4,0.001314664067403111
03479000,PET,Q,5,5,0.0012198682360225616
03479000,PET,Q,5,6,0.001324116293725773
03479000,PET,Q,5,7,0.0010157858922892962
03479000,PET,Q,5,8,0.0012317801105765046
03479000,PET,Q,5,9,0.0011915045768006623
03479000,PET,Q,5,10,0.0010942988534649832
03479000,PET,Q,5,11,0.0015284552020115756
03479000,PET,Q,5,12,0.0013033661347037657
03479000,PET,Q,5,13,0.0009894080096724718
03479000,PET,Q,5,14,0.0015032107767225834
03479000,PET,Q,5,15,0.001469642947078617
03479000,PET,Q,5,16,0.0016589394709050007
03479000,PET,Q,5,17,0.0010994947590019163
03479000,PET,Q,5,18,0.0015599763211208498
03479000,PET,Q,5,19,0.001683482202535093
03479000,PET,Q,5,20,0.0011619038026721186
03479000,PET,Q,5,21,0.0015161598604774423
03479000,PET,Q,5,22,0.0013020651741036983
03479000,PET,Q,5,23,0.0013230276076015846
03479000,PET,Q,5,24,0.001424824378583274
03479000,PET,Q,5,25,0.0015484444935679326
03479000,PET,Q,5,26,0.001446033219012946
03479000,PET,Q,5,27,0.0014617319452508645
03479000,PET,Q,5,28,0.0016062787779426227
03479000,PET,Q,5,29,0.0014531033903921464
03479000,PET,Q,5,30,0.001626295033492868
03488000,PET,Q,5,1,0.0013386109268556656
03488000,PET,Q,5,2,0.0010701647052433136
03488000,PET,Q,5,3,0.0011014357101344768
03488000,PET,Q,5,4,0.0012967579850077238
03488000,PET,Q,5,5,0.0012914448800751405
03488000,PET,Q,5,6,0.0017169102442252879
03488000,PET,Q,5,7,0.0018684734574034231
03488000,PET,Q,5,8,0.0018007602796460964
03488000,PET,Q,5,9,0.001361377470291851
03488000,PET,Q,5,10,0.0016537755391290015
03488000,PET,Q,5,11,0.0017711560470419288
03488000,PET,Q,5,12,0.0016982445854120953
03488000,PET,Q,5,13,0.0014349396628752786
03488000,PET,Q,5,14,0.001462027205018382
03488000,PET,Q,5,15,0.0017323276150896377
03488000,PET,Q,5,16,0.0018713102031807857
03488000,PET,Q,5,17,0.00182819373151593
03488000,PET,Q,5,18,0.0020977821476132474
03488000,PET,Q,5,19,0.001816111784935702
03488000,PET,Q,5,20,0.00209449979064473
03488000,PET,Q,5,21,0.0017337102932391338
03488000,PET,Q,5,22,0.0018310363055414058
03488000,PET,Q,5,23,0.0016868598870215107
03488000,PET,Q,5,24,0.0017710325087689632
03488000,PET,Q,5,25,0.0017401740657345816
03488000,PET,Q,5,26,0.0017426907185800963
03488000,PET,Q,5,27,0.001993039458210971
03488000,PET,Q,5,28,0.0020755037247746286
03488000,PET,Q,5,29,0.0019510011590772522
03488000,PET,Q,5,30,0.0017221565719951204
03498500,PET,Q,5,1,0.0019160440832782094
03498500,PET,Q,5,2,0.002135969250817632
03498500,PET,Q,5,3,0.002324863453993818
03498500,PET,Q,5,4,0.0020871810848506755
03498500,PET,Q,5,5,0.002069344212369373
03498500,PET,Q,5,6,0.002257477045693332
03498500,PET,Q,5,7,0.0023051304487652496
03498500,PET,Q,5,8,0.0024310120071756314
03498500,PET,Q,5,9,0.0023811984204546513
03498500,PET,Q,5,10,0.002088330616125497
03498500,PET,Q,5,11,0.002016837602800428
03498500,PET,Q,5,12,0.0021941774619689824
03498500,PET,Q,5,13,0.002179980029122369
03498500,PET,Q,5,14,0.0024374778850320827
03498500,PET,Q,5,15,0.002305798914904539
03498500,PET,Q,5,16,0.0024632609452249696
03498500,PET,Q,5,17,0.0023075288185925025
03498500,PET,Q,5,18,0.002365662937263188
03498500,PET,Q,5,19,0.0021852447694812177
03498500,PET,Q,5,20,0.00255029928847518
03498500,PET,Q,5,21,0.002308555092340396
03498500,PET,Q,5,22,0.0022039565671442968
03498500,PET,Q,5,23,0.002235068733596232
03498500,PET,Q,5,24,0.002125470538712107
03498500,PET,Q,5,25,0.0023827170820776983
03498500,PET,Q,5,26,0.0023888181722549473
03498500,PET,Q,5,27,0.0023981394498645767
03498500,PET,Q,5,28,0.0021010620435508026
03498500,PET,Q,5,29,0.0022944023066947886
03498500,PET,Q,5,30,0.002200650314949662
03500000,PET,Q,5,1,0.0027749470483875507
03500000,PET,Q,5,2,0.0016065385460430417
03500000,PET,Q,5,3,0.0016263742792761299
03500000,PET,Q,5,4,0.0015851346196550861
03500000,PET,Q,5,5,0.001514935491666515
03500000,PET,Q,5,6,0.0016090425692665833
03500000,PET,Q,5,7,0.001589597041017042
03500000,PET,Q,5,8,0.0013321270608923838
03500000,PET,Q,5,9,0.0011373477676012642
03500000,PET,Q,5,10,0.001840900734131845
03500000,PET,Q,5,11,0.001637583618445182
03500000,PET,Q,5,12,0.0014014121251052086
03500000,PET,Q,5,13,0.0018277312860784933
03500000,PET,Q,5,14,0.0020851581949701964
03500000,PET,Q,5,15,0.001829689174200004
03500000,PET,Q,5,16,0.001512582944792118
03500000,PET,Q,5,17,0.001679686233204171
03500000,PET,Q,5,18,0.0018817163240430687
03500000,PET,Q,5,19,0.0015823888350407905
03500000,PET,Q,5,20,0.0017253619191530123
03500000,PET,Q,5,21,0.0020254623820527007
03500000,PET,Q,5,22,0.0017204415025918532
03500000,PET,Q,5,23,0.0017363378923775999
03500000,PET,Q,5,24,0.0015753898366022076
03500000,PET,Q,5,25,0.001715241487395408
03500000,PET,Q,5,26,0.0021242001333152197
03500000,PET,Q,5,27,0.0019415656717089932
03500000,PET,Q,5,28,0.001982825392887036
03500000,PET,Q,5,29,0.0017134835516566319
03500000,PET,Q,5,30,0.001871468580099997
03500240,PET,Q,5,1,0.0018282360478770118
03500240,PET,Q,5,2,0.0016427299849785804
03500240,PET,Q,5,3,0.0028340833149851086
03500240,PET,Q,5,4,0.0021592841490008854
03500240,PET,Q,5,5,0.0021424202004407117
03500240,PET,Q,5,6,0.0020720745415427344
03500240,PET,Q,5,7,0.002046190124143095
03500240,PET,Q,5,8,0.0017784582851631467
03500240,PET,Q,5,9,0.0018939929055372326
03500240,PET,Q,5,10,0.0022161140721245545
03500240,PET,Q,5,11,0.002492547450392464
03500240,PET,Q,5,12,0.0018506413077787748
03500240,PET,Q,5,13,0.0024835974324196597
03500240,PET,Q,5,14,0.0022032131773594144
03500240,PET,Q,5,15,0.002066565860349333
03500240,PET,Q,5,16,0.00233106723738543
03500240,PET,Q,5,17,0.002029189313900538
03500240,PET,Q,5,18,0.002176436052720415
03500240,PET,Q,5,19,0.0019532157072311984
03500240,PET,Q,5,20,0.0019014285566532202
03500240,PET,Q,5,21,0.001837142442918424
03500240,PET,Q,5,22,0.0022914242634244145
03500240,PET,Q,5,23,0.0020502095270060264
03500240,PET,Q,5,24,0.001971984563133619
03500240,PET,Q,5,25,0.002406834611026483
03500240,PET,Q,5,26,0.002001495560538878
03500240,PET,Q,5,27,0.002223391558595751
03500240,PET,Q,5,28,0.0023425441212173853
03500240,PET,Q,5,29,0.0019019159099003258
03500240,PET,Q,5,30,0.0024059932016278207
03504000,PET,Q,5,1,0.0023039805422184756
03504000,PET,Q,5,2,0.001865677776180033
03504000,PET,Q,5,3,0.0022603332223398304
03504000,PET,Q,5,4,0.0022706512648551086
03504000,PET,Q,5,5,0.0018162794409140454
03504000,PET,Q,5,6,0.001943065927019691
03504000,PET,Q,5,7,0.0019707585857155346
03504000,PET,Q,5,8,0.001976860325607288
03504000,PET,Q,5,9,0.0013372112243998646
03504000,PET,Q,5,10,0.0019252091772331975
03504000,PET,Q,5,11,0.0020687852091565845
03504000,PET,Q,5,12,0.0019486585625461406
03504000,PET,Q,5,13,0.0019755978222199544
03504000,PET,Q,5,14,0.002002157360573825
03504000,PET,Q,5,15,0.0021283322983489256
03504000,PET,Q,5,16,0.0020857463193840187
03504000,PET,Q,5,17,0.001737207091535617
03504000,PET,Q,5,18,0.001853337172532929
03504000,PET,Q,5,19,0.001731347063012978
03504000,PET,Q,5,20,0.002371280157679137
03504000,PET,Q,5,21,0.0017797134612810434
03504000,PET,Q,5,22,0.0016981874201348612
03504000,PET,Q,5,23,0.002041881149411867
03504000,PET,Q,5,24,0.002228804804931858
03504000,PET,Q,5,25,0.001880608640672507
03504000,PET,Q,5,26,0.0018814750789116347
03504000,PET,Q,5,27,0.0017437476139259556
03504000,PET,Q,5,28,0.0016783233546185106
03504000,PET,Q,5,29,0.0018932387331889455
03504000,PET,Q,5,30,0.0019399131041234335
03574500,PET,Q,5,1,0.0014917551763412654
03574500,PET,Q,5,2,0.0010323981529668444
03574500,PET,Q,5,3,0.0010364864634818463
03574500,PET,Q,5,4,0.0011807874218708672
03574500,PET,Q,5,5,0.0007899123604660913
03574500,PET,Q,5,6,0.0009580014708782079
03574500,PET,Q,5,7,0.0011977350679664642
03574500,PET,Q,5,8,0.0009209205748702161
03574500,PET,Q,5,9,0.0008020537078863681
03574500,PET,Q,5,10,0.0010299357970803245
03574500,PET,Q,5,11,0.0010675638696688687
03574500,PET,Q,5,12,0.0012576213426438408
03574500,PET,Q,5,13,0.0010540688698261955
03574500,PET,Q,5,14,0.0012839121096634258
03574500,PET,Q,5,15,0.0010943454331834336
03574500,PET,Q,5,16,0.001232488583212104
03574500,PET,Q,5,17,0.001303566871290747
03574500,PET,Q,5,18,0.0010378772537223933
03574500,PET,Q,5,19,0.0015203372683538358
03574500,PET,Q,5,20,0.0011436080734939097
03574500,PET,Q,5,21,0.0011222953744270021
03574500,PET,Q,5,22,0.000977378025667823
03574500,PET,Q,5,23,0.0010684209076540913
03574500,PET,Q,5,24,0.0013996781252265805
03574500,PET,Q,5,25,0.0015664840262305177
03574500,PET,Q,5,26,0.0016988348720398116
03574500,PET,Q,5,27,0.0018021520470583134
03574500,PET,Q,5,28,0.0015971442061310896
03574500,PET,Q,5,29,0.0016605356893836763
03574500,PET,Q,5,30,0.0013573800974407066
03592718,PET,Q,5,1,0.0007444300068324729
03592718,PET,Q,5,2,0.0007870124315538136
03592718,PET,Q,5,3,0.0007272660932074737
03592718,PET,Q,5,4,0.000982850301660565
03592718,PET,Q,5,5,0.0007885122957029603
03592718,PET,Q,5,6,0.0007436269391101827
03592718,PET,Q,5,7,0.0008490439800257939
03592718,PET,Q,5,8,0.0007128115672457233
03592718,PET,Q,5,9,0.0007661057084648176
03592718,PET,Q,5,10,0.0007382081179890393
03592718,PET,Q,5,11,0.0007385480341312103
03592718,PET,Q,5,12,0.0007887447887886777
03592718,PET,Q,5,13,0.0007687792713634116
03592718,PET,Q,5,14,0.0007320757674468964
03592718,PET,Q,5,15,0.0006025326995943367
03592718,PET,Q,5,16,0.0007050229643122755
03592718,PET,Q,5,17,0.0006164403457108308
03592718,PET,Q,5,18,0.0007156554024097678
03592718,PET,Q,5,19,0.0007457347063114725
03592718,PET,Q,5,20,0.0008120625724141357
03592718,PET,Q,5,21,0.0008377347707748499
03592718,PET,Q,5,22,0.0007306897507810099
03592718,PET,Q,5,23,0.000614956733814908
03592718,PET,Q,5,24,0.0010471275340234037
03592718,PET,Q,5,25,0.001302233801420763
03592718,PET,Q,5,26,0.0007477781792590288
03592718,PET,Q,5,27,0.0011133084722734672
03592718,PET,Q,5,28,0.0008864603414315275
03592718,PET,Q,5,29,0.0009254701762485447
03592718,PET,Q,5,30,0.0009310753345715336
03604000,PET,Q,5,1,0.0009506756209829628
03604000,PET,Q,5,2,0.0009636440298296054
03604000,PET,Q,5,3,0.0009295222518289886
03604000,PET,Q,5,4,0.0008316583775922395
03604000,PET,Q,5,5,0.0010330589482977943
03604000,PET,Q,5,6,0.0008491595844881822
03604000,PET,Q,5,7,0.00103343150108629
03604000,PET,Q,5,8,0.0008118824087265629
03604000,PET,Q,5,9,0.0007336611883527258
03604000,PET,Q,5,10,0.001045604284858323
03604000,PET,Q,5,11,0.0010963762105172439
03604000,PET,Q,5,12,0.0012344934710312623
03604000,PET,Q,5,13,0.0009696906777003494
03604000,PET,Q,5,14,0.001051231628737305
03604000,PET,Q,5,15,0.0010342538206702424
03604000,PET,Q,5,16,0.0010301255923385044
03604000,PET,Q,5,17,0.0009152328340959158
03604000,PET,Q,5,18,0.001044798854907632
03604000,PET,Q,5,19,0.00138645474351589
03604000,PET,Q,5,20,0.0009960276432573502
03604000,PET,Q,5,21,0.0009202495606363166
03604000,PET,Q,5,22,0.0009203796728636353
03604000,PET,Q,5,23,0.0009206837641284361
03604000,PET,Q,5,24,0.0009166097714732539
03604000,PET,Q,5,25,0.001403888168177634
03604000,PET,Q,5,26,0.0013735777396624849
03604000,PET,Q,5,27,0.001283926907560122
03604000,PET,Q,5,28,0.001062605294713791
03604000,PET,Q,5,29,0.0011665999352759773
03604000,PET,Q,5,30,0.001209515072919812
04015330,PET,Q,5,1,0.0006860154834181119
04015330,PET,Q,5,2,0.0004867331071894722
04015330,PET,Q,5,3,0.0005593504446227224
04015330,PET,Q,5,4,0.0005887495508349692
04015330,PET,Q,5,5,0.000553235105380195
04015330,PET,Q,5,6,0.0006457973406668004
04015330,PET,Q,5,7,0.0004449944517086529
04015330,PET,Q,5,8,0.0006835387901994675
04015330,PET,Q,5,9,0.0006134901762749135
04015330,PET,Q,5,10,0.0008555458495879704
04015330,PET,Q,5,11,0.0007348244989824199
04015330,PET,Q,5,12,0.0006230544826410431
04015330,PET,Q,5,13,0.0007758723729337745
04015330,PET,Q,5,14,0.0004931529923172511
04015330,PET,Q,5,15,0.00044503555833323976
04015330,PET,Q,5,16,0.0005274046764249425
04015330,PET,Q,5,17,0.0006894710690028474
04015330,PET,Q,5,18,0.0005757153292202978
04015330,PET,Q,5,19,0.0007632050051759962
04015330,PET,Q,5,20,0.0005914906867478097
04015330,PET,Q,5,21,0.0005274906548927332
04015330,PET,Q,5,22,0.0007412583919878223
04015330,PET,Q,5,23,0.0003776442511565486
04015330,PET,Q,5,24,0.0004918697768355913
04015330,PET,Q,5,25,0.0005694394728439191
04015330,PET,Q,5,26,0.0005723764983459846
04015330,PET,Q,5,27,0.0005723902404561687
04015330,PET,Q,5,28,0.0004030391955768507
04015330,PET,Q,5,29,0.0004857672651596926
04015330,PET,Q,5,30,0.0005266710539459374
04024430,PET,Q,5,1,0.0025293710397596703
04024430,PET,Q,5,2,0.0024888480801656954
04024430,PET,Q,5,3,0.002565598500039644
04024430,PET,Q,5,4,0.0021691932264503375
04024430,PET,Q,5,5,0.00283890230347323
04024430,PET,Q,5,6,0.0029824286949064263
04024430,PET,Q,5,7,0.0027386727227639088
04024430,PET,Q,5,8,0.0023929830199749536
04024430,PET,Q,5,9,0.002502469821167752
04024430,PET,Q,5,10,0.0024419241639376463
04024430,PET,Q,5,11,0.0029180112321011975
04024430,PET,Q,5,12,0.0025257560057682857
04024430,PET,Q,5,13,0.002557788269164328
04024430,PET,Q,5,14,0.002575853998865396
04024430,PET,Q,5,15,0.003296446617394991
04024430,PET,Q,5,16,0.003060558244724447
04024430,PET,Q,5,17,0.0032340693448888527
04024430,PET,Q,5,18,0.0028998397977779214
04024430,PET,Q,5,19,0.002682336609185959
04024430,PET,Q,5,20,0.0027514643261615165
04024430,PET,Q,5,21,0.0030917063502656425
04024430,PET,Q,5,22,0.002700547139487787
04024430,PET,Q,5,23,0.001972574558544951
04024430,PET,Q,5,24,0.00240883655216588
04024430,PET,Q,5,25,0.0021076505995989148
04024430,PET,Q,5,26,0.002234104965403355
04024430,PET,Q,5,27,0.0022155846130976
04024430,PET,Q,5,28,0.0021616614392111627
04024430,PET,Q,5,29,0.0025795624274358164
04024430,PET,Q,5,30,0.0023039281192423003
04027000,PET,Q,5,1,0.0036430554168480067
04027000,PET,Q,5,2,0.0034104669451441166
04027000,PET,Q,5,3,0.0028798365671969806
04027000,PET,Q,5,4,0.003411067335849685
04027000,PET,Q,5,5,0.004537147202820849
04027000,PET,Q,5,6,0.003894432461898051
04027000,PET,Q,5,7,0.004505881638015019
04027000,PET,Q,5,8,0.0030044496511261315
04027000,PET,Q,5,9,0.0023713868390498327
04027000,PET,Q,5,10,0.0033259113068485613
04027000,PET,Q,5,11,0.003092216878162704
04027000,PET,Q,5,12,0.0030459573073602364
04027000,PET,Q,5,13,0.0026684604674639956
04027000,PET,Q,5,14,0.0026534092942271936
04027000,PET,Q,5,15,0.0025252404297436137
04027000,PET,Q,5,16,0.002834939064042946
04027000,PET,Q,5,17,0.0022405994681488073
04027000,PET,Q,5,18,0.0027489704862771885
04027000,PET,Q,5,19,0.002135977584236823
04027000,PET,Q,5,20,0.0022936350291749563
04027000,PET,Q,5,21,0.0026280148945831278
04027000,PET,Q,5,22,0.002959566736641356
04027000,PET,Q,5,23,0.001835864662567202
04027000,PET,Q,5,24,0.002242592852938971
04027000,PET,Q,5,25,0.0018090654404898654
04027000,PET,Q,5,26,0.0017887977691149332
04027000,PET,Q,5,27,0.0019030803310110533
04027000,PET,Q,5,28,0.0019224866954330871
04027000,PET,Q,5,29,0.0017042157830185062
04027000,PET,Q,5,30,0.002395158645591061
04040500,PET,Q,5,1,0.003759978552845211
04040500,PET,Q,5,2,0.003827984313815924
04040500,PET,Q,5,3,0.0030683244482211935
04040500,PET,Q,5,4,0.003609077659687321
04040500,PET,Q,5,5,0.004443263850187507
04040500,PET,Q,5,6,0.0034095941421916076
04040500,PET,Q,5,7,0.003452286240124419
04040500,PET,Q,5,8,0.003411859319835092
04040500,PET,Q,5,9,0.0032915651424578474
04040500,PET,Q,5,10,0.003281140914062397
04040500,PET,Q,5,11,0.002313015361576659
04040500,PET,Q,5,12,0.002871321479053196
04040500,PET,Q,5,13,0.0029307586108341666
04040500,PET,Q,5,14,0.0030781408460768267
04040500,PET,Q,5,15,0.0029968951201378713
04040500,PET,Q,5,16,0.0030406371314576908
04040500,PET,Q,5,17,0.0025238724855982664
04040500,PET,Q,5,18,0.002568161917650885
04040500,PET,Q,5,19,0.0020783305755379122
04040500,PET,Q,5,20,0.002160819631812333
04040500,PET,Q,5,21,0.0031188369463327204
04040500,PET,Q,5,22,0.00206454922332594
04040500,PET,Q,5,23,0.002099737605910812
04040500,PET,Q,5,24,0.0017873080868005264
04040500,PET,Q,5,25,0.0015355871173301505
04040500,PET,Q,5,26,0.0015460114233719624
04040500,PET,Q,5,27,0.0015733833565967914
04040500,PET,Q,5,28,0.0013788740119776988
04040500,PET,Q,5,29,0.0015101111608809281
04040500,PET,Q,5,30,0.0015658915305130638
04043050,PET,Q,5,1,0.006361340176137598
04043050,PET,Q,5,2,0.006785039652806635
04043050,PET,Q,5,3,0.006392315628574785
04043050,PET,Q,5,4,0.006583063935744787
04043050,PET,Q,5,5,0.005961571355258044
04043050,PET,Q,5,6,0.00585864849807563
04043050,PET,Q,5,7,0.005081398837010892
04043050,PET,Q,5,8,0.006141907862684509
04043050,PET,Q,5,9,0.006244442666147737
04043050,PET,Q,5,10,0.005789655578288311
04043050,PET,Q,5,11,0.006087275261742658
04043050,PET,Q,5,12,0.006194166175992555
04043050,PET,Q,5,13,0.005420943309997539
04043050,PET,Q,5,14,0.005640436927714709
04043050,PET,Q,5,15,0.006496362412248352
04043050,PET,Q,5,16,0.005858153590022508
04043050,PET,Q,5,17,0.0063359268501840815
04043050,PET,Q,5,18,0.006048599902612667
04043050,PET,Q,5,19,0.004854137119487817
04043050,PET,Q,5,20,0.005808320543746248
04043050,PET,Q,5,21,0.0045693666059819504
04043050,PET,Q,5,22,0.005059979321475255
04043050,PET,Q,5,23,0.004942904603790432
04043050,PET,Q,5,24,0.004635394190067671
04043050,PET,Q,5,25,0.004734926429577124
04043050,PET,Q,5,26,0.005220485879580322
04043050,PET,Q,5,27,0.005089470518302719
04043050,PET,Q,5,28,0.0048327438364096365
04043050,PET,Q,5,29,0.005735405132621524
04043050,PET,Q,5,30,0.004732785373090909
04045500,PET,Q,5,1,0.004990211190186944
04045500,PET,Q,5,2,0.00556764912018437
04045500,PET,Q,5,3,0.005658705407930675
04045500,PET,Q,5,4,0.005075496175750094
04045500,PET,Q,5,5,0.004738301497635988
04045500,PET,Q,5,6,0.004016621519617125
04045500,PET,Q,5,7,0.00414227646618448
04045500,PET,Q,5,8,0.004455458181234828
04045500,PET,Q,5,9,0.005483237621936143
04045500,PET,Q,5,10,0.00456186778787504
04045500,PET,Q,5,11,0.004207633270597033
04045500,PET,Q,5,12,0.004237094167009237
04045500,PET,Q,5,13,0.004088570736086927
04045500,PET,Q,5,14,0.004881956219825234
04045500,PET,Q,5,15,0.0034644606709232084
04045500,PET,Q,5,16,0.003690990671482264
04045500,PET,Q,5,17,0.0031875130192575707
04045500,PET,Q,5,18,0.003352214892857419
04045500,PET,Q,5,19,0.0040325074968770025
04045500,PET,Q,5,20,0.0026960465274633583
04045500,PET,Q,5,21,0.0032812455514549255
04045500,PET,Q,5,22,0.003919978467294194
04045500,PET,Q,5,23,0.003333107191719975
04045500,PET,Q,5,24,0.002703460838235805
04045500,PET,Q,5,25,0.0030174345534360603
04045500,PET,Q,5,26,0.002882602192610273
04045500,PET,Q,5,27,0.002967524030928592
04045500,PET,Q,5,28,0.002320790326739597
04045500,PET,Q,5,29,0.002789762309360344
04045500,PET,Q,5,30,0.00408208587766723
04056500,PET,Q,5,1,0.005714126574444867
04056500,PET,Q,5,2,0.00577012943762395
04056500,PET,Q,5,3,0.005560931636237609
04056500,PET,Q,5,4,0.004875794170196401
04056500,PET,Q,5,5,0.005169945682288957
04056500,PET,Q,5,6,0.005347361549921159
04056500,PET,Q,5,7,0.0063959247620701265
04056500,PET,Q,5,8,0.006034112768478761
04056500,PET,Q,5,9,0.005773208877258185
04056500,PET,Q,5,10,0.006377764326833957
04056500,PET,Q,5,11,0.006744441272453827
04056500,PET,Q,5,12,0.005769269222086093
04056500,PET,Q,5,13,0.0054807353536894254
04056500,PET,Q,5,14,0.005355134903659964
04056500,PET,Q,5,15,0.006158075299819377
04056500,PET,Q,5,16,0.005746441762411569
04056500,PET,Q,5,17,0.005711837017793819
04056500,PET,Q,5,18,0.005557488780248587
04056500,PET,Q,5,19,0.005034831440043408
04056500,PET,Q,5,20,0.004427201935804148
04056500,PET,Q,5,21,0.0035750960227901585
04056500,PET,Q,5,22,0.0037236263506324474
04056500,PET,Q,5,23,0.0043246636832572904
04056500,PET,Q,5,24,0.004585144588275081
04056500,PET,Q,5,25,0.004650366054790189
04056500,PET,Q,5,26,0.004655849790537514
04056500,PET,Q,5,27,0.004891542582575903
04056500,PET,Q,5,28,0.005062841857189859
04056500,PET,Q,5,29,0.005289251056103117
04056500,PET,Q,5,30,0.004637579250217905
04057510,PET,Q,5,1,0.005663086034702114
04057510,PET,Q,5,2,0.003592217576903145
04057510,PET,Q,5,3,0.003161993155705367
04057510,PET,Q,5,4,0.003877848344883028
04057510,PET,Q,5,5,0.003383418657786741
04057510,PET,Q,5,6,0.0037053508766293763
04057510,PET,Q,5,7,0.0038711902281747257
04057510,PET,Q,5,8,0.003913606529160063
04057510,PET,Q,5,9,0.0037878193816108796
04057510,PET,Q,5,10,0.003006662952720507
04057510,PET,Q,5,11,0.0035778592917775076
04057510,PET,Q,5,12,0.003344561477312824
04057510,PET,Q,5,13,0.003770373298069507
04057510,PET,Q,5,14,0.0030832723292941733
04057510,PET,Q,5,15,0.0030965861230375924
04057510,PET,Q,5,16,0.0033252734733555944
04057510,PET,Q,5,17,0.003587620194163421
04057510,PET,Q,5,18,0.0040525284239203985
04057510,PET,Q,5,19,0.003749625968999415
04057510,PET,Q,5,20,0.0035695849313205352
04057510,PET,Q,5,21,0.003001152469701729
04057510,PET,Q,5,22,0.0034702289839467215
04057510,PET,Q,5,23,0.002646966313637311
04057510,PET,Q,5,24,0.003576385799827886
04057510,PET,Q,5,25,0.0028130025591568963
04057510,PET,Q,5,26,0.003013203651486329
04057510,PET,Q,5,27,0.002402820826703067
04057510,PET,Q,5,28,0.0024205453503637897
04057510,PET,Q,5,29,0.0029687915292212486
04057510,PET,Q,5,30,0.0026999599149901132
04057800,PET,Q,5,1,0.0025353680444591825
04057800,PET,Q,5,2,0.0026458664133729715
04057800,PET,Q,5,3,0.0020730830988997945
04057800,PET,Q,5,4,0.002160403835778091
04057800,PET,Q,5,5,0.002276033419303991
04057800,PET,Q,5,6,0.0018223800183161804
04057800,PET,Q,5,7,0.0030694611837124575
04057800,PET,Q,5,8,0.0024331691346128337
04057800,PET,Q,5,9,0.002610609681756096
04057800,PET,Q,5,10,0.0020518515920873726
04057800,PET,Q,5,11,0.0023594792258301717
04057800,PET,Q,5,12,0.0015962476371858686
04057800,PET,Q,5,13,0.0019761317042157195
04057800,PET,Q,5,14,0.002293246009082442
04057800,PET,Q,5,15,0.0025196788308956553
04057800,PET,Q,5,16,0.0020611146271018455
04057800,PET,Q,5,17,0.001389825840943798
04057800,PET,Q,5,18,0.001322555196694164
04057800,PET,Q,5,19,0.0015855806506805542
04057800,PET,Q,5,20,0.0014706541435183657
04057800,PET,Q,5,21,0.001629516436671169
04057800,PET,Q,5,22,0.001418018282218575
04057800,PET,Q,5,23,0.0017692535654159486
04057800,PET,Q,5,24,0.0013542870679822405
04057800,PET,Q,5,25,0.0015344219079313909
04057800,PET,Q,5,26,0.0010751959589815757
04057800,PET,Q,5,27,0.0013124995807306111
04057800,PET,Q,5,28,0.001397065965255212
04057800,PET,Q,5,29,0.0008921529391964084
04057800,PET,Q,5,30,0.0007078565322364561
04059500,PET,Q,5,1,0.0048851466200448
04059500,PET,Q,5,2,0.004502006158909944
04059500,PET,Q,5,3,0.0036193380573294465
04059500,PET,Q,5,4,0.002860799278630033
04059500,PET,Q,5,5,0.0033563728077343202
04059500,PET,Q,5,6,0.003775377183320161
04059500,PET,Q,5,7,0.002792287482294764
04059500,PET,Q,5,8,0.0028512292008165407
04059500,PET,Q,5,9,0.0036050183573367867
04059500,PET,Q,5,10,0.003441429284548825
04059500,PET,Q,5,11,0.003599130960302399
04059500,PET,Q,5,12,0.00355759238667408
04059500,PET,Q,5,13,0.003073943319157446
04059500,PET,Q,5,14,0.0026672998076302523
04059500,PET,Q,5,15,0.003177170580360711
04059500,PET,Q,5,16,0.0024795198706341615
04059500,PET,Q,5,17,0.0026009237602399593
04059500,PET,Q,5,18,0.002641100736369084
04059500,PET,Q,5,19,0.002567133745254857
04059500,PET,Q,5,20,0.0024924687344894947
04059500,PET,Q,5,21,0.0022417640965216035
04059500,PET,Q,5,22,0.00247237010544038
04059500,PET,Q,5,23,0.0022261822823331223
04059500,PET,Q,5,24,0.0026554658149482435
04059500,PET,Q,5,25,0.0026123583701119224
04059500,PET,Q,5,26,0.002735066724121049
04059500,PET,Q,5,27,0.0021432462712887013
04059500,PET,Q,5,28,0.0018357991372114912
04059500,PET,Q,5,29,0.0021960007261513925
04059500,PET,Q,5,30,0.0022803026566673434
04063700,PET,Q,5,1,0.004605272647718872
04063700,PET,Q,5,2,0.004573627635540034
04063700,PET,Q,5,3,0.00431612670254472
04063700,PET,Q,5,4,0.003103026548567811
04063700,PET,Q,5,5,0.0031513002637802157
04063700,PET,Q,5,6,0.004026646995142769
04063700,PET,Q,5,7,0.004101529083894995
04063700,PET,Q,5,8,0.003341830818026359
04063700,PET,Q,5,9,0.003846584338742992
04063700,PET,Q,5,10,0.0029929599835001597
04063700,PET,Q,5,11,0.003922289599624013
04063700,PET,Q,5,12,0.003337473698115545
04063700,PET,Q,5,13,0.0031946743445297743
04063700,PET,Q,5,14,0.0030793990771912083
04063700,PET,Q,5,15,0.002722332849363962
04063700,PET,Q,5,16,0.0029192104357217696
04063700,PET,Q,5,17,0.002664872900532078
04063700,PET,Q,5,18,0.0037383573921837
04063700,PET,Q,5,19,0.003501956007846585
04063700,PET,Q,5,20,0.0029663158759514474
04063700,PET,Q,5,21,0.0029272294700792845
04063700,PET,Q,5,22,0.002805592065728779
04063700,PET,Q,5,23,0.002323746168344215
04063700,PET,Q,5,24,0.001933218221585209
04063700,PET,Q,5,25,0.002665025229392437
04063700,PET,Q,5,26,0.0019408038128638505
04063700,PET,Q,5,27,0.002025708039524926
04063700,PET,Q,5,28,0.0023452372402060218
04063700,PET,Q,5,29,0.0022983691234660375
04063700,PET,Q,5,30,0.001868938125771713
04074950,PET,Q,5,1,0.005999449354503805
04074950,PET,Q,5,2,0.0038458638832901126
04074950,PET,Q,5,3,0.0037590179935809154
04074950,PET,Q,5,4,0.0033441633986295294
04074950,PET,Q,5,5,0.0031150648581378393
04074950,PET,Q,5,6,0.0029875779173009764
04074950,PET,Q,5,7,0.004046418653334327
04074950,PET,Q,5,8,0.0037702638047489856
04074950,PET,Q,5,9,0.003895201659870229
04074950,PET,Q,5,10,0.0038668101012976352
04074950,PET,Q,5,11,0.003576692458374775
04074950,PET,Q,5,12,0.003422062844677276
04074950,PET,Q,5,13,0.004438361224558429
04074950,PET,Q,5,14,0.0029773974234589273
04074950,PET,Q,5,15,0.002561805978574694
04074950,PET,Q,5,16,0.003586162822647454
04074950,PET,Q,5,17,0.003797423932945132
04074950,PET,Q,5,18,0.003873923506348853
04074950,PET,Q,5,19,0.0036160766699860902
04074950,PET,Q,5,20,0.003876398207500187
04074950,PET,Q,5,21,0.003416522284532042
04074950,PET,Q,5,22,0.0028376408414898524
04074950,PET,Q,5,23,0.003223151850131001
04074950,PET,Q,5,24,0.0029870819941262283
04074950,PET,Q,5,25,0.003122280107408004
04074950,PET,Q,5,26,0.003055371602753376
04074950,PET,Q,5,27,0.0030515567101156993
04074950,PET,Q,5,28,0.003912612861651121
04074950,PET,Q,5,29,0.002601207228689173
04074950,PET,Q,5,30,0.0026086684978381403
04105700,PET,Q,5,1,0.004235889040710872
04105700,PET,Q,5,2,0.0019115895268200789
04105700,PET,Q,5,3,0.0020178866576294197
04105700,PET,Q,5,4,0.002339571795754225
04105700,PET,Q,5,5,0.002809046284418637
04105700,PET,Q,5,6,0.0020744313207917142
04105700,PET,Q,5,7,0.002194519464156497
04105700,PET,Q,5,8,0.002479969657568859
04105700,PET,Q,5,9,0.002684539775603567
04105700,PET,Q,5,10,0.002927821830284616
04105700,PET,Q,5,11,0.0027145548765941108
04105700,PET,Q,5,12,0.0027823696063290493
04105700,PET,Q,5,13,0.002626429482411319
04105700,PET,Q,5,14,0.002665104369749871
04105700,PET,Q,5,15,0.0024590275037345566
04105700,PET,Q,5,16,0.002278743052854748
04105700,PET,Q,5,17,0.002778077152009839
04105700,PET,Q,5,18,0.0033607805056347084
04105700,PET,Q,5,19,0.002867945056710064
04105700,PET,Q,5,20,0.0034008497548916883
04105700,PET,Q,5,21,0.0027714412193800553
04105700,PET,Q,5,22,0.002510738584434735
04105700,PET,Q,5,23,0.0031567480246875723
04105700,PET,Q,5,24,0.002800656350555375
04105700,PET,Q,5,25,0.0029367447439593852
04105700,PET,Q,5,26,0.002919152598170549
04105700,PET,Q,5,27,0.002323023021481796
04105700,PET,Q,5,28,0.0028754589699904742
04105700,PET,Q,5,29,0.003041430506567133
04105700,PET,Q,5,30,0.002918071465436156
04115265,PET,Q,5,1,0.003235102495804887
04115265,PET,Q,5,2,0.002297394176411352
04115265,PET,Q,5,3,0.0024427756257786454
04115265,PET,Q,5,4,0.002819605887981344
04115265,PET,Q,5,5,0.0028911632613897453
04115265,PET,Q,5,6,0.002864940103065358
04115265,PET,Q,5,7,0.0026626206344030484
04115265,PET,Q,5,8,0.00232980777771484
04115265,PET,Q,5,9,0.0021933392800683044
04115265,PET,Q,5,10,0.002950419372064153
04115265,PET,Q,5,11,0.002539178104923989
04115265,PET,Q,5,12,0.002227976461753975
04115265,PET,Q,5,13,0.002371262579639724
04115265,PET,Q,5,14,0.0025439522107058854
04115265,PET,Q,5,15,0.002226924530274621
04115265,PET,Q,5,16,0.002242917113813317
04115265,PET,Q,5,17,0.0026136425106304123
04115265,PET,Q,5,18,0.002306321802881761
04115265,PET,Q,5,19,0.0024672228017668663
04115265,PET,Q,5,20,0.0023513682585788315
04115265,PET,Q,5,21,0.0026671864536267492
04115265,PET,Q,5,22,0.0028560342234764946
04115265,PET,Q,5,23,0.0027268544806270667
04115265,PET,Q,5,24,0.0022958256064586763
04115265,PET,Q,5,25,0.002711287996771991
04115265,PET,Q,5,26,0.0023880707397694045
04115265,PET,Q,5,27,0.0027198431447936905
04115265,PET,Q,5,28,0.0034405762939723195
04115265,PET,Q,5,29,0.0029488557229641055
04115265,PET,Q,5,30,0.0027044797626760986
04122200,PET,Q,5,1,0.0036748299135588858
04122200,PET,Q,5,2,0.0027031744865709806
04122200,PET,Q,5,3,0.002057201042019813
04122200,PET,Q,5,4,0.0019178799888540654
04122200,PET,Q,5,5,0.0020491343220144786
04122200,PET,Q,5,6,0.0021785002562804134
04122200,PET,Q,5,7,0.0015321747283362774
04122200,PET,Q,5,8,0.0014644330959896479
04122200,PET,Q,5,9,0.0019206029235182553
04122200,PET,Q,5,10,0.0015141244163798528
04122200,PET,Q,5,11,0.0020122367073881486
04122200,PET,Q,5,12,0.0024986109323670846
04122200,PET,Q,5,13,0.0021625578198407325
04122200,PET,Q,5,14,0.002046214844310945
04122200,PET,Q,5,15,0.0016230567363884063
04122200,PET,Q,5,16,0.0016884853694799085
04122200,PET,Q,5,17,0.0018742859132042378
04122200,PET,Q,5,18,0.0018912201793550298
04122200,PET,Q,5,19,0.0016542481768425377
04122200,PET,Q,5,20,0.0018140267083624206
04122200,PET,Q,5,21,0.0017372608449625904
04122200,PET,Q,5,22,0.0023765791884804988
04122200,PET,Q,5,23,0.002755962566003939
04122200,PET,Q,5,24,0.002735387432862918
04122200,PET,Q,5,25,0.002218388651651748
04122200,PET,Q,5,26,0.0024672300126375446
04122200,PET,Q,5,27,0.0022904250041174967
04122200,PET,Q,5,28,0.0021571791002283625
04122200,PET,Q,5,29,0.002505216188160242
04122200,PET,Q,5,30,0.002295099008268048
04122500,PET,Q,5,1,0.0023833039672485623
04122500,PET,Q,5,2,0.003090852056251231
04122500,PET,Q,5,3,0.002868055961681326
04122500,PET,Q,5,4,0.0016733683890681195
04122500,PET,Q,5,5,0.0016076064511497679
04122500,PET,Q,5,6,0.0013644545162975197
04122500,PET,Q,5,7,0.0014480149636642847
04122500,PET,Q,5,8,0.0012213909500637388
04122500,PET,Q,5,9,0.0014018418892392248
04122500,PET,Q,5,10,0.0014481957298392856
04122500,PET,Q,5,11,0.0020528868889478635
04122500,PET,Q,5,12,0.0015862896494520384
04122500,PET,Q,5,13,0.0018517374586720092
04122500,PET,Q,5,14,0.0021125711700770156
04122500,PET,Q,5,15,0.0018431326525102654
04122500,PET,Q,5,16,0.0014848354260763585
04122500,PET,Q,5,17,0.001593170055535248
04122500,PET,Q,5,18,0.0019551908321694678
04122500,PET,Q,5,19,0.0018899744144000863
04122500,PET,Q,5,20,0.0017293216668924083
04122500,PET,Q,5,21,0.002360606269481591
04122500,PET,Q,5,22,0.0020414150535313647
04122500,PET,Q,5,23,0.0025918677043627603
04122500,PET,Q,5,24,0.0024053713411241184
04122500,PET,Q,5,25,0.0022722242910041823
04122500,PET,Q,5,26,0.002119738342535843
04122500,PET,Q,5,27,0.001993596068313619
04122500,PET,Q,5,28,0.0021239586586430936
04122500,PET,Q,5,29,0.0022310544182297665
04122500,PET,Q,5,30,0.002581974827507494
04124000,PET,Q,5,1,0.008162696878794895
04124000,PET,Q,5,2,0.005719575702837654
04124000,PET,Q,5,3,0.00395364380566654
04124000,PET,Q,5,4,0.002618354570858017
04124000,PET,Q,5,5,0.003291049331685003
04124000,PET,Q,5,6,0.0031432287043947627
04124000,PET,Q,5,7,0.003448937726110546
04124000,PET,Q,5,8,0.0036267603194879428
04124000,PET,Q,5,9,0.0038948931923877828
04124000,PET,Q,5,10,0.0029391698206647776
04124000,PET,Q,5,11,0.003675909207416117
04124000,PET,Q,5,12,0.0040302730323367175
04124000,PET,Q,5,13,0.003346804672123116
04124000,PET,Q,5,14,0.0027098271527944418
04124000,PET,Q,5,15,0.00288240696528963
04124000,PET,Q,5,16,0.002937488865078386
04124000,PET,Q,5,17,0.003617497148543092
04124000,PET,Q,5,18,0.003795164278886376
04124000,PET,Q,5,19,0.0035411451867753962
04124000,PET,Q,5,20,0.003351699765737237
04124000,PET,Q,5,21,0.003869668937109494
04124000,PET,Q,5,22,0.00292711165966264
04124000,PET,Q,5,23,0.003151235896249549
04124000,PET,Q,5,24,0.003099929466470086
04124000,PET,Q,5,25,0.0035403080336079418
04124000,PET,Q,5,26,0.0036947053822293796
04124000,PET,Q,5,27,0.003276637525342352
04124000,PET,Q,5,28,0.0034734102205639106
04124000,PET,Q,5,29,0.003483892080647699
04124000,PET,Q,5,30,0.0036819530693102953
04127918,PET,Q,5,1,0.0061056876128536
04127918,PET,Q,5,2,0.004149656797945295
04127918,PET,Q,5,3,0.004014318660640365
04127918,PET,Q,5,4,0.0047530840466178115
04127918,PET,Q,5,5,0.004805158426816447
04127918,PET,Q,5,6,0.0043094925293914454
04127918,PET,Q,5,7,0.0036659980769475076
04127918,PET,Q,5,8,0.004289494679426575
04127918,PET,Q,5,9,0.0041453654166129505
04127918,PET,Q,5,10,0.004409297509699123
04127918,PET,Q,5,11,0.004482409822487682
04127918,PET,Q,5,12,0.0038772031264944218
04127918,PET,Q,5,13,0.0029364815881820217
04127918,PET,Q,5,14,0.003929692208600483
04127918,PET,Q,5,15,0.0041709212148828
04127918,PET,Q,5,16,0.0036035809533984664
04127918,PET,Q,5,17,0.0036403049640770513
04127918,PET,Q,5,18,0.003294238587341486
04127918,PET,Q,5,19,0.0031580375788345105
04127918,PET,Q,5,20,0.0024009783514164496
04127918,PET,Q,5,21,0.00247191631157731
04127918,PET,Q,5,22,0.0029705053988526575
04127918,PET,Q,5,23,0.002857647349424619
04127918,PET,Q,5,24,0.0024530571066162243
04127918,PET,Q,5,25,0.0024791180739311414
04127918,PET,Q,5,26,0.003169053955146661
04127918,PET,Q,5,27,0.002954386787973079
04127918,PET,Q,5,28,0.0030329673743377528
04127918,PET,Q,5,29,0.003191672499694015
04127918,PET,Q,5,30,0.0031395369785386096
04127997,PET,Q,5,1,0.006401388047886425
04127997,PET,Q,5,2,0.003978881348573382
04127997,PET,Q,5,3,0.004883434469846626
04127997,PET,Q,5,4,0.006267527436424614
04127997,PET,Q,5,5,0.0060781817242247516
04127997,PET,Q,5,6,0.006124105791300405
04127997,PET,Q,5,7,0.005719353406015759
04127997,PET,Q,5,8,0.005587385520748556
04127997,PET,Q,5,9,0.005723467477851518
04127997,PET,Q,5,10,0.0063232509655618
04127997,PET,Q,5,11,0.006580466746007763
04127997,PET,Q,5,12,0.005979906212293551
04127997,PET,Q,5,13,0.005882844619622352
04127997,PET,Q,5,14,0.006161772873353122
04127997,PET,Q,5,15,0.006591239285923867
04127997,PET,Q,5,16,0.00712603960275765
04127997,PET,Q,5,17,0.006576863687398238
04127997,PET,Q,5,18,0.006619472140900973
04127997,PET,Q,5,19,0.0068486414176984756
04127997,PET,Q,5,20,0.006903863094226137
04127997,PET,Q,5,21,0.00678441601688623
04127997,PET,Q,5,22,0.006281009182513064
04127997,PET,Q,5,23,0.006116858930521163
04127997,PET,Q,5,24,0.006167232444218573
04127997,PET,Q,5,25,0.007296854791187524
04127997,PET,Q,5,26,0.007177446663469089
04127997,PET,Q,5,27,0.007087836818005955
04127997,PET,Q,5,28,0.006963930900491355
04127997,PET,Q,5,29,0.0071231623407053135
04127997,PET,Q,5,30,0.007193687708652363
04161580,PET,Q,5,1,0.0027301456920300615
04161580,PET,Q,5,2,0.002583337099681393
04161580,PET,Q,5,3,0.0031439266765703744
04161580,PET,Q,5,4,0.002655034263397804
04161580,PET,Q,5,5,0.002490064166867978
04161580,PET,Q,5,6,0.002809671160675542
04161580,PET,Q,5,7,0.0036191649501102763
04161580,PET,Q,5,8,0.0022144827557116775
04161580,PET,Q,5,9,0.0022799243505109423
04161580,PET,Q,5,10,0.0023322042849288627
04161580,PET,Q,5,11,0.002428520133344658
04161580,PET,Q,5,12,0.002564822484636964
04161580,PET,Q,5,13,0.002378691281767875
04161580,PET,Q,5,14,0.002559614980069125
04161580,PET,Q,5,15,0.002574402621403682
04161580,PET,Q,5,16,0.0034819932005117904
04161580,PET,Q,5,17,0.002913838319464568
04161580,PET,Q,5,18,0.002870988667599217
04161580,PET,Q,5,19,0.003354877883526397
04161580,PET,Q,5,20,0.0029491926531068913
04161580,PET,Q,5,21,0.0030124458413982036
04161580,PET,Q,5,22,0.0029664389781081657
04161580,PET,Q,5,23,0.0030940093311472294
04161580,PET,Q,5,24,0.003074561421509414
04161580,PET,Q,5,25,0.0029843163002323814
04161580,PET,Q,5,26,0.0032609550458888026
04161580,PET,Q,5,27,0.003561033868542396
04161580,PET,Q,5,28,0.0034766288907341902
04161580,PET,Q,5,29,0.0034687576481853832
04161580,PET,Q,5,30,0.00320201583446289
04185000,PET,Q,5,1,0.003223058625900832
04185000,PET,Q,5,2,0.0031523852303241007
04185000,PET,Q,5,3,0.0023678719256676473
04185000,PET,Q,5,4,0.002400216878758493
04185000,PET,Q,5,5,0.0018587698502642025
04185000,PET,Q,5,6,0.002518324656444998
04185000,PET,Q,5,7,0.002348151273361465
04185000,PET,Q,5,8,0.002401585514847593
04185000,PET,Q,5,9,0.0025955786848137763
04185000,PET,Q,5,10,0.002384875668459324
04185000,PET,Q,5,11,0.002399097874783873
04185000,PET,Q,5,12,0.0026262107756096775
04185000,PET,Q,5,13,0.0023936358446659256
04185000,PET,Q,5,14,0.0020284783962351838
04185000,PET,Q,5,15,0.002530891881596886
04185000,PET,Q,5,16,0.0018370081535688254
04185000,PET,Q,5,17,0.0023119260255084484
04185000,PET,Q,5,18,0.002358870219132919
04185000,PET,Q,5,19,0.0025509564710420596
04185000,PET,Q,5,20,0.00242270725754834
04185000,PET,Q,5,21,0.0021914125723090927
04185000,PET,Q,5,22,0.0025902838948702323
04185000,PET,Q,5,23,0.0022627295480560916
04185000,PET,Q,5,24,0.0026080620962497525
04185000,PET,Q,5,25,0.0025005970904430908
04185000,PET,Q,5,26,0.002945046328176798
04185000,PET,Q,5,27,0.002825205553246779
04185000,PET,Q,5,28,0.0023809358558910254
04185000,PET,Q,5,29,0.0029061682319370674
04185000,PET,Q,5,30,0.0028264437887460803
04196800,PET,Q,5,1,0.0033059253205334482
04196800,PET,Q,5,2,0.0032626411109613895
04196800,PET,Q,5,3,0.0025078577593636298
04196800,PET,Q,5,4,0.002681431633296927
04196800,PET,Q,5,5,0.0023783183333819236
04196800,PET,Q,5,6,0.0026442116379971625
04196800,PET,Q,5,7,0.002865802842539983
04196800,PET,Q,5,8,0.0027011184846049696
04196800,PET,Q,5,9,0.003081785843243229
04196800,PET,Q,5,10,0.002835529232620093
04196800,PET,Q,5,11,0.0029139969409603395
04196800,PET,Q,5,12,0.0026625971147364036
04196800,PET,Q,5,13,0.0028554455142284496
04196800,PET,Q,5,14,0.002673244557109933
04196800,PET,Q,5,15,0.0030589260340018187
04196800,PET,Q,5,16,0.0032031468334771662
04196800,PET,Q,5,17,0.0032688167899934673
04196800,PET,Q,5,18,0.0034253486794932064
04196800,PET,Q,5,19,0.002833045596685596
04196800,PET,Q,5,20,0.002926604520254894
04196800,PET,Q,5,21,0.0034997385936909597
04196800,PET,Q,5,22,0.0030000448167719906
04196800,PET,Q,5,23,0.0031451842261505103
04196800,PET,Q,5,24,0.00325711097194617
04196800,PET,Q,5,25,0.002840837144410635
04196800,PET,Q,5,26,0.003163581350128397
04196800,PET,Q,5,27,0.0032984652961144667
04196800,PET,Q,5,28,0.0036340749111287707
04196800,PET,Q,5,29,0.004074433755877321
04196800,PET,Q,5,30,0.003565649457036385
04197100,PET,Q,5,1,0.0031964624531777286
04197100,PET,Q,5,2,0.0028818153028428717
04197100,PET,Q,5,3,0.0026080865215353244
04197100,PET,Q,5,4,0.0026482076445372427
04197100,PET,Q,5,5,0.0026696918072779963
04197100,PET,Q,5,6,0.0024868402793805644
04197100,PET,Q,5,7,0.00244008481174654
04197100,PET,Q,5,8,0.0027160902057396796
04197100,PET,Q,5,9,0.0025672952130595394
04197100,PET,Q,5,10,0.002917379720959956
04197100,PET,Q,5,11,0.002526191445932413
04197100,PET,Q,5,12,0.0030303160034095278
04197100,PET,Q,5,13,0.0028345736336564675
04197100,PET,Q,5,14,0.0034585903490338132
04197100,PET,Q,5,15,0.002988724806911952
04197100,PET,Q,5,16,0.0032040965030613044
04197100,PET,Q,5,17,0.0036401982516364173
04197100,PET,Q,5,18,0.0034372488560979186
04197100,PET,Q,5,19,0.0032748847263444902
04197100,PET,Q,5,20,0.0030647074644777617
04197100,PET,Q,5,21,0.003898009169762129
04197100,PET,Q,5,22,0.00337362887669998
04197100,PET,Q,5,23,0.0034618498911453133
04197100,PET,Q,5,24,0.0034162263486275657
04197100,PET,Q,5,25,0.003924333097754196
04197100,PET,Q,5,26,0.0039350766163890605
04197100,PET,Q,5,27,0.0035202960795152616
04197100,PET,Q,5,28,0.00316318780829955
04197100,PET,Q,5,29,0.004134519280300314
04197100,PET,Q,5,30,0.0031782556692495634
04197170,PET,Q,5,1,0.0033977117450910838
04197170,PET,Q,5,2,0.002996979498582769
04197170,PET,Q,5,3,0.002704273604700061
04197170,PET,Q,5,4,0.0036258234839864206
04197170,PET,Q,5,5,0.0035498965322652565
04197170,PET,Q,5,6,0.0031396245492719826
04197170,PET,Q,5,7,0.0032038249796324247
04197170,PET,Q,5,8,0.003382950541007859
04197170,PET,Q,5,9,0.003698715649271586
04197170,PET,Q,5,10,0.0029487127128993984
04197170,PET,Q,5,11,0.0031726184659369022
04197170,PET,Q,5,12,0.003408466084815237
04197170,PET,Q,5,13,0.003651992893011047
04197170,PET,Q,5,14,0.0036392811716424167
04197170,PET,Q,5,15,0.003478371778085146
04197170,PET,Q,5,16,0.00346236858178528
04197170,PET,Q,5,17,0.004412957438796022
04197170,PET,Q,5,18,0.0037597013580027566
04197170,PET,Q,5,19,0.003952391342065126
04197170,PET,Q,5,20,0.004291190047530299
04197170,PET,Q,5,21,0.004164525427615362
04197170,PET,Q,5,22,0.004402609190527526
04197170,PET,Q,5,23,0.004265530718524105
04197170,PET,Q,5,24,0.004511118816776502
04197170,PET,Q,5,25,0.00426710202203559
04197170,PET,Q,5,26,0.004272881317114438
04197170,PET,Q,5,27,0.0042704105767515654
04197170,PET,Q,5,28,0.0038689892897911526
04197170,PET,Q,5,29,0.0044025469106559745
04197170,PET,Q,5,30,0.004281749395304388
04213000,PET,Q,5,1,0.004262106673703761
04213000,PET,Q,5,2,0.003015853181043582
04213000,PET,Q,5,3,0.0035985350847230757
04213000,PET,Q,5,4,0.003335001311515498
04213000,PET,Q,5,5,0.003261951960191134
04213000,PET,Q,5,6,0.0034760160005643526
04213000,PET,Q,5,7,0.003607593949498361
04213000,PET,Q,5,8,0.003908165178938217
04213000,PET,Q,5,9,0.0036506452748303886
04213000,PET,Q,5,10,0.0033735113119074123
04213000,PET,Q,5,11,0.003723176439566017
04213000,PET,Q,5,12,0.003846362161773517
04213000,PET,Q,5,13,0.0038663592895760296
04213000,PET,Q,5,14,0.0036671728172096574
04213000,PET,Q,5,15,0.0035126327786428463
04213000,PET,Q,5,16,0.003513660459428483
04213000,PET,Q,5,17,0.0033319008429178454
04213000,PET,Q,5,18,0.0035405737088273492
04213000,PET,Q,5,19,0.0038927436348085848
04213000,PET,Q,5,20,0.003693473054175389
04213000,PET,Q,5,21,0.0031667593135746297
04213000,PET,Q,5,22,0.003440408081481605
04213000,PET,Q,5,23,0.004363616395403072
04213000,PET,Q,5,24,0.004218812423482668
04213000,PET,Q,5,25,0.0038191328840319477
04213000,PET,Q,5,26,0.0041247850051034235
04213000,PET,Q,5,27,0.0041222035938968254
04213000,PET,Q,5,28,0.0036280382396780275
04213000,PET,Q,5,29,0.0037903511547821706
04213000,PET,Q,5,30,0.003538806728237434
04213075,PET,Q,5,1,0.0010591585099301234
04213075,PET,Q,5,2,0.0012252081110915025
04213075,PET,Q,5,3,0.0013068380757168471
04213075,PET,Q,5,4,0.0014553479847974546
04213075,PET,Q,5,5,0.0013126079975275054
04213075,PET,Q,5,6,0.0013488951097344812
04213075,PET,Q,5,7,0.0015504642728269985
04213075,PET,Q,5,8,0.001555345664344815
04213075,PET,Q,5,9,0.0012555834946628014
04213075,PET,Q,5,10,0.0014780909384653068
04213075,PET,Q,5,11,0.0012943799252204957
04213075,PET,Q,5,12,0.0012817462296577653
04213075,PET,Q,5,13,0.0012322522894650315
04213075,PET,Q,5,14,0.0013561263325557876
04213075,PET,Q,5,15,0.0014709263933171401
04213075,PET,Q,5,16,0.00153796166902221
04213075,PET,Q,5,17,0.0010858392864560931
04213075,PET,Q,5,18,0.001497614805875215
04213075,PET,Q,5,19,0.0012019180286089448
04213075,PET,Q,5,20,0.001597868425902274
04213075,PET,Q,5,21,0.0009620590028458081
04213075,PET,Q,5,22,0.0014107359868514302
04213075,PET,Q,5,23,0.0014315235079427197
04213075,PET,Q,5,24,0.001377378249099795
04213075,PET,Q,5,25,0.0012707839643916127
04213075,PET,Q,5,26,0.0014507005582463928
04213075,PET,Q,5,27,0.0015892792168074599
04213075,PET,Q,5,28,0.0014803965089984009
04213075,PET,Q,5,29,0.001297935826971977
04213075,PET,Q,5,30,0.0013230692781309311
04216418,PET,Q,5,1,0.0038277032054560844
04216418,PET,Q,5,2,0.0034929453158349943
04216418,PET,Q,5,3,0.003431624667598332
04216418,PET,Q,5,4,0.0030558230223368676
04216418,PET,Q,5,5,0.0031658304872687615
04216418,PET,Q,5,6,0.0027110484316439087
04216418,PET,Q,5,7,0.0033577809871049857
04216418,PET,Q,5,8,0.003565429362552691
04216418,PET,Q,5,9,0.0039003481646742166
04216418,PET,Q,5,10,0.003723220383266751
04216418,PET,Q,5,11,0.0036494320339184594
04216418,PET,Q,5,12,0.003208898392472792
04216418,PET,Q,5,13,0.003408018056520412
04216418,PET,Q,5,14,0.0032131293765326197
04216418,PET,Q,5,15,0.0030809856388314127
04216418,PET,Q,5,16,0.003550885579468338
04216418,PET,Q,5,17,0.003648961308272608
04216418,PET,Q,5,18,0.0031807867988700445
04216418,PET,Q,5,19,0.0037911145994799778
04216418,PET,Q,5,20,0.0037976876969333384
04216418,PET,Q,5,21,0.0034307438191224504
04216418,PET,Q,5,22,0.0035540790961329782
04216418,PET,Q,5,23,0.003525779227787712
04216418,PET,Q,5,24,0.003721805229772196
04216418,PET,Q,5,25,0.003712374368395416
04216418,PET,Q,5,26,0.003773050758503954
04216418,PET,Q,5,27,0.0040644898002421825
04216418,PET,Q,5,28,0.004315821483612342
04216418,PET,Q,5,29,0.004350869113198902
04216418,PET,Q,5,30,0.004442166465801006
04221000,PET,Q,5,1,0.002260724474143841
04221000,PET,Q,5,2,0.0026520226632589794
04221000,PET,Q,5,3,0.0026318755735456195
04221000,PET,Q,5,4,0.002352432048847039
04221000,PET,Q,5,5,0.0019864826169337796
04221000,PET,Q,5,6,0.002212919629905455
04221000,PET,Q,5,7,0.0022775394385253916
04221000,PET,Q,5,8,0.0019314975125187817
04221000,PET,Q,5,9,0.0021210397324840646
04221000,PET,Q,5,10,0.0019095736637240596
04221000,PET,Q,5,11,0.001937420047769145
04221000,PET,Q,5,12,0.0018956943658059444
04221000,PET,Q,5,13,0.0021889006330384625
04221000,PET,Q,5,14,0.001661927455840359
04221000,PET,Q,5,15,0.002170466811708141
04221000,PET,Q,5,16,0.001786437245103148
04221000,PET,Q,5,17,0.001732213111948433
04221000,PET,Q,5,18,0.0016042348182087468
04221000,PET,Q,5,19,0.0017516389918365155
04221000,PET,Q,5,20,0.0018802306957703824
04221000,PET,Q,5,21,0.001600702913940752
04221000,PET,Q,5,22,0.0020326058776103384
04221000,PET,Q,5,23,0.0018734207657361002
04221000,PET,Q,5,24,0.0019492211448416952
04221000,PET,Q,5,25,0.0020728901002716044
04221000,PET,Q,5,26,0.001986640694489214
04221000,PET,Q,5,27,0.0023734800430386532
04221000,PET,Q,5,28,0.0021045917580765627
04221000,PET,Q,5,29,0.0018608757631544404
04221000,PET,Q,5,30,0.0016692658281498435
04224775,PET,Q,5,1,0.0018574695526878682
04224775,PET,Q,5,2,0.0019283639753861909
04224775,PET,Q,5,3,0.002203415024673361
04224775,PET,Q,5,4,0.0018680967018528116
04224775,PET,Q,5,5,0.0017716074062216064
04224775,PET,Q,5,6,0.0016400780176515778
04224775,PET,Q,5,7,0.0018238305894293927
04224775,PET,Q,5,8,0.0021964746922356476
04224775,PET,Q,5,9,0.001956971871963753
04224775,PET,Q,5,10,0.0016841005666210912
04224775,PET,Q,5,11,0.0015458561497361384
04224775,PET,Q,5,12,0.001701526259453301
04224775,PET,Q,5,13,0.0019308168143522403
04224775,PET,Q,5,14,0.0018340173883155675
04224775,PET,Q,5,15,0.0017895567463020873
04224775,PET,Q,5,16,0.0015402976458773893
04224775,PET,Q,5,17,0.001531260348865568
04224775,PET,Q,5,18,0.0013034872264325453
04224775,PET,Q,5,19,0.0015152019129898442
04224775,PET,Q,5,20,0.0017481238093976642
04224775,PET,Q,5,21,0.00173865476378611
04224775,PET,Q,5,22,0.0017187643361521593
04224775,PET,Q,5,23,0.0018110759807666715
04224775,PET,Q,5,24,0.002306077838935161
04224775,PET,Q,5,25,0.002042541482012203
04224775,PET,Q,5,26,0.0021537169024441333
04224775,PET,Q,5,27,0.0023618980360484987
04224775,PET,Q,5,28,0.0018999138927234954
04224775,PET,Q,5,29,0.0020198435578621665
04224775,PET,Q,5,30,0.0022753914599506764
04233000,PET,Q,5,1,0.0013176799756759866
04233000,PET,Q,5,2,0.0013675695249472236
04233000,PET,Q,5,3,0.001014784046721555
04233000,PET,Q,5,4,0.0010302645367593066
04233000,PET,Q,5,5,0.0011586398859004046
04233000,PET,Q,5,6,0.0015102275747849656
04233000,PET,Q,5,7,0.0009972243016894908
04233000,PET,Q,5,8,0.0012426513803459258
04233000,PET,Q,5,9,0.0013083123075320058
04233000,PET,Q,5,10,0.0010583227231411377
04233000,PET,Q,5,11,0.0009607158382946568
04233000,PET,Q,5,12,0.001351035957442355
04233000,PET,Q,5,13,0.0014491311553652547
04233000,PET,Q,5,14,0.001011932706983798
04233000,PET,Q,5,15,0.0015480882861935788
04233000,PET,Q,5,16,0.0014483884926268162
04233000,PET,Q,5,17,0.0010906201281081843
04233000,PET,Q,5,18,0.0011428034164575399
04233000,PET,Q,5,19,0.0009547740370811283
04233000,PET,Q,5,20,0.0010308434852139003
04233000,PET,Q,5,21,0.0011390504244400898
04233000,PET,Q,5,22,0.0011790244850464066
04233000,PET,Q,5,23,0.0012015250421233067
04233000,PET,Q,5,24,0.0013782774559101887
04233000,PET,Q,5,25,0.0016204802409830465
04233000,PET,Q,5,26,0.001168389227368706
04233000,PET,Q,5,27,0.001458808924026965
04233000,PET,Q,5,28,0.001241397914916835
04233000,PET,Q,5,29,0.001132952294246245
04233000,PET,Q,5,30,0.0013141991116706747
04256000,PET,Q,5,1,0.0026225676521207664
04256000,PET,Q,5,2,0.0022351916323354593
04256000,PET,Q,5,3,0.0018045750307147668
04256000,PET,Q,5,4,0.0017252608714395101
04256000,PET,Q,5,5,0.0019607906231949024
04256000,PET,Q,5,6,0.0020665713099681654
04256000,PET,Q,5,7,0.001717492728047984
04256000,PET,Q,5,8,0.00221628933222931
04256000,PET,Q,5,9,0.0020196148848233703
04256000,PET,Q,5,10,0.001836182936931982
04256000,PET,Q,5,11,0.001688319551444148
04256000,PET,Q,5,12,0.0019795121087323453
04256000,PET,Q,5,13,0.0022883167983678426
04256000,PET,Q,5,14,0.0022132988088143374
04256000,PET,Q,5,15,0.0018139718175264885
04256000,PET,Q,5,16,0.0016518906854778026
04256000,PET,Q,5,17,0.0020358022163047967
04256000,PET,Q,5,18,0.0025130959839919503
04256000,PET,Q,5,19,0.0020043547230950143
04256000,PET,Q,5,20,0.001676898519025985
04256000,PET,Q,5,21,0.0020293611969379316
04256000,PET,Q,5,22,0.0018622088872852355
04256000,PET,Q,5,23,0.0016179206179054023
04256000,PET,Q,5,24,0.0017488812640601703
04256000,PET,Q,5,25,0.001766573964943785
04256000,PET,Q,5,26,0.0015486991525000132
04256000,PET,Q,5,27,0.001736734602284573
04256000,PET,Q,5,28,0.0021219378482667944
04256000,PET,Q,5,29,0.0015580102378541655
04256000,PET,Q,5,30,0.002199022456552832
04296000,PET,Q,5,1,0.005418213495042734
04296000,PET,Q,5,2,0.005074926592451179
04296000,PET,Q,5,3,0.004083207806489075
04296000,PET,Q,5,4,0.004621791844786061
04296000,PET,Q,5,5,0.004072898558496851
04296000,PET,Q,5,6,0.004585789408294572
04296000,PET,Q,5,7,0.0035072165043897874
04296000,PET,Q,5,8,0.00393523427230319
04296000,PET,Q,5,9,0.004034844574322682
04296000,PET,Q,5,10,0.004082816520224297
04296000,PET,Q,5,11,0.003655741713843752
04296000,PET,Q,5,12,0.004011005783379262
04296000,PET,Q,5,13,0.003988164224581425
04296000,PET,Q,5,14,0.004588057135902102
04296000,PET,Q,5,15,0.004775944145762823
04296000,PET,Q,5,16,0.004226503384892943
04296000,PET,Q,5,17,0.003999144474283345
04296000,PET,Q,5,18,0.004462101639173599
04296000,PET,Q,5,19,0.004009687281330054
04296000,PET,Q,5,20,0.003279968621469731
04296000,PET,Q,5,21,0.0037309831919443703
04296000,PET,Q,5,22,0.003972955432928138
04296000,PET,Q,5,23,0.0032935832961273337
04296000,PET,Q,5,24,0.0036412236991779645
04296000,PET,Q,5,25,0.004003966924486679
04296000,PET,Q,5,26,0.0039733138710137395
04296000,PET,Q,5,27,0.003970835730671862
04296000,PET,Q,5,28,0.004699241060204806
04296000,PET,Q,5,29,0.004250429982644022
04296000,PET,Q,5,30,0.003811473935141363
05056000,PET,Q,5,1,0.0017391198923484008
05056000,PET,Q,5,2,0.001739101800801529
05056000,PET,Q,5,3,0.0013829939823847004
05056000,PET,Q,5,4,0.0014830634044812468
05056000,PET,Q,5,5,0.0016331211976339105
05056000,PET,Q,5,6,0.002057240072098551
05056000,PET,Q,5,7,0.00210947839516043
05056000,PET,Q,5,8,0.001734820204533985
05056000,PET,Q,5,9,0.0013963640137682337
05056000,PET,Q,5,10,0.001105967483002429
05056000,PET,Q,5,11,0.0012825866466484453
05056000,PET,Q,5,12,0.0012824506365430866
05056000,PET,Q,5,13,0.0014064260277420193
05056000,PET,Q,5,14,0.0009726413083984004
05056000,PET,Q,5,15,0.0010607028407358249
05056000,PET,Q,5,16,0.0010101681324857503
05056000,PET,Q,5,17,0.0009172187214370187
05056000,PET,Q,5,18,0.0009043178744452957
05056000,PET,Q,5,19,0.0006559150753316229
05056000,PET,Q,5,20,0.0008968998972037762
05056000,PET,Q,5,21,0.0009673516055124093
05056000,PET,Q,5,22,0.0007931131425781418
05056000,PET,Q,5,23,0.0007714557907060049
05056000,PET,Q,5,24,0.000683510403647461
05056000,PET,Q,5,25,0.0006932043032377017
05056000,PET,Q,5,26,0.0009476757794054103
05056000,PET,Q,5,27,0.0006285378295255856
05056000,PET,Q,5,28,0.0007464047937766755
05056000,PET,Q,5,29,0.0008453557455830873
05056000,PET,Q,5,30,0.0007640876817748832
05057000,PET,Q,5,1,0.002255364461504289
05057000,PET,Q,5,2,0.0020359439628793163
05057000,PET,Q,5,3,0.0020331005124574197
05057000,PET,Q,5,4,0.0024809097977494254
05057000,PET,Q,5,5,0.0020806092858714487
05057000,PET,Q,5,6,0.0015178545393720044
05057000,PET,Q,5,7,0.00130810237931267
05057000,PET,Q,5,8,0.0022479107349108463
05057000,PET,Q,5,9,0.001694403410126527
05057000,PET,Q,5,10,0.0014081410512574721
05057000,PET,Q,5,11,0.0016517017179164262
05057000,PET,Q,5,12,0.001978782728542655
05057000,PET,Q,5,13,0.0014706834431876814
05057000,PET,Q,5,14,0.0011172563835837868
05057000,PET,Q,5,15,0.0016923540439071072
05057000,PET,Q,5,16,0.0014138852572168625
05057000,PET,Q,5,17,0.0011265094669667408
05057000,PET,Q,5,18,0.001037088509114742
05057000,PET,Q,5,19,0.0012421118769978812
05057000,PET,Q,5,20,0.0010383734539973488
05057000,PET,Q,5,21,0.0009663844158146473
05057000,PET,Q,5,22,0.0011287185471553773
05057000,PET,Q,5,23,0.0009652318023140594
05057000,PET,Q,5,24,0.0010321073449435225
05057000,PET,Q,5,25,0.0006879825740073175
05057000,PET,Q,5,26,0.000963605656566946
05057000,PET,Q,5,27,0.0005851770021100267
05057000,PET,Q,5,28,0.0009787649288558464
05057000,PET,Q,5,29,0.0007810926885582492
05057000,PET,Q,5,30,0.0006968877266986528
05057200,PET,Q,5,1,0.002312804700317306
05057200,PET,Q,5,2,0.0025152951695957826
05057200,PET,Q,5,3,0.00220215390922672
05057200,PET,Q,5,4,0.001993140999268825
05057200,PET,Q,5,5,0.0016380730978329816
05057200,PET,Q,5,6,0.0016220564783827746
05057200,PET,Q,5,7,0.001581347853410714
05057200,PET,Q,5,8,0.0017812375826907756
05057200,PET,Q,5,9,0.0013941027464800942
05057200,PET,Q,5,10,0.001243847042205648
05057200,PET,Q,5,11,0.0014918313217009843
05057200,PET,Q,5,12,0.0012209110812711754
05057200,PET,Q,5,13,0.001237751176479257
05057200,PET,Q,5,14,0.0014979858102673327
05057200,PET,Q,5,15,0.0017865554687637314
05057200,PET,Q,5,16,0.0014733820120436253
05057200,PET,Q,5,17,0.0014087616608121911
05057200,PET,Q,5,18,0.0012464030564061784
05057200,PET,Q,5,19,0.0014689043120584971
05057200,PET,Q,5,20,0.0011952461532156872
05057200,PET,Q,5,21,0.001181515814769843
05057200,PET,Q,5,22,0.0014990743965510311
05057200,PET,Q,5,23,0.0010846074017551999
05057200,PET,Q,5,24,0.0013515553697911048
05057200,PET,Q,5,25,0.001208448340575638
05057200,PET,Q,5,26,0.0011320132794835902
05057200,PET,Q,5,27,0.00116912833055334
05057200,PET,Q,5,28,0.0011756788452627759
05057200,PET,Q,5,29,0.0012849952243931678
05057200,PET,Q,5,30,0.0009324350548789856
05062500,PET,Q,5,1,0.0013167257544843824
05062500,PET,Q,5,2,0.0017703197982216895
05062500,PET,Q,5,3,0.0013635784337402146
05062500,PET,Q,5,4,0.001543778940305232
05062500,PET,Q,5,5,0.0015497259532773477
05062500,PET,Q,5,6,0.001162976448880984
05062500,PET,Q,5,7,0.0013320971250577879
05062500,PET,Q,5,8,0.0014642916605328155
05062500,PET,Q,5,9,0.0014450643442354832
05062500,PET,Q,5,10,0.001418360239064942
05062500,PET,Q,5,11,0.001418189550489446
05062500,PET,Q,5,12,0.0021491314373281445
05062500,PET,Q,5,13,0.0016907813506436414
05062500,PET,Q,5,14,0.0016052078061061098
05062500,PET,Q,5,15,0.0013612546498083383
05062500,PET,Q,5,16,0.0014676668373390517
05062500,PET,Q,5,17,0.001363537298970624
05062500,PET,Q,5,18,0.0011462090346491816
05062500,PET,Q,5,19,0.001333816661881787
05062500,PET,Q,5,20,0.0014682725894122756
05062500,PET,Q,5,21,0.0010568009672843326
05062500,PET,Q,5,22,0.0010887868286779262
05062500,PET,Q,5,23,0.0010934931024190464
05062500,PET,Q,5,24,0.0010940147347723167
05062500,PET,Q,5,25,0.0010589782918875301
05062500,PET,Q,5,26,0.001384043768073412
05062500,PET,Q,5,27,0.0011817785117693713
05062500,PET,Q,5,28,0.0012053409000387094
05062500,PET,Q,5,29,0.001416125479914196
05062500,PET,Q,5,30,0.0012669217404829292
05087500,PET,Q,5,1,0.00204945534543155
05087500,PET,Q,5,2,0.0020037289031108046
05087500,PET,Q,5,3,0.001804627395863359
05087500,PET,Q,5,4,0.002737962592065768
05087500,PET,Q,5,5,0.0023511941080733845
05087500,PET,Q,5,6,0.0023672865322407893
05087500,PET,Q,5,7,0.0021758117561267304
05087500,PET,Q,5,8,0.0018445840716579953
05087500,PET,Q,5,9,0.0023815613210168424
05087500,PET,Q,5,10,0.0018093541159659443
05087500,PET,Q,5,11,0.0013654024425942962
05087500,PET,Q,5,12,0.0018047647282399548
05087500,PET,Q,5,13,0.0015012400447022706
05087500,PET,Q,5,14,0.0017793797270172357
05087500,PET,Q,5,15,0.0015759898245916032
05087500,PET,Q,5,16,0.001637225994543079
05087500,PET,Q,5,17,0.001425635277838802
05087500,PET,Q,5,18,0.0018224569544312147
05087500,PET,Q,5,19,0.0016540293037051318
05087500,PET,Q,5,20,0.0016588768563716993
05087500,PET,Q,5,21,0.0014594052807348351
05087500,PET,Q,5,22,0.0013221470145787922
05087500,PET,Q,5,23,0.0013226518511609692
05087500,PET,Q,5,24,0.0011841852027809074
05087500,PET,Q,5,25,0.0013105002150988199
05087500,PET,Q,5,26,0.0013356371352758328
05087500,PET,Q,5,27,0.0012891933736192962
05087500,PET,Q,5,28,0.001549916601052248
05087500,PET,Q,5,29,0.0013721132379636153
05087500,PET,Q,5,30,0.0017214513571296441
05120500,PET,Q,5,1,0.0015875059350809947
05120500,PET,Q,5,2,0.001773093561766373
05120500,PET,Q,5,3,0.002132417445807458
05120500,PET,Q,5,4,0.0022601402907289347
05120500,PET,Q,5,5,0.002603683445071822
05120500,PET,Q,5,6,0.0015473925895256313
05120500,PET,Q,5,7,0.001494529133454818
05120500,PET,Q,5,8,0.0007858240799274233
05120500,PET,Q,5,9,0.0008565879051628048
05120500,PET,Q,5,10,0.0011224018412957157
05120500,PET,Q,5,11,0.0011838347580820502
05120500,PET,Q,5,12,0.0009914935869113975
05120500,PET,Q,5,13,0.0009982464977647543
05120500,PET,Q,5,14,0.001013192068177661
05120500,PET,Q,5,15,0.0014515107401023575
05120500,PET,Q,5,16,0.0015415179637475185
05120500,PET,Q,5,17,0.0012711314140397972
05120500,PET,Q,5,18,0.001043678141887168
05120500,PET,Q,5,19,0.0008457686742970524
05120500,PET,Q,5,20,0.0008984862431166626
05120500,PET,Q,5,21,0.0006275891537252803
05120500,PET,Q,5,22,0.0006853323576263837
05120500,PET,Q,5,23,0.0007004509321149946
05120500,PET,Q,5,24,0.0006734171077724602
05120500,PET,Q,5,25,0.0008382948284992447
05120500,PET,Q,5,26,0.0007023968821637042
05120500,PET,Q,5,27,0.0005606665097537059
05120500,PET,Q,5,28,0.0007913096700710581
05120500,PET,Q,5,29,0.0007576082522947961
05120500,PET,Q,5,30,0.0010686284801301044
05123400,PET,Q,5,1,0.0026700638432274604
05123400,PET,Q,5,2,0.003453037347290022
05123400,PET,Q,5,3,0.002471475741861906
05123400,PET,Q,5,4,0.0022791040401421714
05123400,PET,Q,5,5,0.002632991071278956
05123400,PET,Q,5,6,0.0024501730379987985
05123400,PET,Q,5,7,0.002927230105066486
05123400,PET,Q,5,8,0.0025000198654404615
05123400,PET,Q,5,9,0.00260981026137172
05123400,PET,Q,5,10,0.0022010378003010367
05123400,PET,Q,5,11,0.001175646663790192
05123400,PET,Q,5,12,0.0014051836614908386
05123400,PET,Q,5,13,0.0014712982558331145
05123400,PET,Q,5,14,0.0018679453238924226
05123400,PET,Q,5,15,0.002169965343431224
05123400,PET,Q,5,16,0.0014574983730136493
05123400,PET,Q,5,17,0.0015292778542183305
05123400,PET,Q,5,18,0.0023841738332563978
05123400,PET,Q,5,19,0.0018607091963561972
05123400,PET,Q,5,20,0.0018888038670886176
05123400,PET,Q,5,21,0.0017560786941016038
05123400,PET,Q,5,22,0.0014470340686271455
05123400,PET,Q,5,23,0.0021344050802150905
05123400,PET,Q,5,24,0.0018812045281222933
05123400,PET,Q,5,25,0.0015551640666732758
05123400,PET,Q,5,26,0.001964865579374253
05123400,PET,Q,5,27,0.0017748424477485591
05123400,PET,Q,5,28,0.0018834017404849301
05123400,PET,Q,5,29,0.0019274020098938027
05123400,PET,Q,5,30,0.0014106485623969767
05129115,PET,Q,5,1,0.006208928252175783
05129115,PET,Q,5,2,0.004879369464860117
05129115,PET,Q,5,3,0.0044054772826372934
05129115,PET,Q,5,4,0.00467610207112068
05129115,PET,Q,5,5,0.004503939098026932
05129115,PET,Q,5,6,0.004893002386818113
05129115,PET,Q,5,7,0.004731513787569197
05129115,PET,Q,5,8,0.0049676949188323105
05129115,PET,Q,5,9,0.004984426863601343
05129115,PET,Q,5,10,0.004539679194965007
05129115,PET,Q,5,11,0.005512413088464729
05129115,PET,Q,5,12,0.004727024200549712
05129115,PET,Q,5,13,0.005190498188776149
05129115,PET,Q,5,14,0.0037819953591362587
05129115,PET,Q,5,15,0.004545321989662732
05129115,PET,Q,5,16,0.003361117935735791
05129115,PET,Q,5,17,0.002737737262433315
05129115,PET,Q,5,18,0.0028952770788078785
05129115,PET,Q,5,19,0.0034972035069092966
05129115,PET,Q,5,20,0.0026190786806268296
05129115,PET,Q,5,21,0.0033284003062538092
05129115,PET,Q,5,22,0.0032767998224580985
05129115,PET,Q,5,23,0.0033434021450520213
05129115,PET,Q,5,24,0.0033048434722898756
05129115,PET,Q,5,25,0.002815525715891831
05129115,PET,Q,5,26,0.002447101391331641
05129115,PET,Q,5,27,0.0025486436704437176
05129115,PET,Q,5,28,0.0022607794930332714
05129115,PET,Q,5,29,0.0024665909272243436
05129115,PET,Q,5,30,0.002322198012621346
05131500,PET,Q,5,1,0.006322441455586192
05131500,PET,Q,5,2,0.005452291899314121
05131500,PET,Q,5,3,0.004876479687131785
05131500,PET,Q,5,4,0.004426230173244117
05131500,PET,Q,5,5,0.004792695867244068
05131500,PET,Q,5,6,0.0042864549174380095
05131500,PET,Q,5,7,0.004530967405776687
05131500,PET,Q,5,8,0.004384322989079703
05131500,PET,Q,5,9,0.004979978039502231
05131500,PET,Q,5,10,0.0036906327945392947
05131500,PET,Q,5,11,0.0035554821983515006
05131500,PET,Q,5,12,0.003816121411903406
05131500,PET,Q,5,13,0.003399745336297111
05131500,PET,Q,5,14,0.003234157105513058
05131500,PET,Q,5,15,0.0029310837798454115
05131500,PET,Q,5,16,0.003666567582275848
05131500,PET,Q,5,17,0.0038653313545062296
05131500,PET,Q,5,18,0.003938888603920554
05131500,PET,Q,5,19,0.0035268314196116313
05131500,PET,Q,5,20,0.0025628254210937063
05131500,PET,Q,5,21,0.0028516863792066305
05131500,PET,Q,5,22,0.002740498226015353
05131500,PET,Q,5,23,0.0036368559827799074
05131500,PET,Q,5,24,0.003483844427894456
05131500,PET,Q,5,25,0.0029652139725310223
05131500,PET,Q,5,26,0.0027733376197105475
05131500,PET,Q,5,27,0.0030066227050355443
05131500,PET,Q,5,28,0.00249845977471691
05131500,PET,Q,5,29,0.0026807385634300407
05131500,PET,Q,5,30,0.0025799158702641267
05291000,PET,Q,5,1,0.0029434993586751196
05291000,PET,Q,5,2,0.002751053948685425
05291000,PET,Q,5,3,0.002344509665805204
05291000,PET,Q,5,4,0.002208508469106474
05291000,PET,Q,5,5,0.0023171882657656434
05291000,PET,Q,5,6,0.0023678765523889728
05291000,PET,Q,5,7,0.002094875711969854
05291000,PET,Q,5,8,0.002412500403982186
05291000,PET,Q,5,9,0.0018912039887172272
05291000,PET,Q,5,10,0.0019261097166019536
05291000,PET,Q,5,11,0.001939156014849494
05291000,PET,Q,5,12,0.0013008788570752217
05291000,PET,Q,5,13,0.0017006689850063775
05291000,PET,Q,5,14,0.0017337161701500362
05291000,PET,Q,5,15,0.0016216618463312377
05291000,PET,Q,5,16,0.001788786088685962
05291000,PET,Q,5,17,0.002335910314910615
05291000,PET,Q,5,18,0.0017685088625344556
05291000,PET,Q,5,19,0.0013161651697365245
05291000,PET,Q,5,20,0.0016112816747211114
05291000,PET,Q,5,21,0.0016721530755344632
05291000,PET,Q,5,22,0.0014390992107278303
05291000,PET,Q,5,23,0.0015624936315407206
05291000,PET,Q,5,24,0.0019393126273819644
05291000,PET,Q,5,25,0.0012559846307118316
05291000,PET,Q,5,26,0.001491658929301247
05291000,PET,Q,5,27,0.0016489043955483854
05291000,PET,Q,5,28,0.0015480367936541728
05291000,PET,Q,5,29,0.0012266998536971802
05291000,PET,Q,5,30,0.0012029405858261094
05362000,PET,Q,5,1,0.005607957976465072
05362000,PET,Q,5,2,0.0033998737033097137
05362000,PET,Q,5,3,0.004164087290364049
05362000,PET,Q,5,4,0.004074997157202637
05362000,PET,Q,5,5,0.004512411007667777
05362000,PET,Q,5,6,0.004428857621595783
05362000,PET,Q,5,7,0.005132564401927497
05362000,PET,Q,5,8,0.005379429443165634
05362000,PET,Q,5,9,0.00411882064524885
05362000,PET,Q,5,10,0.004833370194908149
05362000,PET,Q,5,11,0.004701634462354137
05362000,PET,Q,5,12,0.004371793150105746
05362000,PET,Q,5,13,0.0036295879323389735
05362000,PET,Q,5,14,0.004106980659988907
05362000,PET,Q,5,15,0.004001224761687655
05362000,PET,Q,5,16,0.002846972238131157
05362000,PET,Q,5,17,0.004258732501973617
05362000,PET,Q,5,18,0.004510554553052215
05362000,PET,Q,5,19,0.003967559505638679
05362000,PET,Q,5,20,0.003264194820936206
05362000,PET,Q,5,21,0.00436921152838235
05362000,PET,Q,5,22,0.004420004302930047
05362000,PET,Q,5,23,0.003337432203625451
05362000,PET,Q,5,24,0.002935073695491952
05362000,PET,Q,5,25,0.0032392160774974976
05362000,PET,Q,5,26,0.0029478592905777534
05362000,PET,Q,5,27,0.002959897526141758
05362000,PET,Q,5,28,0.0032793923704038663
05362000,PET,Q,5,29,0.0032739659015716405
05362000,PET,Q,5,30,0.0034987913629446477
05393500,PET,Q,5,1,0.004643510690337527
05393500,PET,Q,5,2,0.00507771300550533
05393500,PET,Q,5,3,0.004848345301939894
05393500,PET,Q,5,4,0.004427924540955808
05393500,PET,Q,5,5,0.004723000057892501
05393500,PET,Q,5,6,0.004784256938223874
05393500,PET,Q,5,7,0.00514206504121445
05393500,PET,Q,5,8,0.004321623641126593
05393500,PET,Q,5,9,0.004498002801833656
05393500,PET,Q,5,10,0.0050294589803759615
05393500,PET,Q,5,11,0.0043759539583129725
05393500,PET,Q,5,12,0.0034823095423449357
05393500,PET,Q,5,13,0.0045013868400993196
05393500,PET,Q,5,14,0.0034096188012648077
05393500,PET,Q,5,15,0.0037324853881989806
05393500,PET,Q,5,16,0.004260599491797662
05393500,PET,Q,5,17,0.003962627660292234
05393500,PET,Q,5,18,0.004138866751488085
05393500,PET,Q,5,19,0.004022979848120889
05393500,PET,Q,5,20,0.005088117001877501
05393500,PET,Q,5,21,0.0040483561526988565
05393500,PET,Q,5,22,0.0036000442772617935
05393500,PET,Q,5,23,0.0031287261742591332
05393500,PET,Q,5,24,0.004094769689901384
05393500,PET,Q,5,25,0.003582945430088025
05393500,PET,Q,5,26,0.003151607241580978
05393500,PET,Q,5,27,0.0030675473554029886
05393500,PET,Q,5,28,0.003176707555417574
05393500,PET,Q,5,29,0.0029527654932806346
05393500,PET,Q,5,30,0.0034161133322266057
05399500,PET,Q,5,1,0.004834251848662763
05399500,PET,Q,5,2,0.004498302700590054
05399500,PET,Q,5,3,0.004729958859930661
05399500,PET,Q,5,4,0.003891973893234979
05399500,PET,Q,5,5,0.005264441136338005
05399500,PET,Q,5,6,0.004436852102952055
05399500,PET,Q,5,7,0.0042567455474994825
05399500,PET,Q,5,8,0.004659635868907525
05399500,PET,Q,5,9,0.004610968097030793
05399500,PET,Q,5,10,0.003625772440411304
05399500,PET,Q,5,11,0.003673209467524058
05399500,PET,Q,5,12,0.003571759961055493
05399500,PET,Q,5,13,0.00310681658382507
05399500,PET,Q,5,14,0.0029838706897994116
05399500,PET,Q,5,15,0.004226132813690414
05399500,PET,Q,5,16,0.00334267712240717
05399500,PET,Q,5,17,0.004247804391782933
05399500,PET,Q,5,18,0.003272215829916561
05399500,PET,Q,5,19,0.0026473999321043606
05399500,PET,Q,5,20,0.0033887755406645514
05399500,PET,Q,5,21,0.0036740771370845082
05399500,PET,Q,5,22,0.002990356432039265
05399500,PET,Q,5,23,0.002936981096235969
05399500,PET,Q,5,24,0.0033951924550838786
05399500,PET,Q,5,25,0.0032102358920878538
05399500,PET,Q,5,26,0.0028091881583081763
05399500,PET,Q,5,27,0.003267839781718837
05399500,PET,Q,5,28,0.002707118153845181
05399500,PET,Q,5,29,0.0025858996443581805
05399500,PET,Q,5,30,0.0025289201534022115
05408000,PET,Q,5,1,0.00041938957933793444
05408000,PET,Q,5,2,0.00030864433769194673
05408000,PET,Q,5,3,0.0003102327848893841
05408000,PET,Q,5,4,0.0003085822760601183
05408000,PET,Q,5,5,0.00031031706293822327
05408000,PET,Q,5,6,0.00031187320650627286
05408000,PET,Q,5,7,0.00031353985962684263
05408000,PET,Q,5,8,0.00031188699021060615
05408000,PET,Q,5,9,0.0003118927330271063
05408000,PET,Q,5,10,0.0003136320608412525
05408000,PET,Q,5,11,0.00031363794111867113
05408000,PET,Q,5,12,0.00041150188273388674
05408000,PET,Q,5,13,0.0003137243272640783
05408000,PET,Q,5,14,0.00031188494643836356
05408000,PET,Q,5,15,0.0003136614562522875
05408000,PET,Q,5,16,0.00023803640581124535
05408000,PET,Q,5,17,0.0003137844672928755
05408000,PET,Q,5,18,0.00031382843565462386
05408000,PET,Q,5,19,0.0003119509614361903
05408000,PET,Q,5,20,0.0003119558631020066
05408000,PET,Q,5,21,0.0003119607980789207
05408000,PET,Q,5,22,0.00031196576637436586
05408000,PET,Q,5,23,0.0003119722668182808
05408000,PET,Q,5,24,0.00023807859388119863
05408000,PET,Q,5,25,0.00023629849891547167
05408000,PET,Q,5,26,0.0003137626707307283
05408000,PET,Q,5,27,0.000236311820194437
05408000,PET,Q,5,28,0.00033764534870495567
05408000,PET,Q,5,29,0.00023628094459313652
05408000,PET,Q,5,30,0.00023803180336921283
05412500,PET,Q,5,1,0.0015622017634126933
05412500,PET,Q,5,2,0.001557873225284917
05412500,PET,Q,5,3,0.001407489056936037
05412500,PET,Q,5,4,0.002199243402162737
05412500,PET,Q,5,5,0.0016539580433218223
05412500,PET,Q,5,6,0.0021171715778260727
05412500,PET,Q,5,7,0.0015713946436761508
05412500,PET,Q,5,8,0.0016451556410635726
05412500,PET,Q,5,9,0.0017869062817837747
05412500,PET,Q,5,10,0.0017194273041865188
05412500,PET,Q,5,11,0.0013856982305640725
05412500,PET,Q,5,12,0.001652682314742679
05412500,PET,Q,5,13,0.0019532714432051596
05412500,PET,Q,5,14,0.0019077277235672388
05412500,PET,Q,5,15,0.0014326448728580257
05412500,PET,Q,5,16,0.0017441322770673576
05412500,PET,Q,5,17,0.001289322743930732
05412500,PET,Q,5,18,0.0014963383434555486
05412500,PET,Q,5,19,0.0016438259610831452
05412500,PET,Q,5,20,0.0017802172314491799
05412500,PET,Q,5,21,0.0016356333894107927
05412500,PET,Q,5,22,0.0015675654054654112
05412500,PET,Q,5,23,0.0014351296533110167
05412500,PET,Q,5,24,0.001649865407646063
05412500,PET,Q,5,25,0.0018067737095442266
05412500,PET,Q,5,26,0.001525354503227029
05412500,PET,Q,5,27,0.001701150842118429
05412500,PET,Q,5,28,0.0019010108200394824
05412500,PET,Q,5,29,0.001839953740607081
05412500,PET,Q,5,30,0.0014992383244323143
05413500,PET,Q,5,1,0.0017611288580337454
05413500,PET,Q,5,2,0.001689652276925857
05413500,PET,Q,5,3,0.0018386545404759959
05413500,PET,Q,5,4,0.0015487236426199175
05413500,PET,Q,5,5,0.0017831300102581563
05413500,PET,Q,5,6,0.002141028663050132
05413500,PET,Q,5,7,0.0017444576570050767
05413500,PET,Q,5,8,0.0019155246869573296
05413500,PET,Q,5,9,0.0019055228874944076
05413500,PET,Q,5,10,0.002032353488937027
05413500,PET,Q,5,11,0.0017458327536031652
05413500,PET,Q,5,12,0.00200932963481008
05413500,PET,Q,5,13,0.0016070469389706243
05413500,PET,Q,5,14,0.0013735384854175747
05413500,PET,Q,5,15,0.0015754755057981115
05413500,PET,Q,5,16,0.0016619593071295277
05413500,PET,Q,5,17,0.0016577360810166863
05413500,PET,Q,5,18,0.001595956588937509
05413500,PET,Q,5,19,0.001627096139960732
05413500,PET,Q,5,20,0.0016977438006881632
05413500,PET,Q,5,21,0.0015667409072095892
05413500,PET,Q,5,22,0.0017546001591777494
05413500,PET,Q,5,23,0.0017974239409663112
05413500,PET,Q,5,24,0.0016165250639028732
05413500,PET,Q,5,25,0.0015711740378539507
05413500,PET,Q,5,26,0.0017890161375711464
05413500,PET,Q,5,27,0.001489328780447028
05413500,PET,Q,5,28,0.0015123265733671086
05413500,PET,Q,5,29,0.0016865842269877841
05413500,PET,Q,5,30,0.0017050188153670542
05414000,PET,Q,5,1,0.001339192374692249
05414000,PET,Q,5,2,0.0009885774952143461
05414000,PET,Q,5,3,0.0010544472649941725
05414000,PET,Q,5,4,0.0009510369773919267
05414000,PET,Q,5,5,0.001005823003966566
05414000,PET,Q,5,6,0.0010583374547721604
05414000,PET,Q,5,7,0.001260250809222603
05414000,PET,Q,5,8,0.0009933952700866416
05414000,PET,Q,5,9,0.0012034100891986019
05414000,PET,Q,5,10,0.0012135207252769523
05414000,PET,Q,5,11,0.00121670497787197
05414000,PET,Q,5,12,0.0013249642755400644
05414000,PET,Q,5,13,0.0016193197457409457
05414000,PET,Q,5,14,0.000921573480943589
05414000,PET,Q,5,15,0.0013544173418672222
05414000,PET,Q,5,16,0.0012583560930002798
05414000,PET,Q,5,17,0.0011146415465553249
05414000,PET,Q,5,18,0.0014880128815638674
05414000,PET,Q,5,19,0.001142624697580228
05414000,PET,Q,5,20,0.0013503267516275647
05414000,PET,Q,5,21,0.0012757007606304833
05414000,PET,Q,5,22,0.0011864504773825037
05414000,PET,Q,5,23,0.0011664028184939848
05414000,PET,Q,5,24,0.0012426636641424543
05414000,PET,Q,5,25,0.0007642190222401056
05414000,PET,Q,5,26,0.0010951900546551409
05414000,PET,Q,5,27,0.0013480231106349772
05414000,PET,Q,5,28,0.0013514011879651525
05414000,PET,Q,5,29,0.001330803451298039
05414000,PET,Q,5,30,0.0013072010158804402
05444000,PET,Q,5,1,0.002221668258452339
05444000,PET,Q,5,2,0.0021482898339245105
05444000,PET,Q,5,3,0.0022384036573302873
05444000,PET,Q,5,4,0.0026748380869779376
05444000,PET,Q,5,5,0.002198127922735389
05444000,PET,Q,5,6,0.002228737299803614
05444000,PET,Q,5,7,0.0025173311079460317
05444000,PET,Q,5,8,0.00223164788415961
05444000,PET,Q,5,9,0.0020449982173116263
05444000,PET,Q,5,10,0.002327442475294046
05444000,PET,Q,5,11,0.0022631319403130026
05444000,PET,Q,5,12,0.0021233460221613473
05444000,PET,Q,5,13,0.0020326332638768707
05444000,PET,Q,5,14,0.002010591580145625
05444000,PET,Q,5,15,0.002182161853733801
05444000,PET,Q,5,16,0.002242238879669796
05444000,PET,Q,5,17,0.0022256484141368743
05444000,PET,Q,5,18,0.002631688888581993
05444000,PET,Q,5,19,0.0024297855615250177
05444000,PET,Q,5,20,0.0021344557678713225
05444000,PET,Q,5,21,0.0022857622334881422
05444000,PET,Q,5,22,0.0024283727053299037
05444000,PET,Q,5,23,0.002408777962714645
05444000,PET,Q,5,24,0.002456802952468716
05444000,PET,Q,5,25,0.0025348929059999595
05444000,PET,Q,5,26,0.002251723326935018
05444000,PET,Q,5,27,0.002211815792909348
05444000,PET,Q,5,28,0.0023594429640409753
05444000,PET,Q,5,29,0.0024685029172588357
05444000,PET,Q,5,30,0.002188754741995126
05454000,PET,Q,5,1,0.0020592112858848557
05454000,PET,Q,5,2,0.002122822233419676
05454000,PET,Q,5,3,0.0019295201315315882
05454000,PET,Q,5,4,0.0021321058762894946
05454000,PET,Q,5,5,0.002263997267224545
05454000,PET,Q,5,6,0.002557566473199338
05454000,PET,Q,5,7,0.002128205293076779
05454000,PET,Q,5,8,0.002357154393996405
05454000,PET,Q,5,9,0.001710564783172372
05454000,PET,Q,5,10,0.00211134723745654
05454000,PET,Q,5,11,0.001641794994666844
05454000,PET,Q,5,12,0.0019589650190847407
05454000,PET,Q,5,13,0.0018558524022812828
05454000,PET,Q,5,14,0.0015626526458692239
05454000,PET,Q,5,15,0.0022512558319722625
05454000,PET,Q,5,16,0.0019030256800665682
05454000,PET,Q,5,17,0.0018181919746065173
05454000,PET,Q,5,18,0.0018213491836803833
05454000,PET,Q,5,19,0.002020784569014812
05454000,PET,Q,5,20,0.0018483495281522155
05454000,PET,Q,5,21,0.0018709539215923526
05454000,PET,Q,5,22,0.002225878357857418
05454000,PET,Q,5,23,0.0017190930904267474
05454000,PET,Q,5,24,0.0015673732702744109
05454000,PET,Q,5,25,0.0018704541646559145
05454000,PET,Q,5,26,0.002108423555068663
05454000,PET,Q,5,27,0.002203831008887089
05454000,PET,Q,5,28,0.0017948529055628742
05454000,PET,Q,5,29,0.001741443014042457
05454000,PET,Q,5,30,0.002277353152256245
05458000,PET,Q,5,1,0.001073823939934099
05458000,PET,Q,5,2,0.0010518240076039312
05458000,PET,Q,5,3,0.0011191944574950909
05458000,PET,Q,5,4,0.0009088151934469359
05458000,PET,Q,5,5,0.0010314345707045144
05458000,PET,Q,5,6,0.001127934616694153
05458000,PET,Q,5,7,0.0010099807611994877
05458000,PET,Q,5,8,0.001037733482799768
05458000,PET,Q,5,9,0.0011028514061328116
05458000,PET,Q,5,10,0.001308666712519807
05458000,PET,Q,5,11,0.0008433814053866902
05458000,PET,Q,5,12,0.001152784752548916
05458000,PET,Q,5,13,0.0009885624469981105
05458000,PET,Q,5,14,0.0010581283039344698
05458000,PET,Q,5,15,0.0010078881382214813
05458000,PET,Q,5,16,0.0009248831160826761
05458000,PET,Q,5,17,0.0009789493331195994
05458000,PET,Q,5,18,0.0009455493702724884
05458000,PET,Q,5,19,0.0011401493936349302
05458000,PET,Q,5,20,0.0008156451024562989
05458000,PET,Q,5,21,0.0012280414701091192
05458000,PET,Q,5,22,0.0008985966892168899
05458000,PET,Q,5,23,0.0010455887337830223
05458000,PET,Q,5,24,0.0008604155190516296
05458000,PET,Q,5,25,0.000818173173237631
05458000,PET,Q,5,26,0.0011896629528601078
05458000,PET,Q,5,27,0.0009464379052181345
05458000,PET,Q,5,28,0.0007802197218864798
05458000,PET,Q,5,29,0.0010850271309965649
05458000,PET,Q,5,30,0.0009741864085153693
05466500,PET,Q,5,1,0.00327582663017853
05466500,PET,Q,5,2,0.0031578873432978605
05466500,PET,Q,5,3,0.00207189269007918
05466500,PET,Q,5,4,0.0027031424114439817
05466500,PET,Q,5,5,0.002499871436267176
05466500,PET,Q,5,6,0.0024868487096267877
05466500,PET,Q,5,7,0.0025891600520656366
05466500,PET,Q,5,8,0.0026684842800863695
05466500,PET,Q,5,9,0.0024764996240002612
05466500,PET,Q,5,10,0.0029491491823957494
05466500,PET,Q,5,11,0.0019108711431207182
05466500,PET,Q,5,12,0.0021857824447794327
05466500,PET,Q,5,13,0.0019438406820017073
05466500,PET,Q,5,14,0.0024621653159818124
05466500,PET,Q,5,15,0.002526810785871081
05466500,PET,Q,5,16,0.002483617966509255
05466500,PET,Q,5,17,0.002285564348953023
05466500,PET,Q,5,18,0.0018495954781364288
05466500,PET,Q,5,19,0.002003126009099576
05466500,PET,Q,5,20,0.0018123074280511353
05466500,PET,Q,5,21,0.002100911112770998
05466500,PET,Q,5,22,0.0020869696168384355
05466500,PET,Q,5,23,0.002141693571929254
05466500,PET,Q,5,24,0.0021264404079016086
05466500,PET,Q,5,25,0.0024734007985982853
05466500,PET,Q,5,26,0.0019623950621749098
05466500,PET,Q,5,27,0.002508106759572165
05466500,PET,Q,5,28,0.0018159969746422977
05466500,PET,Q,5,29,0.0020375215647690237
05466500,PET,Q,5,30,0.0020526225990984137
05487980,PET,Q,5,1,0.0031789794823402634
05487980,PET,Q,5,2,0.0029624108246758124
05487980,PET,Q,5,3,0.0026927245736738104
05487980,PET,Q,5,4,0.0032722536688929785
05487980,PET,Q,5,5,0.0022577289755410443
05487980,PET,Q,5,6,0.00229797361962214
05487980,PET,Q,5,7,0.0028356456096021165
05487980,PET,Q,5,8,0.002413346210563716
05487980,PET,Q,5,9,0.0024932861031640857
05487980,PET,Q,5,10,0.002708004858747483
05487980,PET,Q,5,11,0.0022991427932321506
05487980,PET,Q,5,12,0.0025417902937491937
05487980,PET,Q,5,13,0.002384513979325084
05487980,PET,Q,5,14,0.0023849434129068203
05487980,PET,Q,5,15,0.0025643370618543965
05487980,PET,Q,5,16,0.0023310592618535006
05487980,PET,Q,5,17,0.0022250178903020015
05487980,PET,Q,5,18,0.002229494526342024
05487980,PET,Q,5,19,0.0021248660777920814
05487980,PET,Q,5,20,0.00242116672198997
05487980,PET,Q,5,21,0.0023742238645895475
05487980,PET,Q,5,22,0.002289978924116226
05487980,PET,Q,5,23,0.0021344629554352346
05487980,PET,Q,5,24,0.001868507955224398
05487980,PET,Q,5,25,0.002223991860185015
05487980,PET,Q,5,26,0.002134183196837905
05487980,PET,Q,5,27,0.0026764670495424275
05487980,PET,Q,5,28,0.0016188737982230778
05487980,PET,Q,5,29,0.0016384558382899067
05487980,PET,Q,5,30,0.002092201564174133
05488200,PET,Q,5,1,0.002487457498483954
05488200,PET,Q,5,2,0.002473987948414337
05488200,PET,Q,5,3,0.0031029685599322995
05488200,PET,Q,5,4,0.002916904322345898
05488200,PET,Q,5,5,0.0018975003625653422
05488200,PET,Q,5,6,0.0021120073290537694
05488200,PET,Q,5,7,0.002115002127495838
05488200,PET,Q,5,8,0.0018358638152400839
05488200,PET,Q,5,9,0.0019559892099485637
05488200,PET,Q,5,10,0.0019293612430825377
05488200,PET,Q,5,11,0.0023177264814353074
05488200,PET,Q,5,12,0.0019334173656206724
05488200,PET,Q,5,13,0.0022290587155478978
05488200,PET,Q,5,14,0.0023502883478139294
05488200,PET,Q,5,15,0.0019292211114051022
05488200,PET,Q,5,16,0.0019572770018771793
05488200,PET,Q,5,17,0.00167864152498573
05488200,PET,Q,5,18,0.001647190971130738
05488200,PET,Q,5,19,0.0021988247390502674
05488200,PET,Q,5,20,0.0018035093905833799
05488200,PET,Q,5,21,0.0013416039715475267
05488200,PET,Q,5,22,0.001895592691233343
05488200,PET,Q,5,23,0.0022851979409113238
05488200,PET,Q,5,24,0.001975016417718474
05488200,PET,Q,5,25,0.0023186620432878724
05488200,PET,Q,5,26,0.0018478914542000777
05488200,PET,Q,5,27,0.0015772819398500934
05488200,PET,Q,5,28,0.0016911718421680697
05488200,PET,Q,5,29,0.001757676380203542
05488200,PET,Q,5,30,0.0017087500824423327
05489000,PET,Q,5,1,0.001980104454945387
05489000,PET,Q,5,2,0.0018837352794968086
05489000,PET,Q,5,3,0.001786233567285446
05489000,PET,Q,5,4,0.0021655464778881257
05489000,PET,Q,5,5,0.0017984013247887912
05489000,PET,Q,5,6,0.001912192785109925
05489000,PET,Q,5,7,0.0018872662382743467
05489000,PET,Q,5,8,0.002114068700056499
05489000,PET,Q,5,9,0.0019376701715899912
05489000,PET,Q,5,10,0.0020756823331064926
05489000,PET,Q,5,11,0.0016889153008621295
05489000,PET,Q,5,12,0.0016096482943031738
05489000,PET,Q,5,13,0.0017088195115150702
05489000,PET,Q,5,14,0.0023746286548216172
05489000,PET,Q,5,15,0.0015699345845016782
05489000,PET,Q,5,16,0.001609750224432653
05489000,PET,Q,5,17,0.0014584033949213253
05489000,PET,Q,5,18,0.0014684008464015581
05489000,PET,Q,5,19,0.0015729181571677853
05489000,PET,Q,5,20,0.0015736543164750587
05489000,PET,Q,5,21,0.001794065841529812
05489000,PET,Q,5,22,0.0018826486047546463
05489000,PET,Q,5,23,0.0018135168317977048
05489000,PET,Q,5,24,0.0017578310817019174
05489000,PET,Q,5,25,0.0019145138528493498
05489000,PET,Q,5,26,0.0018056180729701249
05489000,PET,Q,5,27,0.0015496786439271014
05489000,PET,Q,5,28,0.0018883392832709928
05489000,PET,Q,5,29,0.0018972101284698943
05489000,PET,Q,5,30,0.0013637781893406954
05495000,PET,Q,5,1,0.0019133160475728328
05495000,PET,Q,5,2,0.0016215700505096409
05495000,PET,Q,5,3,0.0014320788068676177
05495000,PET,Q,5,4,0.0016248907523516987
05495000,PET,Q,5,5,0.0016157374757917314
05495000,PET,Q,5,6,0.0011415849853947668
05495000,PET,Q,5,7,0.0014244246213507422
05495000,PET,Q,5,8,0.0015117429689188305
05495000,PET,Q,5,9,0.0011063868637663232
05495000,PET,Q,5,10,0.0017065311481590517
05495000,PET,Q,5,11,0.0013394837880893878
05495000,PET,Q,5,12,0.001375615882709319
05495000,PET,Q,5,13,0.0011849510326742002
05495000,PET,Q,5,14,0.00207779084566663
05495000,PET,Q,5,15,0.0016546458474000075
05495000,PET,Q,5,16,0.0020740610736981885
05495000,PET,Q,5,17,0.0017607051177890853
05495000,PET,Q,5,18,0.0015008204852959839
05495000,PET,Q,5,19,0.001672465002939147
05495000,PET,Q,5,20,0.0013642144083780144
05495000,PET,Q,5,21,0.0011864175816217182
05495000,PET,Q,5,22,0.0010773078440522166
05495000,PET,Q,5,23,0.0017732971659118468
05495000,PET,Q,5,24,0.0015432714451803636
05495000,PET,Q,5,25,0.001308341061066684
05495000,PET,Q,5,26,0.0019379001809662344
05495000,PET,Q,5,27,0.001656156052347757
05495000,PET,Q,5,28,0.0018633329008841265
05495000,PET,Q,5,29,0.0015529565599297912
05495000,PET,Q,5,30,0.0015922358744988457
05495500,PET,Q,5,1,0.001493621360603374
05495500,PET,Q,5,2,0.002514898839751832
05495500,PET,Q,5,3,0.0017994804825155059
05495500,PET,Q,5,4,0.0015270004065763565
05495500,PET,Q,5,5,0.0020106708365529233
05495500,PET,Q,5,6,0.0018884972634744396
05495500,PET,Q,5,7,0.0015117648323230912
05495500,PET,Q,5,8,0.0020627354131543055
05495500,PET,Q,5,9,0.0021646934908755924
05495500,PET,Q,5,10,0.002170504086182745
05495500,PET,Q,5,11,0.0020730293397118876
05495500,PET,Q,5,12,0.0018357527763491546
05495500,PET,Q,5,13,0.0021542233592799706
05495500,PET,Q,5,14,0.0018517654840815648
05495500,PET,Q,5,15,0.0017927242727454606
05495500,PET,Q,5,16,0.0018233212549456854
05495500,PET,Q,5,17,0.0017351332626219448
05495500,PET,Q,5,18,0.0019614543717100877
05495500,PET,Q,5,19,0.0018146566921752871
05495500,PET,Q,5,20,0.0021539396592549012
05495500,PET,Q,5,21,0.0017688766201981107
05495500,PET,Q,5,22,0.001577875618756601
05495500,PET,Q,5,23,0.001708879908140462
05495500,PET,Q,5,24,0.0021147345319869754
05495500,PET,Q,5,25,0.0018217401056692187
05495500,PET,Q,5,26,0.0016599182541282564
05495500,PET,Q,5,27,0.001859856520098832
05495500,PET,Q,5,28,0.0015519756083243394
05495500,PET,Q,5,29,0.0018519349952805589
05495500,PET,Q,5,30,0.002040599007641891
05501000,PET,Q,5,1,0.003205753855242799
05501000,PET,Q,5,2,0.00278358315403697
05501000,PET,Q,5,3,0.002455798860187902
05501000,PET,Q,5,4,0.002614286803210311
05501000,PET,Q,5,5,0.002581670572467512
05501000,PET,Q,5,6,0.0026783705403210234
05501000,PET,Q,5,7,0.002548216199000447
05501000,PET,Q,5,8,0.0020193060871222246
05501000,PET,Q,5,9,0.00253329448889604
05501000,PET,Q,5,10,0.0028220130046121977
05501000,PET,Q,5,11,0.0029322998993612515
05501000,PET,Q,5,12,0.0023081860517999153
05501000,PET,Q,5,13,0.002606958613584495
05501000,PET,Q,5,14,0.002931850117791013
05501000,PET,Q,5,15,0.002294113274250928
05501000,PET,Q,5,16,0.0026753310698530847
05501000,PET,Q,5,17,0.002731918753183224
05501000,PET,Q,5,18,0.002491136357210391
05501000,PET,Q,5,19,0.0023204382317739136
05501000,PET,Q,5,20,0.0023303437762167978
05501000,PET,Q,5,21,0.0021381586753664167
05501000,PET,Q,5,22,0.0029370272039281747
05501000,PET,Q,5,23,0.0019884819267847464
05501000,PET,Q,5,24,0.0020040529280831304
05501000,PET,Q,5,25,0.002609434722944365
05501000,PET,Q,5,26,0.0023099192790842077
05501000,PET,Q,5,27,0.0029854653237829237
05501000,PET,Q,5,28,0.0023429748112650944
05501000,PET,Q,5,29,0.0024811904479025287
05501000,PET,Q,5,30,0.002191648733854634
05503800,PET,Q,5,1,0.0017809846301660784
05503800,PET,Q,5,2,0.002131982455460188
05503800,PET,Q,5,3,0.002030437993514378
05503800,PET,Q,5,4,0.001892224324850332
05503800,PET,Q,5,5,0.0013252642708487389
05503800,PET,Q,5,6,0.001789553702283904
05503800,PET,Q,5,7,0.0019079344554931502
05503800,PET,Q,5,8,0.0012478330698407689
05503800,PET,Q,5,9,0.001704219834706061
05503800,PET,Q,5,10,0.0019495973616475426
05503800,PET,Q,5,11,0.0017219383445895853
05503800,PET,Q,5,12,0.0015141731948031048
05503800,PET,Q,5,13,0.0017166029250894957
05503800,PET,Q,5,14,0.0018921039700903614
05503800,PET,Q,5,15,0.0015248046197251994
05503800,PET,Q,5,16,0.001634843080482451
05503800,PET,Q,5,17,0.0015498833433276599
05503800,PET,Q,5,18,0.0016355047522129823
05503800,PET,Q,5,19,0.002001233743863552
05503800,PET,Q,5,20,0.0019679884334933492
05503800,PET,Q,5,21,0.0014739328512240607
05503800,PET,Q,5,22,0.0019008522593291083
05503800,PET,Q,5,23,0.0014159500521781984
05503800,PET,Q,5,24,0.0016055063060334343
05503800,PET,Q,5,25,0.0015263274752314038
05503800,PET,Q,5,26,0.0015621472771866624
05503800,PET,Q,5,27,0.001381511302015595
05503800,PET,Q,5,28,0.001867914906351277
05503800,PET,Q,5,29,0.0020085020839896925
05503800,PET,Q,5,30,0.0018587651491278334
05507600,PET,Q,5,1,0.001545576699128734
05507600,PET,Q,5,2,0.0015935428642118027
05507600,PET,Q,5,3,0.001996806051787571
05507600,PET,Q,5,4,0.001733629792330077
05507600,PET,Q,5,5,0.0015177253026828624
05507600,PET,Q,5,6,0.0014127880059828304
05507600,PET,Q,5,7,0.0018115962517889495
05507600,PET,Q,5,8,0.0016455110006329265
05507600,PET,Q,5,9,0.0017106190702726384
05507600,PET,Q,5,10,0.0015632197732614456
05507600,PET,Q,5,11,0.0020485292541163186
05507600,PET,Q,5,12,0.0017363845787473145
05507600,PET,Q,5,13,0.0013753376288820757
05507600,PET,Q,5,14,0.0017629940629320662
05507600,PET,Q,5,15,0.0016690124365810327
05507600,PET,Q,5,16,0.001524947757287863
05507600,PET,Q,5,17,0.0016709831636501637
05507600,PET,Q,5,18,0.0013872973749563186
05507600,PET,Q,5,19,0.0015858069008097136
05507600,PET,Q,5,20,0.0014457129787019823
05507600,PET,Q,5,21,0.00163709686440415
05507600,PET,Q,5,22,0.001335582117002708
05507600,PET,Q,5,23,0.0013295919791087435
05507600,PET,Q,5,24,0.00126786222053564
05507600,PET,Q,5,25,0.0013386453095297138
05507600,PET,Q,5,26,0.0016618227946160052
05507600,PET,Q,5,27,0.0014327300292811818
05507600,PET,Q,5,28,0.0017849383412490982
05507600,PET,Q,5,29,0.0019054309791431412
05507600,PET,Q,5,30,0.001417160234617361
05508805,PET,Q,5,1,0.0022604452314658532
05508805,PET,Q,5,2,0.002513802028847545
05508805,PET,Q,5,3,0.0019298552377730663
05508805,PET,Q,5,4,0.00230933298140433
05508805,PET,Q,5,5,0.0020293363536624184
05508805,PET,Q,5,6,0.0021707373166439184
05508805,PET,Q,5,7,0.0026631499994239013
05508805,PET,Q,5,8,0.002246131025176401
05508805,PET,Q,5,9,0.0026881109876029097
05508805,PET,Q,5,10,0.0022365311947422847
05508805,PET,Q,5,11,0.0025710795801650865
05508805,PET,Q,5,12,0.0024415322423820135
05508805,PET,Q,5,13,0.002429213452072143
05508805,PET,Q,5,14,0.0030727188302878752
05508805,PET,Q,5,15,0.0023698745364830465
05508805,PET,Q,5,16,0.0023049562704750073
05508805,PET,Q,5,17,0.0018987811992347559
05508805,PET,Q,5,18,0.0024779239610802223
05508805,PET,Q,5,19,0.002370710077089687
05508805,PET,Q,5,20,0.002191890934928456
05508805,PET,Q,5,21,0.0025232583291345256
05508805,PET,Q,5,22,0.0025540930148289995
05508805,PET,Q,5,23,0.0023577319450754156
05508805,PET,Q,5,24,0.002209419395633211
05508805,PET,Q,5,25,0.0020935581339716416
05508805,PET,Q,5,26,0.0024943108050416857
05508805,PET,Q,5,27,0.0020727586321059796
05508805,PET,Q,5,28,0.0025402671535434684
05508805,PET,Q,5,29,0.0023839484499560484
05508805,PET,Q,5,30,0.00216187563989223
05514500,PET,Q,5,1,0.002109853296618426
05514500,PET,Q,5,2,0.0016270268366462004
05514500,PET,Q,5,3,0.0014739773539282838
05514500,PET,Q,5,4,0.002227857251981033
05514500,PET,Q,5,5,0.0016806703514755175
05514500,PET,Q,5,6,0.0015599662968083725
05514500,PET,Q,5,7,0.001754902420767604
05514500,PET,Q,5,8,0.002064289354232078
05514500,PET,Q,5,9,0.0023171913757208326
05514500,PET,Q,5,10,0.0020619314983694043
05514500,PET,Q,5,11,0.0025869266263230523
05514500,PET,Q,5,12,0.002047647261631605
05514500,PET,Q,5,13,0.002197206909283933
05514500,PET,Q,5,14,0.0019547359437756817
05514500,PET,Q,5,15,0.0020554761509482336
05514500,PET,Q,5,16,0.0021647071536224777
05514500,PET,Q,5,17,0.0017612070272097213
05514500,PET,Q,5,18,0.001992214284822179
05514500,PET,Q,5,19,0.002114946630321038
05514500,PET,Q,5,20,0.001865403873248378
05514500,PET,Q,5,21,0.0016749722487083216
05514500,PET,Q,5,22,0.001628903209046871
05514500,PET,Q,5,23,0.0019172198374300814
05514500,PET,Q,5,24,0.0018430237845636355
05514500,PET,Q,5,25,0.0018166628829928283
05514500,PET,Q,5,26,0.0021531360731550583
05514500,PET,Q,5,27,0.002373832891929606
05514500,PET,Q,5,28,0.002222245028222096
05514500,PET,Q,5,29,0.0022573674358691564
05514500,PET,Q,5,30,0.002470556821750826
05525500,PET,Q,5,1,0.002036128001138962
05525500,PET,Q,5,2,0.001322418806009279
05525500,PET,Q,5,3,0.0017630647311780573
05525500,PET,Q,5,4,0.0012465165601612538
05525500,PET,Q,5,5,0.0014539684462776675
05525500,PET,Q,5,6,0.0016132637506126313
05525500,PET,Q,5,7,0.001538266624781473
05525500,PET,Q,5,8,0.0013625226946554492
05525500,PET,Q,5,9,0.0017180234553033635
05525500,PET,Q,5,10,0.0013064622410190324
05525500,PET,Q,5,11,0.0016801013046699453
05525500,PET,Q,5,12,0.0014639037707339375
05525500,PET,Q,5,13,0.0013367511584304742
05525500,PET,Q,5,14,0.0014856148192152335
05525500,PET,Q,5,15,0.0021355939188404255
05525500,PET,Q,5,16,0.0019020241014178624
05525500,PET,Q,5,17,0.0011703799080396288
05525500,PET,Q,5,18,0.0013711332535864401
05525500,PET,Q,5,19,0.0016250434506838024
05525500,PET,Q,5,20,0.001736741185274851
05525500,PET,Q,5,21,0.001170532348223327
05525500,PET,Q,5,22,0.001429643978384007
05525500,PET,Q,5,23,0.0014616714623906651
05525500,PET,Q,5,24,0.0014429351398088375
05525500,PET,Q,5,25,0.0017604586886550005
05525500,PET,Q,5,26,0.0013810557713122562
05525500,PET,Q,5,27,0.0018905255864713616
05525500,PET,Q,5,28,0.0016275659611233728
05525500,PET,Q,5,29,0.0019595402639952103
05525500,PET,Q,5,30,0.0017471457280442693
05556500,PET,Q,5,1,0.0006742877234240663
05556500,PET,Q,5,2,0.0009938536508377338
05556500,PET,Q,5,3,0.0009218090265851187
05556500,PET,Q,5,4,0.0009161728819637935
05556500,PET,Q,5,5,0.0010820194783187284
05556500,PET,Q,5,6,0.0013429423038975527
05556500,PET,Q,5,7,0.0010216650525818396
05556500,PET,Q,5,8,0.000822649232913801
05556500,PET,Q,5,9,0.0009773306431970288
05556500,PET,Q,5,10,0.0009513656367796317
05556500,PET,Q,5,11,0.0011898113836828206
05556500,PET,Q,5,12,0.0010217088447377135
05556500,PET,Q,5,13,0.0009162308623237997
05556500,PET,Q,5,14,0.0007803788542823237
05556500,PET,Q,5,15,0.0013411900745143729
05556500,PET,Q,5,16,0.001153803994247915
05556500,PET,Q,5,17,0.0010827916202815271
05556500,PET,Q,5,18,0.0008525145953388671
05556500,PET,Q,5,19,0.0008297670241683569
05556500,PET,Q,5,20,0.0008236692654426739
05556500,PET,Q,5,21,0.000785573735736865
05556500,PET,Q,5,22,0.0011419676884939015
05556500,PET,Q,5,23,0.0014497701322110576
05556500,PET,Q,5,24,0.0012200883660658385
05556500,PET,Q,5,25,0.0009988961590933626
05556500,PET,Q,5,26,0.0007848831770178241
05556500,PET,Q,5,27,0.0008135481004988357
05556500,PET,Q,5,28,0.000630445004728683
05556500,PET,Q,5,29,0.0008841373840404038
05556500,PET,Q,5,30,0.0008660108897025343
05584500,PET,Q,5,1,0.0022435345402271184
05584500,PET,Q,5,2,0.001748653630455066
05584500,PET,Q,5,3,0.0021421321937903706
05584500,PET,Q,5,4,0.002233622453651704
05584500,PET,Q,5,5,0.0019727911303935516
05584500,PET,Q,5,6,0.0018947368310334237
05584500,PET,Q,5,7,0.0021453490185170607
05584500,PET,Q,5,8,0.001963067584555979
05584500,PET,Q,5,9,0.0018973623607763807
05584500,PET,Q,5,10,0.0020734950250994033
05584500,PET,Q,5,11,0.0018266099200717825
05584500,PET,Q,5,12,0.0018871155990057564
05584500,PET,Q,5,13,0.0017614009050918658
05584500,PET,Q,5,14,0.0018838375425627649
05584500,PET,Q,5,15,0.0019741713650026846
05584500,PET,Q,5,16,0.0017593646432347843
05584500,PET,Q,5,17,0.0017431830941151485
05584500,PET,Q,5,18,0.0016774179948151613
05584500,PET,Q,5,19,0.001999975245822211
05584500,PET,Q,5,20,0.0015384711030237974
05584500,PET,Q,5,21,0.001601279716763479
05584500,PET,Q,5,22,0.0017842685307525794
05584500,PET,Q,5,23,0.001965055428242747
05584500,PET,Q,5,24,0.001982254663701742
05584500,PET,Q,5,25,0.0019042182602866248
05584500,PET,Q,5,26,0.0019600376632254654
05584500,PET,Q,5,27,0.001833751410672796
05584500,PET,Q,5,28,0.0019659869279451056
05584500,PET,Q,5,29,0.001634773476505022
05584500,PET,Q,5,30,0.0015185745653608848
05585000,PET,Q,5,1,0.001190377425863337
05585000,PET,Q,5,2,0.001055665667289346
05585000,PET,Q,5,3,0.0011274114717981232
05585000,PET,Q,5,4,0.0015977193022120584
05585000,PET,Q,5,5,0.0014327848998143544
05585000,PET,Q,5,6,0.0012297032637962058
05585000,PET,Q,5,7,0.0013731820583521848
05585000,PET,Q,5,8,0.0013642922161822002
05585000,PET,Q,5,9,0.0012245654629730596
05585000,PET,Q,5,10,0.0010928610977468667
05585000,PET,Q,5,11,0.0009354860273198817
05585000,PET,Q,5,12,0.001616675859158978
05585000,PET,Q,5,13,0.0011130960662359135
05585000,PET,Q,5,14,0.0013452912079710833
05585000,PET,Q,5,15,0.0013651628369089064
05585000,PET,Q,5,16,0.0015238665798509576
05585000,PET,Q,5,17,0.0012948966494705505
05585000,PET,Q,5,18,0.0012788661049277783
05585000,PET,Q,5,19,0.0015139538474367997
05585000,PET,Q,5,20,0.001272516739570878
05585000,PET,Q,5,21,0.001257704578208757
05585000,PET,Q,5,22,0.0011366540782272172
05585000,PET,Q,5,23,0.0012443388755376539
05585000,PET,Q,5,24,0.0013527816797913594
05585000,PET,Q,5,25,0.0012224051676313075
05585000,PET,Q,5,26,0.0011014329153607172
05585000,PET,Q,5,27,0.0013738900746846083
05585000,PET,Q,5,28,0.0011838463315166914
05585000,PET,Q,5,29,0.0013077836404423726
05585000,PET,Q,5,30,0.0012260138935628606
05591550,PET,Q,5,1,0.0023816240369849834
05591550,PET,Q,5,2,0.0025421260017837732
05591550,PET,Q,5,3,0.0026596192642452388
05591550,PET,Q,5,4,0.002700791120309312
05591550,PET,Q,5,5,0.002381505481173024
05591550,PET,Q,5,6,0.002451756765574492
05591550,PET,Q,5,7,0.0026815213510440056
05591550,PET,Q,5,8,0.0029124128936211108
05591550,PET,Q,5,9,0.0025677906495716746
05591550,PET,Q,5,10,0.002629465080808649
05591550,PET,Q,5,11,0.0024038496786821656
05591550,PET,Q,5,12,0.0024068899708701436
05591550,PET,Q,5,13,0.002641130392543059
05591550,PET,Q,5,14,0.002574409656034074
05591550,PET,Q,5,15,0.0029317662501742725
05591550,PET,Q,5,16,0.0027660092143910603
05591550,PET,Q,5,17,0.002618611362451423
05591550,PET,Q,5,18,0.0025743897035974406
05591550,PET,Q,5,19,0.0026897982438585516
05591550,PET,Q,5,20,0.0027789824237060834
05591550,PET,Q,5,21,0.0027859410663944872
05591550,PET,Q,5,22,0.0021658987782892103
05591550,PET,Q,5,23,0.0027253471088296982
05591550,PET,Q,5,24,0.0026715987387401496
05591550,PET,Q,5,25,0.0025808258314917454
05591550,PET,Q,5,26,0.0028814158435063603
05591550,PET,Q,5,27,0.0024561039726657824
05591550,PET,Q,5,28,0.0023448662735352926
05591550,PET,Q,5,29,0.002864762430100462
05591550,PET,Q,5,30,0.0029209969367486183
05592050,PET,Q,5,1,0.0022137121074256444
05592050,PET,Q,5,2,0.0019054481057034778
05592050,PET,Q,5,3,0.001908860244496817
05592050,PET,Q,5,4,0.0016336376585353585
05592050,PET,Q,5,5,0.0012015601837729387
05592050,PET,Q,5,6,0.001848401560395764
05592050,PET,Q,5,7,0.0014492668999603747
05592050,PET,Q,5,8,0.001684030213601466
05592050,PET,Q,5,9,0.001742651639675491
05592050,PET,Q,5,10,0.001731013407299399
05592050,PET,Q,5,11,0.0015816395044579712
05592050,PET,Q,5,12,0.0016925843122222797
05592050,PET,Q,5,13,0.0014756814870637777
05592050,PET,Q,5,14,0.0020360393973068575
05592050,PET,Q,5,15,0.0019509404543329098
05592050,PET,Q,5,16,0.001954805645273998
05592050,PET,Q,5,17,0.0016893065448537747
05592050,PET,Q,5,18,0.0018851320571426078
05592050,PET,Q,5,19,0.0015465537539637447
05592050,PET,Q,5,20,0.0015722054740301694
05592050,PET,Q,5,21,0.00148019887265613
05592050,PET,Q,5,22,0.0019152993537643048
05592050,PET,Q,5,23,0.0018612416116886021
05592050,PET,Q,5,24,0.00164044982015598
05592050,PET,Q,5,25,0.0016727661708525396
05592050,PET,Q,5,26,0.0016686337835957465
05592050,PET,Q,5,27,0.0017892188973805123
05592050,PET,Q,5,28,0.0019846931773453633
05592050,PET,Q,5,29,0.0018361380970590493
05592050,PET,Q,5,30,0.0018934456153326673
05592575,PET,Q,5,1,0.002491017958315647
05592575,PET,Q,5,2,0.001487776666990348
05592575,PET,Q,5,3,0.0013720866208179888
05592575,PET,Q,5,4,0.0018069575385369768
05592575,PET,Q,5,5,0.0020811932319317744
05592575,PET,Q,5,6,0.002397670984640818
05592575,PET,Q,5,7,0.0019161056374078084
05592575,PET,Q,5,8,0.002303752085063532
05592575,PET,Q,5,9,0.0019326367912293335
05592575,PET,Q,5,10,0.0017920583880436103
05592575,PET,Q,5,11,0.002460680183146491
05592575,PET,Q,5,12,0.0020682517896675606
05592575,PET,Q,5,13,0.002789128867742463
05592575,PET,Q,5,14,0.002254582461538465
05592575,PET,Q,5,15,0.002300186709220109
05592575,PET,Q,5,16,0.0017041297550949852
05592575,PET,Q,5,17,0.002343272168417704
05592575,PET,Q,5,18,0.0026461496421077285
05592575,PET,Q,5,19,0.0025934763150373408
05592575,PET,Q,5,20,0.0019763249853120557
05592575,PET,Q,5,21,0.002522070025616302
05592575,PET,Q,5,22,0.0023179702347890796
05592575,PET,Q,5,23,0.0022868546505331183
05592575,PET,Q,5,24,0.0017846327802287232
05592575,PET,Q,5,25,0.0022033708037194205
05592575,PET,Q,5,26,0.002354293421118203
05592575,PET,Q,5,27,0.0024344486150567612
05592575,PET,Q,5,28,0.0024869810432308903
05592575,PET,Q,5,29,0.002475462729972247
05592575,PET,Q,5,30,0.0025642448332717505
05593575,PET,Q,5,1,0.0017303918607399493
05593575,PET,Q,5,2,0.0020075657572084724
05593575,PET,Q,5,3,0.0023390039865321677
05593575,PET,Q,5,4,0.0020370302073153823
05593575,PET,Q,5,5,0.0018790477341655773
05593575,PET,Q,5,6,0.0019985298623598907
05593575,PET,Q,5,7,0.002384537891216086
05593575,PET,Q,5,8,0.0019392573170061503
05593575,PET,Q,5,9,0.0016139232563304393
05593575,PET,Q,5,10,0.0017687798303697017
05593575,PET,Q,5,11,0.0021519359038069397
05593575,PET,Q,5,12,0.002242869388768942
05593575,PET,Q,5,13,0.0021879914979061194
05593575,PET,Q,5,14,0.002331511902007949
05593575,PET,Q,5,15,0.0018010616083111372
05593575,PET,Q,5,16,0.0022997859669521836
05593575,PET,Q,5,17,0.002112442443871418
05593575,PET,Q,5,18,0.0023164139174477877
05593575,PET,Q,5,19,0.0021515037917927693
05593575,PET,Q,5,20,0.0021635875634394564
05593575,PET,Q,5,21,0.0022124071010717894
05593575,PET,Q,5,22,0.0023687900328704034
05593575,PET,Q,5,23,0.0026316340332343327
05593575,PET,Q,5,24,0.002393310130155951
05593575,PET,Q,5,25,0.002382244309218219
05593575,PET,Q,5,26,0.002491750672667055
05593575,PET,Q,5,27,0.0017683724842265588
05593575,PET,Q,5,28,0.0021372641033291714
05593575,PET,Q,5,29,0.0023032666976109395
05593575,PET,Q,5,30,0.002064321146277824
05593900,PET,Q,5,1,0.0022207028441314364
05593900,PET,Q,5,2,0.0023443068094018277
05593900,PET,Q,5,3,0.002237073163318948
05593900,PET,Q,5,4,0.002314840432106377
05593900,PET,Q,5,5,0.0021044917031085436
05593900,PET,Q,5,6,0.002552187395752775
05593900,PET,Q,5,7,0.0024124161635009217
05593900,PET,Q,5,8,0.0025315853463688948
05593900,PET,Q,5,9,0.0024501941623206874
05593900,PET,Q,5,10,0.0025192979061236798
05593900,PET,Q,5,11,0.002846848850443909
05593900,PET,Q,5,12,0.0028390151684598575
05593900,PET,Q,5,13,0.0023240186166233606
05593900,PET,Q,5,14,0.0024691128157897646
05593900,PET,Q,5,15,0.0023046378978477805
05593900,PET,Q,5,16,0.00233089931135623
05593900,PET,Q,5,17,0.0025767101391495906
05593900,PET,Q,5,18,0.002690668460800641
05593900,PET,Q,5,19,0.0022432516161874916
05593900,PET,Q,5,20,0.002197812027698129
05593900,PET,Q,5,21,0.0022562012866026576
05593900,PET,Q,5,22,0.0026324100863653888
05593900,PET,Q,5,23,0.0026451137268116015
05593900,PET,Q,5,24,0.0023783922744157193
05593900,PET,Q,5,25,0.0023294191600632674
05593900,PET,Q,5,26,0.002410972041315712
05593900,PET,Q,5,27,0.0025529877833485315
05593900,PET,Q,5,28,0.002388058273502372
05593900,PET,Q,5,29,0.002655695461872165
05593900,PET,Q,5,30,0.0028683447458825173
05595730,PET,Q,5,1,0.0015393340788072973
05595730,PET,Q,5,2,0.0014678637567694455
05595730,PET,Q,5,3,0.001991661150030216
05595730,PET,Q,5,4,0.0017760002056168706
05595730,PET,Q,5,5,0.0021298506549623716
05595730,PET,Q,5,6,0.001969169277007833
05595730,PET,Q,5,7,0.0020636238180542013
05595730,PET,Q,5,8,0.0019298747954215947
05595730,PET,Q,5,9,0.0014056223009734498
05595730,PET,Q,5,10,0.0015296445677636522
05595730,PET,Q,5,11,0.0020125782492152466
05595730,PET,Q,5,12,0.0016096454598663879
05595730,PET,Q,5,13,0.0017944280871829699
05595730,PET,Q,5,14,0.0023427686293160804
05595730,PET,Q,5,15,0.0019277662424470807
05595730,PET,Q,5,16,0.002319515283700155
05595730,PET,Q,5,17,0.0019852699441978705
05595730,PET,Q,5,18,0.0020540881830533736
05595730,PET,Q,5,19,0.0019582648825528515
05595730,PET,Q,5,20,0.0021277564383259326
05595730,PET,Q,5,21,0.0020963265688514615
05595730,PET,Q,5,22,0.0018299075945159976
05595730,PET,Q,5,23,0.0021619277339559317
05595730,PET,Q,5,24,0.0018543628387073519
05595730,PET,Q,5,25,0.0022581973695805224
05595730,PET,Q,5,26,0.002014957036361696
05595730,PET,Q,5,27,0.0016332496674260205
05595730,PET,Q,5,28,0.0019997881635355277
05595730,PET,Q,5,29,0.0022443682759540895
05595730,PET,Q,5,30,0.0020108843552829464
06037500,PET,Q,5,1,0.007570811684596834
06037500,PET,Q,5,2,0.009536754036831296
06037500,PET,Q,5,3,0.00873202864768563
06037500,PET,Q,5,4,0.007775587578222609
06037500,PET,Q,5,5,0.006453098850779049
06037500,PET,Q,5,6,0.0063388893896619836
06037500,PET,Q,5,7,0.0056402505456175644
06037500,PET,Q,5,8,0.006279500639121971
06037500,PET,Q,5,9,0.006624824410233043
06037500,PET,Q,5,10,0.006294738652571574
06037500,PET,Q,5,11,0.006374995880831569
06037500,PET,Q,5,12,0.006508535774593316
06037500,PET,Q,5,13,0.006729041722085216
06037500,PET,Q,5,14,0.005853945350075329
06037500,PET,Q,5,15,0.00651068688720291
06037500,PET,Q,5,16,0.00679957356866967
06037500,PET,Q,5,17,0.006390692177414281
06037500,PET,Q,5,18,0.00547142569990533
06037500,PET,Q,5,19,0.005736000808633013
06037500,PET,Q,5,20,0.005302837575523189
06037500,PET,Q,5,21,0.005216094147372452
06037500,PET,Q,5,22,0.0056800819925117985
06037500,PET,Q,5,23,0.005506506784451637
06037500,PET,Q,5,24,0.0053716038791715714
06037500,PET,Q,5,25,0.007185941708332422
06037500,PET,Q,5,26,0.006256006495406585
06037500,PET,Q,5,27,0.006929612662116891
06037500,PET,Q,5,28,0.005788888000715531
06037500,PET,Q,5,29,0.004873055993309339
06037500,PET,Q,5,30,0.005402088376446956
06043500,PET,Q,5,1,0.0077338864266662255
06043500,PET,Q,5,2,0.008330888476948461
06043500,PET,Q,5,3,0.006920905457592275
06043500,PET,Q,5,4,0.0059288808787577585
06043500,PET,Q,5,5,0.004913883707218458
06043500,PET,Q,5,6,0.005245670652289758
06043500,PET,Q,5,7,0.004778688134968567
06043500,PET,Q,5,8,0.004328521715968092
06043500,PET,Q,5,9,0.004619896456031836
06043500,PET,Q,5,10,0.004607745106017358
06043500,PET,Q,5,11,0.004447904512435985
06043500,PET,Q,5,12,0.0054264461793422925
06043500,PET,Q,5,13,0.004403709544616996
06043500,PET,Q,5,14,0.0055459730253115125
06043500,PET,Q,5,15,0.005964326332639769
06043500,PET,Q,5,16,0.006094659896009158
06043500,PET,Q,5,17,0.005545314051557226
06043500,PET,Q,5,18,0.00465606174538552
06043500,PET,Q,5,19,0.004586039722182911
06043500,PET,Q,5,20,0.004910295805540754
06043500,PET,Q,5,21,0.004146642375667864
06043500,PET,Q,5,22,0.004987447274790224
06043500,PET,Q,5,23,0.005519111318495806
06043500,PET,Q,5,24,0.0051629980197593905
06043500,PET,Q,5,25,0.005473233712080194
06043500,PET,Q,5,26,0.005197639586554781
06043500,PET,Q,5,27,0.004825052855955303
06043500,PET,Q,5,28,0.0049065839279774925
06043500,PET,Q,5,29,0.004700084318987607
06043500,PET,Q,5,30,0.004660593670919311
06154410,PET,Q,5,1,0.0019177843629136077
06154410,PET,Q,5,2,0.002152390486915165
06154410,PET,Q,5,3,0.001839146480694498
06154410,PET,Q,5,4,0.002139839420544798
06154410,PET,Q,5,5,0.0014666437619328399
06154410,PET,Q,5,6,0.0019301469091486875
06154410,PET,Q,5,7,0.0014875351178996118
06154410,PET,Q,5,8,0.00196262813750412
06154410,PET,Q,5,9,0.001790169421213364
06154410,PET,Q,5,10,0.0018169203480100718
06154410,PET,Q,5,11,0.0020642263332656743
06154410,PET,Q,5,12,0.0019899967127617046
06154410,PET,Q,5,13,0.0018722058708816464
06154410,PET,Q,5,14,0.0018124667386092003
06154410,PET,Q,5,15,0.0015192119835087878
06154410,PET,Q,5,16,0.0016591158429477351
06154410,PET,Q,5,17,0.002046908460207268
06154410,PET,Q,5,18,0.0019323701121544898
06154410,PET,Q,5,19,0.0024280631506697833
06154410,PET,Q,5,20,0.0018701776806847176
06154410,PET,Q,5,21,0.002106903454559217
06154410,PET,Q,5,22,0.002168486094585337
06154410,PET,Q,5,23,0.002315037143571501
06154410,PET,Q,5,24,0.002251137283421155
06154410,PET,Q,5,25,0.0021628726670673143
06154410,PET,Q,5,26,0.0021155418251528474
06154410,PET,Q,5,27,0.0018802029316807925
06154410,PET,Q,5,28,0.0018376127204173323
06154410,PET,Q,5,29,0.0015813723972457894
06154410,PET,Q,5,30,0.002326883158373795
06188000,PET,Q,5,1,0.014291768739628063
06188000,PET,Q,5,2,0.008281092821561309
06188000,PET,Q,5,3,0.007444492433299754
06188000,PET,Q,5,4,0.007803360825953176
06188000,PET,Q,5,5,0.0066984558129913885
06188000,PET,Q,5,6,0.006514346400230464
06188000,PET,Q,5,7,0.006907135073639881
06188000,PET,Q,5,8,0.006056360611597866
06188000,PET,Q,5,9,0.006986088951051739
06188000,PET,Q,5,10,0.007214884250736631
06188000,PET,Q,5,11,0.006663972733960077
06188000,PET,Q,5,12,0.007251630539155729
06188000,PET,Q,5,13,0.007073355507272727
06188000,PET,Q,5,14,0.006610296337926258
06188000,PET,Q,5,15,0.006724621403851272
06188000,PET,Q,5,16,0.006432348734095761
06188000,PET,Q,5,17,0.006915377147768742
06188000,PET,Q,5,18,0.006782812431960328
06188000,PET,Q,5,19,0.006278448639087386
06188000,PET,Q,5,20,0.006418324508579709
06188000,PET,Q,5,21,0.0071304506504151766
06188000,PET,Q,5,22,0.007151341589194005
06188000,PET,Q,5,23,0.007166399463686746
06188000,PET,Q,5,24,0.007706214991415439
06188000,PET,Q,5,25,0.007780369010055965
06188000,PET,Q,5,26,0.006759748652660935
06188000,PET,Q,5,27,0.006764921244166722
06188000,PET,Q,5,28,0.006256408997550422
06188000,PET,Q,5,29,0.006050269506620354
06188000,PET,Q,5,30,0.006892095998867698
06191500,PET,Q,5,1,0.011745315917895627
06191500,PET,Q,5,2,0.010105680864565425
06191500,PET,Q,5,3,0.007191291923334453
06191500,PET,Q,5,4,0.00654236744791048
06191500,PET,Q,5,5,0.00717591857076505
06191500,PET,Q,5,6,0.007247729646323697
06191500,PET,Q,5,7,0.006432726357209484
06191500,PET,Q,5,8,0.006792835322124713
06191500,PET,Q,5,9,0.0069644836127294996
06191500,PET,Q,5,10,0.006568068683720063
06191500,PET,Q,5,11,0.00667638414384597
06191500,PET,Q,5,12,0.006495020076129898
06191500,PET,Q,5,13,0.00640986057431292
06191500,PET,Q,5,14,0.006996204242154747
06191500,PET,Q,5,15,0.007322407088168337
06191500,PET,Q,5,16,0.00580594915098831
06191500,PET,Q,5,17,0.006854897731450982
06191500,PET,Q,5,18,0.0059692047728973074
06191500,PET,Q,5,19,0.006884449721989094
06191500,PET,Q,5,20,0.005916352711442419
06191500,PET,Q,5,21,0.006567324537023245
06191500,PET,Q,5,22,0.0076396118426057535
06191500,PET,Q,5,23,0.007554673072536877
06191500,PET,Q,5,24,0.006429692090046957
06191500,PET,Q,5,25,0.0068492545566765095
06191500,PET,Q,5,26,0.006358436082585128
06191500,PET,Q,5,27,0.0063889125066344254
06191500,PET,Q,5,28,0.006876554129280121
06191500,PET,Q,5,29,0.006917524872824488
06191500,PET,Q,5,30,0.007113115685929539
06221400,PET,Q,5,1,0.03196559819848921
06221400,PET,Q,5,2,0.03597480142383702
06221400,PET,Q,5,3,0.02943911832274293
06221400,PET,Q,5,4,0.024339713525568185
06221400,PET,Q,5,5,0.021168822789818242
06221400,PET,Q,5,6,0.018327762405198067
06221400,PET,Q,5,7,0.022380655436865293
06221400,PET,Q,5,8,0.020811428896584383
06221400,PET,Q,5,9,0.02260593369834274
06221400,PET,Q,5,10,0.022302815890308247
06221400,PET,Q,5,11,0.023091554878909237
06221400,PET,Q,5,12,0.022526666397073347
06221400,PET,Q,5,13,0.023429727138276624
06221400,PET,Q,5,14,0.02448728272034506
06221400,PET,Q,5,15,0.023259210551920928
06221400,PET,Q,5,16,0.02196347943475796
06221400,PET,Q,5,17,0.023086744757071842
06221400,PET,Q,5,18,0.02084272387617092
06221400,PET,Q,5,19,0.021468927762454237
06221400,PET,Q,5,20,0.023491546189000734
06221400,PET,Q,5,21,0.021751351980144107
06221400,PET,Q,5,22,0.020845432935899133
06221400,PET,Q,5,23,0.020397113866711503
06221400,PET,Q,5,24,0.02098121877771597
06221400,PET,Q,5,25,0.021019094271891303
06221400,PET,Q,5,26,0.02065345313744238
06221400,PET,Q,5,27,0.019087358132932164
06221400,PET,Q,5,28,0.01820926219843455
06221400,PET,Q,5,29,0.01789875022470977
06221400,PET,Q,5,30,0.019239947927431778
06224000,PET,Q,5,1,0.014309578984558369
06224000,PET,Q,5,2,0.019259070928063338
06224000,PET,Q,5,3,0.01783848069441163
06224000,PET,Q,5,4,0.015060463453928863
06224000,PET,Q,5,5,0.012696455817880814
06224000,PET,Q,5,6,0.010869139976786069
06224000,PET,Q,5,7,0.011455377761918517
06224000,PET,Q,5,8,0.00854077494273553
06224000,PET,Q,5,9,0.009836220523642192
06224000,PET,Q,5,10,0.009088125009379389
06224000,PET,Q,5,11,0.009853299161658002
06224000,PET,Q,5,12,0.009076014346363181
06224000,PET,Q,5,13,0.010198727345349434
06224000,PET,Q,5,14,0.009757092683405355
06224000,PET,Q,5,15,0.010281054625392805
06224000,PET,Q,5,16,0.010723932702883021
06224000,PET,Q,5,17,0.009061669093362035
06224000,PET,Q,5,18,0.009730158572378411
06224000,PET,Q,5,19,0.010210237284792811
06224000,PET,Q,5,20,0.00929827606930489
06224000,PET,Q,5,21,0.009436582254799819
06224000,PET,Q,5,22,0.008790291062611533
06224000,PET,Q,5,23,0.008731654638100883
06224000,PET,Q,5,24,0.00821587177115507
06224000,PET,Q,5,25,0.008184951138835606
06224000,PET,Q,5,26,0.008836392864931042
06224000,PET,Q,5,27,0.008457351289604731
06224000,PET,Q,5,28,0.009566276518059469
06224000,PET,Q,5,29,0.007481569241705954
06224000,PET,Q,5,30,0.008595223761461268
06278300,PET,Q,5,1,0.014473922263895878
06278300,PET,Q,5,2,0.01069322798764566
06278300,PET,Q,5,3,0.007957055202685304
06278300,PET,Q,5,4,0.00764076407175826
06278300,PET,Q,5,5,0.008134997704846242
06278300,PET,Q,5,6,0.006998094446410169
06278300,PET,Q,5,7,0.00687793444643503
06278300,PET,Q,5,8,0.007186808733677719
06278300,PET,Q,5,9,0.006674382627395226
06278300,PET,Q,5,10,0.0075717571785143545
06278300,PET,Q,5,11,0.006511118327095805
06278300,PET,Q,5,12,0.007245174859131065
06278300,PET,Q,5,13,0.0059087414302999575
06278300,PET,Q,5,14,0.00741090730377042
06278300,PET,Q,5,15,0.006382334348563279
06278300,PET,Q,5,16,0.0069333802071430695
06278300,PET,Q,5,17,0.006763890808235057
06278300,PET,Q,5,18,0.0073409886867331076
06278300,PET,Q,5,19,0.0057591494594150805
06278300,PET,Q,5,20,0.006595881387542191
06278300,PET,Q,5,21,0.0072067544061590605
06278300,PET,Q,5,22,0.006581765614285695
06278300,PET,Q,5,23,0.005945777537095243
06278300,PET,Q,5,24,0.006334397896848448
06278300,PET,Q,5,25,0.008032610739766244
06278300,PET,Q,5,26,0.00605190399054778
06278300,PET,Q,5,27,0.006467617492776689
06278300,PET,Q,5,28,0.0065185638951855696
06278300,PET,Q,5,29,0.0059495819016237295
06278300,PET,Q,5,30,0.0063806599003166375
06280300,PET,Q,5,1,0.018952551393169925
06280300,PET,Q,5,2,0.013073898980684895
06280300,PET,Q,5,3,0.009926977972375961
06280300,PET,Q,5,4,0.009166104575656753
06280300,PET,Q,5,5,0.009335033861714637
06280300,PET,Q,5,6,0.008422156992803909
06280300,PET,Q,5,7,0.00788332691152599
06280300,PET,Q,5,8,0.007975973560414185
06280300,PET,Q,5,9,0.008014727265907629
06280300,PET,Q,5,10,0.008570934948477382
06280300,PET,Q,5,11,0.009065533216311261
06280300,PET,Q,5,12,0.008779398146540662
06280300,PET,Q,5,13,0.008157325666158344
06280300,PET,Q,5,14,0.007327765688141918
06280300,PET,Q,5,15,0.007861274992752132
06280300,PET,Q,5,16,0.0077598510575720425
06280300,PET,Q,5,17,0.007960788145829012
06280300,PET,Q,5,18,0.008073909847451155
06280300,PET,Q,5,19,0.007504637567879002
06280300,PET,Q,5,20,0.008473909278245984
06280300,PET,Q,5,21,0.007318664676076336
06280300,PET,Q,5,22,0.006976123088120956
06280300,PET,Q,5,23,0.007252551878558167
06280300,PET,Q,5,24,0.006563059293567319
06280300,PET,Q,5,25,0.006984405349595935
06280300,PET,Q,5,26,0.007101106316031391
06280300,PET,Q,5,27,0.00763431065213549
06280300,PET,Q,5,28,0.0069310207680354785
06280300,PET,Q,5,29,0.0075979981802559715
06280300,PET,Q,5,30,0.006689793303615077
06289000,PET,Q,5,1,0.007795330822094548
06289000,PET,Q,5,2,0.005570146969466949
06289000,PET,Q,5,3,0.004563511940092024
06289000,PET,Q,5,4,0.004404650810067301
06289000,PET,Q,5,5,0.0046091507781240715
06289000,PET,Q,5,6,0.004534739908017171
06289000,PET,Q,5,7,0.004331061680903803
06289000,PET,Q,5,8,0.004602424584334186
06289000,PET,Q,5,9,0.00461577834695287
06289000,PET,Q,5,10,0.0051906888899527215
06289000,PET,Q,5,11,0.003423361989432272
06289000,PET,Q,5,12,0.003874198570629761
06289000,PET,Q,5,13,0.003950644557110916
06289000,PET,Q,5,14,0.0038343774504510653
06289000,PET,Q,5,15,0.003240401239442414
06289000,PET,Q,5,16,0.004755769034599455
06289000,PET,Q,5,17,0.00409777250825244
06289000,PET,Q,5,18,0.003978672219302648
06289000,PET,Q,5,19,0.003975985698515372
06289000,PET,Q,5,20,0.0032441339675525205
06289000,PET,Q,5,21,0.0041697933679870625
06289000,PET,Q,5,22,0.004639128677202342
06289000,PET,Q,5,23,0.0044401669141928
06289000,PET,Q,5,24,0.004578862306007736
06289000,PET,Q,5,25,0.00519313506586111
06289000,PET,Q,5,26,0.003911902865894934
06289000,PET,Q,5,27,0.004487218699835094
06289000,PET,Q,5,28,0.005023743594703811
06289000,PET,Q,5,29,0.005074335835133004
06289000,PET,Q,5,30,0.0049797934564796975
06291500,PET,Q,5,1,0.007103582702447209
06291500,PET,Q,5,2,0.00608009697296108
06291500,PET,Q,5,3,0.005327937747716449
06291500,PET,Q,5,4,0.005124662386690071
06291500,PET,Q,5,5,0.005008413124242828
06291500,PET,Q,5,6,0.005526761905651878
06291500,PET,Q,5,7,0.005799185783161909
06291500,PET,Q,5,8,0.006056118598941618
06291500,PET,Q,5,9,0.006119759067884922
06291500,PET,Q,5,10,0.006256722337234566
06291500,PET,Q,5,11,0.005534377303077376
06291500,PET,Q,5,12,0.004862413226281503
06291500,PET,Q,5,13,0.004908940583296717
06291500,PET,Q,5,14,0.005092006123765258
06291500,PET,Q,5,15,0.0052678697568936395
06291500,PET,Q,5,16,0.006028582236120683
06291500,PET,Q,5,17,0.005035662037711164
06291500,PET,Q,5,18,0.0048490071214448704
06291500,PET,Q,5,19,0.005863964629367224
06291500,PET,Q,5,20,0.0049544700004501285
06291500,PET,Q,5,21,0.005210111613125734
06291500,PET,Q,5,22,0.004714105441796124
06291500,PET,Q,5,23,0.005276666225053572
06291500,PET,Q,5,24,0.00499505461666494
06291500,PET,Q,5,25,0.005701175101949285
06291500,PET,Q,5,26,0.004763762130932214
06291500,PET,Q,5,27,0.005335895470741925
06291500,PET,Q,5,28,0.0051292636139850245
06291500,PET,Q,5,29,0.005667528831218238
06291500,PET,Q,5,30,0.0056368619184512525
06311000,PET,Q,5,1,0.007778906599706176
06311000,PET,Q,5,2,0.006700354786284279
06311000,PET,Q,5,3,0.005638968157511665
06311000,PET,Q,5,4,0.00536359901595046
06311000,PET,Q,5,5,0.0049288996589948175
06311000,PET,Q,5,6,0.004876509781150645
06311000,PET,Q,5,7,0.005591016506579977
06311000,PET,Q,5,8,0.004896158338560275
06311000,PET,Q,5,9,0.005953185244609638
06311000,PET,Q,5,10,0.004587952704412951
06311000,PET,Q,5,11,0.005029656416231737
06311000,PET,Q,5,12,0.005351876989033111
06311000,PET,Q,5,13,0.004577262253705139
06311000,PET,Q,5,14,0.005308994008882628
06311000,PET,Q,5,15,0.0050187435352664345
06311000,PET,Q,5,16,0.005043759923768432
06311000,PET,Q,5,17,0.004673642420812724
06311000,PET,Q,5,18,0.0045303635464967185
06311000,PET,Q,5,19,0.00518223619336744
06311000,PET,Q,5,20,0.004750353594682177
06311000,PET,Q,5,21,0.0037170573436126897
06311000,PET,Q,5,22,0.004789140761649796
06311000,PET,Q,5,23,0.005598641191599502
06311000,PET,Q,5,24,0.005089197603076412
06311000,PET,Q,5,25,0.005091284343870489
06311000,PET,Q,5,26,0.004017884554628787
06311000,PET,Q,5,27,0.00409110260252496
06311000,PET,Q,5,28,0.003914456398474875
06311000,PET,Q,5,29,0.003919362385995023
06311000,PET,Q,5,30,0.0044151688741699835
06332515,PET,Q,5,1,0.0024483702655709455
06332515,PET,Q,5,2,0.0018954486574431911
06332515,PET,Q,5,3,0.001491734260728718
06332515,PET,Q,5,4,0.0016769215391331457
06332515,PET,Q,5,5,0.0014686911250124182
06332515,PET,Q,5,6,0.001801264186226073
06332515,PET,Q,5,7,0.0017296498931512957
06332515,PET,Q,5,8,0.0018524991846307903
06332515,PET,Q,5,9,0.0015387716662732254
06332515,PET,Q,5,10,0.0013011094792660521
06332515,PET,Q,5,11,0.001631795585667374
06332515,PET,Q,5,12,0.0013831414921322768
06332515,PET,Q,5,13,0.001269384812450619
06332515,PET,Q,5,14,0.0013928964707290298
06332515,PET,Q,5,15,0.001653998856574676
06332515,PET,Q,5,16,0.0015715951330307065
06332515,PET,Q,5,17,0.0012387797775099685
06332515,PET,Q,5,18,0.0012212337922391445
06332515,PET,Q,5,19,0.0014260849980173018
06332515,PET,Q,5,20,0.001531311180667752
06332515,PET,Q,5,21,0.001252911565680706
06332515,PET,Q,5,22,0.001268973149826498
06332515,PET,Q,5,23,0.0015569183110111726
06332515,PET,Q,5,24,0.0013728558051888454
06332515,PET,Q,5,25,0.0015315151838322938
06332515,PET,Q,5,26,0.0017576140531438272
06332515,PET,Q,5,27,0.0015449870330333168
06332515,PET,Q,5,28,0.0014202008040216027
06332515,PET,Q,5,29,0.0015533390585447115
06332515,PET,Q,5,30,0.0015936585171855353
06339100,PET,Q,5,1,0.001450154628268592
06339100,PET,Q,5,2,0.0009575111369490782
06339100,PET,Q,5,3,0.0009665286013654309
06339100,PET,Q,5,4,0.0006806739678214511
06339100,PET,Q,5,5,0.0006001993551716066
06339100,PET,Q,5,6,0.0006994708907902096
06339100,PET,Q,5,7,0.0007690000255551437
06339100,PET,Q,5,8,0.0006318039974492935
06339100,PET,Q,5,9,0.0005356216108539022
06339100,PET,Q,5,10,0.0005387401147864436
06339100,PET,Q,5,11,0.0007998183977768816
06339100,PET,Q,5,12,0.0006959459344333223
06339100,PET,Q,5,13,0.0005471572387487147
06339100,PET,Q,5,14,0.0004079705193622378
06339100,PET,Q,5,15,0.0006706978820380134
06339100,PET,Q,5,16,0.00042329427370412995
06339100,PET,Q,5,17,0.0005269299812846046
06339100,PET,Q,5,18,0.000417269247781224
06339100,PET,Q,5,19,0.0004007069361967701
06339100,PET,Q,5,20,0.0004990969057035131
06339100,PET,Q,5,21,0.0005148914525665155
06339100,PET,Q,5,22,0.00040132842579550937
06339100,PET,Q,5,23,0.0006583150358555369
06339100,PET,Q,5,24,0.0006412827681931375
06339100,PET,Q,5,25,0.0005350382001611947
06339100,PET,Q,5,26,0.0004908519569599493
06339100,PET,Q,5,27,0.0006221213004344167
06339100,PET,Q,5,28,0.0006392370938332163
06339100,PET,Q,5,29,0.0006078683028969689
06339100,PET,Q,5,30,0.0005547232979126945
06339500,PET,Q,5,1,0.0022611271049507095
06339500,PET,Q,5,2,0.0014104135669814263
06339500,PET,Q,5,3,0.0011677629568239492
06339500,PET,Q,5,4,0.0013330420899691359
06339500,PET,Q,5,5,0.0008055024289000054
06339500,PET,Q,5,6,0.00070647658758171
06339500,PET,Q,5,7,0.0007662414401749321
06339500,PET,Q,5,8,0.0007860269827135238
06339500,PET,Q,5,9,0.0005847668456907887
06339500,PET,Q,5,10,0.0009116825137166704
06339500,PET,Q,5,11,0.0011281117869256924
06339500,PET,Q,5,12,0.0007904206433415606
06339500,PET,Q,5,13,0.0006564956686707715
06339500,PET,Q,5,14,0.0007211591925595853
06339500,PET,Q,5,15,0.0010248648812611894
06339500,PET,Q,5,16,0.000909414311545495
06339500,PET,Q,5,17,0.0008065433177451078
06339500,PET,Q,5,18,0.0007039970257724029
06339500,PET,Q,5,19,0.0008992973523926015
06339500,PET,Q,5,20,0.0005413305383113673
06339500,PET,Q,5,21,0.0005895163762176178
06339500,PET,Q,5,22,0.0007284341827714716
06339500,PET,Q,5,23,0.0006666490897547853
06339500,PET,Q,5,24,0.0008253341713573073
06339500,PET,Q,5,25,0.0008361062125626859
06339500,PET,Q,5,26,0.0008484607616513276
06339500,PET,Q,5,27,0.0011184541695308248
06339500,PET,Q,5,28,0.0011233608602991343
06339500,PET,Q,5,29,0.001075331907592736
06339500,PET,Q,5,30,0.0008807307572981649
06344600,PET,Q,5,1,0.001351715864076921
06344600,PET,Q,5,2,0.001044919061611197
06344600,PET,Q,5,3,0.000976298227901868
06344600,PET,Q,5,4,0.0010360734110738193
06344600,PET,Q,5,5,0.001005814198221211
06344600,PET,Q,5,6,0.0008891587384535181
06344600,PET,Q,5,7,0.0007051025145091219
06344600,PET,Q,5,8,0.0007067525815074409
06344600,PET,Q,5,9,0.0007935590681103742
06344600,PET,Q,5,10,0.0014004431710564237
06344600,PET,Q,5,11,0.000969352557987857
06344600,PET,Q,5,12,0.0009612539922174146
06344600,PET,Q,5,13,0.0007422851708479665
06344600,PET,Q,5,14,0.0008223532135426051
06344600,PET,Q,5,15,0.001006551912664435
06344600,PET,Q,5,16,0.0008868320102037308
06344600,PET,Q,5,17,0.001016783281352008
06344600,PET,Q,5,18,0.0011303415789958651
06344600,PET,Q,5,19,0.0012580971122615123
06344600,PET,Q,5,20,0.0009933954441233295
06344600,PET,Q,5,21,0.0009497726710430317
06344600,PET,Q,5,22,0.0008948915722918789
06344600,PET,Q,5,23,0.0012039733675943479
06344600,PET,Q,5,24,0.000764849550957649
06344600,PET,Q,5,25,0.0008479918309316666
06344600,PET,Q,5,26,0.0010689887505634897
06344600,PET,Q,5,27,0.0009830565787651985
06344600,PET,Q,5,28,0.0011299496723577267
06344600,PET,Q,5,29,0.0008628732113272822
06344600,PET,Q,5,30,0.001139420800194666
06350000,PET,Q,5,1,0.0023975070798748707
06350000,PET,Q,5,2,0.0022705518474031502
06350000,PET,Q,5,3,0.002267687349250383
06350000,PET,Q,5,4,0.0023402934287565895
06350000,PET,Q,5,5,0.0018770681741834203
06350000,PET,Q,5,6,0.0018078324890361888
06350000,PET,Q,5,7,0.001882568605634613
06350000,PET,Q,5,8,0.0018483408151381796
06350000,PET,Q,5,9,0.0021902358856112566
06350000,PET,Q,5,10,0.002194448920575926
06350000,PET,Q,5,11,0.0019363140918215761
06350000,PET,Q,5,12,0.0020007400664360936
06350000,PET,Q,5,13,0.0014570453995041421
06350000,PET,Q,5,14,0.001581544452958411
06350000,PET,Q,5,15,0.0017288938470108456
06350000,PET,Q,5,16,0.0017252663883215308
06350000,PET,Q,5,17,0.0018310114090430152
06350000,PET,Q,5,18,0.0017747988871621712
06350000,PET,Q,5,19,0.001576265192269527
06350000,PET,Q,5,20,0.0016475627859396519
06350000,PET,Q,5,21,0.001737401892572505
06350000,PET,Q,5,22,0.0018765566026997145
06350000,PET,Q,5,23,0.0015563016786539555
06350000,PET,Q,5,24,0.0015998434906301442
06350000,PET,Q,5,25,0.0018455720820802074
06350000,PET,Q,5,26,0.001822845973533209
06350000,PET,Q,5,27,0.001573490632554006
06350000,PET,Q,5,28,0.0020189750167977985
06350000,PET,Q,5,29,0.001956429935395375
06350000,PET,Q,5,30,0.0016555333494324871
06352000,PET,Q,5,1,0.0014436085893853243
06352000,PET,Q,5,2,0.0014642545726897757
06352000,PET,Q,5,3,0.0013862233868425985
06352000,PET,Q,5,4,0.0008919571616460183
06352000,PET,Q,5,5,0.0012466172890447103
06352000,PET,Q,5,6,0.0010035992598410107
06352000,PET,Q,5,7,0.000990011937360074
06352000,PET,Q,5,8,0.000937570237041857
06352000,PET,Q,5,9,0.0012225005011761436
06352000,PET,Q,5,10,0.0014306006740253674
06352000,PET,Q,5,11,0.0010687715634746242
06352000,PET,Q,5,12,0.001176760845820031
06352000,PET,Q,5,13,0.001143581793834985
06352000,PET,Q,5,14,0.000935720743679605
06352000,PET,Q,5,15,0.0009676474543858747
06352000,PET,Q,5,16,0.0009249162711710904
06352000,PET,Q,5,17,0.001017528675728286
06352000,PET,Q,5,18,0.0012480748778323815
06352000,PET,Q,5,19,0.0007875216131575588
06352000,PET,Q,5,20,0.0009755289861012595
06352000,PET,Q,5,21,0.0011220881281394507
06352000,PET,Q,5,22,0.0008281548964326584
06352000,PET,Q,5,23,0.001104472082238378
06352000,PET,Q,5,24,0.0010526945332177615
06352000,PET,Q,5,25,0.0008074346435171693
06352000,PET,Q,5,26,0.001115822590904654
06352000,PET,Q,5,27,0.0012133630983211796
06352000,PET,Q,5,28,0.0010019646629949516
06352000,PET,Q,5,29,0.0009865675471015453
06352000,PET,Q,5,30,0.0013798626800948545
06353000,PET,Q,5,1,0.0016467200091215654
06353000,PET,Q,5,2,0.0014475513015689383
06353000,PET,Q,5,3,0.0013334695921538506
06353000,PET,Q,5,4,0.001245006342040323
06353000,PET,Q,5,5,0.0014460439106521693
06353000,PET,Q,5,6,0.0009438148792830052
06353000,PET,Q,5,7,0.0010746830451055928
06353000,PET,Q,5,8,0.001036492220585515
06353000,PET,Q,5,9,0.001024339625647637
06353000,PET,Q,5,10,0.0013536068610606432
06353000,PET,Q,5,11,0.0010313351827579385
06353000,PET,Q,5,12,0.0012117494162312385
06353000,PET,Q,5,13,0.0010724075326773788
06353000,PET,Q,5,14,0.000687109019845606
06353000,PET,Q,5,15,0.0007682134215439215
06353000,PET,Q,5,16,0.0007916017030714789
06353000,PET,Q,5,17,0.0009328705855405767
06353000,PET,Q,5,18,0.0008141414739494743
06353000,PET,Q,5,19,0.0006763289509747125
06353000,PET,Q,5,20,0.0007396551829502093
06353000,PET,Q,5,21,0.0008911249416304959
06353000,PET,Q,5,22,0.0007748628502346235
06353000,PET,Q,5,23,0.0008557420484805595
06353000,PET,Q,5,24,0.0009445784802858959
06353000,PET,Q,5,25,0.000857696302276164
06353000,PET,Q,5,26,0.0008455480522429233
06353000,PET,Q,5,27,0.0008456717667553598
06353000,PET,Q,5,28,0.0008457955177208487
06353000,PET,Q,5,29,0.0008459193051547145
06353000,PET,Q,5,30,0.0009108743514260054
06354000,PET,Q,5,1,0.0018366607776203817
06354000,PET,Q,5,2,0.0017187139353707706
06354000,PET,Q,5,3,0.0019215459944668112
06354000,PET,Q,5,4,0.001860943513360587
06354000,PET,Q,5,5,0.001648065081678994
06354000,PET,Q,5,6,0.0016298868948387835
06354000,PET,Q,5,7,0.0014521300339421159
06354000,PET,Q,5,8,0.0012384964432833531
06354000,PET,Q,5,9,0.0011479490015290222
06354000,PET,Q,5,10,0.001272760906845069
06354000,PET,Q,5,11,0.001313065710053525
06354000,PET,Q,5,12,0.0010936242285964765
06354000,PET,Q,5,13,0.0011461235496291744
06354000,PET,Q,5,14,0.0011181920897462005
06354000,PET,Q,5,15,0.0011183483361981994
06354000,PET,Q,5,16,0.0011692880141265516
06354000,PET,Q,5,17,0.0012215847197277474
06354000,PET,Q,5,18,0.0012106296842210804
06354000,PET,Q,5,19,0.0011641037438120672
06354000,PET,Q,5,20,0.0010589675553985545
06354000,PET,Q,5,21,0.0011496522687314686
06354000,PET,Q,5,22,0.001168497313813334
06354000,PET,Q,5,23,0.0011695924048544318
06354000,PET,Q,5,24,0.0012474777643936008
06354000,PET,Q,5,25,0.0013682920036508506
06354000,PET,Q,5,26,0.0012306349385914558
06354000,PET,Q,5,27,0.0012005967455531383
06354000,PET,Q,5,28,0.0013966216408993065
06354000,PET,Q,5,29,0.0011695920969845564
06354000,PET,Q,5,30,0.0011958249110257183
06360500,PET,Q,5,1,0.002684159088575
06360500,PET,Q,5,2,0.002697187301338319
06360500,PET,Q,5,3,0.0024210432805303883
06360500,PET,Q,5,4,0.0015868323534522222
06360500,PET,Q,5,5,0.0021044333423825834
06360500,PET,Q,5,6,0.002333128610018359
06360500,PET,Q,5,7,0.001997195214205688
06360500,PET,Q,5,8,0.0018753669851160754
06360500,PET,Q,5,9,0.0015548376596422053
06360500,PET,Q,5,10,0.0018887205521819772
06360500,PET,Q,5,11,0.001928009982179485
06360500,PET,Q,5,12,0.0016828886551590316
06360500,PET,Q,5,13,0.0017532374659137706
06360500,PET,Q,5,14,0.0014582070961427496
06360500,PET,Q,5,15,0.0014413560923544066
06360500,PET,Q,5,16,0.0015854103021804011
06360500,PET,Q,5,17,0.002203558995900884
06360500,PET,Q,5,18,0.0018620112593721733
06360500,PET,Q,5,19,0.0018368186576847023
06360500,PET,Q,5,20,0.002043488543060079
06360500,PET,Q,5,21,0.002179901994626837
06360500,PET,Q,5,22,0.002284821178054383
06360500,PET,Q,5,23,0.0019966311948485527
06360500,PET,Q,5,24,0.0025798965202561003
06360500,PET,Q,5,25,0.001704764316248955
06360500,PET,Q,5,26,0.002088239175246656
06360500,PET,Q,5,27,0.0017947414687537466
06360500,PET,Q,5,28,0.002078302789349895
06360500,PET,Q,5,29,0.0016593829919040043
06360500,PET,Q,5,30,0.0018028357199294104
06404000,PET,Q,5,1,0.0017670970532851354
06404000,PET,Q,5,2,0.001484671506836576
06404000,PET,Q,5,3,0.0018745303266115738
06404000,PET,Q,5,4,0.0014541582871496657
06404000,PET,Q,5,5,0.0017757640370497686
06404000,PET,Q,5,6,0.0018732733318078815
06404000,PET,Q,5,7,0.0017960900299830544
06404000,PET,Q,5,8,0.0014584291703886657
06404000,PET,Q,5,9,0.0015997150649074005
06404000,PET,Q,5,10,0.0013798089024239027
06404000,PET,Q,5,11,0.002213755273566941
06404000,PET,Q,5,12,0.0016590819044120103
06404000,PET,Q,5,13,0.0012952619578167276
06404000,PET,Q,5,14,0.0012286743661290012
06404000,PET,Q,5,15,0.0018092486161708776
06404000,PET,Q,5,16,0.0015127515764166467
06404000,PET,Q,5,17,0.001481540849448279
06404000,PET,Q,5,18,0.0015346337736101903
06404000,PET,Q,5,19,0.002036161783231717
06404000,PET,Q,5,20,0.002001487893808468
06404000,PET,Q,5,21,0.0013562038144344021
06404000,PET,Q,5,22,0.0011680148242138276
06404000,PET,Q,5,23,0.0011426836203978774
06404000,PET,Q,5,24,0.0012912242347726324
06404000,PET,Q,5,25,0.0016176284215030888
06404000,PET,Q,5,26,0.00151665590888507
06404000,PET,Q,5,27,0.001972603479011334
06404000,PET,Q,5,28,0.001565209222185282
06404000,PET,Q,5,29,0.0016268753922799792
06404000,PET,Q,5,30,0.0019207901342592586
06406000,PET,Q,5,1,0.0023570020003020747
06406000,PET,Q,5,2,0.0025870389578421527
06406000,PET,Q,5,3,0.002990834643463114
06406000,PET,Q,5,4,0.0024816406678431005
06406000,PET,Q,5,5,0.001925627383599228
06406000,PET,Q,5,6,0.0019512111109036417
06406000,PET,Q,5,7,0.002579926476630863
06406000,PET,Q,5,8,0.0018516197920910582
06406000,PET,Q,5,9,0.0019542947312477937
06406000,PET,Q,5,10,0.002638266138922256
06406000,PET,Q,5,11,0.002573395538411613
06406000,PET,Q,5,12,0.003055125786696436
06406000,PET,Q,5,13,0.002495454820804613
06406000,PET,Q,5,14,0.0023550379249698064
06406000,PET,Q,5,15,0.002299148203263046
06406000,PET,Q,5,16,0.0023975975457616663
06406000,PET,Q,5,17,0.0021745609065194627
06406000,PET,Q,5,18,0.0020533820249156037
06406000,PET,Q,5,19,0.0022577394288362668
06406000,PET,Q,5,20,0.002493395922929506
06406000,PET,Q,5,21,0.0019190926032356809
06406000,PET,Q,5,22,0.002419719542236
06406000,PET,Q,5,23,0.002148630387047483
06406000,PET,Q,5,24,0.0020982797372546616
06406000,PET,Q,5,25,0.0022532357440344583
06406000,PET,Q,5,26,0.0023311683586949225
06406000,PET,Q,5,27,0.0020873572703471385
06406000,PET,Q,5,28,0.0025179805072792286
06406000,PET,Q,5,29,0.0025770190815889576
06406000,PET,Q,5,30,0.0024991492031448057
06408700,PET,Q,5,1,0.0022049580476162234
06408700,PET,Q,5,2,0.002727501896153006
06408700,PET,Q,5,3,0.0023374541380623004
06408700,PET,Q,5,4,0.0026822139888069696
06408700,PET,Q,5,5,0.0022570998310291746
06408700,PET,Q,5,6,0.0026533301920177443
06408700,PET,Q,5,7,0.0021708320693443195
06408700,PET,Q,5,8,0.0023307351587458225
06408700,PET,Q,5,9,0.0020664201889781797
06408700,PET,Q,5,10,0.0020669392415963994
06408700,PET,Q,5,11,0.0023936252869039
06408700,PET,Q,5,12,0.0021607883212750867
06408700,PET,Q,5,13,0.0018652410987234358
06408700,PET,Q,5,14,0.00190543249608921
06408700,PET,Q,5,15,0.0024421882831660024
06408700,PET,Q,5,16,0.0015867315845590202
06408700,PET,Q,5,17,0.0020527842800952545
06408700,PET,Q,5,18,0.0020061584176216396
06408700,PET,Q,5,19,0.0019675241521883713
06408700,PET,Q,5,20,0.0023007669458281477
06408700,PET,Q,5,21,0.0015827651516577834
06408700,PET,Q,5,22,0.002439636987819016
06408700,PET,Q,5,23,0.0020711971112525873
06408700,PET,Q,5,24,0.0019667856849678866
06408700,PET,Q,5,25,0.0018871782964831052
06408700,PET,Q,5,26,0.0022126609362083105
06408700,PET,Q,5,27,0.0023459020291614063
06408700,PET,Q,5,28,0.002008004141716979
06408700,PET,Q,5,29,0.0021543078603529775
06408700,PET,Q,5,30,0.0019134327310106336
06409000,PET,Q,5,1,0.004785835267606842
06409000,PET,Q,5,2,0.005688003181163553
06409000,PET,Q,5,3,0.0040447757018972075
06409000,PET,Q,5,4,0.004198831184014429
06409000,PET,Q,5,5,0.004805431220024942
06409000,PET,Q,5,6,0.004593207079354761
06409000,PET,Q,5,7,0.004354146790634117
06409000,PET,Q,5,8,0.0036170397069764937
06409000,PET,Q,5,9,0.004768747514918736
06409000,PET,Q,5,10,0.003439739488822091
06409000,PET,Q,5,11,0.003832845578100458
06409000,PET,Q,5,12,0.0028635189914721915
06409000,PET,Q,5,13,0.003143185728518766
06409000,PET,Q,5,14,0.0030109279269450173
06409000,PET,Q,5,15,0.0039919965112564515
06409000,PET,Q,5,16,0.0042507214433887
06409000,PET,Q,5,17,0.0037393223238954276
06409000,PET,Q,5,18,0.003683079318761273
06409000,PET,Q,5,19,0.003566107764362003
06409000,PET,Q,5,20,0.0031268259024378464
06409000,PET,Q,5,21,0.003239845864180607
06409000,PET,Q,5,22,0.0027932558298729426
06409000,PET,Q,5,23,0.002893162389390219
06409000,PET,Q,5,24,0.0023297386757046012
06409000,PET,Q,5,25,0.0023882680605462614
06409000,PET,Q,5,26,0.0030457167997206547
06409000,PET,Q,5,27,0.002882764457572573
06409000,PET,Q,5,28,0.0030567287701486756
06409000,PET,Q,5,29,0.0028847706870828993
06409000,PET,Q,5,30,0.002280245935045666
06431500,PET,Q,5,1,0.0019803885543325725
06431500,PET,Q,5,2,0.0024482755177054616
06431500,PET,Q,5,3,0.0017229992090744134
06431500,PET,Q,5,4,0.0018694562243296645
06431500,PET,Q,5,5,0.002044894819676006
06431500,PET,Q,5,6,0.0020505780803413767
06431500,PET,Q,5,7,0.0020272284862713832
06431500,PET,Q,5,8,0.0026044320926203388
06431500,PET,Q,5,9,0.0019815307445473773
06431500,PET,Q,5,10,0.002555507919468361
06431500,PET,Q,5,11,0.0018916992662542237
06431500,PET,Q,5,12,0.0020610039419640402
06431500,PET,Q,5,13,0.002020975173068887
06431500,PET,Q,5,14,0.0020271598859935985
06431500,PET,Q,5,15,0.0014863919155216135
06431500,PET,Q,5,16,0.001659419155796732
06431500,PET,Q,5,17,0.0018835271721417551
06431500,PET,Q,5,18,0.0017767430010691906
06431500,PET,Q,5,19,0.0022585568245563556
06431500,PET,Q,5,20,0.0019419050124087622
06431500,PET,Q,5,21,0.0017995552771716272
06431500,PET,Q,5,22,0.00226919938864812
06431500,PET,Q,5,23,0.0019124022678507976
06431500,PET,Q,5,24,0.001737903230265181
06431500,PET,Q,5,25,0.0022319893249773542
06431500,PET,Q,5,26,0.0026439868912229644
06431500,PET,Q,5,27,0.0019162107865878172
06431500,PET,Q,5,28,0.0016859869406253628
06431500,PET,Q,5,29,0.0019407991032235963
06431500,PET,Q,5,30,0.0013659909712203863
06440200,PET,Q,5,1,0.002386929817142891
06440200,PET,Q,5,2,0.0013941139095254088
06440200,PET,Q,5,3,0.0018046981512541832
06440200,PET,Q,5,4,0.0016463501115782653
06440200,PET,Q,5,5,0.0014889933492311658
06440200,PET,Q,5,6,0.0019783231626939665
06440200,PET,Q,5,7,0.0016738027168683861
06440200,PET,Q,5,8,0.001556980352384718
06440200,PET,Q,5,9,0.001723565501254784
06440200,PET,Q,5,10,0.001895582670980868
06440200,PET,Q,5,11,0.0015459992229597125
06440200,PET,Q,5,12,0.0016210040665090991
06440200,PET,Q,5,13,0.0012756144762632454
06440200,PET,Q,5,14,0.001442407662898916
06440200,PET,Q,5,15,0.0018601662729891832
06440200,PET,Q,5,16,0.0015886030121955164
06440200,PET,Q,5,17,0.0018662148978164789
06440200,PET,Q,5,18,0.0016179764557072013
06440200,PET,Q,5,19,0.001622407987235966
06440200,PET,Q,5,20,0.0017692053282844789
06440200,PET,Q,5,21,0.0015530057970903621
06440200,PET,Q,5,22,0.0017752959092638687
06440200,PET,Q,5,23,0.0016797244703516054
06440200,PET,Q,5,24,0.0021788531627658994
06440200,PET,Q,5,25,0.0019704963501461087
06440200,PET,Q,5,26,0.00196671148185356
06440200,PET,Q,5,27,0.0015859748192176074
06440200,PET,Q,5,28,0.001862686008633145
06440200,PET,Q,5,29,0.00180943695936598
06440200,PET,Q,5,30,0.002032419387784111
06441500,PET,Q,5,1,0.00269183045062317
06441500,PET,Q,5,2,0.0024308863667081987
06441500,PET,Q,5,3,0.0032954305160427105
06441500,PET,Q,5,4,0.0037149785598892815
06441500,PET,Q,5,5,0.0030706382558500778
06441500,PET,Q,5,6,0.0027183261933989983
06441500,PET,Q,5,7,0.0024524263969490367
06441500,PET,Q,5,8,0.00339928003766167
06441500,PET,Q,5,9,0.002533274913157954
06441500,PET,Q,5,10,0.0027498232006545748
06441500,PET,Q,5,11,0.002596810611273051
06441500,PET,Q,5,12,0.003088898949182739
06441500,PET,Q,5,13,0.0036340783263754256
06441500,PET,Q,5,14,0.0032784835731472922
06441500,PET,Q,5,15,0.00282488341058873
06441500,PET,Q,5,16,0.0024252310269277516
06441500,PET,Q,5,17,0.0026782963474569765
06441500,PET,Q,5,18,0.0027826417425618616
06441500,PET,Q,5,19,0.0027801813107087986
06441500,PET,Q,5,20,0.0031978967853900087
06441500,PET,Q,5,21,0.0025395138065009287
06441500,PET,Q,5,22,0.002411059367366547
06441500,PET,Q,5,23,0.0026964061051992227
06441500,PET,Q,5,24,0.0029330892832597766
06441500,PET,Q,5,25,0.002874391497447365
06441500,PET,Q,5,26,0.0031174154784121832
06441500,PET,Q,5,27,0.0028357279237375688
06441500,PET,Q,5,28,0.003149117544049923
06441500,PET,Q,5,29,0.0026462436176751397
06441500,PET,Q,5,30,0.002942068112865376
06447000,PET,Q,5,1,0.0030034737023878627
06447000,PET,Q,5,2,0.002665492960776672
06447000,PET,Q,5,3,0.0037881894150979395
06447000,PET,Q,5,4,0.0031474254500806764
06447000,PET,Q,5,5,0.0036562257943312387
06447000,PET,Q,5,6,0.0029376444080457392
06447000,PET,Q,5,7,0.003279956992004049
06447000,PET,Q,5,8,0.0036303335971632072
06447000,PET,Q,5,9,0.0029243696284716597
06447000,PET,Q,5,10,0.0030903609718949537
06447000,PET,Q,5,11,0.0027355532847397612
06447000,PET,Q,5,12,0.003410299510141948
06447000,PET,Q,5,13,0.0031325941488824227
06447000,PET,Q,5,14,0.0034735766342629537
06447000,PET,Q,5,15,0.0033088846835005875
06447000,PET,Q,5,16,0.0032568993951158642
06447000,PET,Q,5,17,0.003361277982423083
06447000,PET,Q,5,18,0.0036706969768984243
06447000,PET,Q,5,19,0.003042223221279297
06447000,PET,Q,5,20,0.0032924043959348392
06447000,PET,Q,5,21,0.0025155477431908074
06447000,PET,Q,5,22,0.0028845269225996617
06447000,PET,Q,5,23,0.0028293509729409583
06447000,PET,Q,5,24,0.0035136782508084913
06447000,PET,Q,5,25,0.0029597936887369586
06447000,PET,Q,5,26,0.00311965110725608
06447000,PET,Q,5,27,0.0033238953471393107
06447000,PET,Q,5,28,0.002624669388501255
06447000,PET,Q,5,29,0.002593628500159026
06447000,PET,Q,5,30,0.003102954440104125
06447500,PET,Q,5,1,0.0012163237343886454
06447500,PET,Q,5,2,0.0012174585007919507
06447500,PET,Q,5,3,0.0013343841264623832
06447500,PET,Q,5,4,0.0011048241993941096
06447500,PET,Q,5,5,0.0010224532490356493
06447500,PET,Q,5,6,0.0012900077722476887
06447500,PET,Q,5,7,0.0010742793049769335
06447500,PET,Q,5,8,0.0013408454344949403
06447500,PET,Q,5,9,0.0011986901698211976
06447500,PET,Q,5,10,0.0009734750641707986
06447500,PET,Q,5,11,0.0011043316013721743
06447500,PET,Q,5,12,0.0012035492981895754
06447500,PET,Q,5,13,0.0013076897968997622
06447500,PET,Q,5,14,0.001275267409851958
06447500,PET,Q,5,15,0.0012536491692978907
06447500,PET,Q,5,16,0.000929180306129096
06447500,PET,Q,5,17,0.0009836954226559655
06447500,PET,Q,5,18,0.001228956640093419
06447500,PET,Q,5,19,0.0014004658087905172
06447500,PET,Q,5,20,0.001171452177496899
06447500,PET,Q,5,21,0.0011978449329859975
06447500,PET,Q,5,22,0.0013764693216466312
06447500,PET,Q,5,23,0.0010971975084090833
06447500,PET,Q,5,24,0.0013021482396273487
06447500,PET,Q,5,25,0.0014976219688654438
06447500,PET,Q,5,26,0.0009044130315368007
06447500,PET,Q,5,27,0.0011265321394205788
06447500,PET,Q,5,28,0.000964624496395193
06447500,PET,Q,5,29,0.0012136142841518288
06447500,PET,Q,5,30,0.001039387137060012
06450500,PET,Q,5,1,0.0010835130352125528
06450500,PET,Q,5,2,0.0009285856736682141
06450500,PET,Q,5,3,0.0008911227936350616
06450500,PET,Q,5,4,0.0007139103891672209
06450500,PET,Q,5,5,0.0013183787707149695
06450500,PET,Q,5,6,0.0016294087886321341
06450500,PET,Q,5,7,0.0014143769957207682
06450500,PET,Q,5,8,0.0008146810152730027
06450500,PET,Q,5,9,0.001171269413010486
06450500,PET,Q,5,10,0.001080854831915879
06450500,PET,Q,5,11,0.0011676214205160046
06450500,PET,Q,5,12,0.0011125659308450914
06450500,PET,Q,5,13,0.0013190772545634624
06450500,PET,Q,5,14,0.001085223539257326
06450500,PET,Q,5,15,0.0011924158592676835
06450500,PET,Q,5,16,0.0010401476912765655
06450500,PET,Q,5,17,0.0012972749766121741
06450500,PET,Q,5,18,0.0011250393073753626
06450500,PET,Q,5,19,0.0011027688911824582
06450500,PET,Q,5,20,0.0011537148802792524
06450500,PET,Q,5,21,0.0011122740260827886
06450500,PET,Q,5,22,0.0008049044239535758
06450500,PET,Q,5,23,0.0010349492079445403
06450500,PET,Q,5,24,0.0007188948791290971
06450500,PET,Q,5,25,0.0012542495376035162
06450500,PET,Q,5,26,0.0009345503276252352
06450500,PET,Q,5,27,0.0007548448130454619
06450500,PET,Q,5,28,0.0009507834821706612
06450500,PET,Q,5,29,0.0008978300450060324
06450500,PET,Q,5,30,0.0009053440888025857
06452000,PET,Q,5,1,0.003439310924229208
06452000,PET,Q,5,2,0.002778809694837042
06452000,PET,Q,5,3,0.0029364392099922587
06452000,PET,Q,5,4,0.0039613895067431015
06452000,PET,Q,5,5,0.002978860011324372
06452000,PET,Q,5,6,0.0025947829681715606
06452000,PET,Q,5,7,0.003335330878549189
06452000,PET,Q,5,8,0.002557848907210586
06452000,PET,Q,5,9,0.0032598046488880456
06452000,PET,Q,5,10,0.0028303919701627572
06452000,PET,Q,5,11,0.0029017390892398798
06452000,PET,Q,5,12,0.0032656336560968058
06452000,PET,Q,5,13,0.003035990349458645
06452000,PET,Q,5,14,0.003871368533276881
06452000,PET,Q,5,15,0.0036270588299378986
06452000,PET,Q,5,16,0.003737838223581605
06452000,PET,Q,5,17,0.0028423643743453186
06452000,PET,Q,5,18,0.0028544505574644163
06452000,PET,Q,5,19,0.003582526690647153
06452000,PET,Q,5,20,0.0031845836899977026
06452000,PET,Q,5,21,0.003281624666175223
06452000,PET,Q,5,22,0.0034939288201171065
06452000,PET,Q,5,23,0.0031079419217197174
06452000,PET,Q,5,24,0.002877924707666707
06452000,PET,Q,5,25,0.0029242485888627823
06452000,PET,Q,5,26,0.0036199456507785416
06452000,PET,Q,5,27,0.00360656252336064
06452000,PET,Q,5,28,0.004089416417109762
06452000,PET,Q,5,29,0.003281059151298296
06452000,PET,Q,5,30,0.003252260279998795
06453600,PET,Q,5,1,0.0026585405029643516
06453600,PET,Q,5,2,0.0029865626815474278
06453600,PET,Q,5,3,0.0024707771338820933
06453600,PET,Q,5,4,0.0029451460739890745
06453600,PET,Q,5,5,0.0029113412825860635
06453600,PET,Q,5,6,0.0018529492069057074
06453600,PET,Q,5,7,0.0021521854014042024
06453600,PET,Q,5,8,0.00227531591757181
06453600,PET,Q,5,9,0.002497116206391231
06453600,PET,Q,5,10,0.002394765755851902
06453600,PET,Q,5,11,0.002158452744413772
06453600,PET,Q,5,12,0.002317095921859205
06453600,PET,Q,5,13,0.002077149244391549
06453600,PET,Q,5,14,0.002796601186289757
06453600,PET,Q,5,15,0.0019559628965899606
06453600,PET,Q,5,16,0.0023149344123625237
06453600,PET,Q,5,17,0.0023378981184080105
06453600,PET,Q,5,18,0.0023356219347994284
06453600,PET,Q,5,19,0.0024456449668946306
06453600,PET,Q,5,20,0.0022896122430828975
06453600,PET,Q,5,21,0.0021595391276691828
06453600,PET,Q,5,22,0.0024841917258203727
06453600,PET,Q,5,23,0.002533601245116243
06453600,PET,Q,5,24,0.002490562964145876
06453600,PET,Q,5,25,0.00233514573880661
06453600,PET,Q,5,26,0.0022958946656644746
06453600,PET,Q,5,27,0.002506617227721053
06453600,PET,Q,5,28,0.0027239891478662015
06453600,PET,Q,5,29,0.0025391873219417355
06453600,PET,Q,5,30,0.0026163761393833834
06464500,PET,Q,5,1,0.004491392118135151
06464500,PET,Q,5,2,0.003876555468945969
06464500,PET,Q,5,3,0.002717689699690079
06464500,PET,Q,5,4,0.00254394810993816
06464500,PET,Q,5,5,0.0025511631058366957
06464500,PET,Q,5,6,0.002598682262083707
06464500,PET,Q,5,7,0.0020465930889915773
06464500,PET,Q,5,8,0.0019546872658435244
06464500,PET,Q,5,9,0.0016604350927518219
06464500,PET,Q,5,10,0.002022792111434246
06464500,PET,Q,5,11,0.0026451943176826476
06464500,PET,Q,5,12,0.00252717151899437
06464500,PET,Q,5,13,0.0021737508355363644
06464500,PET,Q,5,14,0.00180204843140086
06464500,PET,Q,5,15,0.002341988021573399
06464500,PET,Q,5,16,0.002195371775134569
06464500,PET,Q,5,17,0.002179255722284612
06464500,PET,Q,5,18,0.002063357330467197
06464500,PET,Q,5,19,0.002320559477042128
06464500,PET,Q,5,20,0.0021069502265850526
06464500,PET,Q,5,21,0.0021120366986731864
06464500,PET,Q,5,22,0.002008693309087123
06464500,PET,Q,5,23,0.0019382302471873114
06464500,PET,Q,5,24,0.002358052446197717
06464500,PET,Q,5,25,0.002150167321890578
06464500,PET,Q,5,26,0.00224344786607239
06464500,PET,Q,5,27,0.0020863576692656816
06464500,PET,Q,5,28,0.00236198644423552
06464500,PET,Q,5,29,0.0023704708259753016
06464500,PET,Q,5,30,0.002138335655853696
06468170,PET,Q,5,1,0.002003275792010595
06468170,PET,Q,5,2,0.0012441955932681048
06468170,PET,Q,5,3,0.0015565970364772655
06468170,PET,Q,5,4,0.0014127251304410296
06468170,PET,Q,5,5,0.001485679330567119
06468170,PET,Q,5,6,0.0018967179579668508
06468170,PET,Q,5,7,0.001853989275607773
06468170,PET,Q,5,8,0.0018022282063097708
06468170,PET,Q,5,9,0.0010828149408595722
06468170,PET,Q,5,10,0.0009052269913412889
06468170,PET,Q,5,11,0.0010263502895401996
06468170,PET,Q,5,12,0.0010601242115050036
06468170,PET,Q,5,13,0.0007771853760108749
06468170,PET,Q,5,14,0.0007727294874501495
06468170,PET,Q,5,15,0.0012994074031038583
06468170,PET,Q,5,16,0.0014366467630000102
06468170,PET,Q,5,17,0.001696914345614614
06468170,PET,Q,5,18,0.0009997176388548065
06468170,PET,Q,5,19,0.001077485303607649
06468170,PET,Q,5,20,0.001181884323284789
06468170,PET,Q,5,21,0.0009872818622240903
06468170,PET,Q,5,22,0.0010134513083736515
06468170,PET,Q,5,23,0.0007721235587944478
06468170,PET,Q,5,24,0.0007359509382506707
06468170,PET,Q,5,25,0.0010512832388916635
06468170,PET,Q,5,26,0.0008910547811351241
06468170,PET,Q,5,27,0.0008121300652773056
06468170,PET,Q,5,28,0.0008379287900722732
06468170,PET,Q,5,29,0.0009521815760108673
06468170,PET,Q,5,30,0.00081485505151703
06468250,PET,Q,5,1,0.0017650483349594959
06468250,PET,Q,5,2,0.0018956280293071365
06468250,PET,Q,5,3,0.0016073370759814992
06468250,PET,Q,5,4,0.0019104407376813876
06468250,PET,Q,5,5,0.0027979485827358264
06468250,PET,Q,5,6,0.0021725640349110897
06468250,PET,Q,5,7,0.001677395923651695
06468250,PET,Q,5,8,0.0009968807878858038
06468250,PET,Q,5,9,0.0017384544678145791
06468250,PET,Q,5,10,0.0012875664727968333
06468250,PET,Q,5,11,0.0012296790299864552
06468250,PET,Q,5,12,0.0010579924455605544
06468250,PET,Q,5,13,0.0009554974581761078
06468250,PET,Q,5,14,0.0007732948091028896
06468250,PET,Q,5,15,0.001025479696813103
06468250,PET,Q,5,16,0.001283973417845724
06468250,PET,Q,5,17,0.001183118843413572
06468250,PET,Q,5,18,0.0011918045176331632
06468250,PET,Q,5,19,0.0010129958928414978
06468250,PET,Q,5,20,0.0013206989087174714
06468250,PET,Q,5,21,0.0008268970620041727
06468250,PET,Q,5,22,0.000862321792793691
06468250,PET,Q,5,23,0.0008933500969399433
06468250,PET,Q,5,24,0.0007154684634937125
06468250,PET,Q,5,25,0.0007627552323264536
06468250,PET,Q,5,26,0.0006601385271639421
06468250,PET,Q,5,27,0.0008802976272419827
06468250,PET,Q,5,28,0.0008603342164346522
06468250,PET,Q,5,29,0.0008346892818867913
06468250,PET,Q,5,30,0.0011551379758036745
06470800,PET,Q,5,1,0.0016495542466539864
06470800,PET,Q,5,2,0.0018956055275243938
06470800,PET,Q,5,3,0.0018434946532267585
06470800,PET,Q,5,4,0.002073506403613083
06470800,PET,Q,5,5,0.0026531180646009733
06470800,PET,Q,5,6,0.0018595165920708562
06470800,PET,Q,5,7,0.0018786942029769063
06470800,PET,Q,5,8,0.0009535135626273852
06470800,PET,Q,5,9,0.0009719887542998934
06470800,PET,Q,5,10,0.0013367043714314422
06470800,PET,Q,5,11,0.001161621524153264
06470800,PET,Q,5,12,0.001088392291277232
06470800,PET,Q,5,13,0.001290928013677188
06470800,PET,Q,5,14,0.0012978904338065839
06470800,PET,Q,5,15,0.0018297159358986181
06470800,PET,Q,5,16,0.001224165514907151
06470800,PET,Q,5,17,0.0016753311518087066
06470800,PET,Q,5,18,0.0015611144060598547
06470800,PET,Q,5,19,0.0012735513477185045
06470800,PET,Q,5,20,0.0015563993179125504
06470800,PET,Q,5,21,0.0013846956581474515
06470800,PET,Q,5,22,0.0014930996131591115
06470800,PET,Q,5,23,0.0012726932194632515
06470800,PET,Q,5,24,0.0010453865064874723
06470800,PET,Q,5,25,0.0010272787900513364
06470800,PET,Q,5,26,0.0009624551126155845
06470800,PET,Q,5,27,0.0009012467096664936
06470800,PET,Q,5,28,0.000946426047161178
06470800,PET,Q,5,29,0.0013831548866437213
06470800,PET,Q,5,30,0.0014117283190844127
06477500,PET,Q,5,1,0.0026002038672830532
06477500,PET,Q,5,2,0.0029020027202045356
06477500,PET,Q,5,3,0.0020001269868832605
06477500,PET,Q,5,4,0.002284585798388153
06477500,PET,Q,5,5,0.002369060514047415
06477500,PET,Q,5,6,0.002522900764492207
06477500,PET,Q,5,7,0.0018390587760431232
06477500,PET,Q,5,8,0.0020168689253152253
06477500,PET,Q,5,9,0.0018842745797148092
06477500,PET,Q,5,10,0.001764174988583049
06477500,PET,Q,5,11,0.001651743704679666
06477500,PET,Q,5,12,0.0019450348069765325
06477500,PET,Q,5,13,0.0022487332581102443
06477500,PET,Q,5,14,0.0027515299879868685
06477500,PET,Q,5,15,0.0025192977036983533
06477500,PET,Q,5,16,0.0019892728787842193
06477500,PET,Q,5,17,0.002319464788239474
06477500,PET,Q,5,18,0.002076255033384815
06477500,PET,Q,5,19,0.002265698638788942
06477500,PET,Q,5,20,0.001755192403762637
06477500,PET,Q,5,21,0.002024589285533042
06477500,PET,Q,5,22,0.0022553645605589076
06477500,PET,Q,5,23,0.0015687967559851537
06477500,PET,Q,5,24,0.0021664373292757805
06477500,PET,Q,5,25,0.001942116213744835
06477500,PET,Q,5,26,0.0026294961916022985
06477500,PET,Q,5,27,0.0022241688781232186
06477500,PET,Q,5,28,0.0015828404951927222
06477500,PET,Q,5,29,0.001978646754412415
06477500,PET,Q,5,30,0.001681211158101041
06479215,PET,Q,5,1,0.002408361014909932
06479215,PET,Q,5,2,0.001829649152920186
06479215,PET,Q,5,3,0.0018912395789707145
06479215,PET,Q,5,4,0.001453223231573944
06479215,PET,Q,5,5,0.0012581697739306175
06479215,PET,Q,5,6,0.00146472623063032
06479215,PET,Q,5,7,0.0014876919359221932
06479215,PET,Q,5,8,0.0008282549005089387
06479215,PET,Q,5,9,0.0009655664195251171
06479215,PET,Q,5,10,0.0010360636125688327
06479215,PET,Q,5,11,0.0010101579510208639
06479215,PET,Q,5,12,0.001175970781873717
06479215,PET,Q,5,13,0.0010015121808025426
06479215,PET,Q,5,14,0.0009956256645798356
06479215,PET,Q,5,15,0.0011689307388691866
06479215,PET,Q,5,16,0.0015253713810043715
06479215,PET,Q,5,17,0.0008281149212213748
06479215,PET,Q,5,18,0.0011585281580682727
06479215,PET,Q,5,19,0.0009961782078907952
06479215,PET,Q,5,20,0.0009217623761612198
06479215,PET,Q,5,21,0.0010750585109230992
06479215,PET,Q,5,22,0.0016284495639196372
06479215,PET,Q,5,23,0.0013887857726292627
06479215,PET,Q,5,24,0.0012314799607541504
06479215,PET,Q,5,25,0.0011254479312195198
06479215,PET,Q,5,26,0.0008621070673477116
06479215,PET,Q,5,27,0.0005844624237922175
06479215,PET,Q,5,28,0.0009120370274666098
06479215,PET,Q,5,29,0.0008127285524494737
06479215,PET,Q,5,30,0.0007845701627497981
06479438,PET,Q,5,1,0.0016588954380068778
06479438,PET,Q,5,2,0.001906432117063362
06479438,PET,Q,5,3,0.0019839174291961144
06479438,PET,Q,5,4,0.0014613818527402685
06479438,PET,Q,5,5,0.0008171379120415767
06479438,PET,Q,5,6,0.0012187857575825627
06479438,PET,Q,5,7,0.0007854475263435329
06479438,PET,Q,5,8,0.0006504117658544355
06479438,PET,Q,5,9,0.0007490049432969173
06479438,PET,Q,5,10,0.0008779600379442559
06479438,PET,Q,5,11,0.001004497776598199
06479438,PET,Q,5,12,0.000886117830868588
06479438,PET,Q,5,13,0.0007737412492916478
06479438,PET,Q,5,14,0.0007799978913124832
06479438,PET,Q,5,15,0.0010825638381031268
06479438,PET,Q,5,16,0.0010885641632256
06479438,PET,Q,5,17,0.0007141680350095901
06479438,PET,Q,5,18,0.0012054113347671792
06479438,PET,Q,5,19,0.0007572145216713649
06479438,PET,Q,5,20,0.000880613379314759
06479438,PET,Q,5,21,0.0015377412490780347
06479438,PET,Q,5,22,0.000801139909972267
06479438,PET,Q,5,23,0.0007735404345894231
06479438,PET,Q,5,24,0.0008244713592358462
06479438,PET,Q,5,25,0.0005093998081053611
06479438,PET,Q,5,26,0.0005217801413091791
06479438,PET,Q,5,27,0.0007343953724868388
06479438,PET,Q,5,28,0.0007904934273251889
06479438,PET,Q,5,29,0.0006204880944863586
06479438,PET,Q,5,30,0.0009516166342877878
06601000,PET,Q,5,1,0.0013121094053899773
06601000,PET,Q,5,2,0.0011028111064714068
06601000,PET,Q,5,3,0.001415095127021617
06601000,PET,Q,5,4,0.001378400856988031
06601000,PET,Q,5,5,0.0010862659376552342
06601000,PET,Q,5,6,0.0012125411795303603
06601000,PET,Q,5,7,0.000940100149872343
06601000,PET,Q,5,8,0.0009814153223231398
06601000,PET,Q,5,9,0.0011322300987996817
06601000,PET,Q,5,10,0.0013384323000346643
06601000,PET,Q,5,11,0.0012024318935219304
06601000,PET,Q,5,12,0.0014297290817960571
06601000,PET,Q,5,13,0.0012376579744974373
06601000,PET,Q,5,14,0.0012958013028011722
06601000,PET,Q,5,15,0.0010863160322876382
06601000,PET,Q,5,16,0.001320889149829186
06601000,PET,Q,5,17,0.0017122185202505281
06601000,PET,Q,5,18,0.001640245507384487
06601000,PET,Q,5,19,0.001213902624899163
06601000,PET,Q,5,20,0.00134312221323803
06601000,PET,Q,5,21,0.0015264374525122727
06601000,PET,Q,5,22,0.0011838937830741282
06601000,PET,Q,5,23,0.0012523925309805492
06601000,PET,Q,5,24,0.0012131277846073873
06601000,PET,Q,5,25,0.001096119978714373
06601000,PET,Q,5,26,0.0011096225167041493
06601000,PET,Q,5,27,0.001384206498226865
06601000,PET,Q,5,28,0.0011693219588060529
06601000,PET,Q,5,29,0.0011016631251591323
06601000,PET,Q,5,30,0.0012314279404808948
06614800,PET,Q,5,1,0.008453724412362917
06614800,PET,Q,5,2,0.0075078645656423415
06614800,PET,Q,5,3,0.0067944841877688456
06614800,PET,Q,5,4,0.006367432834590792
06614800,PET,Q,5,5,0.0054488902328544975
06614800,PET,Q,5,6,0.005296321013423755
06614800,PET,Q,5,7,0.005273373184560393
06614800,PET,Q,5,8,0.006134771972654551
06614800,PET,Q,5,9,0.006607476519150279
06614800,PET,Q,5,10,0.006155025747802967
06614800,PET,Q,5,11,0.005489860718651374
06614800,PET,Q,5,12,0.006267435389000819
06614800,PET,Q,5,13,0.005270200357538113
06614800,PET,Q,5,14,0.00611657209750005
06614800,PET,Q,5,15,0.005316922676965374
06614800,PET,Q,5,16,0.006206786839215495
06614800,PET,Q,5,17,0.005393440335959343
06614800,PET,Q,5,18,0.005479529602426703
06614800,PET,Q,5,19,0.0060795144641142
06614800,PET,Q,5,20,0.006001659390044212
06614800,PET,Q,5,21,0.006295418209571801
06614800,PET,Q,5,22,0.0057567648720592834
06614800,PET,Q,5,23,0.005371897259311309
06614800,PET,Q,5,24,0.004949338648369828
06614800,PET,Q,5,25,0.005498459432189573
06614800,PET,Q,5,26,0.005651589253214073
06614800,PET,Q,5,27,0.0059214553060522035
06614800,PET,Q,5,28,0.00655995415387467
06614800,PET,Q,5,29,0.005047172466198291
06614800,PET,Q,5,30,0.005797665231709048
06622700,PET,Q,5,1,0.008737335580156436
06622700,PET,Q,5,2,0.006278289686109384
06622700,PET,Q,5,3,0.005602043852003857
06622700,PET,Q,5,4,0.005371201920631452
06622700,PET,Q,5,5,0.006239584373094631
06622700,PET,Q,5,6,0.005966956369435394
06622700,PET,Q,5,7,0.0059420890247890434
06622700,PET,Q,5,8,0.005117355284119884
06622700,PET,Q,5,9,0.004397848391559156
06622700,PET,Q,5,10,0.004563086010257178
06622700,PET,Q,5,11,0.004742465972779775
06622700,PET,Q,5,12,0.004914891120996856
06622700,PET,Q,5,13,0.005235760503949027
06622700,PET,Q,5,14,0.004821011909273476
06622700,PET,Q,5,15,0.005007818803978825
06622700,PET,Q,5,16,0.00545670578026991
06622700,PET,Q,5,17,0.0053881166347862774
06622700,PET,Q,5,18,0.005612017490224164
06622700,PET,Q,5,19,0.0046680811302667324
06622700,PET,Q,5,20,0.005363493910365724
06622700,PET,Q,5,21,0.0046455597782190106
06622700,PET,Q,5,22,0.00484321914386282
06622700,PET,Q,5,23,0.004935798370278299
06622700,PET,Q,5,24,0.004771478766617043
06622700,PET,Q,5,25,0.005673878896128248
06622700,PET,Q,5,26,0.0048103889770809705
06622700,PET,Q,5,27,0.005110940028634714
06622700,PET,Q,5,28,0.0048925302462680675
06622700,PET,Q,5,29,0.004597794913892506
06622700,PET,Q,5,30,0.004688624233680383
06623800,PET,Q,5,1,0.008685216205880975
06623800,PET,Q,5,2,0.005307328580519355
06623800,PET,Q,5,3,0.005407039755777554
06623800,PET,Q,5,4,0.005653237577343151
06623800,PET,Q,5,5,0.006349991471696015
06623800,PET,Q,5,6,0.005993205011295688
06623800,PET,Q,5,7,0.005504505331307641
06623800,PET,Q,5,8,0.004959831190088748
06623800,PET,Q,5,9,0.004330901288498168
06623800,PET,Q,5,10,0.005105234584478424
06623800,PET,Q,5,11,0.0049562284410185065
06623800,PET,Q,5,12,0.004787608235389207
06623800,PET,Q,5,13,0.004629846607504928
06623800,PET,Q,5,14,0.00431907473088794
06623800,PET,Q,5,15,0.004504824013466191
06623800,PET,Q,5,16,0.003918413260556031
06623800,PET,Q,5,17,0.004902739754976515
06623800,PET,Q,5,18,0.00460212074453048
06623800,PET,Q,5,19,0.004655811271835675
06623800,PET,Q,5,20,0.00442709449596046
06623800,PET,Q,5,21,0.0046491553066420055
06623800,PET,Q,5,22,0.005221598716423803
06623800,PET,Q,5,23,0.004733878167887062
06623800,PET,Q,5,24,0.003639002745704001
06623800,PET,Q,5,25,0.003868308296155143
06623800,PET,Q,5,26,0.004803911844398712
06623800,PET,Q,5,27,0.0053205525702484935
06623800,PET,Q,5,28,0.005192778573656132
06623800,PET,Q,5,29,0.00493777960223063
06623800,PET,Q,5,30,0.00431671063675465
06632400,PET,Q,5,1,0.008834671845423525
06632400,PET,Q,5,2,0.006783147854225013
06632400,PET,Q,5,3,0.005742144897066814
06632400,PET,Q,5,4,0.005256765211086811
06632400,PET,Q,5,5,0.0050849732472381115
06632400,PET,Q,5,6,0.005175814607057794
06632400,PET,Q,5,7,0.005567175396359925
06632400,PET,Q,5,8,0.005551875969719677
06632400,PET,Q,5,9,0.00410517903872154
06632400,PET,Q,5,10,0.004106342104119587
06632400,PET,Q,5,11,0.004670567325166297
06632400,PET,Q,5,12,0.004368471498926663
06632400,PET,Q,5,13,0.0047184477091627985
06632400,PET,Q,5,14,0.0040162076172016725
06632400,PET,Q,5,15,0.0034220516997189865
06632400,PET,Q,5,16,0.005111586023909764
06632400,PET,Q,5,17,0.00476342953182779
06632400,PET,Q,5,18,0.004843102783455622
06632400,PET,Q,5,19,0.004942066186702065
06632400,PET,Q,5,20,0.005333356706638148
06632400,PET,Q,5,21,0.0038419484818913996
06632400,PET,Q,5,22,0.0043068720608380184
06632400,PET,Q,5,23,0.004202906665505213
06632400,PET,Q,5,24,0.004427326860937553
06632400,PET,Q,5,25,0.00446032065672497
06632400,PET,Q,5,26,0.004615864310630824
06632400,PET,Q,5,27,0.005112690150107679
06632400,PET,Q,5,28,0.004371421791222185
06632400,PET,Q,5,29,0.004128710733910301
06632400,PET,Q,5,30,0.004554241989688679
06746095,PET,Q,5,1,0.008910057291658724
06746095,PET,Q,5,2,0.008532888215227019
06746095,PET,Q,5,3,0.006621923896823756
06746095,PET,Q,5,4,0.006932324145302371
06746095,PET,Q,5,5,0.0070897327263605425
06746095,PET,Q,5,6,0.006521621216441342
06746095,PET,Q,5,7,0.006209881258686378
06746095,PET,Q,5,8,0.006853887305161899
06746095,PET,Q,5,9,0.0061589807799593554
06746095,PET,Q,5,10,0.007015815662886726
06746095,PET,Q,5,11,0.006420603696369098
06746095,PET,Q,5,12,0.007401636001650558
06746095,PET,Q,5,13,0.005786748246479345
06746095,PET,Q,5,14,0.005654523752382734
06746095,PET,Q,5,15,0.006313512375641983
06746095,PET,Q,5,16,0.006297298547835561
06746095,PET,Q,5,17,0.0063058702659028465
06746095,PET,Q,5,18,0.005158400338469038
06746095,PET,Q,5,19,0.006315543263595236
06746095,PET,Q,5,20,0.0062064202934134505
06746095,PET,Q,5,21,0.00487927221365686
06746095,PET,Q,5,22,0.005091252560923021
06746095,PET,Q,5,23,0.005353017516375291
06746095,PET,Q,5,24,0.00579111559438672
06746095,PET,Q,5,25,0.006020142124344152
06746095,PET,Q,5,26,0.006492057349052394
06746095,PET,Q,5,27,0.005520813497832011
06746095,PET,Q,5,28,0.005695059871248465
06746095,PET,Q,5,29,0.005999616138238739
06746095,PET,Q,5,30,0.004935345521982992
06784000,PET,Q,5,1,0.0022562432669561566
06784000,PET,Q,5,2,0.001960884953943351
06784000,PET,Q,5,3,0.0020469469839094825
06784000,PET,Q,5,4,0.0026537649426620104
06784000,PET,Q,5,5,0.002163550437253841
06784000,PET,Q,5,6,0.0021741608504230008
06784000,PET,Q,5,7,0.002536030265078152
06784000,PET,Q,5,8,0.0020245663948364676
06784000,PET,Q,5,9,0.0022245631158182427
06784000,PET,Q,5,10,0.00241773378545488
06784000,PET,Q,5,11,0.0026099521061753346
06784000,PET,Q,5,12,0.002213597306137377
06784000,PET,Q,5,13,0.0019120196138727522
06784000,PET,Q,5,14,0.0021741656906845187
06784000,PET,Q,5,15,0.0019625576575622375
06784000,PET,Q,5,16,0.0022858625204862405
06784000,PET,Q,5,17,0.0023022161711863352
06784000,PET,Q,5,18,0.0021044028110821303
06784000,PET,Q,5,19,0.0024604738861252785
06784000,PET,Q,5,20,0.0016351969846983595
06784000,PET,Q,5,21,0.0020410036027125704
06784000,PET,Q,5,22,0.0019213157809961634
06784000,PET,Q,5,23,0.0025502625845775506
06784000,PET,Q,5,24,0.0019960779489659464
06784000,PET,Q,5,25,0.00178005162966164
06784000,PET,Q,5,26,0.0018852875346929143
06784000,PET,Q,5,27,0.001818578613708502
06784000,PET,Q,5,28,0.0019370366168692359
06784000,PET,Q,5,29,0.0019412402497080636
06784000,PET,Q,5,30,0.0022677463104549232
06803510,PET,Q,5,1,0.0009765167511590674
06803510,PET,Q,5,2,0.0010234470318478996
06803510,PET,Q,5,3,0.0010495156997572704
06803510,PET,Q,5,4,0.0009154706774847626
06803510,PET,Q,5,5,0.000896326404996501
06803510,PET,Q,5,6,0.0009897943542120854
06803510,PET,Q,5,7,0.0008846809153260082
06803510,PET,Q,5,8,0.0010464743354032767
06803510,PET,Q,5,9,0.0012041935011166058
06803510,PET,Q,5,10,0.001056387358887901
06803510,PET,Q,5,11,0.0010443076398015429
06803510,PET,Q,5,12,0.0010350954398758404
06803510,PET,Q,5,13,0.0008875661436330753
06803510,PET,Q,5,14,0.0010604013820507859
06803510,PET,Q,5,15,0.0012797138223245748
06803510,PET,Q,5,16,0.0011441394950708235
06803510,PET,Q,5,17,0.001073578326754386
06803510,PET,Q,5,18,0.0010194070348792678
06803510,PET,Q,5,19,0.0011052008442424509
06803510,PET,Q,5,20,0.0008794370789544839
06803510,PET,Q,5,21,0.000917034223914653
06803510,PET,Q,5,22,0.0007758430924083397
06803510,PET,Q,5,23,0.0011640930534076877
06803510,PET,Q,5,24,0.0010337554482752493
06803510,PET,Q,5,25,0.00085867017837803
06803510,PET,Q,5,26,0.0011376504382824264
06803510,PET,Q,5,27,0.0012562072453740792
06803510,PET,Q,5,28,0.0009451663320556927
06803510,PET,Q,5,29,0.001028329300504614
06803510,PET,Q,5,30,0.0008991171679056213
06803530,PET,Q,5,1,0.0013053068956904532
06803530,PET,Q,5,2,0.0014633414066825556
06803530,PET,Q,5,3,0.0014149129286571503
06803530,PET,Q,5,4,0.001339650411855759
06803530,PET,Q,5,5,0.0011118462979100505
06803530,PET,Q,5,6,0.0011070451177037904
06803530,PET,Q,5,7,0.001259479623848394
06803530,PET,Q,5,8,0.0013917722822404718
06803530,PET,Q,5,9,0.0012971136840034085
06803530,PET,Q,5,10,0.0013281282887034965
06803530,PET,Q,5,11,0.001017077150487225
06803530,PET,Q,5,12,0.0009138125951791923
06803530,PET,Q,5,13,0.0009947881999970137
06803530,PET,Q,5,14,0.0011196063965436473
06803530,PET,Q,5,15,0.0012664811063600179
06803530,PET,Q,5,16,0.0013605628538209801
06803530,PET,Q,5,17,0.0013519728275619512
06803530,PET,Q,5,18,0.001475395123467317
06803530,PET,Q,5,19,0.001403724690233154
06803530,PET,Q,5,20,0.0011731214128952953
06803530,PET,Q,5,21,0.0011435021863871776
06803530,PET,Q,5,22,0.0010136221019793005
06803530,PET,Q,5,23,0.0011535456957581236
06803530,PET,Q,5,24,0.0012356794814120248
06803530,PET,Q,5,25,0.0009619534910837932
06803530,PET,Q,5,26,0.0012910695354380018
06803530,PET,Q,5,27,0.0014092915151700525
06803530,PET,Q,5,28,0.0013430163273023422
06803530,PET,Q,5,29,0.001269481079798511
06803530,PET,Q,5,30,0.001181223541828473
06814000,PET,Q,5,1,0.0043527829503580695
06814000,PET,Q,5,2,0.0040348640924139645
06814000,PET,Q,5,3,0.004434774033827499
06814000,PET,Q,5,4,0.004948997324153923
06814000,PET,Q,5,5,0.003918926067293563
06814000,PET,Q,5,6,0.003740764099378499
06814000,PET,Q,5,7,0.0037167069315892087
06814000,PET,Q,5,8,0.003921760082528425
06814000,PET,Q,5,9,0.0039803508106247415
06814000,PET,Q,5,10,0.003574637638024236
06814000,PET,Q,5,11,0.004360159963652285
06814000,PET,Q,5,12,0.004094036595582204
06814000,PET,Q,5,13,0.0034417484952891098
06814000,PET,Q,5,14,0.004645432304800648
06814000,PET,Q,5,15,0.004310060870278354
06814000,PET,Q,5,16,0.0037529134760957844
06814000,PET,Q,5,17,0.0046304947933174245
06814000,PET,Q,5,18,0.0033291480575915744
06814000,PET,Q,5,19,0.0041486059284079335
06814000,PET,Q,5,20,0.004072675221198294
06814000,PET,Q,5,21,0.003358270048128817
06814000,PET,Q,5,22,0.0038565321058432744
06814000,PET,Q,5,23,0.0036965382781155853
06814000,PET,Q,5,24,0.003958720081820966
06814000,PET,Q,5,25,0.003635307673757762
06814000,PET,Q,5,26,0.0038546024720554073
06814000,PET,Q,5,27,0.002863238902186621
06814000,PET,Q,5,28,0.0030273897273400824
06814000,PET,Q,5,29,0.0036907294040751937
06814000,PET,Q,5,30,0.003996643913006387
06847900,PET,Q,5,1,0.0006861075351816516
06847900,PET,Q,5,2,0.0009009662800366662
06847900,PET,Q,5,3,0.0007062387995982484
06847900,PET,Q,5,4,0.0009010384611947281
06847900,PET,Q,5,5,0.0008335593357669153
06847900,PET,Q,5,6,0.0008593229002603463
06847900,PET,Q,5,7,0.0008336874135031428
06847900,PET,Q,5,8,0.0006459347946906665
06847900,PET,Q,5,9,0.0009395864607940427
06847900,PET,Q,5,10,0.0006356876484136884
06847900,PET,Q,5,11,0.0011180038653018235
06847900,PET,Q,5,12,0.0009382962159570577
06847900,PET,Q,5,13,0.0007471229765047549
06847900,PET,Q,5,14,0.0006880061517296433
06847900,PET,Q,5,15,0.0008774289280400402
06847900,PET,Q,5,16,0.0006142123325500208
06847900,PET,Q,5,17,0.00046458131202117836
06847900,PET,Q,5,18,0.0005064130965311709
06847900,PET,Q,5,19,0.0006779071678976864
06847900,PET,Q,5,20,0.0007520891001460547
06847900,PET,Q,5,21,0.0008358587810008439
06847900,PET,Q,5,22,0.0006240935191371283
06847900,PET,Q,5,23,0.0007888771904314452
06847900,PET,Q,5,24,0.0007318363906876294
06847900,PET,Q,5,25,0.0006243613582592837
06847900,PET,Q,5,26,0.0007842080177029734
06847900,PET,Q,5,27,0.000839645120053795
06847900,PET,Q,5,28,0.0006916461110409279
06847900,PET,Q,5,29,0.0008464770845461218
06847900,PET,Q,5,30,0.000617466790146971
06853800,PET,Q,5,1,0.00190176520465557
06853800,PET,Q,5,2,0.0020962874863676845
06853800,PET,Q,5,3,0.00247585859889813
06853800,PET,Q,5,4,0.0024817249203060304
06853800,PET,Q,5,5,0.003014694683490915
06853800,PET,Q,5,6,0.0026717402487017247
06853800,PET,Q,5,7,0.002252448200094466
06853800,PET,Q,5,8,0.002944831899006982
06853800,PET,Q,5,9,0.002636710749889949
06853800,PET,Q,5,10,0.0021551773723526083
06853800,PET,Q,5,11,0.0023937363670247513
06853800,PET,Q,5,12,0.0022231500768881696
06853800,PET,Q,5,13,0.0031666774640720444
06853800,PET,Q,5,14,0.0026519632373242716
06853800,PET,Q,5,15,0.0026481513391175965
06853800,PET,Q,5,16,0.002010779943759776
06853800,PET,Q,5,17,0.002620598835585894
06853800,PET,Q,5,18,0.0025078783808636027
06853800,PET,Q,5,19,0.0028744164247974657
06853800,PET,Q,5,20,0.002591170547437384
06853800,PET,Q,5,21,0.0030404667057966767
06853800,PET,Q,5,22,0.0026167590353883274
06853800,PET,Q,5,23,0.002682357078145424
06853800,PET,Q,5,24,0.0026191306333711514
06853800,PET,Q,5,25,0.0026905414356652585
06853800,PET,Q,5,26,0.002420480238246925
06853800,PET,Q,5,27,0.00256879147937826
06853800,PET,Q,5,28,0.0025394925048212516
06853800,PET,Q,5,29,0.0026652757313646094
06853800,PET,Q,5,30,0.002504910820258964
06876700,PET,Q,5,1,0.001964751087185322
06876700,PET,Q,5,2,0.0017353986576117003
06876700,PET,Q,5,3,0.0020174111754131738
06876700,PET,Q,5,4,0.002548534060415608
06876700,PET,Q,5,5,0.00201825384641504
06876700,PET,Q,5,6,0.0015433954066681813
06876700,PET,Q,5,7,0.0016079654348122863
06876700,PET,Q,5,8,0.0017458392203664047
06876700,PET,Q,5,9,0.0021347668395349934
06876700,PET,Q,5,10,0.0017056324523568728
06876700,PET,Q,5,11,0.0017478940324306344
06876700,PET,Q,5,12,0.0015468213576141226
06876700,PET,Q,5,13,0.001763396017435831
06876700,PET,Q,5,14,0.0018016677278254248
06876700,PET,Q,5,15,0.0016618174443917624
06876700,PET,Q,5,16,0.001644263145387674
06876700,PET,Q,5,17,0.001962887575904626
06876700,PET,Q,5,18,0.0019335344098493426
06876700,PET,Q,5,19,0.0019270380602641815
06876700,PET,Q,5,20,0.0014799565627492892
06876700,PET,Q,5,21,0.0021182897713571194
06876700,PET,Q,5,22,0.0020468685915860027
06876700,PET,Q,5,23,0.001812112106032146
06876700,PET,Q,5,24,0.0017895387610318905
06876700,PET,Q,5,25,0.001962982958740818
06876700,PET,Q,5,26,0.0019206915524618631
06876700,PET,Q,5,27,0.0014392744560128984
06876700,PET,Q,5,28,0.002069155798452925
06876700,PET,Q,5,29,0.001572833365873251
06876700,PET,Q,5,30,0.0018687847143768824
06878000,PET,Q,5,1,0.0034311414483659056
06878000,PET,Q,5,2,0.003158642022932784
06878000,PET,Q,5,3,0.003977655711618816
06878000,PET,Q,5,4,0.0038990755475660985
06878000,PET,Q,5,5,0.0044751362850636925
06878000,PET,Q,5,6,0.0036909341145158064
06878000,PET,Q,5,7,0.0030916935923756203
06878000,PET,Q,5,8,0.00303384840096918
06878000,PET,Q,5,9,0.002930490808422101
06878000,PET,Q,5,10,0.003421529673183897
06878000,PET,Q,5,11,0.003203446414396162
06878000,PET,Q,5,12,0.003977235719301961
06878000,PET,Q,5,13,0.0033328926308631573
06878000,PET,Q,5,14,0.0038469042777986157
06878000,PET,Q,5,15,0.0035180699583425915
06878000,PET,Q,5,16,0.0027806355452580783
06878000,PET,Q,5,17,0.003438142446013842
06878000,PET,Q,5,18,0.0034830102057286094
06878000,PET,Q,5,19,0.002950322472082094
06878000,PET,Q,5,20,0.003534971956211351
06878000,PET,Q,5,21,0.003235856031666734
06878000,PET,Q,5,22,0.003409696150894516
06878000,PET,Q,5,23,0.003121496770821859
06878000,PET,Q,5,24,0.0031669820927081593
06878000,PET,Q,5,25,0.0030283490732481502
06878000,PET,Q,5,26,0.0028458284130401038
06878000,PET,Q,5,27,0.0028329722309866634
06878000,PET,Q,5,28,0.002468824027322354
06878000,PET,Q,5,29,0.0036750415041351472
06878000,PET,Q,5,30,0.0030957851452087654
06879650,PET,Q,5,1,0.0012890372030309079
06879650,PET,Q,5,2,0.0016186246682091433
06879650,PET,Q,5,3,0.0016924518396353658
06879650,PET,Q,5,4,0.0012448741967688564
06879650,PET,Q,5,5,0.0017242687950351134
06879650,PET,Q,5,6,0.001849552787206922
06879650,PET,Q,5,7,0.0014970632909225602
06879650,PET,Q,5,8,0.001634836955483731
06879650,PET,Q,5,9,0.001715529220491398
06879650,PET,Q,5,10,0.00145707436087863
06879650,PET,Q,5,11,0.0015425454529795213
06879650,PET,Q,5,12,0.0013598826431794973
06879650,PET,Q,5,13,0.0012433155041451528
06879650,PET,Q,5,14,0.001531552005492676
06879650,PET,Q,5,15,0.001518145388518917
06879650,PET,Q,5,16,0.0022407366707643886
06879650,PET,Q,5,17,0.001822451402954296
06879650,PET,Q,5,18,0.0017244294957059342
06879650,PET,Q,5,19,0.0014791106292809698
06879650,PET,Q,5,20,0.0016301904733392793
06879650,PET,Q,5,21,0.0018019130597696498
06879650,PET,Q,5,22,0.0013108248134704147
06879650,PET,Q,5,23,0.0014967652985433556
06879650,PET,Q,5,24,0.0015745194775795592
06879650,PET,Q,5,25,0.0012282940760455462
06879650,PET,Q,5,26,0.001585752694102457
06879650,PET,Q,5,27,0.001821232779213009
06879650,PET,Q,5,28,0.0011500378530281616
06879650,PET,Q,5,29,0.0014893387922995712
06879650,PET,Q,5,30,0.001246327235219542
06885500,PET,Q,5,1,0.0030535039811263043
06885500,PET,Q,5,2,0.0037337334319426235
06885500,PET,Q,5,3,0.0033348474180104476
06885500,PET,Q,5,4,0.0042724168134384705
06885500,PET,Q,5,5,0.003332636314904533
06885500,PET,Q,5,6,0.0036066520948642017
06885500,PET,Q,5,7,0.003694371787726511
06885500,PET,Q,5,8,0.0035744340508794964
06885500,PET,Q,5,9,0.0032654925938549184
06885500,PET,Q,5,10,0.003485894791464758
06885500,PET,Q,5,11,0.003447983818813477
06885500,PET,Q,5,12,0.003491139080114905
06885500,PET,Q,5,13,0.004091550132540964
06885500,PET,Q,5,14,0.003543091722059216
06885500,PET,Q,5,15,0.003755427150374746
06885500,PET,Q,5,16,0.0036815651392332477
06885500,PET,Q,5,17,0.0035077300007809176
06885500,PET,Q,5,18,0.003357871222375783
06885500,PET,Q,5,19,0.0037448961685394994
06885500,PET,Q,5,20,0.0034298544621128163
06885500,PET,Q,5,21,0.003887968404252262
06885500,PET,Q,5,22,0.003892650166306355
06885500,PET,Q,5,23,0.0031575885986401264
06885500,PET,Q,5,24,0.0033044815860517607
06885500,PET,Q,5,25,0.003764335895380111
06885500,PET,Q,5,26,0.00395649461178868
06885500,PET,Q,5,27,0.003681336733190932
06885500,PET,Q,5,28,0.0030575133026516377
06885500,PET,Q,5,29,0.0038747322862470596
06885500,PET,Q,5,30,0.0031417841612702835
06888500,PET,Q,5,1,0.0017095161805125367
06888500,PET,Q,5,2,0.0026031321557339893
06888500,PET,Q,5,3,0.0025338147483430287
06888500,PET,Q,5,4,0.0027761274179951695
06888500,PET,Q,5,5,0.00248464910578719
06888500,PET,Q,5,6,0.0028492479110416927
06888500,PET,Q,5,7,0.0027746918002224327
06888500,PET,Q,5,8,0.0023002709919402037
06888500,PET,Q,5,9,0.0019174581887963643
06888500,PET,Q,5,10,0.0022466675823991783
06888500,PET,Q,5,11,0.0022755602355846102
06888500,PET,Q,5,12,0.0025486713701970004
06888500,PET,Q,5,13,0.0018078212052224166
06888500,PET,Q,5,14,0.0023179798801876497
06888500,PET,Q,5,15,0.002814240442879777
06888500,PET,Q,5,16,0.002230989026417003
06888500,PET,Q,5,17,0.0021633245570408313
06888500,PET,Q,5,18,0.0024926723047856147
06888500,PET,Q,5,19,0.0024257135173383557
06888500,PET,Q,5,20,0.0025392950569876963
06888500,PET,Q,5,21,0.0020892084539594416
06888500,PET,Q,5,22,0.0026452226106709886
06888500,PET,Q,5,23,0.002355081908754275
06888500,PET,Q,5,24,0.0025869709854540943
06888500,PET,Q,5,25,0.00218151076969169
06888500,PET,Q,5,26,0.0025642043510982065
06888500,PET,Q,5,27,0.0023909987510166153
06888500,PET,Q,5,28,0.0024156081690407533
06888500,PET,Q,5,29,0.0018997832035548348
06888500,PET,Q,5,30,0.0020513832131107065
06889200,PET,Q,5,1,0.0006765929463963156
06889200,PET,Q,5,2,0.0004734386168304041
06889200,PET,Q,5,3,0.0006735739522241921
06889200,PET,Q,5,4,0.0007640270411829186
06889200,PET,Q,5,5,0.0010986991947307921
06889200,PET,Q,5,6,0.0010133072256244945
06889200,PET,Q,5,7,0.0009574497537929005
06889200,PET,Q,5,8,0.0007620924991627968
06889200,PET,Q,5,9,0.0006151154761131448
06889200,PET,Q,5,10,0.0008482541637492777
06889200,PET,Q,5,11,0.0009199576655104531
06889200,PET,Q,5,12,0.0010167520067816856
06889200,PET,Q,5,13,0.0010081250853200135
06889200,PET,Q,5,14,0.0007047633400452998
06889200,PET,Q,5,15,0.0008173180307533487
06889200,PET,Q,5,16,0.0008314205772497127
06889200,PET,Q,5,17,0.0006099951560861929
06889200,PET,Q,5,18,0.0006387399597181931
06889200,PET,Q,5,19,0.0006844782019852121
06889200,PET,Q,5,20,0.0006095576513426727
06889200,PET,Q,5,21,0.0006793532414486655
06889200,PET,Q,5,22,0.0007083979351247324
06889200,PET,Q,5,23,0.0007753193639135209
06889200,PET,Q,5,24,0.0008025599760351828
06889200,PET,Q,5,25,0.0007518672833539894
06889200,PET,Q,5,26,0.0003943177029293553
06889200,PET,Q,5,27,0.0006394008236724948
06889200,PET,Q,5,28,0.000507302758652909
06889200,PET,Q,5,29,0.0006354430846751986
06889200,PET,Q,5,30,0.00035658047999087734
06889500,PET,Q,5,1,0.0017219608235459934
06889500,PET,Q,5,2,0.0014737564923840707
06889500,PET,Q,5,3,0.0015832648771117591
06889500,PET,Q,5,4,0.002266625022394716
06889500,PET,Q,5,5,0.001843249587697951
06889500,PET,Q,5,6,0.0018925807036580637
06889500,PET,Q,5,7,0.0022423993467064716
06889500,PET,Q,5,8,0.0016102061512632201
06889500,PET,Q,5,9,0.0016600644020391617
06889500,PET,Q,5,10,0.0015972669015280397
06889500,PET,Q,5,11,0.0018479438293332179
06889500,PET,Q,5,12,0.0020358090122244606
06889500,PET,Q,5,13,0.0020441055569840882
06889500,PET,Q,5,14,0.0020818961877754026
06889500,PET,Q,5,15,0.002428117686234979
06889500,PET,Q,5,16,0.0019754692554312184
06889500,PET,Q,5,17,0.0019190368827648914
06889500,PET,Q,5,18,0.002042638687573827
06889500,PET,Q,5,19,0.0016465291016354577
06889500,PET,Q,5,20,0.0017360696787159895
06889500,PET,Q,5,21,0.0018487310119019336
06889500,PET,Q,5,22,0.0014993255447566002
06889500,PET,Q,5,23,0.0014158126825486936
06889500,PET,Q,5,24,0.0015978290467765568
06889500,PET,Q,5,25,0.0016990750574435928
06889500,PET,Q,5,26,0.0014340254471487505
06889500,PET,Q,5,27,0.0014555329102082099
06889500,PET,Q,5,28,0.0016702620858935827
06889500,PET,Q,5,29,0.001583095031184395
06889500,PET,Q,5,30,0.0016482030310271713
06892000,PET,Q,5,1,0.002101451003516469
06892000,PET,Q,5,2,0.0024326341791669204
06892000,PET,Q,5,3,0.0025808056525205084
06892000,PET,Q,5,4,0.0025143900545120113
06892000,PET,Q,5,5,0.002686387248503286
06892000,PET,Q,5,6,0.002635979619282122
06892000,PET,Q,5,7,0.0025792645831023767
06892000,PET,Q,5,8,0.002437638856389965
06892000,PET,Q,5,9,0.002547700931648224
06892000,PET,Q,5,10,0.001993384483866878
06892000,PET,Q,5,11,0.0022841966676052233
06892000,PET,Q,5,12,0.002461076196777573
06892000,PET,Q,5,13,0.00259277604652261
06892000,PET,Q,5,14,0.002539755705578371
06892000,PET,Q,5,15,0.0021095761980014296
06892000,PET,Q,5,16,0.002516348875487129
06892000,PET,Q,5,17,0.0019609515380241485
06892000,PET,Q,5,18,0.0021703751397903898
06892000,PET,Q,5,19,0.0020375483965894142
06892000,PET,Q,5,20,0.002373276084435702
06892000,PET,Q,5,21,0.00245176029856059
06892000,PET,Q,5,22,0.0023491626398507784
06892000,PET,Q,5,23,0.0023008570359779393
06892000,PET,Q,5,24,0.002034050406672011
06892000,PET,Q,5,25,0.0021707292273928855
06892000,PET,Q,5,26,0.0018403667659744535
06892000,PET,Q,5,27,0.002084771467150061
06892000,PET,Q,5,28,0.0020750856364731493
06892000,PET,Q,5,29,0.00197479386913222
06892000,PET,Q,5,30,0.0019889211735355516
06903400,PET,Q,5,1,0.0007333551259527697
06903400,PET,Q,5,2,0.0008311730694305526
06903400,PET,Q,5,3,0.0005879942898328093
06903400,PET,Q,5,4,0.0007549526716732176
06903400,PET,Q,5,5,0.0006224298677582792
06903400,PET,Q,5,6,0.0006594762645010001
06903400,PET,Q,5,7,0.0005942432032780007
06903400,PET,Q,5,8,0.0005569200907379482
06903400,PET,Q,5,9,0.0009016784860550204
06903400,PET,Q,5,10,0.0004853614675738721
06903400,PET,Q,5,11,0.0006869376229476903
06903400,PET,Q,5,12,0.0005879630616812369
06903400,PET,Q,5,13,0.0006414868717094773
06903400,PET,Q,5,14,0.0007560968730138864
06903400,PET,Q,5,15,0.000957988516232855
06903400,PET,Q,5,16,0.0005808672846300848
06903400,PET,Q,5,17,0.0006312286684848597
06903400,PET,Q,5,18,0.0006519954668154932
06903400,PET,Q,5,19,0.0006834879855693032
06903400,PET,Q,5,20,0.0006345938442381717
06903400,PET,Q,5,21,0.0007235174383126352
06903400,PET,Q,5,22,0.0005356992535770957
06903400,PET,Q,5,23,0.0005392819008719898
06903400,PET,Q,5,24,0.00045694151830153254
06903400,PET,Q,5,25,0.0007781560862812004
06903400,PET,Q,5,26,0.0006063828248368333
06903400,PET,Q,5,27,0.0007842430873172442
06903400,PET,Q,5,28,0.0007323348047706636
06903400,PET,Q,5,29,0.0007527955758530585
06903400,PET,Q,5,30,0.0007493071578687071
06906800,PET,Q,5,1,0.002972926507021398
06906800,PET,Q,5,2,0.0024929026900300105
06906800,PET,Q,5,3,0.002613844312118002
06906800,PET,Q,5,4,0.0016966240844058095
06906800,PET,Q,5,5,0.0018182537247659752
06906800,PET,Q,5,6,0.0021596010628889134
06906800,PET,Q,5,7,0.0021974602732271475
06906800,PET,Q,5,8,0.0016969981507984344
06906800,PET,Q,5,9,0.002727617121959555
06906800,PET,Q,5,10,0.0020193484954147967
06906800,PET,Q,5,11,0.0020427392038900316
06906800,PET,Q,5,12,0.001651197306522481
06906800,PET,Q,5,13,0.0022940818885869296
06906800,PET,Q,5,14,0.0019118811105104938
06906800,PET,Q,5,15,0.0013996677844058114
06906800,PET,Q,5,16,0.002261688787670954
06906800,PET,Q,5,17,0.0020810770822726754
06906800,PET,Q,5,18,0.002106087662231443
06906800,PET,Q,5,19,0.002194906496901447
06906800,PET,Q,5,20,0.0022233318410420644
06906800,PET,Q,5,21,0.001665802974462241
06906800,PET,Q,5,22,0.0022424024246781304
06906800,PET,Q,5,23,0.001492606179569242
06906800,PET,Q,5,24,0.0020510997994092617
06906800,PET,Q,5,25,0.0017193687535876356
06906800,PET,Q,5,26,0.0020967711569129105
06906800,PET,Q,5,27,0.0018445500796281517
06906800,PET,Q,5,28,0.0017542096138995905
06906800,PET,Q,5,29,0.001867839635101301
06906800,PET,Q,5,30,0.0018092534390476284
06910800,PET,Q,5,1,0.0007367038767963734
06910800,PET,Q,5,2,0.0006053181898744171
06910800,PET,Q,5,3,0.0010040899572698204
06910800,PET,Q,5,4,0.0012896541579894318
06910800,PET,Q,5,5,0.0012084078466476841
06910800,PET,Q,5,6,0.001250820801264499
06910800,PET,Q,5,7,0.0013579699497294432
06910800,PET,Q,5,8,0.0015230735964410717
06910800,PET,Q,5,9,0.001246307907328591
06910800,PET,Q,5,10,0.0012220045494326613
06910800,PET,Q,5,11,0.0012540933366049188
06910800,PET,Q,5,12,0.001358085898682469
06910800,PET,Q,5,13,0.0010375369745956233
06910800,PET,Q,5,14,0.001299380789378711
06910800,PET,Q,5,15,0.001187461983772245
06910800,PET,Q,5,16,0.0012811435602453243
06910800,PET,Q,5,17,0.001241352186510749
06910800,PET,Q,5,18,0.0011966977353127465
06910800,PET,Q,5,19,0.001413395237856701
06910800,PET,Q,5,20,0.0015336731897717254
06910800,PET,Q,5,21,0.0015143030411961973
06910800,PET,Q,5,22,0.0013384683127595238
06910800,PET,Q,5,23,0.0011011112881294752
06910800,PET,Q,5,24,0.0012046115531167013
06910800,PET,Q,5,25,0.0013690718170188288
06910800,PET,Q,5,26,0.0009453864354224684
06910800,PET,Q,5,27,0.0012172584159171815
06910800,PET,Q,5,28,0.001121534527318899
06910800,PET,Q,5,29,0.0014652996539294624
06910800,PET,Q,5,30,0.0008804953103222542
06911900,PET,Q,5,1,0.0011235403672853542
06911900,PET,Q,5,2,0.0014160554089298755
06911900,PET,Q,5,3,0.0016623976764968476
06911900,PET,Q,5,4,0.0018128728245868364
06911900,PET,Q,5,5,0.0015051375780219464
06911900,PET,Q,5,6,0.001616868909338369
06911900,PET,Q,5,7,0.0013519850912800252
06911900,PET,Q,5,8,0.0015968702164223803
06911900,PET,Q,5,9,0.00153908067779146
06911900,PET,Q,5,10,0.0012216239264560141
06911900,PET,Q,5,11,0.0014689971448784943
06911900,PET,Q,5,12,0.0017359092535961934
06911900,PET,Q,5,13,0.0011863492626247446
06911900,PET,Q,5,14,0.0018292944077010938
06911900,PET,Q,5,15,0.0014424687629415144
06911900,PET,Q,5,16,0.0016351498635942402
06911900,PET,Q,5,17,0.0017075218659036127
06911900,PET,Q,5,18,0.0018164292359791577
06911900,PET,Q,5,19,0.0016050554875744645
06911900,PET,Q,5,20,0.001214755352744172
06911900,PET,Q,5,21,0.0015957512291456775
06911900,PET,Q,5,22,0.0012083778487377503
06911900,PET,Q,5,23,0.0011938167071172887
06911900,PET,Q,5,24,0.0015614648041871147
06911900,PET,Q,5,25,0.0011088431623883857
06911900,PET,Q,5,26,0.0020471511843157333
06911900,PET,Q,5,27,0.0014051631712982612
06911900,PET,Q,5,28,0.0013982396476909728
06911900,PET,Q,5,29,0.001009215460563137
06911900,PET,Q,5,30,0.0011903093056486735
06917000,PET,Q,5,1,0.0007570074287804873
06917000,PET,Q,5,2,0.00106646345868683
06917000,PET,Q,5,3,0.0009474123580572036
06917000,PET,Q,5,4,0.0009551891332109028
06917000,PET,Q,5,5,0.0007628668767494587
06917000,PET,Q,5,6,0.001249858648416641
06917000,PET,Q,5,7,0.0007497936810233943
06917000,PET,Q,5,8,0.0009895306177505527
06917000,PET,Q,5,9,0.0011424923713873707
06917000,PET,Q,5,10,0.001147406870757657
06917000,PET,Q,5,11,0.0008580964026545339
06917000,PET,Q,5,12,0.001057033623730233
06917000,PET,Q,5,13,0.0009393821138200566
06917000,PET,Q,5,14,0.000815962527229111
06917000,PET,Q,5,15,0.0006446184748698444
06917000,PET,Q,5,16,0.0008444186249136777
06917000,PET,Q,5,17,0.0010404268720150354
06917000,PET,Q,5,18,0.0010318201794150602
06917000,PET,Q,5,19,0.0007233220347324376
06917000,PET,Q,5,20,0.0007596115975289242
06917000,PET,Q,5,21,0.0008274741456078833
06917000,PET,Q,5,22,0.0009869281594022897
06917000,PET,Q,5,23,0.0010927576401033937
06917000,PET,Q,5,24,0.0008610751046144258
06917000,PET,Q,5,25,0.0010246667318602135
06917000,PET,Q,5,26,0.0008669659254959047
06917000,PET,Q,5,27,0.0007670750015316384
06917000,PET,Q,5,28,0.0008447930347504178
06917000,PET,Q,5,29,0.000844487358628623
06917000,PET,Q,5,30,0.0006642956228636292
06918460,PET,Q,5,1,0.00100361005941621
06918460,PET,Q,5,2,0.000640511318225144
06918460,PET,Q,5,3,0.0010397532014531329
06918460,PET,Q,5,4,0.001009410743956149
06918460,PET,Q,5,5,0.0011244855796038247
06918460,PET,Q,5,6,0.0006170990102701938
06918460,PET,Q,5,7,0.0010124106403129017
06918460,PET,Q,5,8,0.0011287278130210979
06918460,PET,Q,5,9,0.0008140003198830632
06918460,PET,Q,5,10,0.0010749504352824783
06918460,PET,Q,5,11,0.0006479452537170825
06918460,PET,Q,5,12,0.0008106981242225475
06918460,PET,Q,5,13,0.000980910451787026
06918460,PET,Q,5,14,0.0006115583022530575
06918460,PET,Q,5,15,0.0006169823516373914
06918460,PET,Q,5,16,0.0007257116399942247
06918460,PET,Q,5,17,0.001269782357203434
06918460,PET,Q,5,18,0.0005097675779858549
06918460,PET,Q,5,19,0.0008648004093829292
06918460,PET,Q,5,20,0.0008035146602276416
06918460,PET,Q,5,21,0.0004359670901975289
06918460,PET,Q,5,22,0.0006768191238483157
06918460,PET,Q,5,23,0.0004445795832243027
06918460,PET,Q,5,24,0.000471230728321375
06918460,PET,Q,5,25,0.0009087955356050087
06918460,PET,Q,5,26,0.0008682872655381285
06918460,PET,Q,5,27,0.0006640705144985541
06918460,PET,Q,5,28,0.0007212789064833802
06918460,PET,Q,5,29,0.000653502755099681
06918460,PET,Q,5,30,0.0006391938904049196
06919500,PET,Q,5,1,0.0024680528454440742
06919500,PET,Q,5,2,0.001610159977898179
06919500,PET,Q,5,3,0.0019076892956190888
06919500,PET,Q,5,4,0.0018960995881703996
06919500,PET,Q,5,5,0.002215851323547499
06919500,PET,Q,5,6,0.001995995635754963
06919500,PET,Q,5,7,0.0021372371297653098
06919500,PET,Q,5,8,0.0017821863897658496
06919500,PET,Q,5,9,0.002322809897000261
06919500,PET,Q,5,10,0.0019920245627604027
06919500,PET,Q,5,11,0.0021586110696707045
06919500,PET,Q,5,12,0.002040584895354497
06919500,PET,Q,5,13,0.0017355728071456328
06919500,PET,Q,5,14,0.0020729321051923544
06919500,PET,Q,5,15,0.0021690790780601182
06919500,PET,Q,5,16,0.0016738195590691035
06919500,PET,Q,5,17,0.0023585177544894476
06919500,PET,Q,5,18,0.0018475575812895717
06919500,PET,Q,5,19,0.0025837224190944363
06919500,PET,Q,5,20,0.0024120336056136366
06919500,PET,Q,5,21,0.0021547401728839732
06919500,PET,Q,5,22,0.002732937712761868
06919500,PET,Q,5,23,0.002107544709399861
06919500,PET,Q,5,24,0.0018207981812293772
06919500,PET,Q,5,25,0.0021817727307816143
06919500,PET,Q,5,26,0.0022298490899982787
06919500,PET,Q,5,27,0.0023757922291629124
06919500,PET,Q,5,28,0.00244879823470609
06919500,PET,Q,5,29,0.002333966063295098
06919500,PET,Q,5,30,0.0023828847022984156
06921070,PET,Q,5,1,0.0018651383161343987
06921070,PET,Q,5,2,0.001706822382823256
06921070,PET,Q,5,3,0.0015643824446469126
06921070,PET,Q,5,4,0.0017676413957460752
06921070,PET,Q,5,5,0.0017898608156696194
06921070,PET,Q,5,6,0.0016954420359178296
06921070,PET,Q,5,7,0.0014926304854567946
06921070,PET,Q,5,8,0.0017949915050332957
06921070,PET,Q,5,9,0.001778323134363921
06921070,PET,Q,5,10,0.0018297061793941596
06921070,PET,Q,5,11,0.0015593538928796724
06921070,PET,Q,5,12,0.0020880126553984926
06921070,PET,Q,5,13,0.001670299767229308
06921070,PET,Q,5,14,0.0012421503828212235
06921070,PET,Q,5,15,0.0017519581622540623
06921070,PET,Q,5,16,0.0011999096264043996
06921070,PET,Q,5,17,0.0016407212552978917
06921070,PET,Q,5,18,0.0019663914778906347
06921070,PET,Q,5,19,0.0019098081058782634
06921070,PET,Q,5,20,0.0021670278875913843
06921070,PET,Q,5,21,0.0016930548672799
06921070,PET,Q,5,22,0.0016853025364878677
06921070,PET,Q,5,23,0.0016476430166540712
06921070,PET,Q,5,24,0.001991701246022784
06921070,PET,Q,5,25,0.0017025582552697288
06921070,PET,Q,5,26,0.0017503760986142328
06921070,PET,Q,5,27,0.0014002031583973187
06921070,PET,Q,5,28,0.0014030793040739897
06921070,PET,Q,5,29,0.0016663981546927997
06921070,PET,Q,5,30,0.0019815384290849947
06921200,PET,Q,5,1,0.0017561331462843388
06921200,PET,Q,5,2,0.001839653872132696
06921200,PET,Q,5,3,0.0021042017183576303
06921200,PET,Q,5,4,0.00197577213690419
06921200,PET,Q,5,5,0.001666835016108141
06921200,PET,Q,5,6,0.0017631376302489551
06921200,PET,Q,5,7,0.0019300515975952254
06921200,PET,Q,5,8,0.0016251994672347794
06921200,PET,Q,5,9,0.0017131555322245848
06921200,PET,Q,5,10,0.0018261753236851266
06921200,PET,Q,5,11,0.0017399904045742112
06921200,PET,Q,5,12,0.0014611304870596337
06921200,PET,Q,5,13,0.0016279345586177885
06921200,PET,Q,5,14,0.001606712917280248
06921200,PET,Q,5,15,0.001639435902079614
06921200,PET,Q,5,16,0.0015511548285779692
06921200,PET,Q,5,17,0.0019175420746265978
06921200,PET,Q,5,18,0.002467027204425043
06921200,PET,Q,5,19,0.0018263330390620447
06921200,PET,Q,5,20,0.001832809954370164
06921200,PET,Q,5,21,0.0021445098466461657
06921200,PET,Q,5,22,0.0016051920347410556
06921200,PET,Q,5,23,0.0016696363953247959
06921200,PET,Q,5,24,0.0018771965843680585
06921200,PET,Q,5,25,0.0016304988086425776
06921200,PET,Q,5,26,0.0017686102683599492
06921200,PET,Q,5,27,0.0021151360234901093
06921200,PET,Q,5,28,0.001957419109115746
06921200,PET,Q,5,29,0.0023467359520613976
06921200,PET,Q,5,30,0.002121910363898305
06934000,PET,Q,5,1,0.004151868995264513
06934000,PET,Q,5,2,0.0036672607296645288
06934000,PET,Q,5,3,0.0027865030288863057
06934000,PET,Q,5,4,0.002951159762623723
06934000,PET,Q,5,5,0.0026017142097607415
06934000,PET,Q,5,6,0.003438144008170829
06934000,PET,Q,5,7,0.0030820372879064584
06934000,PET,Q,5,8,0.0034035837986706174
06934000,PET,Q,5,9,0.0028726623277796903
06934000,PET,Q,5,10,0.0035153620444320077
06934000,PET,Q,5,11,0.003559114064898339
06934000,PET,Q,5,12,0.0036694721672177466
06934000,PET,Q,5,13,0.0033677650573737117
06934000,PET,Q,5,14,0.003164682242504241
06934000,PET,Q,5,15,0.0028578630769819924
06934000,PET,Q,5,16,0.003330135282978708
06934000,PET,Q,5,17,0.0029884226390998747
06934000,PET,Q,5,18,0.0029545188178556336
06934000,PET,Q,5,19,0.0031492482817087886
06934000,PET,Q,5,20,0.0028028761591882834
06934000,PET,Q,5,21,0.0037523997378182405
06934000,PET,Q,5,22,0.004120078717708642
06934000,PET,Q,5,23,0.0035897943227720386
06934000,PET,Q,5,24,0.003943581280133446
06934000,PET,Q,5,25,0.003876107744105489
06934000,PET,Q,5,26,0.003428860606327605
06934000,PET,Q,5,27,0.003261849386019089
06934000,PET,Q,5,28,0.00436154689430765
06934000,PET,Q,5,29,0.003237060861601304
06934000,PET,Q,5,30,0.003868618658958045
07014500,PET,Q,5,1,0.0029885290518039953
07014500,PET,Q,5,2,0.00248476845799446
07014500,PET,Q,5,3,0.002529455359949223
07014500,PET,Q,5,4,0.002912221033626136
07014500,PET,Q,5,5,0.002661550301453375
07014500,PET,Q,5,6,0.0021046628238642756
07014500,PET,Q,5,7,0.002982064040936469
07014500,PET,Q,5,8,0.0022015297861249644
07014500,PET,Q,5,9,0.0022500291057243604
07014500,PET,Q,5,10,0.0027664472727231965
07014500,PET,Q,5,11,0.0020652844818759147
07014500,PET,Q,5,12,0.0027514957952585184
07014500,PET,Q,5,13,0.0022760190039790573
07014500,PET,Q,5,14,0.0020585667687076925
07014500,PET,Q,5,15,0.002191820710433237
07014500,PET,Q,5,16,0.00235899284436579
07014500,PET,Q,5,17,0.0014543578229847393
07014500,PET,Q,5,18,0.002174071693375204
07014500,PET,Q,5,19,0.0022603260082923182
07014500,PET,Q,5,20,0.002475688433502682
07014500,PET,Q,5,21,0.002851900100638141
07014500,PET,Q,5,22,0.002445334733842841
07014500,PET,Q,5,23,0.0024201154294066496
07014500,PET,Q,5,24,0.0027516447222970947
07014500,PET,Q,5,25,0.0019350022845221887
07014500,PET,Q,5,26,0.002206190589589624
07014500,PET,Q,5,27,0.0019580313982125175
07014500,PET,Q,5,28,0.002163239256316049
07014500,PET,Q,5,29,0.002073945781755293
07014500,PET,Q,5,30,0.0023066562943231256
07056000,PET,Q,5,1,0.002058719570083453
07056000,PET,Q,5,2,0.001954635527934276
07056000,PET,Q,5,3,0.0021963304775497114
07056000,PET,Q,5,4,0.002077480934712793
07056000,PET,Q,5,5,0.0022965076915114624
07056000,PET,Q,5,6,0.002027140880161704
07056000,PET,Q,5,7,0.002327199866334076
07056000,PET,Q,5,8,0.0024074638619767316
07056000,PET,Q,5,9,0.002027528829164467
07056000,PET,Q,5,10,0.0022858102214647277
07056000,PET,Q,5,11,0.002175066948011485
07056000,PET,Q,5,12,0.0021976962604726563
07056000,PET,Q,5,13,0.0022840975009357986
07056000,PET,Q,5,14,0.0023622352128435872
07056000,PET,Q,5,15,0.0019359345922305427
07056000,PET,Q,5,16,0.0023438382801714147
07056000,PET,Q,5,17,0.002140309767878497
07056000,PET,Q,5,18,0.0020203426075195777
07056000,PET,Q,5,19,0.001891107275977355
07056000,PET,Q,5,20,0.0016949866754540008
07056000,PET,Q,5,21,0.0024320295855298144
07056000,PET,Q,5,22,0.002358907397944761
07056000,PET,Q,5,23,0.0022876302254782807
07056000,PET,Q,5,24,0.0022933858764678725
07056000,PET,Q,5,25,0.0024022047847133687
07056000,PET,Q,5,26,0.0019465353220312065
07056000,PET,Q,5,27,0.0021884354268923017
07056000,PET,Q,5,28,0.002048940112803807
07056000,PET,Q,5,29,0.0019169911692329747
07056000,PET,Q,5,30,0.002314123831547242
07057500,PET,Q,5,1,0.0012262521142415404
07057500,PET,Q,5,2,0.0010295648895032247
07057500,PET,Q,5,3,0.0010977554098379402
07057500,PET,Q,5,4,0.0016129882941912192
07057500,PET,Q,5,5,0.0007429652167854003
07057500,PET,Q,5,6,0.0011731454547819764
07057500,PET,Q,5,7,0.0011491157978493136
07057500,PET,Q,5,8,0.0012481982553874844
07057500,PET,Q,5,9,0.0009755534188198578
07057500,PET,Q,5,10,0.001133966060511131
07057500,PET,Q,5,11,0.0010894653388478504
07057500,PET,Q,5,12,0.0016607736205371884
07057500,PET,Q,5,13,0.0009541066811576508
07057500,PET,Q,5,14,0.0011263630843376185
07057500,PET,Q,5,15,0.00141290380773499
07057500,PET,Q,5,16,0.0010119342844379098
07057500,PET,Q,5,17,0.0014123877593795499
07057500,PET,Q,5,18,0.0012330313283032898
07057500,PET,Q,5,19,0.0008867035522603477
07057500,PET,Q,5,20,0.0015187758610957641
07057500,PET,Q,5,21,0.001770206894256738
07057500,PET,Q,5,22,0.00115594978754531
07057500,PET,Q,5,23,0.0014194774021756597
07057500,PET,Q,5,24,0.0015542711857222148
07057500,PET,Q,5,25,0.001295464982195807
07057500,PET,Q,5,26,0.001228718460317621
07057500,PET,Q,5,27,0.0012847176911645886
07057500,PET,Q,5,28,0.0012248990035878954
07057500,PET,Q,5,29,0.0012924346571381376
07057500,PET,Q,5,30,0.001434827238237249
07060710,PET,Q,5,1,0.0008401161639154751
07060710,PET,Q,5,2,0.0006912263495314694
07060710,PET,Q,5,3,0.0006087017769072552
07060710,PET,Q,5,4,0.0007022147106102057
07060710,PET,Q,5,5,0.0008100753085156006
07060710,PET,Q,5,6,0.0007687426155026014
07060710,PET,Q,5,7,0.0007502459629982021
07060710,PET,Q,5,8,0.0005885592682365534
07060710,PET,Q,5,9,0.0005522330709576868
07060710,PET,Q,5,10,0.0005844630649250171
07060710,PET,Q,5,11,0.0004647369096318077
07060710,PET,Q,5,12,0.0006564143161677076
07060710,PET,Q,5,13,0.000564404816263981
07060710,PET,Q,5,14,0.0007039289699743937
07060710,PET,Q,5,15,0.0010133452300311423
07060710,PET,Q,5,16,0.0006827013404414762
07060710,PET,Q,5,17,0.0006173839186707289
07060710,PET,Q,5,18,0.0006173814224121731
07060710,PET,Q,5,19,0.0006787029946969218
07060710,PET,Q,5,20,0.0008343795245114183
07060710,PET,Q,5,21,0.0006961233246925123
07060710,PET,Q,5,22,0.0005965082821562939
07060710,PET,Q,5,23,0.0008218313246014155
07060710,PET,Q,5,24,0.0007188149271462035
07060710,PET,Q,5,25,0.0005300841904608243
07060710,PET,Q,5,26,0.0005401862524869253
07060710,PET,Q,5,27,0.0005967377593596619
07060710,PET,Q,5,28,0.0005625141513313555
07060710,PET,Q,5,29,0.0004532042435903792
07060710,PET,Q,5,30,0.00046407620207307605
07066000,PET,Q,5,1,0.0017702762009153584
07066000,PET,Q,5,2,0.0013446288651473431
07066000,PET,Q,5,3,0.0016268920803848112
07066000,PET,Q,5,4,0.0016630545828401205
07066000,PET,Q,5,5,0.0019219991170286582
07066000,PET,Q,5,6,0.0017333050234379192
07066000,PET,Q,5,7,0.001891081891949014
07066000,PET,Q,5,8,0.0018644411015735322
07066000,PET,Q,5,9,0.0017405314277810884
07066000,PET,Q,5,10,0.001770573000612126
07066000,PET,Q,5,11,0.002132969200302353
07066000,PET,Q,5,12,0.001609272972009572
07066000,PET,Q,5,13,0.0017812487461012771
07066000,PET,Q,5,14,0.0014518180309564706
07066000,PET,Q,5,15,0.0017189114636572828
07066000,PET,Q,5,16,0.001506795484367742
07066000,PET,Q,5,17,0.001909001797536801
07066000,PET,Q,5,18,0.0018871999134374706
07066000,PET,Q,5,19,0.0013770461943595179
07066000,PET,Q,5,20,0.0019213469384379948
07066000,PET,Q,5,21,0.0018896283999062513
07066000,PET,Q,5,22,0.0018203303927103037
07066000,PET,Q,5,23,0.0017266612647334097
07066000,PET,Q,5,24,0.0020722744789040473
07066000,PET,Q,5,25,0.0018215022861855813
07066000,PET,Q,5,26,0.001887894506954181
07066000,PET,Q,5,27,0.0020436177272398007
07066000,PET,Q,5,28,0.0016022977249768797
07066000,PET,Q,5,29,0.001571483532464963
07066000,PET,Q,5,30,0.001837772552491946
07067000,PET,Q,5,1,0.0024810567393618865
07067000,PET,Q,5,2,0.0016931218637872766
07067000,PET,Q,5,3,0.001748236383683037
07067000,PET,Q,5,4,0.0022494735167410407
07067000,PET,Q,5,5,0.0019915353370167713
07067000,PET,Q,5,6,0.0019669790216528815
07067000,PET,Q,5,7,0.0020647144629179492
07067000,PET,Q,5,8,0.0018998107115247645
07067000,PET,Q,5,9,0.0016168202661015
07067000,PET,Q,5,10,0.0023023951907486656
07067000,PET,Q,5,11,0.0018345144507821431
07067000,PET,Q,5,12,0.0016035007189708003
07067000,PET,Q,5,13,0.0015759166769852007
07067000,PET,Q,5,14,0.0024763160549394203
07067000,PET,Q,5,15,0.002254207050824915
07067000,PET,Q,5,16,0.002060381370985201
07067000,PET,Q,5,17,0.001987629472406008
07067000,PET,Q,5,18,0.0017024791036124656
07067000,PET,Q,5,19,0.0016719690232807616
07067000,PET,Q,5,20,0.0018304996622648811
07067000,PET,Q,5,21,0.001659353033624432
07067000,PET,Q,5,22,0.0018617539005153921
07067000,PET,Q,5,23,0.002001690393873101
07067000,PET,Q,5,24,0.0018175269649681955
07067000,PET,Q,5,25,0.0016504590059462018
07067000,PET,Q,5,26,0.0019473700572348665
07067000,PET,Q,5,27,0.002281462927082707
07067000,PET,Q,5,28,0.001690584943090906
07067000,PET,Q,5,29,0.0020112854385125403
07067000,PET,Q,5,30,0.0018601551815605605
07068000,PET,Q,5,1,0.0030474227442868485
07068000,PET,Q,5,2,0.0024348797548031653
07068000,PET,Q,5,3,0.002616486423351924
07068000,PET,Q,5,4,0.00252080037988614
07068000,PET,Q,5,5,0.0027126072728647713
07068000,PET,Q,5,6,0.0026004494938865613
07068000,PET,Q,5,7,0.0024934430275666344
07068000,PET,Q,5,8,0.0027993136458000084
07068000,PET,Q,5,9,0.002717084336181827
07068000,PET,Q,5,10,0.0024897795061545325
07068000,PET,Q,5,11,0.00246032974025831
07068000,PET,Q,5,12,0.002578099426691738
07068000,PET,Q,5,13,0.0019026827301078242
07068000,PET,Q,5,14,0.0026497983571653477
07068000,PET,Q,5,15,0.0023221008859575926
07068000,PET,Q,5,16,0.0024862113093047783
07068000,PET,Q,5,17,0.0024784015990032757
07068000,PET,Q,5,18,0.0023614497212504984
07068000,PET,Q,5,19,0.0024976115481512504
07068000,PET,Q,5,20,0.00194039669338808
07068000,PET,Q,5,21,0.002133900990265107
07068000,PET,Q,5,22,0.002639314521476456
07068000,PET,Q,5,23,0.0028307415265234684
07068000,PET,Q,5,24,0.0027392767484696184
07068000,PET,Q,5,25,0.002814236574581616
07068000,PET,Q,5,26,0.0023213460363611937
07068000,PET,Q,5,27,0.002589390759366837
07068000,PET,Q,5,28,0.0023449881268978873
07068000,PET,Q,5,29,0.002129629414038374
07068000,PET,Q,5,30,0.001657402484080736
07071500,PET,Q,5,1,0.001413665733900716
07071500,PET,Q,5,2,0.0013742345645253486
07071500,PET,Q,5,3,0.0013881643762197506
07071500,PET,Q,5,4,0.0014546752519911527
07071500,PET,Q,5,5,0.0013670332103213403
07071500,PET,Q,5,6,0.0013003892566784414
07071500,PET,Q,5,7,0.0014636607175832275
07071500,PET,Q,5,8,0.0012588413876498741
07071500,PET,Q,5,9,0.0011918978680132732
07071500,PET,Q,5,10,0.0015505681590530576
07071500,PET,Q,5,11,0.001706529128043567
07071500,PET,Q,5,12,0.0016749971718627403
07071500,PET,Q,5,13,0.0013146856492476378
07071500,PET,Q,5,14,0.0017441795739725763
07071500,PET,Q,5,15,0.0018241690250294026
07071500,PET,Q,5,16,0.001481689108420385
07071500,PET,Q,5,17,0.0016644283448857579
07071500,PET,Q,5,18,0.0015322802104762341
07071500,PET,Q,5,19,0.0014196117336542705
07071500,PET,Q,5,20,0.0014881268451055266
07071500,PET,Q,5,21,0.0014751770366651581
07071500,PET,Q,5,22,0.0013706300749284674
07071500,PET,Q,5,23,0.0015853958641061476
07071500,PET,Q,5,24,0.0018368399648725046
07071500,PET,Q,5,25,0.0013084378258828057
07071500,PET,Q,5,26,0.0015631550572549543
07071500,PET,Q,5,27,0.0017211140202052257
07071500,PET,Q,5,28,0.0010562521112867061
07071500,PET,Q,5,29,0.0015265322224720414
07071500,PET,Q,5,30,0.0017101962389634573
07083000,PET,Q,5,1,0.014247602816932936
07083000,PET,Q,5,2,0.011775745774155466
07083000,PET,Q,5,3,0.00951710752059598
07083000,PET,Q,5,4,0.009344647499219205
07083000,PET,Q,5,5,0.009698627924148384
07083000,PET,Q,5,6,0.009496878287951593
07083000,PET,Q,5,7,0.009460933702441332
07083000,PET,Q,5,8,0.00797442103347451
07083000,PET,Q,5,9,0.009076420324249934
07083000,PET,Q,5,10,0.008799842626403265
07083000,PET,Q,5,11,0.008361402901401083
07083000,PET,Q,5,12,0.008978998386930226
07083000,PET,Q,5,13,0.008794616613094774
07083000,PET,Q,5,14,0.007928072030298772
07083000,PET,Q,5,15,0.007815634208613143
07083000,PET,Q,5,16,0.008072461085990856
07083000,PET,Q,5,17,0.007880263454350556
07083000,PET,Q,5,18,0.0075567961260497585
07083000,PET,Q,5,19,0.007886912753666764
07083000,PET,Q,5,20,0.007078051967046639
07083000,PET,Q,5,21,0.00764775037385973
07083000,PET,Q,5,22,0.006454708116766628
07083000,PET,Q,5,23,0.007977023545935047
07083000,PET,Q,5,24,0.007205702153407156
07083000,PET,Q,5,25,0.006867595578983365
07083000,PET,Q,5,26,0.007468434993777695
07083000,PET,Q,5,27,0.006531953722580697
07083000,PET,Q,5,28,0.007594366798939323
07083000,PET,Q,5,29,0.007462885843244227
07083000,PET,Q,5,30,0.00645164775255308
07142300,PET,Q,5,1,0.0006162782325617368
07142300,PET,Q,5,2,0.0009797031916084081
07142300,PET,Q,5,3,0.000715677668261968
07142300,PET,Q,5,4,0.0006949300222642233
07142300,PET,Q,5,5,0.001146316030309933
07142300,PET,Q,5,6,0.0009072292932436714
07142300,PET,Q,5,7,0.0007031506180634056
07142300,PET,Q,5,8,0.0010028952404878607
07142300,PET,Q,5,9,0.00106478589195492
07142300,PET,Q,5,10,0.0010297818226390962
07142300,PET,Q,5,11,0.0010642985713820302
07142300,PET,Q,5,12,0.0006153337261100011
07142300,PET,Q,5,13,0.0009038388261595025
07142300,PET,Q,5,14,0.0009299560435541872
07142300,PET,Q,5,15,0.0006106410793174505
07142300,PET,Q,5,16,0.0010893286088023701
07142300,PET,Q,5,17,0.0009680925270260654
07142300,PET,Q,5,18,0.0008299123878917434
07142300,PET,Q,5,19,0.0006405260086821199
07142300,PET,Q,5,20,0.0011312106570165303
07142300,PET,Q,5,21,0.0010419298510771467
07142300,PET,Q,5,22,0.0008728110310959256
07142300,PET,Q,5,23,0.0008427409051419751
07142300,PET,Q,5,24,0.0007100118607296022
07142300,PET,Q,5,25,0.0008554378710559848
07142300,PET,Q,5,26,0.0008613790117221569
07142300,PET,Q,5,27,0.0007857730646643555
07142300,PET,Q,5,28,0.0008976779055420714
07142300,PET,Q,5,29,0.0006023237616335584
07142300,PET,Q,5,30,0.0009380631150831872
07145700,PET,Q,5,1,0.0016212641546813553
07145700,PET,Q,5,2,0.001878199924044352
07145700,PET,Q,5,3,0.0021657651214644635
07145700,PET,Q,5,4,0.0021192704538119528
07145700,PET,Q,5,5,0.0019405576552875906
07145700,PET,Q,5,6,0.0017742513641280377
07145700,PET,Q,5,7,0.0015423321310963078
07145700,PET,Q,5,8,0.002053894879608144
07145700,PET,Q,5,9,0.0021133175179482225
07145700,PET,Q,5,10,0.0020088008842893273
07145700,PET,Q,5,11,0.0021816958011456958
07145700,PET,Q,5,12,0.0015213135307547629
07145700,PET,Q,5,13,0.0019146714752895644
07145700,PET,Q,5,14,0.0016293021185429107
07145700,PET,Q,5,15,0.002163323170384167
07145700,PET,Q,5,16,0.001453046851152634
07145700,PET,Q,5,17,0.0019544405402806483
07145700,PET,Q,5,18,0.0017683434829842068
07145700,PET,Q,5,19,0.001676720249946792
07145700,PET,Q,5,20,0.0016956461773742215
07145700,PET,Q,5,21,0.002382243275754245
07145700,PET,Q,5,22,0.002152407639647899
07145700,PET,Q,5,23,0.002061884251820023
07145700,PET,Q,5,24,0.001899822351836264
07145700,PET,Q,5,25,0.0022268907110489997
07145700,PET,Q,5,26,0.001879277550125881
07145700,PET,Q,5,27,0.00142940331900155
07145700,PET,Q,5,28,0.00170119175485485
07145700,PET,Q,5,29,0.0019304175368584087
07145700,PET,Q,5,30,0.0018355759259650328
07148400,PET,Q,5,1,0.0022777490885925455
07148400,PET,Q,5,2,0.002483311711895135
07148400,PET,Q,5,3,0.0027562082342700925
07148400,PET,Q,5,4,0.0031051154317931554
07148400,PET,Q,5,5,0.002688630589013266
07148400,PET,Q,5,6,0.0025242348609987517
07148400,PET,Q,5,7,0.0029906226780420583
07148400,PET,Q,5,8,0.002728398191679325
07148400,PET,Q,5,9,0.0029576082464785602
07148400,PET,Q,5,10,0.003080897095604697
07148400,PET,Q,5,11,0.0029543598479185793
07148400,PET,Q,5,12,0.003009181054770556
07148400,PET,Q,5,13,0.003160784828007933
07148400,PET,Q,5,14,0.003858899784813158
07148400,PET,Q,5,15,0.002893522866123946
07148400,PET,Q,5,16,0.002757480196383069
07148400,PET,Q,5,17,0.00258135896874509
07148400,PET,Q,5,18,0.0026438453627058364
07148400,PET,Q,5,19,0.002939605772932813
07148400,PET,Q,5,20,0.0029518449236427408
07148400,PET,Q,5,21,0.0029858043074358215
07148400,PET,Q,5,22,0.0024647648143801826
07148400,PET,Q,5,23,0.0028600034638374267
07148400,PET,Q,5,24,0.0027229508917971865
07148400,PET,Q,5,25,0.0027623575512887577
07148400,PET,Q,5,26,0.002320242350699747
07148400,PET,Q,5,27,0.0020551210181525698
07148400,PET,Q,5,28,0.002104191933568686
07148400,PET,Q,5,29,0.002864050823532943
07148400,PET,Q,5,30,0.002596571842205894
07149000,PET,Q,5,1,0.0018719229565585388
07149000,PET,Q,5,2,0.00199899758279172
07149000,PET,Q,5,3,0.0025798595883461395
07149000,PET,Q,5,4,0.0025375221943459286
07149000,PET,Q,5,5,0.0023350514641047107
07149000,PET,Q,5,6,0.002382572420036047
07149000,PET,Q,5,7,0.002390046127066482
07149000,PET,Q,5,8,0.002361189245629093
07149000,PET,Q,5,9,0.002107072479489956
07149000,PET,Q,5,10,0.0023379349515865316
07149000,PET,Q,5,11,0.0021379446037387076
07149000,PET,Q,5,12,0.0022595217571484624
07149000,PET,Q,5,13,0.002383393842381315
07149000,PET,Q,5,14,0.0018649011739194504
07149000,PET,Q,5,15,0.0025085168050046
07149000,PET,Q,5,16,0.0024680161699939737
07149000,PET,Q,5,17,0.0020896351002034977
07149000,PET,Q,5,18,0.0021192381940944166
07149000,PET,Q,5,19,0.0025098400992537226
07149000,PET,Q,5,20,0.002495987268667267
07149000,PET,Q,5,21,0.0025201021818226435
07149000,PET,Q,5,22,0.002505499950825274
07149000,PET,Q,5,23,0.002789408632279014
07149000,PET,Q,5,24,0.0022571267987934462
07149000,PET,Q,5,25,0.001757839030832542
07149000,PET,Q,5,26,0.0024961950632665236
07149000,PET,Q,5,27,0.002327116767383737
07149000,PET,Q,5,28,0.00243910677716197
07149000,PET,Q,5,29,0.002110057598222706
07149000,PET,Q,5,30,0.0026665085724524445
07151500,PET,Q,5,1,0.0014934256851375574
07151500,PET,Q,5,2,0.0015730869100445966
07151500,PET,Q,5,3,0.001574529053063503
07151500,PET,Q,5,4,0.0019822644828591945
07151500,PET,Q,5,5,0.001985491744769814
07151500,PET,Q,5,6,0.0017380085878591633
07151500,PET,Q,5,7,0.0016621148234323493
07151500,PET,Q,5,8,0.0018991692487893772
07151500,PET,Q,5,9,0.0019873687671488408
07151500,PET,Q,5,10,0.001441200667420102
07151500,PET,Q,5,11,0.001672857609499999
07151500,PET,Q,5,12,0.0022127581889570605
07151500,PET,Q,5,13,0.0022764201927527525
07151500,PET,Q,5,14,0.0018618156242969225
07151500,PET,Q,5,15,0.0020881635630576323
07151500,PET,Q,5,16,0.0020302364336218584
07151500,PET,Q,5,17,0.0018045721494104328
07151500,PET,Q,5,18,0.0019633749143658716
07151500,PET,Q,5,19,0.0016702854431893538
07151500,PET,Q,5,20,0.0015951548639605295
07151500,PET,Q,5,21,0.001620232449201224
07151500,PET,Q,5,22,0.0023118720161763445
07151500,PET,Q,5,23,0.001543921814441962
07151500,PET,Q,5,24,0.0018778524968232138
07151500,PET,Q,5,25,0.0019208759245360474
07151500,PET,Q,5,26,0.001625418730213296
07151500,PET,Q,5,27,0.0018354401283417893
07151500,PET,Q,5,28,0.0020790838339315304
07151500,PET,Q,5,29,0.001512683669468301
07151500,PET,Q,5,30,0.0019074735212127533
07167500,PET,Q,5,1,0.000971934260120863
07167500,PET,Q,5,2,0.001547470989469668
07167500,PET,Q,5,3,0.0013216378153105418
07167500,PET,Q,5,4,0.0014031745210996115
07167500,PET,Q,5,5,0.0014032607191068157
07167500,PET,Q,5,6,0.001317848835644772
07167500,PET,Q,5,7,0.0010929275039826547
07167500,PET,Q,5,8,0.0012093675481621713
07167500,PET,Q,5,9,0.001287051988100918
07167500,PET,Q,5,10,0.0014654149248543302
07167500,PET,Q,5,11,0.001259813140550299
07167500,PET,Q,5,12,0.0014480726691804904
07167500,PET,Q,5,13,0.0013767421240801457
07167500,PET,Q,5,14,0.0012206493371167415
07167500,PET,Q,5,15,0.001496072154977407
07167500,PET,Q,5,16,0.0010766783688867312
07167500,PET,Q,5,17,0.0012213282112832416
07167500,PET,Q,5,18,0.0011832435912508023
07167500,PET,Q,5,19,0.0011069382091220478
07167500,PET,Q,5,20,0.0010701719136185922
07167500,PET,Q,5,21,0.0012448181711978389
07167500,PET,Q,5,22,0.0014882473825247808
07167500,PET,Q,5,23,0.001179373709615239
07167500,PET,Q,5,24,0.001252039093777576
07167500,PET,Q,5,25,0.0011910891547207945
07167500,PET,Q,5,26,0.001287933968666069
07167500,PET,Q,5,27,0.0011106613193092967
07167500,PET,Q,5,28,0.000900764818625617
07167500,PET,Q,5,29,0.0010167718066380754
07167500,PET,Q,5,30,0.001253338223582326
07180500,PET,Q,5,1,0.0011951085628533406
07180500,PET,Q,5,2,0.0019012551843925335
07180500,PET,Q,5,3,0.001655432155581761
07180500,PET,Q,5,4,0.0016407467994451336
07180500,PET,Q,5,5,0.0017770881006108769
07180500,PET,Q,5,6,0.0016635666246737901
07180500,PET,Q,5,7,0.0020133934518120275
07180500,PET,Q,5,8,0.0018664667131753146
07180500,PET,Q,5,9,0.0016376083099998995
07180500,PET,Q,5,10,0.0016481838036394372
07180500,PET,Q,5,11,0.0015952356893126768
07180500,PET,Q,5,12,0.0020636629948897756
07180500,PET,Q,5,13,0.002029291747036935
07180500,PET,Q,5,14,0.0020191418334235336
07180500,PET,Q,5,15,0.0013449562320161854
07180500,PET,Q,5,16,0.0017860103188331866
07180500,PET,Q,5,17,0.0021398204799985762
07180500,PET,Q,5,18,0.0018089770835780991
07180500,PET,Q,5,19,0.001520534144382496
07180500,PET,Q,5,20,0.0016473108552517504
07180500,PET,Q,5,21,0.0016428073343558378
07180500,PET,Q,5,22,0.0020360768978317165
07180500,PET,Q,5,23,0.0014895795735450218
07180500,PET,Q,5,24,0.0018716304779620788
07180500,PET,Q,5,25,0.0014861677179115948
07180500,PET,Q,5,26,0.0016686333261625164
07180500,PET,Q,5,27,0.0014607429451971368
07180500,PET,Q,5,28,0.0019500714776301623
07180500,PET,Q,5,29,0.0015113284885164974
07180500,PET,Q,5,30,0.0014581579666612318
07184000,PET,Q,5,1,0.0009029886003103747
07184000,PET,Q,5,2,0.0011405698803369363
07184000,PET,Q,5,3,0.0008471858474516994
07184000,PET,Q,5,4,0.0010906144426871996
07184000,PET,Q,5,5,0.001315428012505452
07184000,PET,Q,5,6,0.0011518117305013807
07184000,PET,Q,5,7,0.0009702934164609496
07184000,PET,Q,5,8,0.0011394984236241384
07184000,PET,Q,5,9,0.0012871759971404481
07184000,PET,Q,5,10,0.0009588678794867425
07184000,PET,Q,5,11,0.0010584833939651685
07184000,PET,Q,5,12,0.0011753885011788964
07184000,PET,Q,5,13,0.0010047427199357875
07184000,PET,Q,5,14,0.001056413293226515
07184000,PET,Q,5,15,0.0009233846861205035
07184000,PET,Q,5,16,0.0010582809223288019
07184000,PET,Q,5,17,0.0011416101764472816
07184000,PET,Q,5,18,0.0012988726392335892
07184000,PET,Q,5,19,0.0012091982689900298
07184000,PET,Q,5,20,0.001374114567495928
07184000,PET,Q,5,21,0.0011272952733411903
07184000,PET,Q,5,22,0.0012840114943555477
07184000,PET,Q,5,23,0.0013989538090507028
07184000,PET,Q,5,24,0.0009481311186810282
07184000,PET,Q,5,25,0.0008510659815966146
07184000,PET,Q,5,26,0.0010019249020683657
07184000,PET,Q,5,27,0.0012482865213150687
07184000,PET,Q,5,28,0.0009094047771565812
07184000,PET,Q,5,29,0.000902073160807107
07184000,PET,Q,5,30,0.0008793112803272898
07195800,PET,Q,5,1,0.001301458309707744
07195800,PET,Q,5,2,0.0012746522793364579
07195800,PET,Q,5,3,0.001206504296309075
07195800,PET,Q,5,4,0.0014548359232059126
07195800,PET,Q,5,5,0.0015109968759323654
07195800,PET,Q,5,6,0.0018827767247870941
07195800,PET,Q,5,7,0.0011187628603134409
07195800,PET,Q,5,8,0.001106444149352466
07195800,PET,Q,5,9,0.0014723661429760608
07195800,PET,Q,5,10,0.001262885306233981
07195800,PET,Q,5,11,0.0017843386579542812
07195800,PET,Q,5,12,0.0017479298424906385
07195800,PET,Q,5,13,0.0014378888496083542
07195800,PET,Q,5,14,0.0013436141577085926
07195800,PET,Q,5,15,0.0014078115188170329
07195800,PET,Q,5,16,0.001234762422464758
07195800,PET,Q,5,17,0.0012187208204832815
07195800,PET,Q,5,18,0.0011940465114069626
07195800,PET,Q,5,19,0.0009445226214070818
07195800,PET,Q,5,20,0.0012101941310878675
07195800,PET,Q,5,21,0.001247559294856329
07195800,PET,Q,5,22,0.0013384437100128453
07195800,PET,Q,5,23,0.0014144448517749326
07195800,PET,Q,5,24,0.001586603421046863
07195800,PET,Q,5,25,0.0015834120324747097
07195800,PET,Q,5,26,0.0015105326847217534
07195800,PET,Q,5,27,0.0010577040207544394
07195800,PET,Q,5,28,0.0012413764652767605
07195800,PET,Q,5,29,0.0014332178947820545
07195800,PET,Q,5,30,0.0015589654295246613
07196900,PET,Q,5,1,0.0016932651389798825
07196900,PET,Q,5,2,0.001425677887897471
07196900,PET,Q,5,3,0.0019071652826086957
07196900,PET,Q,5,4,0.001731815934273094
07196900,PET,Q,5,5,0.0020845517512025832
07196900,PET,Q,5,6,0.001465970264765623
07196900,PET,Q,5,7,0.001741955081407856
07196900,PET,Q,5,8,0.0017947255359712644
07196900,PET,Q,5,9,0.0016263544045413483
07196900,PET,Q,5,10,0.0014240226169251954
07196900,PET,Q,5,11,0.002017456310293868
07196900,PET,Q,5,12,0.001966842521928802
07196900,PET,Q,5,13,0.002111661084615496
07196900,PET,Q,5,14,0.0017037651202534837
07196900,PET,Q,5,15,0.0016259998906662729
07196900,PET,Q,5,16,0.0013602883809013394
07196900,PET,Q,5,17,0.0017567650157165882
07196900,PET,Q,5,18,0.0019916670102349404
07196900,PET,Q,5,19,0.001768565700651599
07196900,PET,Q,5,20,0.0018720122497213956
07196900,PET,Q,5,21,0.00192267404448173
07196900,PET,Q,5,22,0.002291302766885807
07196900,PET,Q,5,23,0.0019246978008509233
07196900,PET,Q,5,24,0.0018772045479626825
07196900,PET,Q,5,25,0.0023439054486769084
07196900,PET,Q,5,26,0.0020250406051532527
07196900,PET,Q,5,27,0.0021350985467834954
07196900,PET,Q,5,28,0.0018125339066867585
07196900,PET,Q,5,29,0.0015311592620629172
07196900,PET,Q,5,30,0.002108401765758647
07197000,PET,Q,5,1,0.0013534529090533862
07197000,PET,Q,5,2,0.0010945757915228234
07197000,PET,Q,5,3,0.001072026074446352
07197000,PET,Q,5,4,0.0012791463844093742
07197000,PET,Q,5,5,0.0012373891850631438
07197000,PET,Q,5,6,0.0012851905289859161
07197000,PET,Q,5,7,0.0011745669649842298
07197000,PET,Q,5,8,0.0011476945685503538
07197000,PET,Q,5,9,0.0012903756136901853
07197000,PET,Q,5,10,0.0011039165526196028
07197000,PET,Q,5,11,0.001287266121749446
07197000,PET,Q,5,12,0.0011952571659918886
07197000,PET,Q,5,13,0.0013609631058082612
07197000,PET,Q,5,14,0.0012664258109465892
07197000,PET,Q,5,15,0.001041653288434672
07197000,PET,Q,5,16,0.001358752520978692
07197000,PET,Q,5,17,0.0013944126031159125
07197000,PET,Q,5,18,0.001247478709169119
07197000,PET,Q,5,19,0.0010678923942869824
07197000,PET,Q,5,20,0.0011986513932626432
07197000,PET,Q,5,21,0.0012360505837888183
07197000,PET,Q,5,22,0.0014800431048786408
07197000,PET,Q,5,23,0.0014829286466085737
07197000,PET,Q,5,24,0.0014841153931585312
07197000,PET,Q,5,25,0.001395542109669707
07197000,PET,Q,5,26,0.0014449908920063578
07197000,PET,Q,5,27,0.0013356451656654916
07197000,PET,Q,5,28,0.0013719754409635514
07197000,PET,Q,5,29,0.0014982656160185473
07197000,PET,Q,5,30,0.0014761220777232686
07208500,PET,Q,5,1,0.003220823937322065
07208500,PET,Q,5,2,0.003287372473144423
07208500,PET,Q,5,3,0.0032262191166801957
07208500,PET,Q,5,4,0.003268873060983002
07208500,PET,Q,5,5,0.003750282158044349
07208500,PET,Q,5,6,0.00418390697120255
07208500,PET,Q,5,7,0.0031108603107603827
07208500,PET,Q,5,8,0.0036569375732459775
07208500,PET,Q,5,9,0.0029445811180267567
07208500,PET,Q,5,10,0.002957404424815263
07208500,PET,Q,5,11,0.0036055592137911874
07208500,PET,Q,5,12,0.0036675034310669485
07208500,PET,Q,5,13,0.0035054976421453055
07208500,PET,Q,5,14,0.003228594682170405
07208500,PET,Q,5,15,0.003347121374758538
07208500,PET,Q,5,16,0.0033654198460719986
07208500,PET,Q,5,17,0.0025853339915812013
07208500,PET,Q,5,18,0.0026993466635808483
07208500,PET,Q,5,19,0.0024029386484152315
07208500,PET,Q,5,20,0.0028621079145655925
07208500,PET,Q,5,21,0.0027081356404839163
07208500,PET,Q,5,22,0.002135497833318678
07208500,PET,Q,5,23,0.002694167927153407
07208500,PET,Q,5,24,0.0036115081002538463
07208500,PET,Q,5,25,0.0023460820368787216
07208500,PET,Q,5,26,0.002909937122181183
07208500,PET,Q,5,27,0.0032053597850802695
07208500,PET,Q,5,28,0.003908250794170454
07208500,PET,Q,5,29,0.003322646718475375
07208500,PET,Q,5,30,0.0030594274728208415
07226500,PET,Q,5,1,0.001346379001685917
07226500,PET,Q,5,2,0.0014727683048372034
07226500,PET,Q,5,3,0.0017644499038213472
07226500,PET,Q,5,4,0.001453222162621056
07226500,PET,Q,5,5,0.0017030703932924291
07226500,PET,Q,5,6,0.001633318602107827
07226500,PET,Q,5,7,0.001460191958107199
07226500,PET,Q,5,8,0.001596118128311971
07226500,PET,Q,5,9,0.0014352142786777187
07226500,PET,Q,5,10,0.0013938422568757665
07226500,PET,Q,5,11,0.0015719260875296168
07226500,PET,Q,5,12,0.001405336978346482
07226500,PET,Q,5,13,0.0018332730806917413
07226500,PET,Q,5,14,0.0016165416222783148
07226500,PET,Q,5,15,0.0014476481605838944
07226500,PET,Q,5,16,0.0017255605013386244
07226500,PET,Q,5,17,0.001813679893434384
07226500,PET,Q,5,18,0.0015328634248934318
07226500,PET,Q,5,19,0.001475310481926546
07226500,PET,Q,5,20,0.0019268093289827141
07226500,PET,Q,5,21,0.0015892279571695003
07226500,PET,Q,5,22,0.0016621653993921966
07226500,PET,Q,5,23,0.0016795843793786947
07226500,PET,Q,5,24,0.0015324480017955538
07226500,PET,Q,5,25,0.0017915649297090344
07226500,PET,Q,5,26,0.001786514568022455
07226500,PET,Q,5,27,0.0015936128336645154
07226500,PET,Q,5,28,0.0016381337085268257
07226500,PET,Q,5,29,0.0017192638906360688
07226500,PET,Q,5,30,0.0015366813624520578
07261000,PET,Q,5,1,0.00316510056318281
07261000,PET,Q,5,2,0.002929511858207938
07261000,PET,Q,5,3,0.0027661575845095918
07261000,PET,Q,5,4,0.002844142848176731
07261000,PET,Q,5,5,0.002723843254267902
07261000,PET,Q,5,6,0.0030081709245351335
07261000,PET,Q,5,7,0.0028548710515128514
07261000,PET,Q,5,8,0.003089285747495417
07261000,PET,Q,5,9,0.0028223083707373323
07261000,PET,Q,5,10,0.0029674020877917817
07261000,PET,Q,5,11,0.002772188076400471
07261000,PET,Q,5,12,0.002743889345792186
07261000,PET,Q,5,13,0.002833442858906521
07261000,PET,Q,5,14,0.0032739749975408544
07261000,PET,Q,5,15,0.0030981418069641747
07261000,PET,Q,5,16,0.002894393355139746
07261000,PET,Q,5,17,0.003343930658823331
07261000,PET,Q,5,18,0.003373329837289246
07261000,PET,Q,5,19,0.003297996949737661
07261000,PET,Q,5,20,0.003013406485435334
07261000,PET,Q,5,21,0.0024599682539554885
07261000,PET,Q,5,22,0.002761559114571023
07261000,PET,Q,5,23,0.003476941127682598
07261000,PET,Q,5,24,0.003368575699655707
07261000,PET,Q,5,25,0.0033377792921564925
07261000,PET,Q,5,26,0.0030958315157466818
07261000,PET,Q,5,27,0.0029763927190891507
07261000,PET,Q,5,28,0.003380088681928149
07261000,PET,Q,5,29,0.003427179540514143
07261000,PET,Q,5,30,0.0030986468526708055
07263295,PET,Q,5,1,0.0016592313712917792
07263295,PET,Q,5,2,0.0018379602150563543
07263295,PET,Q,5,3,0.0012796496785578357
07263295,PET,Q,5,4,0.0016604460746909716
07263295,PET,Q,5,5,0.0017035405565065942
07263295,PET,Q,5,6,0.0013786376311919132
07263295,PET,Q,5,7,0.0019536385739095177
07263295,PET,Q,5,8,0.001693772147628718
07263295,PET,Q,5,9,0.0021003359447670372
07263295,PET,Q,5,10,0.001602416811745902
07263295,PET,Q,5,11,0.0014155366056929145
07263295,PET,Q,5,12,0.0012590892269080112
07263295,PET,Q,5,13,0.0018924347703158373
07263295,PET,Q,5,14,0.001296655551402126
07263295,PET,Q,5,15,0.0019795726228389737
07263295,PET,Q,5,16,0.0015966753926811572
07263295,PET,Q,5,17,0.0016270983438707726
07263295,PET,Q,5,18,0.0019320160668023292
07263295,PET,Q,5,19,0.0017445562250739607
07263295,PET,Q,5,20,0.00197852447015915
07263295,PET,Q,5,21,0.0017996797468714867
07263295,PET,Q,5,22,0.0019067532211291885
07263295,PET,Q,5,23,0.001519852717066228
07263295,PET,Q,5,24,0.0021140246685993
07263295,PET,Q,5,25,0.002091932799259913
07263295,PET,Q,5,26,0.002461145462604085
07263295,PET,Q,5,27,0.0019324574806400055
07263295,PET,Q,5,28,0.002354041288877
07263295,PET,Q,5,29,0.0018496697671674736
07263295,PET,Q,5,30,0.0021810168290122486
07290650,PET,Q,5,1,0.002113429027389889
07290650,PET,Q,5,2,0.00216809468785778
07290650,PET,Q,5,3,0.001446644831234578
07290650,PET,Q,5,4,0.0015285238491129227
07290650,PET,Q,5,5,0.0017457461677174296
07290650,PET,Q,5,6,0.001913776516226852
07290650,PET,Q,5,7,0.0015928228382432047
07290650,PET,Q,5,8,0.0017071674221617456
07290650,PET,Q,5,9,0.001731863475118063
07290650,PET,Q,5,10,0.0016692314494328175
07290650,PET,Q,5,11,0.0016421382628619557
07290650,PET,Q,5,12,0.002115409299843607
07290650,PET,Q,5,13,0.002001874968974457
07290650,PET,Q,5,14,0.0017346134334064595
07290650,PET,Q,5,15,0.001969087039703124
07290650,PET,Q,5,16,0.0017538833249320582
07290650,PET,Q,5,17,0.0017805074760975023
07290650,PET,Q,5,18,0.0021638824435794082
07290650,PET,Q,5,19,0.0019771247945224515
07290650,PET,Q,5,20,0.0019533309754020123
07290650,PET,Q,5,21,0.0019286223813594489
07290650,PET,Q,5,22,0.002006847701622294
07290650,PET,Q,5,23,0.0021095847636431533
07290650,PET,Q,5,24,0.002202366674148269
07290650,PET,Q,5,25,0.0023750479140618452
07290650,PET,Q,5,26,0.002473162515359617
07290650,PET,Q,5,27,0.0020821027598450156
07290650,PET,Q,5,28,0.0022524965830700017
07290650,PET,Q,5,29,0.002277957375690018
07290650,PET,Q,5,30,0.0026108634922456728
07291000,PET,Q,5,1,0.002027619399298901
07291000,PET,Q,5,2,0.001439647517657086
07291000,PET,Q,5,3,0.0019624942691197494
07291000,PET,Q,5,4,0.0016832421504065012
07291000,PET,Q,5,5,0.0018469536815787987
07291000,PET,Q,5,6,0.0018784130548502864
07291000,PET,Q,5,7,0.00173889571734967
07291000,PET,Q,5,8,0.0016311834472400658
07291000,PET,Q,5,9,0.0017613151591598306
07291000,PET,Q,5,10,0.0017003366498944822
07291000,PET,Q,5,11,0.0014152900721013037
07291000,PET,Q,5,12,0.0018285729269089945
07291000,PET,Q,5,13,0.001460822229631377
07291000,PET,Q,5,14,0.0017815604667532556
07291000,PET,Q,5,15,0.0019382964838134537
07291000,PET,Q,5,16,0.001388313030402183
07291000,PET,Q,5,17,0.0019070998560210758
07291000,PET,Q,5,18,0.002150729792830909
07291000,PET,Q,5,19,0.0021369064670323096
07291000,PET,Q,5,20,0.0025862616377476527
07291000,PET,Q,5,21,0.0017449487476671327
07291000,PET,Q,5,22,0.0017162156095034825
07291000,PET,Q,5,23,0.001734723437920388
07291000,PET,Q,5,24,0.0019796352768468722
07291000,PET,Q,5,25,0.00201992894215966
07291000,PET,Q,5,26,0.0021539516330323014
07291000,PET,Q,5,27,0.002198758630852754
07291000,PET,Q,5,28,0.002256174467054589
07291000,PET,Q,5,29,0.0018836575845715964
07291000,PET,Q,5,30,0.002079138742522739
07292500,PET,Q,5,1,0.0034331200153906727
07292500,PET,Q,5,2,0.0027715392313232973
07292500,PET,Q,5,3,0.003071525604272138
07292500,PET,Q,5,4,0.0027859097491982066
07292500,PET,Q,5,5,0.002819142186068088
07292500,PET,Q,5,6,0.003003258932371959
07292500,PET,Q,5,7,0.002899855293079956
07292500,PET,Q,5,8,0.002854465270971461
07292500,PET,Q,5,9,0.0026051858631294875
07292500,PET,Q,5,10,0.003140691595933026
07292500,PET,Q,5,11,0.0026595472071701334
07292500,PET,Q,5,12,0.003112739921553094
07292500,PET,Q,5,13,0.003022563061603298
07292500,PET,Q,5,14,0.0036716253009353855
07292500,PET,Q,5,15,0.0031556343921907565
07292500,PET,Q,5,16,0.002965602248987613
07292500,PET,Q,5,17,0.0028277154209028
07292500,PET,Q,5,18,0.0031379684660167648
07292500,PET,Q,5,19,0.003256483943709046
07292500,PET,Q,5,20,0.0031414665284829266
07292500,PET,Q,5,21,0.0027986847587403024
07292500,PET,Q,5,22,0.002677054413644263
07292500,PET,Q,5,23,0.003219507571542518
07292500,PET,Q,5,24,0.0037840048256467668
07292500,PET,Q,5,25,0.0034947244182459702
07292500,PET,Q,5,26,0.003261485545881432
07292500,PET,Q,5,27,0.003523364300474771
07292500,PET,Q,5,28,0.0029818927981849555
07292500,PET,Q,5,29,0.003036248155629237
07292500,PET,Q,5,30,0.0032392461990591176
07295000,PET,Q,5,1,0.0024348900026591666
07295000,PET,Q,5,2,0.002223441949473083
07295000,PET,Q,5,3,0.0018074353930261008
07295000,PET,Q,5,4,0.0026698526717270077
07295000,PET,Q,5,5,0.002019147497106251
07295000,PET,Q,5,6,0.0021924873061508823
07295000,PET,Q,5,7,0.0022485333664850754
07295000,PET,Q,5,8,0.002058387459685146
07295000,PET,Q,5,9,0.002050247568501612
07295000,PET,Q,5,10,0.0021186629529237264
07295000,PET,Q,5,11,0.0025350176191082513
07295000,PET,Q,5,12,0.002968272451004561
07295000,PET,Q,5,13,0.002990712768556017
07295000,PET,Q,5,14,0.0023934899489293573
07295000,PET,Q,5,15,0.002759339750165901
07295000,PET,Q,5,16,0.002581552102829822
07295000,PET,Q,5,17,0.002364286878205085
07295000,PET,Q,5,18,0.0024176856877804465
07295000,PET,Q,5,19,0.002750427579945265
07295000,PET,Q,5,20,0.0028494890460846398
07295000,PET,Q,5,21,0.0027426982873155134
07295000,PET,Q,5,22,0.0026087749888241626
07295000,PET,Q,5,23,0.0027317393202511836
07295000,PET,Q,5,24,0.002577538816293315
07295000,PET,Q,5,25,0.00265042283645206
07295000,PET,Q,5,26,0.0027417714677157937
07295000,PET,Q,5,27,0.002868193702778493
07295000,PET,Q,5,28,0.002689980985574124
07295000,PET,Q,5,29,0.002285660593707252
07295000,PET,Q,5,30,0.0025105864704851044
07299670,PET,Q,5,1,0.0009858645543986914
07299670,PET,Q,5,2,0.001353128234717088
07299670,PET,Q,5,3,0.0017499394767284716
07299670,PET,Q,5,4,0.0013844888018962886
07299670,PET,Q,5,5,0.0015769358134609945
07299670,PET,Q,5,6,0.0013813898752532035
07299670,PET,Q,5,7,0.0013047111070417158
07299670,PET,Q,5,8,0.0014693025698325445
07299670,PET,Q,5,9,0.0013622410350964832
07299670,PET,Q,5,10,0.0013808530533932425
07299670,PET,Q,5,11,0.001611698958630033
07299670,PET,Q,5,12,0.001143739827418137
07299670,PET,Q,5,13,0.001475661343192703
07299670,PET,Q,5,14,0.0012599854607007934
07299670,PET,Q,5,15,0.0012065073160456522
07299670,PET,Q,5,16,0.001305027910599943
07299670,PET,Q,5,17,0.0013184586975675868
07299670,PET,Q,5,18,0.0015514442890651996
07299670,PET,Q,5,19,0.0013991628885891734
07299670,PET,Q,5,20,0.0016503971806741922
07299670,PET,Q,5,21,0.001515345322990174
07299670,PET,Q,5,22,0.001227790923629726
07299670,PET,Q,5,23,0.0017400425480224736
07299670,PET,Q,5,24,0.001453964303628123
07299670,PET,Q,5,25,0.0013915937490363278
07299670,PET,Q,5,26,0.0012395085806967358
07299670,PET,Q,5,27,0.001563977900593214
07299670,PET,Q,5,28,0.001435189911047706
07299670,PET,Q,5,29,0.0013763597815424702
07299670,PET,Q,5,30,0.001942198754054738
07301410,PET,Q,5,1,0.0015427511523617328
07301410,PET,Q,5,2,0.0018206689360164771
07301410,PET,Q,5,3,0.001671989240497565
07301410,PET,Q,5,4,0.0019867531131056264
07301410,PET,Q,5,5,0.00229089284307734
07301410,PET,Q,5,6,0.0021422363314966414
07301410,PET,Q,5,7,0.0017594211568036956
07301410,PET,Q,5,8,0.0017822351025675587
07301410,PET,Q,5,9,0.0013420601668385768
07301410,PET,Q,5,10,0.002161990720003417
07301410,PET,Q,5,11,0.0016306943409341267
07301410,PET,Q,5,12,0.0018580320659177738
07301410,PET,Q,5,13,0.001563279198132636
07301410,PET,Q,5,14,0.0018519455132874618
07301410,PET,Q,5,15,0.0022809582999133785
07301410,PET,Q,5,16,0.002065128081166552
07301410,PET,Q,5,17,0.0016619042675657322
07301410,PET,Q,5,18,0.0015627202177611599
07301410,PET,Q,5,19,0.0019379695963062452
07301410,PET,Q,5,20,0.0017152295616745632
07301410,PET,Q,5,21,0.002137329564734499
07301410,PET,Q,5,22,0.0018013495804166564
07301410,PET,Q,5,23,0.0018651168080013325
07301410,PET,Q,5,24,0.0017543373541022457
07301410,PET,Q,5,25,0.0019707806367441315
07301410,PET,Q,5,26,0.0017492095159020137
07301410,PET,Q,5,27,0.0020031109680949677
07301410,PET,Q,5,28,0.001572328669189521
07301410,PET,Q,5,29,0.0016299698617426653
07301410,PET,Q,5,30,0.00181095422907002
07301500,PET,Q,5,1,0.0010874857396269803
07301500,PET,Q,5,2,0.0013737092154555604
07301500,PET,Q,5,3,0.001528061172311409
07301500,PET,Q,5,4,0.0013183298079420536
07301500,PET,Q,5,5,0.0015281402417367494
07301500,PET,Q,5,6,0.0014484188409321364
07301500,PET,Q,5,7,0.0014764156634218227
07301500,PET,Q,5,8,0.0015401764544981864
07301500,PET,Q,5,9,0.0014315593500991881
07301500,PET,Q,5,10,0.0012162678840635308
07301500,PET,Q,5,11,0.0014149634457092629
07301500,PET,Q,5,12,0.0015548641757397869
07301500,PET,Q,5,13,0.0016630323832266293
07301500,PET,Q,5,14,0.0011596413858669039
07301500,PET,Q,5,15,0.0017334333032573424
07301500,PET,Q,5,16,0.001617963760673597
07301500,PET,Q,5,17,0.001799654078569357
07301500,PET,Q,5,18,0.0016525902921097416
07301500,PET,Q,5,19,0.0012893926153739604
07301500,PET,Q,5,20,0.0017608669061832428
07301500,PET,Q,5,21,0.0014261567942944545
07301500,PET,Q,5,22,0.001410427579899693
07301500,PET,Q,5,23,0.001487142935046596
07301500,PET,Q,5,24,0.0014393782561424352
07301500,PET,Q,5,25,0.0014174521786396097
07301500,PET,Q,5,26,0.001426633794370677
07301500,PET,Q,5,27,0.0015227392134183233
07301500,PET,Q,5,28,0.0012573123446608103
07301500,PET,Q,5,29,0.0011538679936007566
07301500,PET,Q,5,30,0.0011091911880578322
07315200,PET,Q,5,1,0.0006017792275602157
07315200,PET,Q,5,2,0.0006294259313808035
07315200,PET,Q,5,3,0.001161951634395926
07315200,PET,Q,5,4,0.0004466689566884202
07315200,PET,Q,5,5,0.0006235804621749757
07315200,PET,Q,5,6,0.0008120253576421304
07315200,PET,Q,5,7,0.0006042664083579161
07315200,PET,Q,5,8,0.0007289303111458235
07315200,PET,Q,5,9,0.0009207005862833569
07315200,PET,Q,5,10,0.000738011823327004
07315200,PET,Q,5,11,0.0005377636420503401
07315200,PET,Q,5,12,0.0007546071773833554
07315200,PET,Q,5,13,0.0004082845959687033
07315200,PET,Q,5,14,0.0005351741535295669
07315200,PET,Q,5,15,0.0007543371185619978
07315200,PET,Q,5,16,0.0007546249630704157
07315200,PET,Q,5,17,0.0008804601257646778
07315200,PET,Q,5,18,0.0007195268867582934
07315200,PET,Q,5,19,0.0006694111286657048
07315200,PET,Q,5,20,0.0005024721272828322
07315200,PET,Q,5,21,0.0006103347318189897
07315200,PET,Q,5,22,0.000788916131925976
07315200,PET,Q,5,23,0.0005463523160292721
07315200,PET,Q,5,24,0.0008281596867391987
07315200,PET,Q,5,25,0.0009129489409933269
07315200,PET,Q,5,26,0.0005464693721066016
07315200,PET,Q,5,27,0.0005632159608199554
07315200,PET,Q,5,28,0.0007385201267033487
07315200,PET,Q,5,29,0.00089970719310359
07315200,PET,Q,5,30,0.0008453342248615405
07315700,PET,Q,5,1,0.00144316352648129
07315700,PET,Q,5,2,0.0011447804572230214
07315700,PET,Q,5,3,0.001314292278823414
07315700,PET,Q,5,4,0.0008047531466683147
07315700,PET,Q,5,5,0.0010596106127351845
07315700,PET,Q,5,6,0.0010777426066204028
07315700,PET,Q,5,7,0.0009847391424582137
07315700,PET,Q,5,8,0.0011854384648149717
07315700,PET,Q,5,9,0.0013419810505890008
07315700,PET,Q,5,10,0.001047361594563482
07315700,PET,Q,5,11,0.0009581120328781313
07315700,PET,Q,5,12,0.0008170367447178049
07315700,PET,Q,5,13,0.0008795223792848368
07315700,PET,Q,5,14,0.0008572112555341425
07315700,PET,Q,5,15,0.0007738380878279383
07315700,PET,Q,5,16,0.0009023000094372548
07315700,PET,Q,5,17,0.001104235859849128
07315700,PET,Q,5,18,0.0011175464978310616
07315700,PET,Q,5,19,0.000890572845471161
07315700,PET,Q,5,20,0.0012280371331347718
07315700,PET,Q,5,21,0.0010876730654664837
07315700,PET,Q,5,22,0.001512798058167019
07315700,PET,Q,5,23,0.0008144304329858916
07315700,PET,Q,5,24,0.0008214511471064286
07315700,PET,Q,5,25,0.0012167365358395424
07315700,PET,Q,5,26,0.0006660185918296729
07315700,PET,Q,5,27,0.0009286744527661449
07315700,PET,Q,5,28,0.0013496725196631386
07315700,PET,Q,5,29,0.0011797154300848857
07315700,PET,Q,5,30,0.0010156913577931935
07335700,PET,Q,5,1,0.0023084888408861984
07335700,PET,Q,5,2,0.001957278717026917
07335700,PET,Q,5,3,0.002440550314175144
07335700,PET,Q,5,4,0.001975517361946677
07335700,PET,Q,5,5,0.0018044638813048408
07335700,PET,Q,5,6,0.0018168895689679165
07335700,PET,Q,5,7,0.00174163269080186
07335700,PET,Q,5,8,0.0017843075566405034
07335700,PET,Q,5,9,0.0020955432879318434
07335700,PET,Q,5,10,0.0021264816521385857
07335700,PET,Q,5,11,0.0018838002782352314
07335700,PET,Q,5,12,0.002040421747710422
07335700,PET,Q,5,13,0.001775335577489337
07335700,PET,Q,5,14,0.0025379673379708756
07335700,PET,Q,5,15,0.0019235766203552843
07335700,PET,Q,5,16,0.0020009549829000176
07335700,PET,Q,5,17,0.002362958900945726
07335700,PET,Q,5,18,0.0020853216090229443
07335700,PET,Q,5,19,0.001865588669065138
07335700,PET,Q,5,20,0.001966662506906809
07335700,PET,Q,5,21,0.002181974761284601
07335700,PET,Q,5,22,0.0018610594592521623
07335700,PET,Q,5,23,0.0016844033514317666
07335700,PET,Q,5,24,0.0019981540025165237
07335700,PET,Q,5,25,0.0019901378324921615
07335700,PET,Q,5,26,0.0017888959697918358
07335700,PET,Q,5,27,0.001955961018641948
07335700,PET,Q,5,28,0.0020631929774789087
07335700,PET,Q,5,29,0.002051916296600273
07335700,PET,Q,5,30,0.002107081026829258
07340300,PET,Q,5,1,0.0030120070464323967
07340300,PET,Q,5,2,0.0025482497743364585
07340300,PET,Q,5,3,0.002558137954966039
07340300,PET,Q,5,4,0.0025453579908638474
07340300,PET,Q,5,5,0.002194662058411831
07340300,PET,Q,5,6,0.0025624696115612716
07340300,PET,Q,5,7,0.002554634746490328
07340300,PET,Q,5,8,0.0025613199569946288
07340300,PET,Q,5,9,0.002863174528278445
07340300,PET,Q,5,10,0.0027674993353777044
07340300,PET,Q,5,11,0.002578274725651239
07340300,PET,Q,5,12,0.0029417162610873016
07340300,PET,Q,5,13,0.003028930559198617
07340300,PET,Q,5,14,0.0024099713626947183
07340300,PET,Q,5,15,0.002930219948414442
07340300,PET,Q,5,16,0.0024820753340969726
07340300,PET,Q,5,17,0.0027110216118139963
07340300,PET,Q,5,18,0.002497266390804914
07340300,PET,Q,5,19,0.0027070411214029366
07340300,PET,Q,5,20,0.002947716493732197
07340300,PET,Q,5,21,0.002730939144816577
07340300,PET,Q,5,22,0.0035521460171223235
07340300,PET,Q,5,23,0.0031505726569287656
07340300,PET,Q,5,24,0.003366656885137223
07340300,PET,Q,5,25,0.003470515410111105
07340300,PET,Q,5,26,0.0034358630204112534
07340300,PET,Q,5,27,0.0028562107062913705
07340300,PET,Q,5,28,0.002930783614751631
07340300,PET,Q,5,29,0.0027252607064592593
07340300,PET,Q,5,30,0.0019497440180165498
07346045,PET,Q,5,1,0.0022507340517538416
07346045,PET,Q,5,2,0.002202180462654038
07346045,PET,Q,5,3,0.002395246175512858
07346045,PET,Q,5,4,0.0012870905009855077
07346045,PET,Q,5,5,0.001870102501496676
07346045,PET,Q,5,6,0.001779877167462529
07346045,PET,Q,5,7,0.0018196841897039628
07346045,PET,Q,5,8,0.0015065025626943146
07346045,PET,Q,5,9,0.0016033144663729487
07346045,PET,Q,5,10,0.0013553889481042886
07346045,PET,Q,5,11,0.0011941765319802428
07346045,PET,Q,5,12,0.0016696353295177352
07346045,PET,Q,5,13,0.0018575895221361743
07346045,PET,Q,5,14,0.0019180932015817748
07346045,PET,Q,5,15,0.0021709704840906785
07346045,PET,Q,5,16,0.0016802197490290716
07346045,PET,Q,5,17,0.001609347802542252
07346045,PET,Q,5,18,0.001779475041523454
07346045,PET,Q,5,19,0.0017424951735094674
07346045,PET,Q,5,20,0.0017001810739354778
07346045,PET,Q,5,21,0.001530863717060127
07346045,PET,Q,5,22,0.0015759373120848297
07346045,PET,Q,5,23,0.0016748798646794988
07346045,PET,Q,5,24,0.0015781674135714047
07346045,PET,Q,5,25,0.0015482524993725016
07346045,PET,Q,5,26,0.0016695603749254384
07346045,PET,Q,5,27,0.0016262526003775896
07346045,PET,Q,5,28,0.0012944923702745692
07346045,PET,Q,5,29,0.0016798514201899206
07346045,PET,Q,5,30,0.001765429819630418
07359610,PET,Q,5,1,0.0017220563029035074
07359610,PET,Q,5,2,0.0012773882099532223
07359610,PET,Q,5,3,0.0011555345501955416
07359610,PET,Q,5,4,0.0013212888548092203
07359610,PET,Q,5,5,0.001271403123207497
07359610,PET,Q,5,6,0.001222523314475879
07359610,PET,Q,5,7,0.0012464162346233175
07359610,PET,Q,5,8,0.0013060356533907622
07359610,PET,Q,5,9,0.0014456002570589245
07359610,PET,Q,5,10,0.0014188861569246827
07359610,PET,Q,5,11,0.0013913360798325676
07359610,PET,Q,5,12,0.0014051016832897882
07359610,PET,Q,5,13,0.0010304068068793353
07359610,PET,Q,5,14,0.0011266436924439495
07359610,PET,Q,5,15,0.001342602802342819
07359610,PET,Q,5,16,0.001314680917165103
07359610,PET,Q,5,17,0.0014696353790252734
07359610,PET,Q,5,18,0.0013421525370295173
07359610,PET,Q,5,19,0.0013062250679731144
07359610,PET,Q,5,20,0.0012830152873574419
07359610,PET,Q,5,21,0.0013630124707718037
07359610,PET,Q,5,22,0.0011129187574360141
07359610,PET,Q,5,23,0.001482197143207048
07359610,PET,Q,5,24,0.0012734219706823473
07359610,PET,Q,5,25,0.0016465844805689314
07359610,PET,Q,5,26,0.001370265956561402
07359610,PET,Q,5,27,0.0013904963552865655
07359610,PET,Q,5,28,0.0015766131164543819
07359610,PET,Q,5,29,0.0016076771976910945
07359610,PET,Q,5,30,0.0013116768793253013
07362100,PET,Q,5,1,0.0024146423924241017
07362100,PET,Q,5,2,0.0024208835383218857
07362100,PET,Q,5,3,0.0017401065759329523
07362100,PET,Q,5,4,0.0015659758921566028
07362100,PET,Q,5,5,0.0016489913484991348
07362100,PET,Q,5,6,0.0019965590851302242
07362100,PET,Q,5,7,0.001962472217528849
07362100,PET,Q,5,8,0.0019011460272485778
07362100,PET,Q,5,9,0.002118701453661026
07362100,PET,Q,5,10,0.001902774091636486
07362100,PET,Q,5,11,0.0017317816999644076
07362100,PET,Q,5,12,0.0019033365300546584
07362100,PET,Q,5,13,0.0019835314938385015
07362100,PET,Q,5,14,0.001827221546280268
07362100,PET,Q,5,15,0.0018569527901510369
07362100,PET,Q,5,16,0.0018945815394637022
07362100,PET,Q,5,17,0.001983585590818744
07362100,PET,Q,5,18,0.0019251283407500583
07362100,PET,Q,5,19,0.001736619048067059
07362100,PET,Q,5,20,0.0016983046483956474
07362100,PET,Q,5,21,0.0016769029767926338
07362100,PET,Q,5,22,0.001921782066852555
07362100,PET,Q,5,23,0.001722907277429131
07362100,PET,Q,5,24,0.0018331430148924507
07362100,PET,Q,5,25,0.0018637086360365623
07362100,PET,Q,5,26,0.0016789392630443684
07362100,PET,Q,5,27,0.001661995662619306
07362100,PET,Q,5,28,0.0018338109448479342
07362100,PET,Q,5,29,0.0019452515343530707
07362100,PET,Q,5,30,0.0023806471182649044
07362587,PET,Q,5,1,0.0011081574055280471
07362587,PET,Q,5,2,0.0009518917448329244
07362587,PET,Q,5,3,0.0009616119763398399
07362587,PET,Q,5,4,0.0011002095292434212
07362587,PET,Q,5,5,0.0012139286293485901
07362587,PET,Q,5,6,0.0011901470233691702
07362587,PET,Q,5,7,0.0008497052105181334
07362587,PET,Q,5,8,0.0011055167650119609
07362587,PET,Q,5,9,0.0011659349291092448
07362587,PET,Q,5,10,0.0008399953300876131
07362587,PET,Q,5,11,0.000942291806551844
07362587,PET,Q,5,12,0.000806831101051203
07362587,PET,Q,5,13,0.0006074928137914173
07362587,PET,Q,5,14,0.0009017186783297527
07362587,PET,Q,5,15,0.0008515624639727666
07362587,PET,Q,5,16,0.0012273437847323716
07362587,PET,Q,5,17,0.0010131240302721535
07362587,PET,Q,5,18,0.0008495894376672371
07362587,PET,Q,5,19,0.0008493048740682609
07362587,PET,Q,5,20,0.0009124932959341005
07362587,PET,Q,5,21,0.0012130692952681543
07362587,PET,Q,5,22,0.001229421962721116
07362587,PET,Q,5,23,0.0010753744858535592
07362587,PET,Q,5,24,0.0012104484937825247
07362587,PET,Q,5,25,0.0012718170282590632
07362587,PET,Q,5,26,0.0017232548549931358
07362587,PET,Q,5,27,0.0013607468491700497
07362587,PET,Q,5,28,0.001319192875051868
07362587,PET,Q,5,29,0.0012296442278660752
07362587,PET,Q,5,30,0.0010765734624177195
07373000,PET,Q,5,1,0.0018357938488577918
07373000,PET,Q,5,2,0.0012370949455430894
07373000,PET,Q,5,3,0.001071573863796589
07373000,PET,Q,5,4,0.001180844875763875
07373000,PET,Q,5,5,0.0013046505652906416
07373000,PET,Q,5,6,0.001173818911872078
07373000,PET,Q,5,7,0.0014030275378595254
07373000,PET,Q,5,8,0.001362060670987198
07373000,PET,Q,5,9,0.001352414625867028
07373000,PET,Q,5,10,0.0014790878553713124
07373000,PET,Q,5,11,0.0015740926917335168
07373000,PET,Q,5,12,0.0011905725637480838
07373000,PET,Q,5,13,0.0015452767530885168
07373000,PET,Q,5,14,0.0013627116306078949
07373000,PET,Q,5,15,0.001286083089833176
07373000,PET,Q,5,16,0.001502399219562009
07373000,PET,Q,5,17,0.0013196381845648301
07373000,PET,Q,5,18,0.0014115618950457688
07373000,PET,Q,5,19,0.0014916888357505396
07373000,PET,Q,5,20,0.0014183354486639321
07373000,PET,Q,5,21,0.0011256844843021245
07373000,PET,Q,5,22,0.0012993618021467472
07373000,PET,Q,5,23,0.001281130775381733
07373000,PET,Q,5,24,0.0013873389460323203
07373000,PET,Q,5,25,0.0014133122212341975
07373000,PET,Q,5,26,0.0015056410713994162
07373000,PET,Q,5,27,0.0013128457678037546
07373000,PET,Q,5,28,0.0014120452173137753
07373000,PET,Q,5,29,0.001342179737577616
07373000,PET,Q,5,30,0.0011792036901366112
07375000,PET,Q,5,1,0.0017410131785628342
07375000,PET,Q,5,2,0.0012442870181423593
07375000,PET,Q,5,3,0.0012153820037160215
07375000,PET,Q,5,4,0.0011652919082668287
07375000,PET,Q,5,5,0.0014200791396345794
07375000,PET,Q,5,6,0.0012574761968741875
07375000,PET,Q,5,7,0.0012696872416489945
07375000,PET,Q,5,8,0.0012338615885641932
07375000,PET,Q,5,9,0.0010868706417474054
07375000,PET,Q,5,10,0.001056016562027206
07375000,PET,Q,5,11,0.0011440478644598358
07375000,PET,Q,5,12,0.0010142692724195886
07375000,PET,Q,5,13,0.001298041797015606
07375000,PET,Q,5,14,0.0010014673222243087
07375000,PET,Q,5,15,0.0014047850616364377
07375000,PET,Q,5,16,0.0009257804487991586
07375000,PET,Q,5,17,0.0011555731115170803
07375000,PET,Q,5,18,0.00093242775308576
07375000,PET,Q,5,19,0.0011977566667892743
07375000,PET,Q,5,20,0.001190011607675203
07375000,PET,Q,5,21,0.0009532323349841568
07375000,PET,Q,5,22,0.001187104985907659
07375000,PET,Q,5,23,0.0011465174656011719
07375000,PET,Q,5,24,0.0010734401389918165
07375000,PET,Q,5,25,0.0012991192750139886
07375000,PET,Q,5,26,0.0011012136996565863
07375000,PET,Q,5,27,0.0009915779108068332
07375000,PET,Q,5,28,0.0013176246137601329
07375000,PET,Q,5,29,0.0010254722740780861
07375000,PET,Q,5,30,0.0009579188962593396
07376000,PET,Q,5,1,0.0020424534850647727
07376000,PET,Q,5,2,0.002402871719338631
07376000,PET,Q,5,3,0.001612519727567041
07376000,PET,Q,5,4,0.0013474982271991023
07376000,PET,Q,5,5,0.0015351810326186197
07376000,PET,Q,5,6,0.001162689290420356
07376000,PET,Q,5,7,0.0011856892382593534
07376000,PET,Q,5,8,0.0009815112944332322
07376000,PET,Q,5,9,0.001093331030083515
07376000,PET,Q,5,10,0.001839948831755818
07376000,PET,Q,5,11,0.0012207220398017596
07376000,PET,Q,5,12,0.0016377818540486144
07376000,PET,Q,5,13,0.001201845343646868
07376000,PET,Q,5,14,0.0013988991616942711
07376000,PET,Q,5,15,0.001485564620078643
07376000,PET,Q,5,16,0.0013391973279809552
07376000,PET,Q,5,17,0.0011066302419063048
07376000,PET,Q,5,18,0.001228278937045732
07376000,PET,Q,5,19,0.0012353946168980681
07376000,PET,Q,5,20,0.0012109980520385519
07376000,PET,Q,5,21,0.001524394013522265
07376000,PET,Q,5,22,0.0017758392983633214
07376000,PET,Q,5,23,0.0014397457124649612
07376000,PET,Q,5,24,0.0013459515391879145
07376000,PET,Q,5,25,0.001419002815558186
07376000,PET,Q,5,26,0.001600308094338261
07376000,PET,Q,5,27,0.0012121946746510778
07376000,PET,Q,5,28,0.0014852099308051842
07376000,PET,Q,5,29,0.0014900390425588925
07376000,PET,Q,5,30,0.001411266958599805
08013000,PET,Q,5,1,0.002117450033088518
08013000,PET,Q,5,2,0.002086366803188945
08013000,PET,Q,5,3,0.001897450971453482
08013000,PET,Q,5,4,0.0021994180666463636
08013000,PET,Q,5,5,0.002147365366997188
08013000,PET,Q,5,6,0.0017550154281924524
08013000,PET,Q,5,7,0.0020883116577413915
08013000,PET,Q,5,8,0.002279914306339066
08013000,PET,Q,5,9,0.001849224443927787
08013000,PET,Q,5,10,0.0018383772108189825
08013000,PET,Q,5,11,0.0018595972171569289
08013000,PET,Q,5,12,0.002061288692636852
08013000,PET,Q,5,13,0.001767841499893029
08013000,PET,Q,5,14,0.0018789254359434931
08013000,PET,Q,5,15,0.001983262235613563
08013000,PET,Q,5,16,0.0016631241667657767
08013000,PET,Q,5,17,0.0011946231894226292
08013000,PET,Q,5,18,0.00142617472372282
08013000,PET,Q,5,19,0.0018559512859994132
08013000,PET,Q,5,20,0.0018550938301881079
08013000,PET,Q,5,21,0.0018196170686524196
08013000,PET,Q,5,22,0.001609207927848133
08013000,PET,Q,5,23,0.002089439924266287
08013000,PET,Q,5,24,0.0015662914984065704
08013000,PET,Q,5,25,0.0015385218068172876
08013000,PET,Q,5,26,0.0016365022637547383
08013000,PET,Q,5,27,0.0017790829764207094
08013000,PET,Q,5,28,0.0021076856338954134
08013000,PET,Q,5,29,0.002036823723084509
08013000,PET,Q,5,30,0.0019378192980175554
08014500,PET,Q,5,1,0.0023993505058167025
08014500,PET,Q,5,2,0.0017905762428622185
08014500,PET,Q,5,3,0.002145269131196663
08014500,PET,Q,5,4,0.001860799760809037
08014500,PET,Q,5,5,0.0019150049523764673
08014500,PET,Q,5,6,0.002286044134146542
08014500,PET,Q,5,7,0.0024900529865006862
08014500,PET,Q,5,8,0.0018133814410015645
08014500,PET,Q,5,9,0.0016056584724699202
08014500,PET,Q,5,10,0.0019225197918231254
08014500,PET,Q,5,11,0.0017351437938985803
08014500,PET,Q,5,12,0.0020256807997857534
08014500,PET,Q,5,13,0.0024523503493111415
08014500,PET,Q,5,14,0.0021020367365075857
08014500,PET,Q,5,15,0.0016830722966732006
08014500,PET,Q,5,16,0.001845713239581763
08014500,PET,Q,5,17,0.0020242478129347125
08014500,PET,Q,5,18,0.0019858919595237487
08014500,PET,Q,5,19,0.0021152240235722125
08014500,PET,Q,5,20,0.0024725234357046155
08014500,PET,Q,5,21,0.002506720016042706
08014500,PET,Q,5,22,0.0019538979328978523
08014500,PET,Q,5,23,0.0022978343866282905
08014500,PET,Q,5,24,0.0018769778480232716
08014500,PET,Q,5,25,0.0021119748861346335
08014500,PET,Q,5,26,0.002056961302497405
08014500,PET,Q,5,27,0.0017398933450626791
08014500,PET,Q,5,28,0.0020658565615673252
08014500,PET,Q,5,29,0.0021281295075078477
08014500,PET,Q,5,30,0.0021456667401458726
08023080,PET,Q,5,1,0.003491112954089326
08023080,PET,Q,5,2,0.0028860624403693885
08023080,PET,Q,5,3,0.002768599552526535
08023080,PET,Q,5,4,0.002654738268736051
08023080,PET,Q,5,5,0.0033197900584432255
08023080,PET,Q,5,6,0.0027261448781316644
08023080,PET,Q,5,7,0.003257965059488499
08023080,PET,Q,5,8,0.00289978877017856
08023080,PET,Q,5,9,0.003097788114621136
08023080,PET,Q,5,10,0.0030817987599972285
08023080,PET,Q,5,11,0.0035345260143862522
08023080,PET,Q,5,12,0.0028897366500150595
08023080,PET,Q,5,13,0.00362480792560764
08023080,PET,Q,5,14,0.002746152298546356
08023080,PET,Q,5,15,0.002968476537614506
08023080,PET,Q,5,16,0.003305791346972703
08023080,PET,Q,5,17,0.002663636521077109
08023080,PET,Q,5,18,0.0028093961946155793
08023080,PET,Q,5,19,0.003793634361420495
08023080,PET,Q,5,20,0.0035249899186944322
08023080,PET,Q,5,21,0.0030165570103938
08023080,PET,Q,5,22,0.0030252699472572697
08023080,PET,Q,5,23,0.0032833329055815402
08023080,PET,Q,5,24,0.0029729168745535883
08023080,PET,Q,5,25,0.002989537949102228
08023080,PET,Q,5,26,0.003462857334730382
08023080,PET,Q,5,27,0.0029655637724231715
08023080,PET,Q,5,28,0.0032663393277962693
08023080,PET,Q,5,29,0.0032957641408337263
08023080,PET,Q,5,30,0.003890719727795547
08025500,PET,Q,5,1,0.001803690184190472
08025500,PET,Q,5,2,0.0011430790961256647
08025500,PET,Q,5,3,0.0016338832217560675
08025500,PET,Q,5,4,0.0016977159879108424
08025500,PET,Q,5,5,0.00151413494920603
08025500,PET,Q,5,6,0.001751666012105576
08025500,PET,Q,5,7,0.001917464525737364
08025500,PET,Q,5,8,0.0020465113459374393
08025500,PET,Q,5,9,0.0018404463459465274
08025500,PET,Q,5,10,0.002149185189775797
08025500,PET,Q,5,11,0.002202759403287388
08025500,PET,Q,5,12,0.001779460524181542
08025500,PET,Q,5,13,0.0017610739397345837
08025500,PET,Q,5,14,0.0017981240029991616
08025500,PET,Q,5,15,0.00171847798940971
08025500,PET,Q,5,16,0.0018178564335159207
08025500,PET,Q,5,17,0.0015657803580885442
08025500,PET,Q,5,18,0.001962428732563991
08025500,PET,Q,5,19,0.0017099570280474374
08025500,PET,Q,5,20,0.0018322819854504867
08025500,PET,Q,5,21,0.0020239097573752363
08025500,PET,Q,5,22,0.0023331288462128744
08025500,PET,Q,5,23,0.001987914980304095
08025500,PET,Q,5,24,0.0018797218355863787
08025500,PET,Q,5,25,0.001876343479525592
08025500,PET,Q,5,26,0.0017285381035855446
08025500,PET,Q,5,27,0.0020140495203350497
08025500,PET,Q,5,28,0.0020011597769197392
08025500,PET,Q,5,29,0.00224038102743606
08025500,PET,Q,5,30,0.0021485887515162554
08029500,PET,Q,5,1,0.0005645106346561088
08029500,PET,Q,5,2,0.0005646115455278837
08029500,PET,Q,5,3,0.0005006402763205802
08029500,PET,Q,5,4,0.0005308779021642521
08029500,PET,Q,5,5,0.0004116992578546332
08029500,PET,Q,5,6,0.000653021356934143
08029500,PET,Q,5,7,0.0004645878712819726
08029500,PET,Q,5,8,0.00044458279909555254
08029500,PET,Q,5,9,0.00044496594600788777
08029500,PET,Q,5,10,0.0004450484525360338
08029500,PET,Q,5,11,0.0004451308412834424
08029500,PET,Q,5,12,0.0006454062661636999
08029500,PET,Q,5,13,0.0004650547743109239
08029500,PET,Q,5,14,0.0004418882334259362
08029500,PET,Q,5,15,0.0005228482696158897
08029500,PET,Q,5,16,0.0005232436764936541
08029500,PET,Q,5,17,0.0004814599296795903
08029500,PET,Q,5,18,0.00048152242201655437
08029500,PET,Q,5,19,0.00048158494050885587
08029500,PET,Q,5,20,0.00048164748517219927
08029500,PET,Q,5,21,0.00048171005602361955
08029500,PET,Q,5,22,0.0004896689746647408
08029500,PET,Q,5,23,0.000532137521494818
08029500,PET,Q,5,24,0.0005322041997058817
08029500,PET,Q,5,25,0.000493628812726782
08029500,PET,Q,5,26,0.0003433255055112572
08029500,PET,Q,5,27,0.0006350256670614946
08029500,PET,Q,5,28,0.0004904844967629062
08029500,PET,Q,5,29,0.0004126304360728937
08029500,PET,Q,5,30,0.0005322360711156118
08050800,PET,Q,5,1,0.001126037809547776
08050800,PET,Q,5,2,0.00119729420240371
08050800,PET,Q,5,3,0.0014196750949176176
08050800,PET,Q,5,4,0.0007967007654257723
08050800,PET,Q,5,5,0.0015204844540711304
08050800,PET,Q,5,6,0.0015209554494737508
08050800,PET,Q,5,7,0.0016823291964446416
08050800,PET,Q,5,8,0.001296524557191269
08050800,PET,Q,5,9,0.001264041269895131
08050800,PET,Q,5,10,0.0013789483373564844
08050800,PET,Q,5,11,0.0008896419623803005
08050800,PET,Q,5,12,0.001240502558277113
08050800,PET,Q,5,13,0.001474857365110084
08050800,PET,Q,5,14,0.0012350593583377346
08050800,PET,Q,5,15,0.0013785481505210265
08050800,PET,Q,5,16,0.0014992916163025921
08050800,PET,Q,5,17,0.0009600975301850383
08050800,PET,Q,5,18,0.0013283648971992301
08050800,PET,Q,5,19,0.001424237384629684
08050800,PET,Q,5,20,0.0012341155335502361
08050800,PET,Q,5,21,0.0012566547446333128
08050800,PET,Q,5,22,0.0013554691005221442
08050800,PET,Q,5,23,0.0014781740165439872
08050800,PET,Q,5,24,0.0012655150460693723
08050800,PET,Q,5,25,0.0012981500901828452
08050800,PET,Q,5,26,0.0014430785537033614
08050800,PET,Q,5,27,0.000959906697694829
08050800,PET,Q,5,28,0.0013395942361802346
08050800,PET,Q,5,29,0.0009051798797759629
08050800,PET,Q,5,30,0.0013578370434550527
08066200,PET,Q,5,1,0.0008403967846720029
08066200,PET,Q,5,2,0.0009229774196749512
08066200,PET,Q,5,3,0.0010055386067447866
08066200,PET,Q,5,4,0.0006910330893247444
08066200,PET,Q,5,5,0.0007430321940559807
08066200,PET,Q,5,6,0.0008397665643355961
08066200,PET,Q,5,7,0.0010314884848359272
08066200,PET,Q,5,8,0.000861122140472563
08066200,PET,Q,5,9,0.000767912975822873
08066200,PET,Q,5,10,0.0006957885565319968
08066200,PET,Q,5,11,0.000901190901359171
08066200,PET,Q,5,12,0.0008040339630598567
08066200,PET,Q,5,13,0.0005676389685980079
08066200,PET,Q,5,14,0.0006065956799401594
08066200,PET,Q,5,15,0.0006876884195386943
08066200,PET,Q,5,16,0.0009024247810945074
08066200,PET,Q,5,17,0.0006646172506256046
08066200,PET,Q,5,18,0.000812021577185967
08066200,PET,Q,5,19,0.0009770086836742489
08066200,PET,Q,5,20,0.0008183101570308233
08066200,PET,Q,5,21,0.0010999524253051517
08066200,PET,Q,5,22,0.0008275638208583656
08066200,PET,Q,5,23,0.0006764393931016181
08066200,PET,Q,5,24,0.0007882725670922599
08066200,PET,Q,5,25,0.0008513427518560476
08066200,PET,Q,5,26,0.0006835150170721761
08066200,PET,Q,5,27,0.0008208961112380168
08066200,PET,Q,5,28,0.000709448534906636
08066200,PET,Q,5,29,0.0009809650500573527
08066200,PET,Q,5,30,0.0011658313926156197
08066300,PET,Q,5,1,0.00179084687662108
08066300,PET,Q,5,2,0.0018822320739154859
08066300,PET,Q,5,3,0.0021724664465075476
08066300,PET,Q,5,4,0.0018488260315037489
08066300,PET,Q,5,5,0.0015165748358412744
08066300,PET,Q,5,6,0.0016055638701772089
08066300,PET,Q,5,7,0.001478201116735984
08066300,PET,Q,5,8,0.001788873168102556
08066300,PET,Q,5,9,0.0017989443745339423
08066300,PET,Q,5,10,0.0016027259095652974
08066300,PET,Q,5,11,0.001293345238971965
08066300,PET,Q,5,12,0.001567992965846813
08066300,PET,Q,5,13,0.0014867889703975672
08066300,PET,Q,5,14,0.0011852427802172584
08066300,PET,Q,5,15,0.0017669008495065433
08066300,PET,Q,5,16,0.001934655235598496
08066300,PET,Q,5,17,0.0015013741684105422
08066300,PET,Q,5,18,0.0011785366079793101
08066300,PET,Q,5,19,0.0014406445362657241
08066300,PET,Q,5,20,0.0013305557144062882
08066300,PET,Q,5,21,0.0015698707281814502
08066300,PET,Q,5,22,0.0016691990305116068
08066300,PET,Q,5,23,0.00137942566185573
08066300,PET,Q,5,24,0.0018097906045033418
08066300,PET,Q,5,25,0.0015672023079619304
08066300,PET,Q,5,26,0.0015989130380499664
08066300,PET,Q,5,27,0.0015583609517067186
08066300,PET,Q,5,28,0.0013159842334836101
08066300,PET,Q,5,29,0.0012402486161691602
08066300,PET,Q,5,30,0.0016722537663173623
08070000,PET,Q,5,1,0.000787040516791163
08070000,PET,Q,5,2,0.00052712517543951
08070000,PET,Q,5,3,0.0003680030971377479
08070000,PET,Q,5,4,0.0004488589633115988
08070000,PET,Q,5,5,0.0005577622856159804
08070000,PET,Q,5,6,0.0004943299955044826
08070000,PET,Q,5,7,0.00046508407543840134
08070000,PET,Q,5,8,0.0004450310997209019
08070000,PET,Q,5,9,0.0003791632398961742
08070000,PET,Q,5,10,0.00044835613884347883
08070000,PET,Q,5,11,0.0006371945515172475
08070000,PET,Q,5,12,0.0006128221644463149
08070000,PET,Q,5,13,0.0005364563611959857
08070000,PET,Q,5,14,0.0005651528648222496
08070000,PET,Q,5,15,0.0005945301271374666
08070000,PET,Q,5,16,0.0005639316937292565
08070000,PET,Q,5,17,0.0005164278648018966
08070000,PET,Q,5,18,0.0005165122872555251
08070000,PET,Q,5,19,0.0006379181585714593
08070000,PET,Q,5,20,0.0004386745119860525
08070000,PET,Q,5,21,0.00046591317343912773
08070000,PET,Q,5,22,0.000590119906962415
08070000,PET,Q,5,23,0.000761903109288144
08070000,PET,Q,5,24,0.0006279981957924077
08070000,PET,Q,5,25,0.0006077921466749285
08070000,PET,Q,5,26,0.0004563770499890641
08070000,PET,Q,5,27,0.0005991394660131537
08070000,PET,Q,5,28,0.000549863846923385
08070000,PET,Q,5,29,0.0007306099221506147
08070000,PET,Q,5,30,0.0008630732794750549
08070200,PET,Q,5,1,0.0005182482214707539
08070200,PET,Q,5,2,0.0004584982687127464
08070200,PET,Q,5,3,0.00048367988107482843
08070200,PET,Q,5,4,0.0005805387279281989
08070200,PET,Q,5,5,0.0004874934521096174
08070200,PET,Q,5,6,0.0006730839679697804
08070200,PET,Q,5,7,0.0005283304102576929
08070200,PET,Q,5,8,0.0005285446984669099
08070200,PET,Q,5,9,0.0005408076287214889
08070200,PET,Q,5,10,0.0006233657393534802
08070200,PET,Q,5,11,0.0007491278556306363
08070200,PET,Q,5,12,0.0005391771514434481
08070200,PET,Q,5,13,0.0005700314050940004
08070200,PET,Q,5,14,0.0005386585939002285
08070200,PET,Q,5,15,0.0005383787268698047
08070200,PET,Q,5,16,0.0005388243460967938
08070200,PET,Q,5,17,0.0005578665695907658
08070200,PET,Q,5,18,0.000617746513049109
08070200,PET,Q,5,19,0.00048292289190933653
08070200,PET,Q,5,20,0.0005207962235037542
08070200,PET,Q,5,21,0.0006054543565896589
08070200,PET,Q,5,22,0.0006055679836380126
08070200,PET,Q,5,23,0.0006056046307209503
08070200,PET,Q,5,24,0.0005771744011956563
08070200,PET,Q,5,25,0.0007034389613945653
08070200,PET,Q,5,26,0.0005773447200016352
08070200,PET,Q,5,27,0.0004356381341845579
08070200,PET,Q,5,28,0.0005581057814778457
08070200,PET,Q,5,29,0.0007821164861026731
08070200,PET,Q,5,30,0.0005279004050425008
08079600,PET,Q,5,1,0.0007824985050374159
08079600,PET,Q,5,2,0.0007300012989210816
08079600,PET,Q,5,3,0.0005944376333774405
08079600,PET,Q,5,4,0.0006561059333812774
08079600,PET,Q,5,5,0.0006731043672937326
08079600,PET,Q,5,6,0.0009496897011333182
08079600,PET,Q,5,7,0.000901862548460192
08079600,PET,Q,5,8,0.0010993861532014228
08079600,PET,Q,5,9,0.0010598570458899472
08079600,PET,Q,5,10,0.0006582712150778394
08079600,PET,Q,5,11,0.0007894773219325694
08079600,PET,Q,5,12,0.0011108835922580464
08079600,PET,Q,5,13,0.0008375158066224082
08079600,PET,Q,5,14,0.0007731425781645086
08079600,PET,Q,5,15,0.0007326895317183724
08079600,PET,Q,5,16,0.0008338227295881552
08079600,PET,Q,5,17,0.0008011516766046646
08079600,PET,Q,5,18,0.0008216250647331506
08079600,PET,Q,5,19,0.001146397611605782
08079600,PET,Q,5,20,0.0012207020192965424
08079600,PET,Q,5,21,0.0008554853988135876
08079600,PET,Q,5,22,0.0010110178186110378
08079600,PET,Q,5,23,0.0008255582123689043
08079600,PET,Q,5,24,0.0010245635007222597
08079600,PET,Q,5,25,0.0010372752484974525
08079600,PET,Q,5,26,0.0009563184561375143
08079600,PET,Q,5,27,0.0010957532766405834
08079600,PET,Q,5,28,0.0009771267970403973
08079600,PET,Q,5,29,0.0009024580264766456
08079600,PET,Q,5,30,0.0009213212373099106
08082700,PET,Q,5,1,0.0003936323162317349
08082700,PET,Q,5,2,0.00038245766636818643
08082700,PET,Q,5,3,0.00036668639146875516
08082700,PET,Q,5,4,0.00038259843426823124
08082700,PET,Q,5,5,0.00038260983758163936
08082700,PET,Q,5,6,0.0003985026771557922
08082700,PET,Q,5,7,0.00039855785506146425
08082700,PET,Q,5,8,0.0004524505961633028
08082700,PET,Q,5,9,0.0004365222135478408
08082700,PET,Q,5,10,0.0004317100283022096
08082700,PET,Q,5,11,0.00038258323879986934
08082700,PET,Q,5,12,0.0004365279371791636
08082700,PET,Q,5,13,0.00043657203542071116
08082700,PET,Q,5,14,0.000431829296610614
08082700,PET,Q,5,15,0.0004318785599630951
08082700,PET,Q,5,16,0.00036672953789396775
08082700,PET,Q,5,17,0.00038271069220958964
08082700,PET,Q,5,18,0.0004366222340869666
08082700,PET,Q,5,19,0.0003938131069925071
08082700,PET,Q,5,20,0.0003827218448156024
08082700,PET,Q,5,21,0.000382733247990554
08082700,PET,Q,5,22,0.00043668511821986014
08082700,PET,Q,5,23,0.00047486386491152766
08082700,PET,Q,5,24,0.0004209051293685398
08082700,PET,Q,5,25,0.00036690930563544524
08082700,PET,Q,5,26,0.00047494975928257226
08082700,PET,Q,5,27,0.00042094850866416286
08082700,PET,Q,5,28,0.0003670283946970274
08082700,PET,Q,5,29,0.000436788726084185
08082700,PET,Q,5,30,0.000382835889354526
08086212,PET,Q,5,1,0.0010243444830643454
08086212,PET,Q,5,2,0.001094321992361159
08086212,PET,Q,5,3,0.001207616965592545
08086212,PET,Q,5,4,0.0015930011445198788
08086212,PET,Q,5,5,0.0011143487329362146
08086212,PET,Q,5,6,0.001120090628409058
08086212,PET,Q,5,7,0.0009906385979010467
08086212,PET,Q,5,8,0.0011566250645663467
08086212,PET,Q,5,9,0.0010255862732893393
08086212,PET,Q,5,10,0.0011403235430235137
08086212,PET,Q,5,11,0.0011797732640876982
08086212,PET,Q,5,12,0.0009029564604115872
08086212,PET,Q,5,13,0.0009837969234779732
08086212,PET,Q,5,14,0.0008981224617863933
08086212,PET,Q,5,15,0.0011267609682713113
08086212,PET,Q,5,16,0.0007502945682477443
08086212,PET,Q,5,17,0.0008095258171468191
08086212,PET,Q,5,18,0.001094730644778023
08086212,PET,Q,5,19,0.0012249579033737183
08086212,PET,Q,5,20,0.0010344093216650193
08086212,PET,Q,5,21,0.0009019870919090879
08086212,PET,Q,5,22,0.0009781056750124383
08086212,PET,Q,5,23,0.0011074085526883107
08086212,PET,Q,5,24,0.0007823393061708456
08086212,PET,Q,5,25,0.0010370874623390116
08086212,PET,Q,5,26,0.0009836723285332038
08086212,PET,Q,5,27,0.0009583225313215486
08086212,PET,Q,5,28,0.001109786441247495
08086212,PET,Q,5,29,0.00097193857518626
08086212,PET,Q,5,30,0.0010572133738957143
08086290,PET,Q,5,1,0.00045749096716106875
08086290,PET,Q,5,2,0.00044029879803052403
08086290,PET,Q,5,3,0.00034909775571982877
08086290,PET,Q,5,4,0.0004860575624634194
08086290,PET,Q,5,5,0.0004522347395214104
08086290,PET,Q,5,6,0.0006306306804022737
08086290,PET,Q,5,7,0.000493511426344885
08086290,PET,Q,5,8,0.0004935120351464038
08086290,PET,Q,5,9,0.00035651774247804236
08086290,PET,Q,5,10,0.0005188839646346507
08086290,PET,Q,5,11,0.000505704365117981
08086290,PET,Q,5,12,0.00035656055745062485
08086290,PET,Q,5,13,0.00037240613418937276
08086290,PET,Q,5,14,0.0003724845661032387
08086290,PET,Q,5,15,0.000392105120062687
08086290,PET,Q,5,16,0.00025397423556672207
08086290,PET,Q,5,17,0.00038461456834330745
08086290,PET,Q,5,18,0.00038467097427318095
08086290,PET,Q,5,19,0.0005806408583922187
08086290,PET,Q,5,20,0.0003921868151351279
08086290,PET,Q,5,21,0.0005732923558146308
08086290,PET,Q,5,22,0.0005734450758732197
08086290,PET,Q,5,23,0.00035638108484892066
08086290,PET,Q,5,24,0.00048721714045581264
08086290,PET,Q,5,25,0.0006382392118195971
08086290,PET,Q,5,26,0.000487220848337834
08086290,PET,Q,5,27,0.000493609844659737
08086290,PET,Q,5,28,0.0003845904208771662
08086290,PET,Q,5,29,0.00035637308221698636
08086290,PET,Q,5,30,0.0004581357265066059
08101000,PET,Q,5,1,0.0015458701399561903
08101000,PET,Q,5,2,0.0013635961418877567
08101000,PET,Q,5,3,0.001291145317124754
08101000,PET,Q,5,4,0.0009913105516084278
08101000,PET,Q,5,5,0.0007653947054426201
08101000,PET,Q,5,6,0.0008241634939354925
08101000,PET,Q,5,7,0.0009411478179312885
08101000,PET,Q,5,8,0.0012034373891392745
08101000,PET,Q,5,9,0.0009162937359316649
08101000,PET,Q,5,10,0.0009265498744804139
08101000,PET,Q,5,11,0.001014861600734298
08101000,PET,Q,5,12,0.0007290421500833061
08101000,PET,Q,5,13,0.0009391111182144203
08101000,PET,Q,5,14,0.0011316434941741962
08101000,PET,Q,5,15,0.0011883196667095072
08101000,PET,Q,5,16,0.0011003141886835495
08101000,PET,Q,5,17,0.0009811962318953121
08101000,PET,Q,5,18,0.0007329632625683799
08101000,PET,Q,5,19,0.0009745552634819604
08101000,PET,Q,5,20,0.0009211200755010196
08101000,PET,Q,5,21,0.0008027300108293112
08101000,PET,Q,5,22,0.0007979663633840492
08101000,PET,Q,5,23,0.0007878501416111114
08101000,PET,Q,5,24,0.0007100306417924078
08101000,PET,Q,5,25,0.0006226776456883173
08101000,PET,Q,5,26,0.0008845945724913831
08101000,PET,Q,5,27,0.0008051880434363362
08101000,PET,Q,5,28,0.0007936165658796769
08101000,PET,Q,5,29,0.00065585174218704
08101000,PET,Q,5,30,0.000672447253084997
08103900,PET,Q,5,1,0.001266586028848972
08103900,PET,Q,5,2,0.0011368182879755093
08103900,PET,Q,5,3,0.0013312445557323027
08103900,PET,Q,5,4,0.0014859212362868142
08103900,PET,Q,5,5,0.0012990814550436838
08103900,PET,Q,5,6,0.0014552246854862977
08103900,PET,Q,5,7,0.001532183534505259
08103900,PET,Q,5,8,0.001298562504025047
08103900,PET,Q,5,9,0.0018060917012646845
08103900,PET,Q,5,10,0.0016557624946186567
08103900,PET,Q,5,11,0.0015830928570934495
08103900,PET,Q,5,12,0.0012611912366535284
08103900,PET,Q,5,13,0.0012885089541497183
08103900,PET,Q,5,14,0.0010937222360899203
08103900,PET,Q,5,15,0.001813726381109184
08103900,PET,Q,5,16,0.0013948544261498594
08103900,PET,Q,5,17,0.0014836043487771455
08103900,PET,Q,5,18,0.001458311040113399
08103900,PET,Q,5,19,0.0014107757508738591
08103900,PET,Q,5,20,0.0010696073341299357
08103900,PET,Q,5,21,0.0011508810025270579
08103900,PET,Q,5,22,0.001244863580372655
08103900,PET,Q,5,23,0.0014529073428080526
08103900,PET,Q,5,24,0.0014575183147527392
08103900,PET,Q,5,25,0.001432808895771253
08103900,PET,Q,5,26,0.0010535755957866572
08103900,PET,Q,5,27,0.0017030208539001966
08103900,PET,Q,5,28,0.0011666406623403805
08103900,PET,Q,5,29,0.0012311209721278492
08103900,PET,Q,5,30,0.0011094332581360854
08104900,PET,Q,5,1,0.0004790652112611239
08104900,PET,Q,5,2,0.00042968253866582963
08104900,PET,Q,5,3,0.0002892440174710187
08104900,PET,Q,5,4,0.0002921731749947927
08104900,PET,Q,5,5,0.0003089828390055883
08104900,PET,Q,5,6,0.0003248916454942092
08104900,PET,Q,5,7,0.00031251233080053717
08104900,PET,Q,5,8,0.00031081408634725007
08104900,PET,Q,5,9,0.0003254463065478601
08104900,PET,Q,5,10,0.0003369463803361526
08104900,PET,Q,5,11,0.00034375307347756824
08104900,PET,Q,5,12,0.0003269397973989438
08104900,PET,Q,5,13,0.0005341151796194217
08104900,PET,Q,5,14,0.0006235381492475222
08104900,PET,Q,5,15,0.0004460888608177199
08104900,PET,Q,5,16,0.0005335943489178582
08104900,PET,Q,5,17,0.0005076297543446517
08104900,PET,Q,5,18,0.00034429765105692053
08104900,PET,Q,5,19,0.00027635848039818736
08104900,PET,Q,5,20,0.0005311008335546659
08104900,PET,Q,5,21,0.00045960038256436485
08104900,PET,Q,5,22,0.0005145076774450853
08104900,PET,Q,5,23,0.0005579928250648205
08104900,PET,Q,5,24,0.0006039745939854409
08104900,PET,Q,5,25,0.0005146673142948956
08104900,PET,Q,5,26,0.0003128156701708417
08104900,PET,Q,5,27,0.0003873926247187614
08104900,PET,Q,5,28,0.0004791155757339141
08104900,PET,Q,5,29,0.00032321188914253944
08104900,PET,Q,5,30,0.0005775544331795765
08109700,PET,Q,5,1,0.0014085713250731532
08109700,PET,Q,5,2,0.0014540861395422391
08109700,PET,Q,5,3,0.0010975443215351308
08109700,PET,Q,5,4,0.0010478412952999103
08109700,PET,Q,5,5,0.0012357257105005542
08109700,PET,Q,5,6,0.0012955501249590703
08109700,PET,Q,5,7,0.0015358636942258905
08109700,PET,Q,5,8,0.0012375564020226035
08109700,PET,Q,5,9,0.0010838715688906708
08109700,PET,Q,5,10,0.0011357912864729813
08109700,PET,Q,5,11,0.0010889735094300676
08109700,PET,Q,5,12,0.0009320322836558065
08109700,PET,Q,5,13,0.0011050997185348965
08109700,PET,Q,5,14,0.0011435706508666557
08109700,PET,Q,5,15,0.001295572358089317
08109700,PET,Q,5,16,0.0011155448518873554
08109700,PET,Q,5,17,0.001112684061152433
08109700,PET,Q,5,18,0.0012211115280060872
08109700,PET,Q,5,19,0.0010679687732129128
08109700,PET,Q,5,20,0.0013826986871227215
08109700,PET,Q,5,21,0.001280247218290488
08109700,PET,Q,5,22,0.0011517301852288636
08109700,PET,Q,5,23,0.0009598218272113407
08109700,PET,Q,5,24,0.0010371999653505104
08109700,PET,Q,5,25,0.0009263151250760646
08109700,PET,Q,5,26,0.000818578835065531
08109700,PET,Q,5,27,0.0011069054164329697
08109700,PET,Q,5,28,0.0012161081823541253
08109700,PET,Q,5,29,0.0012740979749015918
08109700,PET,Q,5,30,0.0008425708071110663
08150800,PET,Q,5,1,0.0008782536454015576
08150800,PET,Q,5,2,0.0006894475762004963
08150800,PET,Q,5,3,0.000555281052714041
08150800,PET,Q,5,4,0.000582799276701771
08150800,PET,Q,5,5,0.00073659802954683
08150800,PET,Q,5,6,0.000837404365457704
08150800,PET,Q,5,7,0.0006478723389799993
08150800,PET,Q,5,8,0.0006144749639341498
08150800,PET,Q,5,9,0.0007052983201769579
08150800,PET,Q,5,10,0.0005764148813897172
08150800,PET,Q,5,11,0.0005645068175338715
08150800,PET,Q,5,12,0.0005646105507827997
08150800,PET,Q,5,13,0.0006743201038796401
08150800,PET,Q,5,14,0.0005635397374530293
08150800,PET,Q,5,15,0.000626692999358542
08150800,PET,Q,5,16,0.0006557744340692714
08150800,PET,Q,5,17,0.000545000011593931
08150800,PET,Q,5,18,0.0005453081104156172
08150800,PET,Q,5,19,0.0005453338640116802
08150800,PET,Q,5,20,0.000516546000339492
08150800,PET,Q,5,21,0.00046743254771578965
08150800,PET,Q,5,22,0.00046604126011571927
08150800,PET,Q,5,23,0.0005483970821112405
08150800,PET,Q,5,24,0.0004255107651150898
08150800,PET,Q,5,25,0.0005666424750751659
08150800,PET,Q,5,26,0.0005287142160509649
08150800,PET,Q,5,27,0.0005908818639534102
08150800,PET,Q,5,28,0.0005085925983654184
08150800,PET,Q,5,29,0.000516752624354867
08150800,PET,Q,5,30,0.0005788992641550961
08155200,PET,Q,5,1,0.001277470617629877
08155200,PET,Q,5,2,0.0015722290481378909
08155200,PET,Q,5,3,0.0013521102827492963
08155200,PET,Q,5,4,0.0011746403700104227
08155200,PET,Q,5,5,0.00117868282207979
08155200,PET,Q,5,6,0.0014668220093127585
08155200,PET,Q,5,7,0.0015336519161759238
08155200,PET,Q,5,8,0.001172582595368423
08155200,PET,Q,5,9,0.0015205098847250326
08155200,PET,Q,5,10,0.001263514058812091
08155200,PET,Q,5,11,0.0009734229987606313
08155200,PET,Q,5,12,0.0012232113701179659
08155200,PET,Q,5,13,0.0013401335042352788
08155200,PET,Q,5,14,0.0013829185748580712
08155200,PET,Q,5,15,0.0010052628809111078
08155200,PET,Q,5,16,0.001394015815278083
08155200,PET,Q,5,17,0.001010900134899309
08155200,PET,Q,5,18,0.001272321617885614
08155200,PET,Q,5,19,0.0011998060505759092
08155200,PET,Q,5,20,0.0010969439310231956
08155200,PET,Q,5,21,0.0010686702939051926
08155200,PET,Q,5,22,0.0011710259537254207
08155200,PET,Q,5,23,0.0015579933835201225
08155200,PET,Q,5,24,0.0011521327416421992
08155200,PET,Q,5,25,0.0012238398536796175
08155200,PET,Q,5,26,0.0012608513161422655
08155200,PET,Q,5,27,0.0016690237817012267
08155200,PET,Q,5,28,0.0011924760317845728
08155200,PET,Q,5,29,0.001198760948892364
08155200,PET,Q,5,30,0.0016316068612660765
08158700,PET,Q,5,1,0.00193160226684988
08158700,PET,Q,5,2,0.002296860127283293
08158700,PET,Q,5,3,0.001766283861949415
08158700,PET,Q,5,4,0.0021645743907196466
08158700,PET,Q,5,5,0.0018952467560652553
08158700,PET,Q,5,6,0.0021155216640444605
08158700,PET,Q,5,7,0.0020895571391940093
08158700,PET,Q,5,8,0.0022856925077689716
08158700,PET,Q,5,9,0.001818047757728189
08158700,PET,Q,5,10,0.0018889367517986588
08158700,PET,Q,5,11,0.0020921519606028616
08158700,PET,Q,5,12,0.0019046246074165413
08158700,PET,Q,5,13,0.002425666510343226
08158700,PET,Q,5,14,0.0022334631923997053
08158700,PET,Q,5,15,0.001640785110887881
08158700,PET,Q,5,16,0.0019760339512128536
08158700,PET,Q,5,17,0.0018724708854499575
08158700,PET,Q,5,18,0.0022057593632057518
08158700,PET,Q,5,19,0.0025029940793231537
08158700,PET,Q,5,20,0.0021938696482599745
08158700,PET,Q,5,21,0.0018451052443079416
08158700,PET,Q,5,22,0.0018833730825310938
08158700,PET,Q,5,23,0.0020003134978228768
08158700,PET,Q,5,24,0.0018538268143389047
08158700,PET,Q,5,25,0.0016565122827694456
08158700,PET,Q,5,26,0.0023866550734997147
08158700,PET,Q,5,27,0.0022922033577075576
08158700,PET,Q,5,28,0.0020611930054499836
08158700,PET,Q,5,29,0.001956075745089589
08158700,PET,Q,5,30,0.0017430973943868139
08158810,PET,Q,5,1,0.0006138792154092177
08158810,PET,Q,5,2,0.000537544418629082
08158810,PET,Q,5,3,0.0007501921491382506
08158810,PET,Q,5,4,0.0008995836104069028
08158810,PET,Q,5,5,0.0009887169869222407
08158810,PET,Q,5,6,0.0007923733181924644
08158810,PET,Q,5,7,0.0004995529893964037
08158810,PET,Q,5,8,0.0007188437185383246
08158810,PET,Q,5,9,0.00048709606470458827
08158810,PET,Q,5,10,0.0006633220207445632
08158810,PET,Q,5,11,0.000785245415737745
08158810,PET,Q,5,12,0.0008336044626877613
08158810,PET,Q,5,13,0.0005427729269662906
08158810,PET,Q,5,14,0.0006862709790722791
08158810,PET,Q,5,15,0.0005235807499012826
08158810,PET,Q,5,16,0.0007765042825327705
08158810,PET,Q,5,17,0.0006228421623818026
08158810,PET,Q,5,18,0.0008752797716373995
08158810,PET,Q,5,19,0.0008110769204348056
08158810,PET,Q,5,20,0.0006921546142835862
08158810,PET,Q,5,21,0.0005135610041576595
08158810,PET,Q,5,22,0.000707299878969822
08158810,PET,Q,5,23,0.0006611030582680099
08158810,PET,Q,5,24,0.000765695069516752
08158810,PET,Q,5,25,0.000848736275637571
08158810,PET,Q,5,26,0.0006116563484636819
08158810,PET,Q,5,27,0.0008003283516820215
08158810,PET,Q,5,28,0.0005726654525292849
08158810,PET,Q,5,29,0.0007856770835379147
08158810,PET,Q,5,30,0.0007128314550560524
08164000,PET,Q,5,1,0.001901138716590381
08164000,PET,Q,5,2,0.0019710604753835417
08164000,PET,Q,5,3,0.0019866192164289254
08164000,PET,Q,5,4,0.001584081793044305
08164000,PET,Q,5,5,0.001787523325083952
08164000,PET,Q,5,6,0.0018277333094827708
08164000,PET,Q,5,7,0.0016459588315085663
08164000,PET,Q,5,8,0.0013075904879135958
08164000,PET,Q,5,9,0.001569888607639812
08164000,PET,Q,5,10,0.0016640135541716172
08164000,PET,Q,5,11,0.0019465765747806035
08164000,PET,Q,5,12,0.0016798358373327008
08164000,PET,Q,5,13,0.0016992802189889494
08164000,PET,Q,5,14,0.0016774197765844073
08164000,PET,Q,5,15,0.0018127432201532068
08164000,PET,Q,5,16,0.0013940931165513787
08164000,PET,Q,5,17,0.0015304148478116203
08164000,PET,Q,5,18,0.001247390932291148
08164000,PET,Q,5,19,0.0012754603578836593
08164000,PET,Q,5,20,0.0012452485609592487
08164000,PET,Q,5,21,0.0016218640435432044
08164000,PET,Q,5,22,0.0017450385066859683
08164000,PET,Q,5,23,0.001567832976036597
08164000,PET,Q,5,24,0.0014836279412511894
08164000,PET,Q,5,25,0.0014401530928098288
08164000,PET,Q,5,26,0.0016765553839067984
08164000,PET,Q,5,27,0.0015190536499392268
08164000,PET,Q,5,28,0.0024170949130556327
08164000,PET,Q,5,29,0.0017049156958600306
08164000,PET,Q,5,30,0.0019946042507272416
08164300,PET,Q,5,1,0.0013966123758140901
08164300,PET,Q,5,2,0.0017908958766562448
08164300,PET,Q,5,3,0.001299502203347857
08164300,PET,Q,5,4,0.0017183866750610476
08164300,PET,Q,5,5,0.001451712879087394
08164300,PET,Q,5,6,0.0014237892272426708
08164300,PET,Q,5,7,0.0011662468371162159
08164300,PET,Q,5,8,0.0012785320272676766
08164300,PET,Q,5,9,0.0014725858753504885
08164300,PET,Q,5,10,0.0014428842116757067
08164300,PET,Q,5,11,0.0015456977651309226
08164300,PET,Q,5,12,0.001186991660525192
08164300,PET,Q,5,13,0.0013392608572575203
08164300,PET,Q,5,14,0.00138102402580444
08164300,PET,Q,5,15,0.0017218852966293559
08164300,PET,Q,5,16,0.0013499505731816505
08164300,PET,Q,5,17,0.0012601112021648694
08164300,PET,Q,5,18,0.0013659457437334398
08164300,PET,Q,5,19,0.001373592402025052
08164300,PET,Q,5,20,0.0011790745338524158
08164300,PET,Q,5,21,0.0015245160447902376
08164300,PET,Q,5,22,0.0014990535603945677
08164300,PET,Q,5,23,0.0015549589842699038
08164300,PET,Q,5,24,0.0013772492841059407
08164300,PET,Q,5,25,0.0012833723917125735
08164300,PET,Q,5,26,0.0015823301666464465
08164300,PET,Q,5,27,0.0019342449693551152
08164300,PET,Q,5,28,0.0016441297199850796
08164300,PET,Q,5,29,0.00146988849766121
08164300,PET,Q,5,30,0.001782178741125684
08164600,PET,Q,5,1,0.002068284262584947
08164600,PET,Q,5,2,0.0021689970395242994
08164600,PET,Q,5,3,0.0019536476164809143
08164600,PET,Q,5,4,0.0019888312009405246
08164600,PET,Q,5,5,0.001942948107125489
08164600,PET,Q,5,6,0.0017295093513733442
08164600,PET,Q,5,7,0.0016429873989542466
08164600,PET,Q,5,8,0.0015016951743336004
08164600,PET,Q,5,9,0.0017882383109667534
08164600,PET,Q,5,10,0.0013702854626074026
08164600,PET,Q,5,11,0.0016727002609054423
08164600,PET,Q,5,12,0.0017581614813129767
08164600,PET,Q,5,13,0.0021105567303635053
08164600,PET,Q,5,14,0.0019291167104783825
08164600,PET,Q,5,15,0.001888012896631843
08164600,PET,Q,5,16,0.0012725162580499057
08164600,PET,Q,5,17,0.001317601023875594
08164600,PET,Q,5,18,0.0018269371630231755
08164600,PET,Q,5,19,0.0018489772276978796
08164600,PET,Q,5,20,0.001945142692492862
08164600,PET,Q,5,21,0.0016778471116237134
08164600,PET,Q,5,22,0.0016027377366544804
08164600,PET,Q,5,23,0.001638489529454161
08164600,PET,Q,5,24,0.0019719820013849136
08164600,PET,Q,5,25,0.001728567630784987
08164600,PET,Q,5,26,0.0018788213911005956
08164600,PET,Q,5,27,0.001726149563508604
08164600,PET,Q,5,28,0.0016349864168509268
08164600,PET,Q,5,29,0.0018139832552988636
08164600,PET,Q,5,30,0.0019133512058460839
08165300,PET,Q,5,1,0.0010080833081170908
08165300,PET,Q,5,2,0.001037072407115279
08165300,PET,Q,5,3,0.0007895660572018251
08165300,PET,Q,5,4,0.0007169915324680889
08165300,PET,Q,5,5,0.0008299079394003938
08165300,PET,Q,5,6,0.0005644094382631377
08165300,PET,Q,5,7,0.0006641964050157351
08165300,PET,Q,5,8,0.0007896594957040558
08165300,PET,Q,5,9,0.0007795278382667029
08165300,PET,Q,5,10,0.0007683972811421396
08165300,PET,Q,5,11,0.0007795649662823059
08165300,PET,Q,5,12,0.0005887620597041301
08165300,PET,Q,5,13,0.0007265475790341671
08165300,PET,Q,5,14,0.000770345959185674
08165300,PET,Q,5,15,0.0006764666146637267
08165300,PET,Q,5,16,0.0008525469362059869
08165300,PET,Q,5,17,0.0007230697852189435
08165300,PET,Q,5,18,0.0007461413143151178
08165300,PET,Q,5,19,0.0007453884145007077
08165300,PET,Q,5,20,0.0009901404188103757
08165300,PET,Q,5,21,0.0009925957166644853
08165300,PET,Q,5,22,0.0005945741357021878
08165300,PET,Q,5,23,0.000541058341171902
08165300,PET,Q,5,24,0.00047832529644606554
08165300,PET,Q,5,25,0.0007703808641544713
08165300,PET,Q,5,26,0.0007697599737466945
08165300,PET,Q,5,27,0.0007865286736770689
08165300,PET,Q,5,28,0.0011013144617208655
08165300,PET,Q,5,29,0.0007383645890124829
08165300,PET,Q,5,30,0.0009926710680130246
08171300,PET,Q,5,1,0.0010592851087243942
08171300,PET,Q,5,2,0.001141367799312145
08171300,PET,Q,5,3,0.0008712312101321062
08171300,PET,Q,5,4,0.001747992827197415
08171300,PET,Q,5,5,0.0013589357203856699
08171300,PET,Q,5,6,0.001035394451778044
08171300,PET,Q,5,7,0.0012885209177791908
08171300,PET,Q,5,8,0.001270711295966915
08171300,PET,Q,5,9,0.0013861978600917604
08171300,PET,Q,5,10,0.0012632862031872402
08171300,PET,Q,5,11,0.0015108097676506116
08171300,PET,Q,5,12,0.0015574138874348935
08171300,PET,Q,5,13,0.0014531978855169998
08171300,PET,Q,5,14,0.0012617534665983823
08171300,PET,Q,5,15,0.001823623788567725
08171300,PET,Q,5,16,0.0015693311948009984
08171300,PET,Q,5,17,0.0013446220390717807
08171300,PET,Q,5,18,0.0011203892695360977
08171300,PET,Q,5,19,0.0014509959861240262
08171300,PET,Q,5,20,0.0017538437590730802
08171300,PET,Q,5,21,0.0012907146046619196
08171300,PET,Q,5,22,0.0012634282236830066
08171300,PET,Q,5,23,0.0013398748198458037
08171300,PET,Q,5,24,0.001147493008862275
08171300,PET,Q,5,25,0.0011429500560883564
08171300,PET,Q,5,26,0.0012983892690362382
08171300,PET,Q,5,27,0.0011611325850175054
08171300,PET,Q,5,28,0.0012590412951911795
08171300,PET,Q,5,29,0.0013875497161033173
08171300,PET,Q,5,30,0.001007709467367994
08175000,PET,Q,5,1,0.0008600441779410793
08175000,PET,Q,5,2,0.0009795595991698592
08175000,PET,Q,5,3,0.0006161999545181793
08175000,PET,Q,5,4,0.0007625015444984087
08175000,PET,Q,5,5,0.0006416154557538668
08175000,PET,Q,5,6,0.0007106145034893822
08175000,PET,Q,5,7,0.000666131339709242
08175000,PET,Q,5,8,0.0006506250739040913
08175000,PET,Q,5,9,0.0007575123982093129
08175000,PET,Q,5,10,0.0007377030368071538
08175000,PET,Q,5,11,0.0007224645685730037
08175000,PET,Q,5,12,0.0007733385222307085
08175000,PET,Q,5,13,0.000700386381735061
08175000,PET,Q,5,14,0.0007424387096517365
08175000,PET,Q,5,15,0.0006898077979297593
08175000,PET,Q,5,16,0.0007196004978060611
08175000,PET,Q,5,17,0.0007740500982704162
08175000,PET,Q,5,18,0.0007324959732980096
08175000,PET,Q,5,19,0.0008681652175387532
08175000,PET,Q,5,20,0.0008278372969535326
08175000,PET,Q,5,21,0.0008598322849786393
08175000,PET,Q,5,22,0.0008419613315344982
08175000,PET,Q,5,23,0.0006995059399545426
08175000,PET,Q,5,24,0.0008240722960892611
08175000,PET,Q,5,25,0.0007597641434401413
08175000,PET,Q,5,26,0.0005476796539980594
08175000,PET,Q,5,27,0.0008795237740640491
08175000,PET,Q,5,28,0.000768593215927255
08175000,PET,Q,5,29,0.0007686750959852353
08175000,PET,Q,5,30,0.0012138853053563266
08176900,PET,Q,5,1,0.0010148403098938531
08176900,PET,Q,5,2,0.001139699868691564
08176900,PET,Q,5,3,0.0010374067345916282
08176900,PET,Q,5,4,0.0010826269080626387
08176900,PET,Q,5,5,0.00094119433323386
08176900,PET,Q,5,6,0.001381180681014428
08176900,PET,Q,5,7,0.001039089180734882
08176900,PET,Q,5,8,0.0015104610969468718
08176900,PET,Q,5,9,0.0010604221516315182
08176900,PET,Q,5,10,0.0011388319602845184
08176900,PET,Q,5,11,0.0012692459728531752
08176900,PET,Q,5,12,0.0010322379841582602
08176900,PET,Q,5,13,0.0011843320869663332
08176900,PET,Q,5,14,0.0011679816869650597
08176900,PET,Q,5,15,0.0010146807931040273
08176900,PET,Q,5,16,0.0011702005861286766
08176900,PET,Q,5,17,0.0010987738478870739
08176900,PET,Q,5,18,0.001083762587973127
08176900,PET,Q,5,19,0.001527453270862112
08176900,PET,Q,5,20,0.0009589222444852247
08176900,PET,Q,5,21,0.001144604522461734
08176900,PET,Q,5,22,0.0012469716369647998
08176900,PET,Q,5,23,0.0015051988146253595
08176900,PET,Q,5,24,0.0015349061561304306
08176900,PET,Q,5,25,0.0009616978707786342
08176900,PET,Q,5,26,0.0012778434709127262
08176900,PET,Q,5,27,0.0011346621523365859
08176900,PET,Q,5,28,0.0009855768599939113
08176900,PET,Q,5,29,0.001225853908643413
08176900,PET,Q,5,30,0.001237355486133851
08178880,PET,Q,5,1,0.000920472404321554
08178880,PET,Q,5,2,0.0006953534122044885
08178880,PET,Q,5,3,0.0008890788945879902
08178880,PET,Q,5,4,0.0007532529963883167
08178880,PET,Q,5,5,0.0009415847101345437
08178880,PET,Q,5,6,0.0007708978526950808
08178880,PET,Q,5,7,0.0008670018898121537
08178880,PET,Q,5,8,0.000867150315985726
08178880,PET,Q,5,9,0.0009855900377721705
08178880,PET,Q,5,10,0.0011480960440998032
08178880,PET,Q,5,11,0.0008184189487415276
08178880,PET,Q,5,12,0.0009889537204894345
08178880,PET,Q,5,13,0.0009399967032986036
08178880,PET,Q,5,14,0.0008184595156893217
08178880,PET,Q,5,15,0.0012120136004226106
08178880,PET,Q,5,16,0.000731467244492091
08178880,PET,Q,5,17,0.00101287982320457
08178880,PET,Q,5,18,0.0008771948797089701
08178880,PET,Q,5,19,0.0008774096486524087
08178880,PET,Q,5,20,0.0006972401062838602
08178880,PET,Q,5,21,0.0008536130685723904
08178880,PET,Q,5,22,0.0006829569660162012
08178880,PET,Q,5,23,0.0006972161613995349
08178880,PET,Q,5,24,0.0007357338657014954
08178880,PET,Q,5,25,0.0007501176794624375
08178880,PET,Q,5,26,0.0006252601977211059
08178880,PET,Q,5,27,0.0006252881967203448
08178880,PET,Q,5,28,0.0005067515856958024
08178880,PET,Q,5,29,0.0006745592079763219
08178880,PET,Q,5,30,0.000757547856736672
08189500,PET,Q,5,1,0.0009146433363289123
08189500,PET,Q,5,2,0.0010979398108062234
08189500,PET,Q,5,3,0.0014023014921703478
08189500,PET,Q,5,4,0.0010584289548618009
08189500,PET,Q,5,5,0.0009912069440401565
08189500,PET,Q,5,6,0.0008767650644625376
08189500,PET,Q,5,7,0.0008602201002387913
08189500,PET,Q,5,8,0.0013314118016586815
08189500,PET,Q,5,9,0.0010353018933404803
08189500,PET,Q,5,10,0.001205885699397169
08189500,PET,Q,5,11,0.0015015885935128516
08189500,PET,Q,5,12,0.0009877808394870256
08189500,PET,Q,5,13,0.0012186866407024877
08189500,PET,Q,5,14,0.0014440438803585767
08189500,PET,Q,5,15,0.0013176375972344875
08189500,PET,Q,5,16,0.0013864467953608357
08189500,PET,Q,5,17,0.0011490993351705447
08189500,PET,Q,5,18,0.0008909665541699252
08189500,PET,Q,5,19,0.0009827667058437926
08189500,PET,Q,5,20,0.0009550412388407738
08189500,PET,Q,5,21,0.0008886601005949415
08189500,PET,Q,5,22,0.0009063169951070323
08189500,PET,Q,5,23,0.0018101500235643692
08189500,PET,Q,5,24,0.0007619136388779327
08189500,PET,Q,5,25,0.001185044833701028
08189500,PET,Q,5,26,0.0010294389455722287
08189500,PET,Q,5,27,0.0011912030159622784
08189500,PET,Q,5,28,0.0012701800480360674
08189500,PET,Q,5,29,0.0012115051082635768
08189500,PET,Q,5,30,0.0012626557398518097
08190000,PET,Q,5,1,0.0008914194137216828
08190000,PET,Q,5,2,0.0009850177944402405
08190000,PET,Q,5,3,0.0007446662605513181
08190000,PET,Q,5,4,0.0010678113394449427
08190000,PET,Q,5,5,0.0009495837446599938
08190000,PET,Q,5,6,0.0008852794642764568
08190000,PET,Q,5,7,0.0008671948797934533
08190000,PET,Q,5,8,0.0009960142821640022
08190000,PET,Q,5,9,0.0011072395987380326
08190000,PET,Q,5,10,0.0010951017752460351
08190000,PET,Q,5,11,0.0008621264238566264
08190000,PET,Q,5,12,0.000739781225714017
08190000,PET,Q,5,13,0.0005717254606539372
08190000,PET,Q,5,14,0.0007512477679895591
08190000,PET,Q,5,15,0.000999467690296874
08190000,PET,Q,5,16,0.0007802837279288228
08190000,PET,Q,5,17,0.000714868144599411
08190000,PET,Q,5,18,0.0010982080139416359
08190000,PET,Q,5,19,0.001028790219260476
08190000,PET,Q,5,20,0.0012058805266556508
08190000,PET,Q,5,21,0.0011400311333613564
08190000,PET,Q,5,22,0.0008533649168361145
08190000,PET,Q,5,23,0.0008873122014685167
08190000,PET,Q,5,24,0.0007852330236613296
08190000,PET,Q,5,25,0.0008524987315467851
08190000,PET,Q,5,26,0.0009492653129208623
08190000,PET,Q,5,27,0.001015353650555651
08190000,PET,Q,5,28,0.0010384300303359888
08190000,PET,Q,5,29,0.0011975995157523442
08190000,PET,Q,5,30,0.0008644805568132248
08190500,PET,Q,5,1,0.0004703232105570049
08190500,PET,Q,5,2,0.0005640004561223936
08190500,PET,Q,5,3,0.00041257129282301803
08190500,PET,Q,5,4,0.0005418276189261429
08190500,PET,Q,5,5,0.00043348762434279077
08190500,PET,Q,5,6,0.0006557102263455
08190500,PET,Q,5,7,0.0006559504238727362
08190500,PET,Q,5,8,0.0004973879673173922
08190500,PET,Q,5,9,0.0006267234126101908
08190500,PET,Q,5,10,0.0006281703067652911
08190500,PET,Q,5,11,0.0004858834822413652
08190500,PET,Q,5,12,0.0006388089273494206
08190500,PET,Q,5,13,0.0003102369455967105
08190500,PET,Q,5,14,0.00040275406541084077
08190500,PET,Q,5,15,0.00044513066344629027
08190500,PET,Q,5,16,0.0004986228122741054
08190500,PET,Q,5,17,0.0006179405348307639
08190500,PET,Q,5,18,0.0005172094714991568
08190500,PET,Q,5,19,0.00036375172752047685
08190500,PET,Q,5,20,0.0006801234602117458
08190500,PET,Q,5,21,0.0007206725905272186
08190500,PET,Q,5,22,0.0005377016543149996
08190500,PET,Q,5,23,0.0005842347837494944
08190500,PET,Q,5,24,0.000537605868238757
08190500,PET,Q,5,25,0.0005390211728185561
08190500,PET,Q,5,26,0.000498431867278752
08190500,PET,Q,5,27,0.0006801654469503395
08190500,PET,Q,5,28,0.0007640408794890889
08190500,PET,Q,5,29,0.0007236313001612229
08190500,PET,Q,5,30,0.0005000583869414973
08194200,PET,Q,5,1,0.001060804273679921
08194200,PET,Q,5,2,0.0012575649136285956
08194200,PET,Q,5,3,0.0012124566565689214
08194200,PET,Q,5,4,0.0013847150861898971
08194200,PET,Q,5,5,0.001173666375314332
08194200,PET,Q,5,6,0.0012597020272111653
08194200,PET,Q,5,7,0.0010338888208382274
08194200,PET,Q,5,8,0.0011161194908054471
08194200,PET,Q,5,9,0.0014801319644809977
08194200,PET,Q,5,10,0.0012714333715269435
08194200,PET,Q,5,11,0.0012649258509966448
08194200,PET,Q,5,12,0.0014295147651929192
08194200,PET,Q,5,13,0.0010648212367205256
08194200,PET,Q,5,14,0.0012724454669478906
08194200,PET,Q,5,15,0.001245231392035976
08194200,PET,Q,5,16,0.0011474561108071567
08194200,PET,Q,5,17,0.0010664616662167878
08194200,PET,Q,5,18,0.0010647342179027353
08194200,PET,Q,5,19,0.0012574957339241133
08194200,PET,Q,5,20,0.001314643987925329
08194200,PET,Q,5,21,0.0010125416895637555
08194200,PET,Q,5,22,0.0008929009978513314
08194200,PET,Q,5,23,0.0013638371292666422
08194200,PET,Q,5,24,0.001238469177867952
08194200,PET,Q,5,25,0.0012055449459627068
08194200,PET,Q,5,26,0.001275934428867656
08194200,PET,Q,5,27,0.0011516138292246882
08194200,PET,Q,5,28,0.001131156713118666
08194200,PET,Q,5,29,0.0012511024168554256
08194200,PET,Q,5,30,0.0013720962962481542
08195000,PET,Q,5,1,0.0010021415375250971
08195000,PET,Q,5,2,0.0007555719402766933
08195000,PET,Q,5,3,0.0008969720342769192
08195000,PET,Q,5,4,0.0007834301915190123
08195000,PET,Q,5,5,0.0006471718194344979
08195000,PET,Q,5,6,0.0007778477199217333
08195000,PET,Q,5,7,0.0006646106783871134
08195000,PET,Q,5,8,0.0008353811713704539
08195000,PET,Q,5,9,0.0009870146982968384
08195000,PET,Q,5,10,0.0008894391288504604
08195000,PET,Q,5,11,0.000638917573994733
08195000,PET,Q,5,12,0.0007925504294245093
08195000,PET,Q,5,13,0.0006977085613915444
08195000,PET,Q,5,14,0.0007481071145419207
08195000,PET,Q,5,15,0.0007279764288397987
08195000,PET,Q,5,16,0.0008418148695664603
08195000,PET,Q,5,17,0.000729988608575852
08195000,PET,Q,5,18,0.0008860726014960681
08195000,PET,Q,5,19,0.0013620202876716229
08195000,PET,Q,5,20,0.0009370240852413572
08195000,PET,Q,5,21,0.0009206322231562862
08195000,PET,Q,5,22,0.0008218294690503485
08195000,PET,Q,5,23,0.0009733017347681727
08195000,PET,Q,5,24,0.000752037239053838
08195000,PET,Q,5,25,0.0007997656225719671
08195000,PET,Q,5,26,0.001007870645912361
08195000,PET,Q,5,27,0.000863772381622727
08195000,PET,Q,5,28,0.0007731287471058786
08195000,PET,Q,5,29,0.0008925927590260948
08195000,PET,Q,5,30,0.0011206286135023568
08196000,PET,Q,5,1,0.0004690971966336138
08196000,PET,Q,5,2,0.0005679631424973658
08196000,PET,Q,5,3,0.0003797930786419105
08196000,PET,Q,5,4,0.0006747101337330561
08196000,PET,Q,5,5,0.00041964719880662263
08196000,PET,Q,5,6,0.0004691471651629203
08196000,PET,Q,5,7,0.00046917977194620587
08196000,PET,Q,5,8,0.00042527908134234755
08196000,PET,Q,5,9,0.0006071965848222826
08196000,PET,Q,5,10,0.0007222282183536642
08196000,PET,Q,5,11,0.0004906529151827389
08196000,PET,Q,5,12,0.0005413080991732901
08196000,PET,Q,5,13,0.00042525539866539435
08196000,PET,Q,5,14,0.0004905519033891305
08196000,PET,Q,5,15,0.0007817361285533016
08196000,PET,Q,5,16,0.0006654414207759238
08196000,PET,Q,5,17,0.00047710688149462353
08196000,PET,Q,5,18,0.0005618387432241006
08196000,PET,Q,5,19,0.0006114784528364068
08196000,PET,Q,5,20,0.0004965737648682895
08196000,PET,Q,5,21,0.0005441774989753383
08196000,PET,Q,5,22,0.0006767821161287324
08196000,PET,Q,5,23,0.0005401449577440215
08196000,PET,Q,5,24,0.0004974055444977449
08196000,PET,Q,5,25,0.0005793606881901482
08196000,PET,Q,5,26,0.00047710451785597935
08196000,PET,Q,5,27,0.0008074839444375094
08196000,PET,Q,5,28,0.0005940839460754988
08196000,PET,Q,5,29,0.0006554116231938592
08196000,PET,Q,5,30,0.000500521391153615
08198500,PET,Q,5,1,0.0007628127804698171
08198500,PET,Q,5,2,0.0005913823732376011
08198500,PET,Q,5,3,0.0007856889120310146
08198500,PET,Q,5,4,0.0006229215845768628
08198500,PET,Q,5,5,0.0006714831864674956
08198500,PET,Q,5,6,0.0009198273869371982
08198500,PET,Q,5,7,0.0006802855607109474
08198500,PET,Q,5,8,0.0008471529856517411
08198500,PET,Q,5,9,0.0006268126355836014
08198500,PET,Q,5,10,0.0007848416838602008
08198500,PET,Q,5,11,0.0008333417040439321
08198500,PET,Q,5,12,0.0007556782346677341
08198500,PET,Q,5,13,0.0007377198603423655
08198500,PET,Q,5,14,0.0007709247154385375
08198500,PET,Q,5,15,0.0006268603874962668
08198500,PET,Q,5,16,0.0008642426494714812
08198500,PET,Q,5,17,0.0007379733299547045
08198500,PET,Q,5,18,0.0008006036637866632
08198500,PET,Q,5,19,0.0008963301454955807
08198500,PET,Q,5,20,0.0007700778381864917
08198500,PET,Q,5,21,0.0008185961551738083
08198500,PET,Q,5,22,0.0007714068798319578
08198500,PET,Q,5,23,0.0006133505143319472
08198500,PET,Q,5,24,0.0009091872458283886
08198500,PET,Q,5,25,0.0006338852295422305
08198500,PET,Q,5,26,0.0005982058878445315
08198500,PET,Q,5,27,0.0008594973945447431
08198500,PET,Q,5,28,0.0007560607021624144
08198500,PET,Q,5,29,0.0006339902101819804
08198500,PET,Q,5,30,0.000849414515389257
08200000,PET,Q,5,1,0.00025981292473194716
08200000,PET,Q,5,2,0.00020093755446837138
08200000,PET,Q,5,3,0.00020095610380118246
08200000,PET,Q,5,4,0.000363894071513356
08200000,PET,Q,5,5,0.000412658709994778
08200000,PET,Q,5,6,0.00039249295343873024
08200000,PET,Q,5,7,0.00032204971998439635
08200000,PET,Q,5,8,0.00036408518259068313
08200000,PET,Q,5,9,0.00036418223647266545
08200000,PET,Q,5,10,0.0005376374708862316
08200000,PET,Q,5,11,0.00023286795645764257
08200000,PET,Q,5,12,0.0003019057125814278
08200000,PET,Q,5,13,0.00031418579030202155
08200000,PET,Q,5,14,0.00030187950605525295
08200000,PET,Q,5,15,0.00047935330534697347
08200000,PET,Q,5,16,0.0003142587283937069
08200000,PET,Q,5,17,0.0003642149870976552
08200000,PET,Q,5,18,0.0004457377563999044
08200000,PET,Q,5,19,0.0003224257159348005
08200000,PET,Q,5,20,0.00042112976722669636
08200000,PET,Q,5,21,0.0004007254960203951
08200000,PET,Q,5,22,0.0003926041412729677
08200000,PET,Q,5,23,0.00032107109966279194
08200000,PET,Q,5,24,0.0005606212655155495
08200000,PET,Q,5,25,0.000273719272166989
08200000,PET,Q,5,26,0.0003508626813359386
08200000,PET,Q,5,27,0.00029396219353231955
08200000,PET,Q,5,28,0.00035086752373211707
08200000,PET,Q,5,29,0.0003236960415221729
08200000,PET,Q,5,30,0.0002939557710194187
08202700,PET,Q,5,1,0.0008117154214344171
08202700,PET,Q,5,2,0.0009802521112095494
08202700,PET,Q,5,3,0.0007095143749880082
08202700,PET,Q,5,4,0.0007931520311920195
08202700,PET,Q,5,5,0.00076255211144261
08202700,PET,Q,5,6,0.0008353940833478578
08202700,PET,Q,5,7,0.000946479767925763
08202700,PET,Q,5,8,0.0008359685905569413
08202700,PET,Q,5,9,0.0007942013639550992
08202700,PET,Q,5,10,0.0009010430140637873
08202700,PET,Q,5,11,0.0007822074066725533
08202700,PET,Q,5,12,0.0008278712973477619
08202700,PET,Q,5,13,0.0008061396222255827
08202700,PET,Q,5,14,0.0007942445851411243
08202700,PET,Q,5,15,0.0009303697384552764
08202700,PET,Q,5,16,0.0008065350348646222
08202700,PET,Q,5,17,0.0009052278264145815
08202700,PET,Q,5,18,0.0008064318015984073
08202700,PET,Q,5,19,0.0011115737128793539
08202700,PET,Q,5,20,0.0007671404108857112
08202700,PET,Q,5,21,0.0007917792898358162
08202700,PET,Q,5,22,0.0007294736317697767
08202700,PET,Q,5,23,0.0007530388449209354
08202700,PET,Q,5,24,0.0007707361849791875
08202700,PET,Q,5,25,0.0007436749176157062
08202700,PET,Q,5,26,0.0008707995957113277
08202700,PET,Q,5,27,0.0009036611945602725
08202700,PET,Q,5,28,0.0007115182521450058
08202700,PET,Q,5,29,0.0007137541482851398
08202700,PET,Q,5,30,0.000692688251338584
08267500,PET,Q,5,1,0.006290500576692504
08267500,PET,Q,5,2,0.006434217530820852
08267500,PET,Q,5,3,0.005687818425753277
08267500,PET,Q,5,4,0.004993380401543901
08267500,PET,Q,5,5,0.005061251591424121
08267500,PET,Q,5,6,0.005021254344072024
08267500,PET,Q,5,7,0.004778463879426431
08267500,PET,Q,5,8,0.0031506524421118787
08267500,PET,Q,5,9,0.003751954097723831
08267500,PET,Q,5,10,0.0031870530180486134
08267500,PET,Q,5,11,0.003289302721737719
08267500,PET,Q,5,12,0.0038926660256002887
08267500,PET,Q,5,13,0.003877144359099971
08267500,PET,Q,5,14,0.003367434964067717
08267500,PET,Q,5,15,0.003667994301055577
08267500,PET,Q,5,16,0.0027699776180453717
08267500,PET,Q,5,17,0.002555234256846506
08267500,PET,Q,5,18,0.0038064529024730565
08267500,PET,Q,5,19,0.003915787940841631
08267500,PET,Q,5,20,0.004420070852347691
08267500,PET,Q,5,21,0.003801916674239514
08267500,PET,Q,5,22,0.003319886455508736
08267500,PET,Q,5,23,0.003143967885150145
08267500,PET,Q,5,24,0.003961602460639091
08267500,PET,Q,5,25,0.003264534534071939
08267500,PET,Q,5,26,0.0035064492194225028
08267500,PET,Q,5,27,0.003727645248363276
08267500,PET,Q,5,28,0.004199761040276251
08267500,PET,Q,5,29,0.004034130212018483
08267500,PET,Q,5,30,0.0034156590905907724
08269000,PET,Q,5,1,0.0044736491993841165
08269000,PET,Q,5,2,0.004570987253321557
08269000,PET,Q,5,3,0.0033284998874590632
08269000,PET,Q,5,4,0.0024937341824051718
08269000,PET,Q,5,5,0.003832924360789053
08269000,PET,Q,5,6,0.0035719566222621457
08269000,PET,Q,5,7,0.0036537169079063625
08269000,PET,Q,5,8,0.00394532515850865
08269000,PET,Q,5,9,0.0023820702315349718
08269000,PET,Q,5,10,0.0021566892097128476
08269000,PET,Q,5,11,0.002486735376029253
08269000,PET,Q,5,12,0.0030448467052618666
08269000,PET,Q,5,13,0.0022943426563788727
08269000,PET,Q,5,14,0.0028524769959188123
08269000,PET,Q,5,15,0.0031423541455584403
08269000,PET,Q,5,16,0.0028930710199838727
08269000,PET,Q,5,17,0.00279297930204897
08269000,PET,Q,5,18,0.0030038769318530556
08269000,PET,Q,5,19,0.0034441068380064443
08269000,PET,Q,5,20,0.0031596486499182175
08269000,PET,Q,5,21,0.0021513277110224993
08269000,PET,Q,5,22,0.0023675370959484743
08269000,PET,Q,5,23,0.00265027138384491
08269000,PET,Q,5,24,0.002514203528198089
08269000,PET,Q,5,25,0.0027325966673732993
08269000,PET,Q,5,26,0.003416201682573977
08269000,PET,Q,5,27,0.002650134557502709
08269000,PET,Q,5,28,0.002654796035778423
08269000,PET,Q,5,29,0.0026997309830692207
08269000,PET,Q,5,30,0.003575377136893043
08271000,PET,Q,5,1,0.009282187771000594
08271000,PET,Q,5,2,0.007668578389244507
08271000,PET,Q,5,3,0.0060747736825784715
08271000,PET,Q,5,4,0.005214041281075166
08271000,PET,Q,5,5,0.004609758062757097
08271000,PET,Q,5,6,0.005215145277804201
08271000,PET,Q,5,7,0.004569050967078825
08271000,PET,Q,5,8,0.004686690977885433
08271000,PET,Q,5,9,0.004082175497610696
08271000,PET,Q,5,10,0.004238169626411437
08271000,PET,Q,5,11,0.004946754860543634
08271000,PET,Q,5,12,0.004440648289677274
08271000,PET,Q,5,13,0.004746801431214476
08271000,PET,Q,5,14,0.00473685652707595
08271000,PET,Q,5,15,0.0038577332889348503
08271000,PET,Q,5,16,0.0035473119705330403
08271000,PET,Q,5,17,0.005004481438015018
08271000,PET,Q,5,18,0.004520339559047681
08271000,PET,Q,5,19,0.004391709719428205
08271000,PET,Q,5,20,0.00540891918252584
08271000,PET,Q,5,21,0.005471348389961106
08271000,PET,Q,5,22,0.004131148672598173
08271000,PET,Q,5,23,0.005032438436978814
08271000,PET,Q,5,24,0.004357605809497234
08271000,PET,Q,5,25,0.003831335094613697
08271000,PET,Q,5,26,0.005667114105057158
08271000,PET,Q,5,27,0.003657965111011574
08271000,PET,Q,5,28,0.0037924262904323602
08271000,PET,Q,5,29,0.004190305065847388
08271000,PET,Q,5,30,0.0025817777885330795
08324000,PET,Q,5,1,0.00330802092154886
08324000,PET,Q,5,2,0.004560199209100391
08324000,PET,Q,5,3,0.00441101206017025
08324000,PET,Q,5,4,0.0038070147673862353
08324000,PET,Q,5,5,0.0031704063628083534
08324000,PET,Q,5,6,0.003741057365824779
08324000,PET,Q,5,7,0.0036785397498508843
08324000,PET,Q,5,8,0.003599724402237353
08324000,PET,Q,5,9,0.0032383104391799367
08324000,PET,Q,5,10,0.002967208841089669
08324000,PET,Q,5,11,0.0035846751833099044
08324000,PET,Q,5,12,0.003197185411399378
08324000,PET,Q,5,13,0.0032262218247631202
08324000,PET,Q,5,14,0.0022516173270470397
08324000,PET,Q,5,15,0.002786624513503533
08324000,PET,Q,5,16,0.0029530759684895935
08324000,PET,Q,5,17,0.0028775321014337385
08324000,PET,Q,5,18,0.0034424785948461434
08324000,PET,Q,5,19,0.00253550373599451
08324000,PET,Q,5,20,0.003116034093421538
08324000,PET,Q,5,21,0.004609634887965924
08324000,PET,Q,5,22,0.0031248063027495
08324000,PET,Q,5,23,0.0032179290237606684
08324000,PET,Q,5,24,0.002414916808071349
08324000,PET,Q,5,25,0.0026684004780554993
08324000,PET,Q,5,26,0.0032066668728624736
08324000,PET,Q,5,27,0.002475008276396462
08324000,PET,Q,5,28,0.002963192416237964
08324000,PET,Q,5,29,0.003146176218198238
08324000,PET,Q,5,30,0.0029280048234240352
08377900,PET,Q,5,1,0.003820594045832182
08377900,PET,Q,5,2,0.003991919760791163
08377900,PET,Q,5,3,0.003582875441748401
08377900,PET,Q,5,4,0.00291717551181378
08377900,PET,Q,5,5,0.0035699759991047186
08377900,PET,Q,5,6,0.002225890850346579
08377900,PET,Q,5,7,0.0025451713517569696
08377900,PET,Q,5,8,0.0032562205014692036
08377900,PET,Q,5,9,0.0034249968932662522
08377900,PET,Q,5,10,0.0031463202165380177
08377900,PET,Q,5,11,0.0031877267551509436
08377900,PET,Q,5,12,0.0032647305967638818
08377900,PET,Q,5,13,0.003202031129882127
08377900,PET,Q,5,14,0.002816015247708109
08377900,PET,Q,5,15,0.003358803578383418
08377900,PET,Q,5,16,0.003159881059979136
08377900,PET,Q,5,17,0.0027284800298275624
08377900,PET,Q,5,18,0.0034038360670080314
08377900,PET,Q,5,19,0.0027753405438211143
08377900,PET,Q,5,20,0.0030251072262864886
08377900,PET,Q,5,21,0.0027068594026469217
08377900,PET,Q,5,22,0.002576593600680188
08377900,PET,Q,5,23,0.002771389747198677
08377900,PET,Q,5,24,0.002890841621665835
08377900,PET,Q,5,25,0.002493826380491615
08377900,PET,Q,5,26,0.0032730885044991997
08377900,PET,Q,5,27,0.0023933384492371423
08377900,PET,Q,5,28,0.0030368811012603802
08377900,PET,Q,5,29,0.0030404804878723657
08377900,PET,Q,5,30,0.0024095378841905435
08378500,PET,Q,5,1,0.003652773086506328
08378500,PET,Q,5,2,0.004622450387225585
08378500,PET,Q,5,3,0.004130325875950247
08378500,PET,Q,5,4,0.0034028137358038113
08378500,PET,Q,5,5,0.003448458362423551
08378500,PET,Q,5,6,0.0034367972035120875
08378500,PET,Q,5,7,0.003577527182624163
08378500,PET,Q,5,8,0.003566729089548859
08378500,PET,Q,5,9,0.0034232316449189504
08378500,PET,Q,5,10,0.0036818580239036114
08378500,PET,Q,5,11,0.003878133834644193
08378500,PET,Q,5,12,0.0030354882551905382
08378500,PET,Q,5,13,0.0037119335211514004
08378500,PET,Q,5,14,0.002760070016707028
08378500,PET,Q,5,15,0.0028886488323395243
08378500,PET,Q,5,16,0.002528586525101628
08378500,PET,Q,5,17,0.003662278314219447
08378500,PET,Q,5,18,0.0031262691354560224
08378500,PET,Q,5,19,0.0036801047186516833
08378500,PET,Q,5,20,0.003425676859662885
08378500,PET,Q,5,21,0.0032730769868314358
08378500,PET,Q,5,22,0.003137062912305477
08378500,PET,Q,5,23,0.0031318509402450956
08378500,PET,Q,5,24,0.0033852073818150807
08378500,PET,Q,5,25,0.003750791833378203
08378500,PET,Q,5,26,0.002699793278973711
08378500,PET,Q,5,27,0.0027923488342512515
08378500,PET,Q,5,28,0.0031935989865464476
08378500,PET,Q,5,29,0.0034385981508174013
08378500,PET,Q,5,30,0.001872400841056332
08380500,PET,Q,5,1,0.0015830335462768165
08380500,PET,Q,5,2,0.0014890746444502605
08380500,PET,Q,5,3,0.0015329425619646578
08380500,PET,Q,5,4,0.0008956071101783904
08380500,PET,Q,5,5,0.0009128786021383832
08380500,PET,Q,5,6,0.0010265714430033844
08380500,PET,Q,5,7,0.001326360124995981
08380500,PET,Q,5,8,0.0009927985778059416
08380500,PET,Q,5,9,0.0011295842257007388
08380500,PET,Q,5,10,0.0013137966747127604
08380500,PET,Q,5,11,0.0010942605425968803
08380500,PET,Q,5,12,0.0013288303632872749
08380500,PET,Q,5,13,0.0012917704174626073
08380500,PET,Q,5,14,0.0012770707007070288
08380500,PET,Q,5,15,0.001291110086031548
08380500,PET,Q,5,16,0.0011320541099961202
08380500,PET,Q,5,17,0.0012446919732844869
08380500,PET,Q,5,18,0.0010345698699993286
08380500,PET,Q,5,19,0.0010182207056102857
08380500,PET,Q,5,20,0.001596533982954517
08380500,PET,Q,5,21,0.0013174291933764105
08380500,PET,Q,5,22,0.001431352700961546
08380500,PET,Q,5,23,0.001214165723070714
08380500,PET,Q,5,24,0.0013191583265158326
08380500,PET,Q,5,25,0.0012014186429123164
08380500,PET,Q,5,26,0.0013850177989506544
08380500,PET,Q,5,27,0.001170280558441178
08380500,PET,Q,5,28,0.0018617635929227931
08380500,PET,Q,5,29,0.0014200804584209442
08380500,PET,Q,5,30,0.0018467737035816195
09034900,PET,Q,5,1,0.009142219912353144
09034900,PET,Q,5,2,0.006553153983349325
09034900,PET,Q,5,3,0.0074130435946575535
09034900,PET,Q,5,4,0.006820608229825997
09034900,PET,Q,5,5,0.005923209060148205
09034900,PET,Q,5,6,0.006356585277196958
09034900,PET,Q,5,7,0.00651282515610585
09034900,PET,Q,5,8,0.006191517179523098
09034900,PET,Q,5,9,0.006900334046396173
09034900,PET,Q,5,10,0.006932186861502931
09034900,PET,Q,5,11,0.006235115630570498
09034900,PET,Q,5,12,0.005683401093596774
09034900,PET,Q,5,13,0.006860770911087055
09034900,PET,Q,5,14,0.0058101341398312245
09034900,PET,Q,5,15,0.004887278834244169
09034900,PET,Q,5,16,0.005751949904397813
09034900,PET,Q,5,17,0.00583696872233147
09034900,PET,Q,5,18,0.005965117966174938
09034900,PET,Q,5,19,0.006688865102572827
09034900,PET,Q,5,20,0.005649030331315197
09034900,PET,Q,5,21,0.006137272508616509
09034900,PET,Q,5,22,0.005102976577948004
09034900,PET,Q,5,23,0.005260064299238254
09034900,PET,Q,5,24,0.005845347179408655
09034900,PET,Q,5,25,0.005274012874294853
09034900,PET,Q,5,26,0.0052496664052131825
09034900,PET,Q,5,27,0.004909357622639499
09034900,PET,Q,5,28,0.005190554487139343
09034900,PET,Q,5,29,0.005925391861667462
09034900,PET,Q,5,30,0.005029049350823489
09035800,PET,Q,5,1,0.007361774128712528
09035800,PET,Q,5,2,0.006322051924638472
09035800,PET,Q,5,3,0.004965500207545048
09035800,PET,Q,5,4,0.005439252027432062
09035800,PET,Q,5,5,0.004441480848287993
09035800,PET,Q,5,6,0.004324960165659586
09035800,PET,Q,5,7,0.0051937611862831745
09035800,PET,Q,5,8,0.0051747424859157065
09035800,PET,Q,5,9,0.004402547822593139
09035800,PET,Q,5,10,0.004622169423891598
09035800,PET,Q,5,11,0.004380399823273484
09035800,PET,Q,5,12,0.004496639650832135
09035800,PET,Q,5,13,0.004967568935209998
09035800,PET,Q,5,14,0.004269269581600121
09035800,PET,Q,5,15,0.00422731946032856
09035800,PET,Q,5,16,0.004307770142561285
09035800,PET,Q,5,17,0.0038694422133354056
09035800,PET,Q,5,18,0.0033687747892395814
09035800,PET,Q,5,19,0.004865450925471915
09035800,PET,Q,5,20,0.0036778885808099737
09035800,PET,Q,5,21,0.00454415537634506
09035800,PET,Q,5,22,0.003689460969329983
09035800,PET,Q,5,23,0.0037021115254762815
09035800,PET,Q,5,24,0.003482217026933465
09035800,PET,Q,5,25,0.004285025688286703
09035800,PET,Q,5,26,0.0046479736998691346
09035800,PET,Q,5,27,0.0045651674249067575
09035800,PET,Q,5,28,0.0035385393417312616
09035800,PET,Q,5,29,0.004046759874815953
09035800,PET,Q,5,30,0.0042818575416862514
09035900,PET,Q,5,1,0.007900874690341286
09035900,PET,Q,5,2,0.0070453078759530885
09035900,PET,Q,5,3,0.0061835776695940425
09035900,PET,Q,5,4,0.00618246057006977
09035900,PET,Q,5,5,0.00690913429472384
09035900,PET,Q,5,6,0.005258197190070979
09035900,PET,Q,5,7,0.004708127397982653
09035900,PET,Q,5,8,0.0055966265136906945
09035900,PET,Q,5,9,0.004950326624131862
09035900,PET,Q,5,10,0.005850867485573341
09035900,PET,Q,5,11,0.0040745720286009535
09035900,PET,Q,5,12,0.00478021451024907
09035900,PET,Q,5,13,0.00452640243774155
09035900,PET,Q,5,14,0.00468832769070443
09035900,PET,Q,5,15,0.004840973339378163
09035900,PET,Q,5,16,0.005481081008740174
09035900,PET,Q,5,17,0.004331078827035428
09035900,PET,Q,5,18,0.004786675438280652
09035900,PET,Q,5,19,0.0049151317124081495
09035900,PET,Q,5,20,0.005138274057107262
09035900,PET,Q,5,21,0.004764902542764293
09035900,PET,Q,5,22,0.003880288922219366
09035900,PET,Q,5,23,0.004620482496757228
09035900,PET,Q,5,24,0.0038175624147305243
09035900,PET,Q,5,25,0.0041977979063836934
09035900,PET,Q,5,26,0.00470636628058535
09035900,PET,Q,5,27,0.005130202199073064
09035900,PET,Q,5,28,0.004985700158236239
09035900,PET,Q,5,29,0.004278392139204057
09035900,PET,Q,5,30,0.003901853977461067
09047700,PET,Q,5,1,0.003335772488331973
09047700,PET,Q,5,2,0.0033842671393260193
09047700,PET,Q,5,3,0.0027028858076086626
09047700,PET,Q,5,4,0.0031941920813194358
09047700,PET,Q,5,5,0.0024465734199063116
09047700,PET,Q,5,6,0.002554566329223046
09047700,PET,Q,5,7,0.002920603552108131
09047700,PET,Q,5,8,0.0031389622347433588
09047700,PET,Q,5,9,0.0027555125361698185
09047700,PET,Q,5,10,0.002888045387190813
09047700,PET,Q,5,11,0.003096680435734578
09047700,PET,Q,5,12,0.002682539214978713
09047700,PET,Q,5,13,0.0022517136321101305
09047700,PET,Q,5,14,0.0022759724891672217
09047700,PET,Q,5,15,0.0020939720002686457
09047700,PET,Q,5,16,0.001964514501333642
09047700,PET,Q,5,17,0.002944294181825735
09047700,PET,Q,5,18,0.002591238446746913
09047700,PET,Q,5,19,0.0023008550478770817
09047700,PET,Q,5,20,0.0022426210131471225
09047700,PET,Q,5,21,0.0025894443046764193
09047700,PET,Q,5,22,0.0021967670740148104
09047700,PET,Q,5,23,0.0022290247111199923
09047700,PET,Q,5,24,0.002756792439255168
09047700,PET,Q,5,25,0.0024845750841704928
09047700,PET,Q,5,26,0.00219375952565648
09047700,PET,Q,5,27,0.0025440958166486893
09047700,PET,Q,5,28,0.0022580899100179963
09047700,PET,Q,5,29,0.0024333645212290256
09047700,PET,Q,5,30,0.002168300339267182
09065500,PET,Q,5,1,0.013621249369702604
09065500,PET,Q,5,2,0.009178082518824737
09065500,PET,Q,5,3,0.008336201230440987
09065500,PET,Q,5,4,0.008408771965032313
09065500,PET,Q,5,5,0.007179118517228078
09065500,PET,Q,5,6,0.006970086519911378
09065500,PET,Q,5,7,0.005511443441927832
09065500,PET,Q,5,8,0.006626755935469852
09065500,PET,Q,5,9,0.007542114401686839
09065500,PET,Q,5,10,0.007221670022007076
09065500,PET,Q,5,11,0.007438243673061118
09065500,PET,Q,5,12,0.006388079478884201
09065500,PET,Q,5,13,0.0063104586151087605
09065500,PET,Q,5,14,0.006702384685353557
09065500,PET,Q,5,15,0.006304805599397056
09065500,PET,Q,5,16,0.006076708667924313
09065500,PET,Q,5,17,0.006640642942721708
09065500,PET,Q,5,18,0.005753021513328793
09065500,PET,Q,5,19,0.006146650449346702
09065500,PET,Q,5,20,0.0057498686407879696
09065500,PET,Q,5,21,0.006536372281336744
09065500,PET,Q,5,22,0.006035002700592429
09065500,PET,Q,5,23,0.006713389841136896
09065500,PET,Q,5,24,0.006180099066759093
09065500,PET,Q,5,25,0.006331578472779542
09065500,PET,Q,5,26,0.00597723390831445
09065500,PET,Q,5,27,0.005854643918155267
09065500,PET,Q,5,28,0.005753212152981191
09065500,PET,Q,5,29,0.005168505803641199
09065500,PET,Q,5,30,0.005774812341659663
09066000,PET,Q,5,1,0.006882497165084656
09066000,PET,Q,5,2,0.0065022676503198595
09066000,PET,Q,5,3,0.005300467499631367
09066000,PET,Q,5,4,0.004880357077074238
09066000,PET,Q,5,5,0.0051246974706931625
09066000,PET,Q,5,6,0.005139747945026696
09066000,PET,Q,5,7,0.004957589202857049
09066000,PET,Q,5,8,0.004660263574690404
09066000,PET,Q,5,9,0.004727585905731635
09066000,PET,Q,5,10,0.004559371366199605
09066000,PET,Q,5,11,0.004228871751011165
09066000,PET,Q,5,12,0.004358108898448232
09066000,PET,Q,5,13,0.004988512561023339
09066000,PET,Q,5,14,0.004924194476546184
09066000,PET,Q,5,15,0.0052242437671055075
09066000,PET,Q,5,16,0.004612548486401968
09066000,PET,Q,5,17,0.004699703613464279
09066000,PET,Q,5,18,0.00408382273585578
09066000,PET,Q,5,19,0.00440342360068513
09066000,PET,Q,5,20,0.0037140495900823134
09066000,PET,Q,5,21,0.003893315496867944
09066000,PET,Q,5,22,0.003952600469203371
09066000,PET,Q,5,23,0.004054624723994427
09066000,PET,Q,5,24,0.004522653704227275
09066000,PET,Q,5,25,0.004198553906074987
09066000,PET,Q,5,26,0.004290072464851691
09066000,PET,Q,5,27,0.003799305390767449
09066000,PET,Q,5,28,0.00400461447955891
09066000,PET,Q,5,29,0.003856385496196213
09066000,PET,Q,5,30,0.004160008104585444
09066200,PET,Q,5,1,0.012981130499511107
09066200,PET,Q,5,2,0.00906680587612041
09066200,PET,Q,5,3,0.009047271054692996
09066200,PET,Q,5,4,0.01001543924265419
09066200,PET,Q,5,5,0.008141747273923583
09066200,PET,Q,5,6,0.007355964036086016
09066200,PET,Q,5,7,0.007552521413100144
09066200,PET,Q,5,8,0.007519036500215792
09066200,PET,Q,5,9,0.00753445002652986
09066200,PET,Q,5,10,0.0080516115565894
09066200,PET,Q,5,11,0.007460689010229338
09066200,PET,Q,5,12,0.0065495627466133355
09066200,PET,Q,5,13,0.00629592109157312
09066200,PET,Q,5,14,0.006694632729544792
09066200,PET,Q,5,15,0.006622313820662251
09066200,PET,Q,5,16,0.00684481539014592
09066200,PET,Q,5,17,0.007232133749155212
09066200,PET,Q,5,18,0.006396880240708391
09066200,PET,Q,5,19,0.0061116318994755
09066200,PET,Q,5,20,0.006318488965413704
09066200,PET,Q,5,21,0.006940359117840023
09066200,PET,Q,5,22,0.007309229101097436
09066200,PET,Q,5,23,0.007848250282220193
09066200,PET,Q,5,24,0.007003169405103371
09066200,PET,Q,5,25,0.0055827134128759726
09066200,PET,Q,5,26,0.006348073441426849
09066200,PET,Q,5,27,0.006882039800061912
09066200,PET,Q,5,28,0.005406537855475457
09066200,PET,Q,5,29,0.00690171968297143
09066200,PET,Q,5,30,0.0067335324627423865
09066300,PET,Q,5,1,0.0062071921543088715
09066300,PET,Q,5,2,0.005960983821748311
09066300,PET,Q,5,3,0.004956961261783077
09066300,PET,Q,5,4,0.004013559570723746
09066300,PET,Q,5,5,0.0037900661723611617
09066300,PET,Q,5,6,0.004476212735966545
09066300,PET,Q,5,7,0.00428428648381074
09066300,PET,Q,5,8,0.004279664093379876
09066300,PET,Q,5,9,0.00406577609808334
09066300,PET,Q,5,10,0.004395167565586389
09066300,PET,Q,5,11,0.004392536078797804
09066300,PET,Q,5,12,0.004393789462859565
09066300,PET,Q,5,13,0.004470051699029032
09066300,PET,Q,5,14,0.0036373533069031794
09066300,PET,Q,5,15,0.0029615947025068423
09066300,PET,Q,5,16,0.0034827940314888783
09066300,PET,Q,5,17,0.004150356201220784
09066300,PET,Q,5,18,0.0031284942951134154
09066300,PET,Q,5,19,0.0030212167896164766
09066300,PET,Q,5,20,0.00330020609374565
09066300,PET,Q,5,21,0.003010012978581389
09066300,PET,Q,5,22,0.003200857981091376
09066300,PET,Q,5,23,0.003632526066319919
09066300,PET,Q,5,24,0.0032856353115370274
09066300,PET,Q,5,25,0.003745604735062691
09066300,PET,Q,5,26,0.0036123623830228158
09066300,PET,Q,5,27,0.0028637025621042755
09066300,PET,Q,5,28,0.002862010713618246
09066300,PET,Q,5,29,0.0030429908025723096
09066300,PET,Q,5,30,0.003185514875081341
09081600,PET,Q,5,1,0.01415574693846694
09081600,PET,Q,5,2,0.010843267041239224
09081600,PET,Q,5,3,0.008014800134430733
09081600,PET,Q,5,4,0.00706376954444643
09081600,PET,Q,5,5,0.005929327950698282
09081600,PET,Q,5,6,0.005461105478596406
09081600,PET,Q,5,7,0.005706941929836895
09081600,PET,Q,5,8,0.005672076976275198
09081600,PET,Q,5,9,0.005691712797145421
09081600,PET,Q,5,10,0.0058073016027850866
09081600,PET,Q,5,11,0.006211363558956351
09081600,PET,Q,5,12,0.005707306461883999
09081600,PET,Q,5,13,0.006039616764603961
09081600,PET,Q,5,14,0.006112279070200788
09081600,PET,Q,5,15,0.005422275171683533
09081600,PET,Q,5,16,0.004755665074227811
09081600,PET,Q,5,17,0.005528100905070998
09081600,PET,Q,5,18,0.0054317337746626615
09081600,PET,Q,5,19,0.005835813840110393
09081600,PET,Q,5,20,0.005431894896815559
09081600,PET,Q,5,21,0.004947216317291558
09081600,PET,Q,5,22,0.005136675516594025
09081600,PET,Q,5,23,0.005379601409998158
09081600,PET,Q,5,24,0.005310401258256325
09081600,PET,Q,5,25,0.005240458081186061
09081600,PET,Q,5,26,0.005084884264093148
09081600,PET,Q,5,27,0.005686072242603091
09081600,PET,Q,5,28,0.00542585418229069
09081600,PET,Q,5,29,0.004661238041424931
09081600,PET,Q,5,30,0.004804208335540683
09107000,PET,Q,5,1,0.012660044623494293
09107000,PET,Q,5,2,0.00816503290584819
09107000,PET,Q,5,3,0.007022170868557276
09107000,PET,Q,5,4,0.006483617237310002
09107000,PET,Q,5,5,0.006374656373279608
09107000,PET,Q,5,6,0.006697444080667414
09107000,PET,Q,5,7,0.004952715870695568
09107000,PET,Q,5,8,0.00582104955921614
09107000,PET,Q,5,9,0.006176980907263041
09107000,PET,Q,5,10,0.006290038563447509
09107000,PET,Q,5,11,0.0055083621588616904
09107000,PET,Q,5,12,0.005953199878306614
09107000,PET,Q,5,13,0.005222360149335692
09107000,PET,Q,5,14,0.005683564337693348
09107000,PET,Q,5,15,0.004912514791805878
09107000,PET,Q,5,16,0.005416821009245676
09107000,PET,Q,5,17,0.005523102700024096
09107000,PET,Q,5,18,0.00575406011412144
09107000,PET,Q,5,19,0.0049579218634102085
09107000,PET,Q,5,20,0.004619288069565963
09107000,PET,Q,5,21,0.005443554062858014
09107000,PET,Q,5,22,0.004356198795714472
09107000,PET,Q,5,23,0.005103675061474633
09107000,PET,Q,5,24,0.005449119402266833
09107000,PET,Q,5,25,0.005509827881772844
09107000,PET,Q,5,26,0.005171281632108726
09107000,PET,Q,5,27,0.005364615408425977
09107000,PET,Q,5,28,0.004985474133027579
09107000,PET,Q,5,29,0.005206923645544093
09107000,PET,Q,5,30,0.004653512678740146
09210500,PET,Q,5,1,0.007124255776868704
09210500,PET,Q,5,2,0.0061419827996617715
09210500,PET,Q,5,3,0.005473613993661641
09210500,PET,Q,5,4,0.005082742883403324
09210500,PET,Q,5,5,0.005363956150611804
09210500,PET,Q,5,6,0.006236223792123574
09210500,PET,Q,5,7,0.0060410312232622165
09210500,PET,Q,5,8,0.006528607331234393
09210500,PET,Q,5,9,0.006130890654671817
09210500,PET,Q,5,10,0.005772019669593564
09210500,PET,Q,5,11,0.006340952537969735
09210500,PET,Q,5,12,0.005558361874971718
09210500,PET,Q,5,13,0.004587393900910064
09210500,PET,Q,5,14,0.0046551931296829885
09210500,PET,Q,5,15,0.005604580858340313
09210500,PET,Q,5,16,0.00463389323710689
09210500,PET,Q,5,17,0.005317049990063938
09210500,PET,Q,5,18,0.0044262770551618535
09210500,PET,Q,5,19,0.0035608040672701624
09210500,PET,Q,5,20,0.004685555836064281
09210500,PET,Q,5,21,0.00504871777119642
09210500,PET,Q,5,22,0.004337781374151639
09210500,PET,Q,5,23,0.006237629431331715
09210500,PET,Q,5,24,0.005071877991373597
09210500,PET,Q,5,25,0.005144217464070955
09210500,PET,Q,5,26,0.00453437117469746
09210500,PET,Q,5,27,0.005416696681818156
09210500,PET,Q,5,28,0.004991066240788822
09210500,PET,Q,5,29,0.005091809333760133
09210500,PET,Q,5,30,0.00582783605201459
09223000,PET,Q,5,1,0.005354532608924101
09223000,PET,Q,5,2,0.005427464771782853
09223000,PET,Q,5,3,0.003530419467537682
09223000,PET,Q,5,4,0.003858566984936973
09223000,PET,Q,5,5,0.00352316128493696
09223000,PET,Q,5,6,0.0032529178326747843
09223000,PET,Q,5,7,0.0024836939303771177
09223000,PET,Q,5,8,0.0030759277984066524
09223000,PET,Q,5,9,0.003302367668481909
09223000,PET,Q,5,10,0.0034216370823041964
09223000,PET,Q,5,11,0.003646326453405846
09223000,PET,Q,5,12,0.003358148830530261
09223000,PET,Q,5,13,0.0035658449552058435
09223000,PET,Q,5,14,0.003644943593692218
09223000,PET,Q,5,15,0.0036336993924135363
09223000,PET,Q,5,16,0.003066385595548504
09223000,PET,Q,5,17,0.0035677429387633297
09223000,PET,Q,5,18,0.0031426887767590506
09223000,PET,Q,5,19,0.0032094804350321637
09223000,PET,Q,5,20,0.003351087159365884
09223000,PET,Q,5,21,0.0035345163718153993
09223000,PET,Q,5,22,0.0033822699150161672
09223000,PET,Q,5,23,0.003053587171229888
09223000,PET,Q,5,24,0.003861135729714027
09223000,PET,Q,5,25,0.003400299351042302
09223000,PET,Q,5,26,0.00302443679731923
09223000,PET,Q,5,27,0.00336804351307457
09223000,PET,Q,5,28,0.003332056132499872
09223000,PET,Q,5,29,0.003551115446926989
09223000,PET,Q,5,30,0.004817013410452875
09306242,PET,Q,5,1,0.0007321690532667152
09306242,PET,Q,5,2,0.0008798036736269027
09306242,PET,Q,5,3,0.0009036606079322641
09306242,PET,Q,5,4,0.0004351974719438989
09306242,PET,Q,5,5,0.0006092043219072044
09306242,PET,Q,5,6,0.000388453041667465
09306242,PET,Q,5,7,0.0005595473312398
09306242,PET,Q,5,8,0.0005024891577939776
09306242,PET,Q,5,9,0.0009864994522156556
09306242,PET,Q,5,10,0.0012711898751789005
09306242,PET,Q,5,11,0.0009405155233786974
09306242,PET,Q,5,12,0.0011358545763834604
09306242,PET,Q,5,13,0.0006316450847002435
09306242,PET,Q,5,14,0.0010265655537285562
09306242,PET,Q,5,15,0.0009400164776293858
09306242,PET,Q,5,16,0.000827540329546652
09306242,PET,Q,5,17,0.001040210649726661
09306242,PET,Q,5,18,0.0009586966735998202
09306242,PET,Q,5,19,0.0010273102510894097
09306242,PET,Q,5,20,0.0009188630325540799
09306242,PET,Q,5,21,0.0011930169885562038
09306242,PET,Q,5,22,0.0008848589592621026
09306242,PET,Q,5,23,0.0008446807090878826
09306242,PET,Q,5,24,0.0006282168079659554
09306242,PET,Q,5,25,0.0005142723592533038
09306242,PET,Q,5,26,0.0006520214619335357
09306242,PET,Q,5,27,0.0008730275778900259
09306242,PET,Q,5,28,0.0008432096853869218
09306242,PET,Q,5,29,0.000965507808399723
09306242,PET,Q,5,30,0.0009413109483906064
09312600,PET,Q,5,1,0.0025774418449922565
09312600,PET,Q,5,2,0.0032670528608672034
09312600,PET,Q,5,3,0.002473260661068316
09312600,PET,Q,5,4,0.002337355343531411
09312600,PET,Q,5,5,0.0019031725389651866
09312600,PET,Q,5,6,0.00271005621560505
09312600,PET,Q,5,7,0.0027606209375628243
09312600,PET,Q,5,8,0.003312834086519112
09312600,PET,Q,5,9,0.003006662646172026
09312600,PET,Q,5,10,0.0025633281524170826
09312600,PET,Q,5,11,0.002128617763400481
09312600,PET,Q,5,12,0.0022934309908606565
09312600,PET,Q,5,13,0.0025916881232029565
09312600,PET,Q,5,14,0.001946416333078571
09312600,PET,Q,5,15,0.0020336079937690044
09312600,PET,Q,5,16,0.002173800488777522
09312600,PET,Q,5,17,0.0023823648614721693
09312600,PET,Q,5,18,0.0023210693439648378
09312600,PET,Q,5,19,0.0020308791581450936
09312600,PET,Q,5,20,0.0018283480246962525
09312600,PET,Q,5,21,0.002157075327947927
09312600,PET,Q,5,22,0.003017770064185743
09312600,PET,Q,5,23,0.002404950983993709
09312600,PET,Q,5,24,0.002579623421096189
09312600,PET,Q,5,25,0.0022327361952896863
09312600,PET,Q,5,26,0.0032730459532032408
09312600,PET,Q,5,27,0.0031669854377956164
09312600,PET,Q,5,28,0.0026617748486902626
09312600,PET,Q,5,29,0.0027010737740160717
09312600,PET,Q,5,30,0.002839282026877027
09352900,PET,Q,5,1,0.014801376448330295
09352900,PET,Q,5,2,0.013836995671905994
09352900,PET,Q,5,3,0.012601425810063849
09352900,PET,Q,5,4,0.011879354305936396
09352900,PET,Q,5,5,0.010880501407439958
09352900,PET,Q,5,6,0.010654123594555864
09352900,PET,Q,5,7,0.009898599045751466
09352900,PET,Q,5,8,0.009830390021717816
09352900,PET,Q,5,9,0.010426293461498704
09352900,PET,Q,5,10,0.0106044734768872
09352900,PET,Q,5,11,0.009391756476412716
09352900,PET,Q,5,12,0.010126842435080219
09352900,PET,Q,5,13,0.0098864891609724
09352900,PET,Q,5,14,0.008921739503228665
09352900,PET,Q,5,15,0.009777389251970803
09352900,PET,Q,5,16,0.01088049010478559
09352900,PET,Q,5,17,0.010929973399418647
09352900,PET,Q,5,18,0.009707174844975408
09352900,PET,Q,5,19,0.009286719446582603
09352900,PET,Q,5,20,0.008568011991546665
09352900,PET,Q,5,21,0.00857655010416647
09352900,PET,Q,5,22,0.009569704232690268
09352900,PET,Q,5,23,0.0102515729185218
09352900,PET,Q,5,24,0.00862127178471117
09352900,PET,Q,5,25,0.008053039062694223
09352900,PET,Q,5,26,0.00920883052039878
09352900,PET,Q,5,27,0.0077516647229945446
09352900,PET,Q,5,28,0.009188824246862182
09352900,PET,Q,5,29,0.008174289102637955
09352900,PET,Q,5,30,0.0092375448035521
09378170,PET,Q,5,1,0.0038565784845121243
09378170,PET,Q,5,2,0.0035894317439916917
09378170,PET,Q,5,3,0.0037317716594784944
09378170,PET,Q,5,4,0.003765401953803385
09378170,PET,Q,5,5,0.0034675793917935127
09378170,PET,Q,5,6,0.003164420322894379
09378170,PET,Q,5,7,0.0035887010064342556
09378170,PET,Q,5,8,0.004023659455685211
09378170,PET,Q,5,9,0.004246376008180258
09378170,PET,Q,5,10,0.003447256296019871
09378170,PET,Q,5,11,0.0028069023080458944
09378170,PET,Q,5,12,0.0032908138707960916
09378170,PET,Q,5,13,0.002544652956426252
09378170,PET,Q,5,14,0.0029535431276642016
09378170,PET,Q,5,15,0.002450927831881791
09378170,PET,Q,5,16,0.003108049090867024
09378170,PET,Q,5,17,0.0031547344211950434
09378170,PET,Q,5,18,0.0031445891392550135
09378170,PET,Q,5,19,0.0025971029247849886
09378170,PET,Q,5,20,0.002919802880961178
09378170,PET,Q,5,21,0.002763160538906906
09378170,PET,Q,5,22,0.003019420662665348
09378170,PET,Q,5,23,0.0027237895575827342
09378170,PET,Q,5,24,0.0023565363539791995
09378170,PET,Q,5,25,0.0021967089036863674
09378170,PET,Q,5,26,0.0026524521948853297
09378170,PET,Q,5,27,0.002674117490735081
09378170,PET,Q,5,28,0.0025424684391087693
09378170,PET,Q,5,29,0.0021555767214171406
09378170,PET,Q,5,30,0.002275583461147687
09378630,PET,Q,5,1,0.0036211307371757095
09378630,PET,Q,5,2,0.003941505281685187
09378630,PET,Q,5,3,0.003716365660458354
09378630,PET,Q,5,4,0.0032956202129698076
09378630,PET,Q,5,5,0.003166332620928747
09378630,PET,Q,5,6,0.003033295333069619
09378630,PET,Q,5,7,0.0031628337779603943
09378630,PET,Q,5,8,0.002701727851960517
09378630,PET,Q,5,9,0.004062471971068099
09378630,PET,Q,5,10,0.00299204651387458
09378630,PET,Q,5,11,0.0025797440939646643
09378630,PET,Q,5,12,0.0027584891708432313
09378630,PET,Q,5,13,0.0028460056059944894
09378630,PET,Q,5,14,0.0026028667143017936
09378630,PET,Q,5,15,0.0025944721153574324
09378630,PET,Q,5,16,0.002576277703377372
09378630,PET,Q,5,17,0.002337586184309959
09378630,PET,Q,5,18,0.0030088859686125125
09378630,PET,Q,5,19,0.0029181815055923377
09378630,PET,Q,5,20,0.0031049392873507553
09378630,PET,Q,5,21,0.0033779199248497593
09378630,PET,Q,5,22,0.0028341880653184326
09378630,PET,Q,5,23,0.0022160460555476214
09378630,PET,Q,5,24,0.0022556634857582303
09378630,PET,Q,5,25,0.002427032356151937
09378630,PET,Q,5,26,0.0027965471398743724
09378630,PET,Q,5,27,0.0025689017773275757
09378630,PET,Q,5,28,0.0033080207774113524
09378630,PET,Q,5,29,0.0030972046590835023
09378630,PET,Q,5,30,0.002676155373257272
09386900,PET,Q,5,1,0.0014917182657903164
09386900,PET,Q,5,2,0.0017975163481912457
09386900,PET,Q,5,3,0.001528682982757254
09386900,PET,Q,5,4,0.002360640136962383
09386900,PET,Q,5,5,0.001814128447984599
09386900,PET,Q,5,6,0.0010557656791162495
09386900,PET,Q,5,7,0.0011220487239956695
09386900,PET,Q,5,8,0.0010172042915870573
09386900,PET,Q,5,9,0.0012001321574382391
09386900,PET,Q,5,10,0.0011676246330529043
09386900,PET,Q,5,11,0.0014579052332603995
09386900,PET,Q,5,12,0.0014768152468833014
09386900,PET,Q,5,13,0.001096229374455547
09386900,PET,Q,5,14,0.0010485747627869517
09386900,PET,Q,5,15,0.0009761623694893896
09386900,PET,Q,5,16,0.0009320349189648781
09386900,PET,Q,5,17,0.0009706718674991205
09386900,PET,Q,5,18,0.0009695666013395526
09386900,PET,Q,5,19,0.0010728362526208728
09386900,PET,Q,5,20,0.0011371113725620469
09386900,PET,Q,5,21,0.0016552712174816263
09386900,PET,Q,5,22,0.0012321211760251624
09386900,PET,Q,5,23,0.0009773457471912335
09386900,PET,Q,5,24,0.001521236140441886
09386900,PET,Q,5,25,0.001531984983517913
09386900,PET,Q,5,26,0.0010413975290911905
09386900,PET,Q,5,27,0.0009635817465105043
09386900,PET,Q,5,28,0.0009747896323396843
09386900,PET,Q,5,29,0.0010719780467755534
09386900,PET,Q,5,30,0.0013383908050693394
09404450,PET,Q,5,1,0.0013531467699906888
09404450,PET,Q,5,2,0.0015833862018722264
09404450,PET,Q,5,3,0.001463937396841579
09404450,PET,Q,5,4,0.0009637814705967182
09404450,PET,Q,5,5,0.0013720629556810693
09404450,PET,Q,5,6,0.001006211416408713
09404450,PET,Q,5,7,0.0011768649704858233
09404450,PET,Q,5,8,0.0010356474628515772
09404450,PET,Q,5,9,0.0013049386763568302
09404450,PET,Q,5,10,0.0011828297693750461
09404450,PET,Q,5,11,0.001197199475122361
09404450,PET,Q,5,12,0.0014330369085248443
09404450,PET,Q,5,13,0.001346727411751146
09404450,PET,Q,5,14,0.0010481959476022068
09404450,PET,Q,5,15,0.0011827700342554662
09404450,PET,Q,5,16,0.0010237333649280034
09404450,PET,Q,5,17,0.0009831515431853038
09404450,PET,Q,5,18,0.0016719703415559173
09404450,PET,Q,5,19,0.0012029956624821786
09404450,PET,Q,5,20,0.0008159276617083419
09404450,PET,Q,5,21,0.0008991137172569899
09404450,PET,Q,5,22,0.0012550223629932133
09404450,PET,Q,5,23,0.0010317799574533632
09404450,PET,Q,5,24,0.0007569558206233507
09404450,PET,Q,5,25,0.0010689306081152275
09404450,PET,Q,5,26,0.0013061464547786394
09404450,PET,Q,5,27,0.001060441343068104
09404450,PET,Q,5,28,0.0013229023969603196
09404450,PET,Q,5,29,0.0013166389937830439
09404450,PET,Q,5,30,0.0014155246752377698
09430500,PET,Q,5,1,0.0012278862234607682
09430500,PET,Q,5,2,0.000938391010115714
09430500,PET,Q,5,3,0.0008919989662579311
09430500,PET,Q,5,4,0.0009818188002440123
09430500,PET,Q,5,5,0.0008961777587732957
09430500,PET,Q,5,6,0.0010336560115514239
09430500,PET,Q,5,7,0.0010322440392205676
09430500,PET,Q,5,8,0.0008391802445300751
09430500,PET,Q,5,9,0.0008948054299306382
09430500,PET,Q,5,10,0.0008229640737690835
09430500,PET,Q,5,11,0.0011187500385385213
09430500,PET,Q,5,12,0.000822456780068594
09430500,PET,Q,5,13,0.0010144210951362458
09430500,PET,Q,5,14,0.0010145356585200393
09430500,PET,Q,5,15,0.0007751659457290623
09430500,PET,Q,5,16,0.0007701084260844544
09430500,PET,Q,5,17,0.0010839291977988719
09430500,PET,Q,5,18,0.0007285790992121663
09430500,PET,Q,5,19,0.0009339591645490652
09430500,PET,Q,5,20,0.0010424272924563667
09430500,PET,Q,5,21,0.001178922742706593
09430500,PET,Q,5,22,0.0010179309575825152
09430500,PET,Q,5,23,0.0007571568500049294
09430500,PET,Q,5,24,0.0011608830635026074
09430500,PET,Q,5,25,0.0007859584706528533
09430500,PET,Q,5,26,0.0010361840641373056
09430500,PET,Q,5,27,0.0010176134605711096
09430500,PET,Q,5,28,0.0009568109176226417
09430500,PET,Q,5,29,0.0009352286011398113
09430500,PET,Q,5,30,0.0011610348258766778
09430600,PET,Q,5,1,0.001043980640282641
09430600,PET,Q,5,2,0.000606548104765221
09430600,PET,Q,5,3,0.0007593456217211934
09430600,PET,Q,5,4,0.0009125056361803229
09430600,PET,Q,5,5,0.0010334570345131022
09430600,PET,Q,5,6,0.0008369726031881332
09430600,PET,Q,5,7,0.0007565354152472333
09430600,PET,Q,5,8,0.0009097058182300256
09430600,PET,Q,5,9,0.0010075862710164675
09430600,PET,Q,5,10,0.0010011860142317298
09430600,PET,Q,5,11,0.0006986006893398098
09430600,PET,Q,5,12,0.000587673186884614
09430600,PET,Q,5,13,0.000734980651539735
09430600,PET,Q,5,14,0.0008648740435170926
09430600,PET,Q,5,15,0.0007408512294008983
09430600,PET,Q,5,16,0.0007410133921081398
09430600,PET,Q,5,17,0.000795380021473507
09430600,PET,Q,5,18,0.0007411737968236673
09430600,PET,Q,5,19,0.0009633413342755512
09430600,PET,Q,5,20,0.0008491958610698149
09430600,PET,Q,5,21,0.0006021330808289906
09430600,PET,Q,5,22,0.0007450956590036046
09430600,PET,Q,5,23,0.000960656265658456
09430600,PET,Q,5,24,0.0008875298404882603
09430600,PET,Q,5,25,0.0005892501937986901
09430600,PET,Q,5,26,0.0010105881088097318
09430600,PET,Q,5,27,0.0007812988914033241
09430600,PET,Q,5,28,0.0009689159052895871
09430600,PET,Q,5,29,0.0009692256157060354
09430600,PET,Q,5,30,0.0008280704127286466
09447800,PET,Q,5,1,0.0003966921579566067
09447800,PET,Q,5,2,0.0003967881957712533
09447800,PET,Q,5,3,0.00029397481728956915
09447800,PET,Q,5,4,0.0002940157168323382
09447800,PET,Q,5,5,0.00029408070909333435
09447800,PET,Q,5,6,0.00028810188422573584
09447800,PET,Q,5,7,0.000288207197789464
09447800,PET,Q,5,8,0.000294231999609559
09447800,PET,Q,5,9,0.000288295611478708
09447800,PET,Q,5,10,0.00028840101646774793
09447800,PET,Q,5,11,0.0002884656769712875
09447800,PET,Q,5,12,0.0002885303646411293
09447800,PET,Q,5,13,0.0002885950794936738
09447800,PET,Q,5,14,0.0002886598215463172
09447800,PET,Q,5,15,0.00028872459081534475
09447800,PET,Q,5,16,0.000288789387317483
09447800,PET,Q,5,17,0.0002888542110697878
09447800,PET,Q,5,18,0.000271408915325325
09447800,PET,Q,5,19,0.00027150536299269234
09447800,PET,Q,5,20,0.0002715688270628126
09447800,PET,Q,5,21,0.00027163231821204954
09447800,PET,Q,5,22,0.0002716958364575605
09447800,PET,Q,5,23,0.0002717593818154988
09447800,PET,Q,5,24,0.00027182295430345973
09447800,PET,Q,5,25,0.00028933295863651023
09447800,PET,Q,5,26,0.0002719171482832715
09447800,PET,Q,5,27,0.0002720138347107404
09447800,PET,Q,5,28,0.00027207751588404026
09447800,PET,Q,5,29,0.00027214122427086235
09447800,PET,Q,5,30,0.0002722049598882334
09480000,PET,Q,5,1,0.0008846378596400889
09480000,PET,Q,5,2,0.0011528275095728877
09480000,PET,Q,5,3,0.0010583592241021084
09480000,PET,Q,5,4,0.0010785730344059566
09480000,PET,Q,5,5,0.0012144601702480627
09480000,PET,Q,5,6,0.0009988050078768313
09480000,PET,Q,5,7,0.0012334678589703326
09480000,PET,Q,5,8,0.001205683457726571
09480000,PET,Q,5,9,0.000980296628997358
09480000,PET,Q,5,10,0.0011988207567967535
09480000,PET,Q,5,11,0.0008824064485559863
09480000,PET,Q,5,12,0.0009339896109398036
09480000,PET,Q,5,13,0.0007957943723988069
09480000,PET,Q,5,14,0.0011584743888216602
09480000,PET,Q,5,15,0.0011669153217666525
09480000,PET,Q,5,16,0.0010835175716302024
09480000,PET,Q,5,17,0.001075011653005612
09480000,PET,Q,5,18,0.0009170489698063482
09480000,PET,Q,5,19,0.0009134052361940564
09480000,PET,Q,5,20,0.0012110532309746753
09480000,PET,Q,5,21,0.0008654949308230121
09480000,PET,Q,5,22,0.0010645260336292345
09480000,PET,Q,5,23,0.0010856616202730238
09480000,PET,Q,5,24,0.0008152774674811437
09480000,PET,Q,5,25,0.0010142888294329775
09480000,PET,Q,5,26,0.0009229718123408351
09480000,PET,Q,5,27,0.001019063492581105
09480000,PET,Q,5,28,0.0009171172108811843
09480000,PET,Q,5,29,0.0010702364999767497
09480000,PET,Q,5,30,0.0009873686135491652
09484000,PET,Q,5,1,0.0015905549131341144
09484000,PET,Q,5,2,0.001546938100152235
09484000,PET,Q,5,3,0.0018405705703082899
09484000,PET,Q,5,4,0.0014442902446775638
09484000,PET,Q,5,5,0.0017027127251405053
09484000,PET,Q,5,6,0.002014548773429794
09484000,PET,Q,5,7,0.0016548830406165477
09484000,PET,Q,5,8,0.0016903853538862042
09484000,PET,Q,5,9,0.0019398943222194744
09484000,PET,Q,5,10,0.001940291765801995
09484000,PET,Q,5,11,0.0021322671896110736
09484000,PET,Q,5,12,0.0020267159743695973
09484000,PET,Q,5,13,0.0018702628565048542
09484000,PET,Q,5,14,0.001683964773186799
09484000,PET,Q,5,15,0.001694254796235039
09484000,PET,Q,5,16,0.0017177429634882002
09484000,PET,Q,5,17,0.0018524520026489202
09484000,PET,Q,5,18,0.0018816083341629958
09484000,PET,Q,5,19,0.0015375733625259853
09484000,PET,Q,5,20,0.0016396029722651993
09484000,PET,Q,5,21,0.0016117068948291804
09484000,PET,Q,5,22,0.0017978249914227737
09484000,PET,Q,5,23,0.0019763933877634775
09484000,PET,Q,5,24,0.0018274927116034081
09484000,PET,Q,5,25,0.0018109211553560232
09484000,PET,Q,5,26,0.0021418420748153325
09484000,PET,Q,5,27,0.002091826657737158
09484000,PET,Q,5,28,0.001596879247617894
09484000,PET,Q,5,29,0.001941815559018848
09484000,PET,Q,5,30,0.0018924568524185045
09484600,PET,Q,5,1,0.0030833426779019596
09484600,PET,Q,5,2,0.0026442883928017996
09484600,PET,Q,5,3,0.0038072080366807134
09484600,PET,Q,5,4,0.004179207974209377
09484600,PET,Q,5,5,0.0038827455615778605
09484600,PET,Q,5,6,0.004348754845908243
09484600,PET,Q,5,7,0.004462287705316016
09484600,PET,Q,5,8,0.004350184295538212
09484600,PET,Q,5,9,0.003961549501096576
09484600,PET,Q,5,10,0.004436628039822893
09484600,PET,Q,5,11,0.0038791698163440566
09484600,PET,Q,5,12,0.0037918474695258844
09484600,PET,Q,5,13,0.0042288682575029254
09484600,PET,Q,5,14,0.004262303940824587
09484600,PET,Q,5,15,0.0042094078867526
09484600,PET,Q,5,16,0.004015016485893516
09484600,PET,Q,5,17,0.005039512264819301
09484600,PET,Q,5,18,0.003881754179083166
09484600,PET,Q,5,19,0.004694590596214042
09484600,PET,Q,5,20,0.004720479588174377
09484600,PET,Q,5,21,0.004774132146375232
09484600,PET,Q,5,22,0.0045107069963057494
09484600,PET,Q,5,23,0.004609273546496269
09484600,PET,Q,5,24,0.004498093019962381
09484600,PET,Q,5,25,0.004188398774121055
09484600,PET,Q,5,26,0.0049383971468632895
09484600,PET,Q,5,27,0.004802939272674722
09484600,PET,Q,5,28,0.004670461260502162
09484600,PET,Q,5,29,0.0044188583832959
09484600,PET,Q,5,30,0.004187300372077658
09492400,PET,Q,5,1,0.001470103999483427
09492400,PET,Q,5,2,0.0017375614595778466
09492400,PET,Q,5,3,0.001337580803129887
09492400,PET,Q,5,4,0.00152161516124074
09492400,PET,Q,5,5,0.0015507245225499997
09492400,PET,Q,5,6,0.0011239603070736098
09492400,PET,Q,5,7,0.0010769690426111478
09492400,PET,Q,5,8,0.001094423356188659
09492400,PET,Q,5,9,0.0008787723810476239
09492400,PET,Q,5,10,0.001220405322845744
09492400,PET,Q,5,11,0.0012429549211199348
09492400,PET,Q,5,12,0.0013266833288953159
09492400,PET,Q,5,13,0.001029377244176996
09492400,PET,Q,5,14,0.0010836179614746796
09492400,PET,Q,5,15,0.00106412717891511
09492400,PET,Q,5,16,0.0011255312226511466
09492400,PET,Q,5,17,0.0006959149747090138
09492400,PET,Q,5,18,0.0005643870535945172
09492400,PET,Q,5,19,0.0006977264778391251
09492400,PET,Q,5,20,0.0006800168481861865
09492400,PET,Q,5,21,0.0009520237331577946
09492400,PET,Q,5,22,0.000884140780249329
09492400,PET,Q,5,23,0.0011906907937297498
09492400,PET,Q,5,24,0.0008904087347439207
09492400,PET,Q,5,25,0.0010342239882194237
09492400,PET,Q,5,26,0.0006269642482997981
09492400,PET,Q,5,27,0.0006255396721488171
09492400,PET,Q,5,28,0.0011962324655844583
09492400,PET,Q,5,29,0.000610543579451249
09492400,PET,Q,5,30,0.0006017618519534376
09494000,PET,Q,5,1,0.0013186799029752672
09494000,PET,Q,5,2,0.0016908503668893043
09494000,PET,Q,5,3,0.0017420446417505536
09494000,PET,Q,5,4,0.0014468192180929762
09494000,PET,Q,5,5,0.0015615005321272385
09494000,PET,Q,5,6,0.0016283194483120572
09494000,PET,Q,5,7,0.0015352656513769602
09494000,PET,Q,5,8,0.0014040501682993298
09494000,PET,Q,5,9,0.0017345963590934335
09494000,PET,Q,5,10,0.0021798177317511186
09494000,PET,Q,5,11,0.0016753313140255854
09494000,PET,Q,5,12,0.0014462321574294154
09494000,PET,Q,5,13,0.0016383575993506663
09494000,PET,Q,5,14,0.0016523300923381445
09494000,PET,Q,5,15,0.0017726671338294323
09494000,PET,Q,5,16,0.0017726851539324184
09494000,PET,Q,5,17,0.0017390544783709855
09494000,PET,Q,5,18,0.001812594452949401
09494000,PET,Q,5,19,0.0017712349215411385
09494000,PET,Q,5,20,0.0018108744964779114
09494000,PET,Q,5,21,0.001698203838345222
09494000,PET,Q,5,22,0.0018157622898803821
09494000,PET,Q,5,23,0.0016644442607550505
09494000,PET,Q,5,24,0.002079068370183762
09494000,PET,Q,5,25,0.0019560722934389776
09494000,PET,Q,5,26,0.0017578101962656342
09494000,PET,Q,5,27,0.0016547730561111487
09494000,PET,Q,5,28,0.0018973878606780986
09494000,PET,Q,5,29,0.001776873156823483
09494000,PET,Q,5,30,0.0018299054414120802
09497800,PET,Q,5,1,0.0014593312482521666
09497800,PET,Q,5,2,0.0013977172178843422
09497800,PET,Q,5,3,0.0016128529840362463
09497800,PET,Q,5,4,0.0016581301477540632
09497800,PET,Q,5,5,0.0013219493939947945
09497800,PET,Q,5,6,0.001438765324255322
09497800,PET,Q,5,7,0.0016560430237296045
09497800,PET,Q,5,8,0.0012775294349522577
09497800,PET,Q,5,9,0.0013274171125899278
09497800,PET,Q,5,10,0.0014627215468277152
09497800,PET,Q,5,11,0.0016819591337893652
09497800,PET,Q,5,12,0.0015538575838666482
09497800,PET,Q,5,13,0.0012994729952010876
09497800,PET,Q,5,14,0.0014114556123047614
09497800,PET,Q,5,15,0.0014043664958515029
09497800,PET,Q,5,16,0.0014047055713393777
09497800,PET,Q,5,17,0.0014428341154206145
09497800,PET,Q,5,18,0.0013524102654956238
09497800,PET,Q,5,19,0.0015113288703683878
09497800,PET,Q,5,20,0.0016838592114218238
09497800,PET,Q,5,21,0.0014546841600145861
09497800,PET,Q,5,22,0.0014480688491467913
09497800,PET,Q,5,23,0.0014484229834238332
09497800,PET,Q,5,24,0.0016805254230177653
09497800,PET,Q,5,25,0.0014946104925318386
09497800,PET,Q,5,26,0.0015444616822590553
09497800,PET,Q,5,27,0.0015448239947260696
09497800,PET,Q,5,28,0.001545186451072638
09497800,PET,Q,5,29,0.0017111745412628568
09497800,PET,Q,5,30,0.0016621569146435637
09497980,PET,Q,5,1,0.001488777564740626
09497980,PET,Q,5,2,0.0009103435973432453
09497980,PET,Q,5,3,0.0012085621661331765
09497980,PET,Q,5,4,0.0013701477571357035
09497980,PET,Q,5,5,0.0013436521925257183
09497980,PET,Q,5,6,0.0014491174041253302
09497980,PET,Q,5,7,0.0013802334805976708
09497980,PET,Q,5,8,0.001279862793094392
09497980,PET,Q,5,9,0.0013111704825014385
09497980,PET,Q,5,10,0.0013924417227576293
09497980,PET,Q,5,11,0.0014155183691023886
09497980,PET,Q,5,12,0.0013752161476655554
09497980,PET,Q,5,13,0.0012053028442443811
09497980,PET,Q,5,14,0.0012815966732090261
09497980,PET,Q,5,15,0.0013638608396863323
09497980,PET,Q,5,16,0.0013510290376076046
09497980,PET,Q,5,17,0.001381565203139399
09497980,PET,Q,5,18,0.001317599204676851
09497980,PET,Q,5,19,0.001324371438366865
09497980,PET,Q,5,20,0.0014537700811186431
09497980,PET,Q,5,21,0.0014069537420545696
09497980,PET,Q,5,22,0.0013786516232713979
09497980,PET,Q,5,23,0.0014790287275324304
09497980,PET,Q,5,24,0.0014528104462114937
09497980,PET,Q,5,25,0.0014720789453943443
09497980,PET,Q,5,26,0.0014724877544654846
09497980,PET,Q,5,27,0.001353667963291113
09497980,PET,Q,5,28,0.001361720324836134
09497980,PET,Q,5,29,0.0014990927896679496
09497980,PET,Q,5,30,0.0014728724056211305
09505200,PET,Q,5,1,0.0008003265208711263
09505200,PET,Q,5,2,0.0006522942278663936
09505200,PET,Q,5,3,0.0007385541096982095
09505200,PET,Q,5,4,0.0006733578912063217
09505200,PET,Q,5,5,0.0005589695482362978
09505200,PET,Q,5,6,0.0007103757106811694
09505200,PET,Q,5,7,0.0005592711113232892
09505200,PET,Q,5,8,0.0005888620962490876
09505200,PET,Q,5,9,0.0007327692784339472
09505200,PET,Q,5,10,0.0006562653799725426
09505200,PET,Q,5,11,0.0007078640600076212
09505200,PET,Q,5,12,0.0007080470836539725
09505200,PET,Q,5,13,0.0007374463022512007
09505200,PET,Q,5,14,0.0007227040364824206
09505200,PET,Q,5,15,0.0006916395534543804
09505200,PET,Q,5,16,0.0005478776742898275
09505200,PET,Q,5,17,0.0006904771790053506
09505200,PET,Q,5,18,0.0007312831264000338
09505200,PET,Q,5,19,0.0007125941721738277
09505200,PET,Q,5,20,0.0006908680346590316
09505200,PET,Q,5,21,0.0008732372366303497
09505200,PET,Q,5,22,0.0009728660350841849
09505200,PET,Q,5,23,0.0006683605950187771
09505200,PET,Q,5,24,0.00071344581830198
09505200,PET,Q,5,25,0.000713607881786496
09505200,PET,Q,5,26,0.0007137700110292321
09505200,PET,Q,5,27,0.0007139322060696653
09505200,PET,Q,5,28,0.0008163269522711881
09505200,PET,Q,5,29,0.0008077644278682
09505200,PET,Q,5,30,0.0009687314625999935
09505350,PET,Q,5,1,0.0020019130882656423
09505350,PET,Q,5,2,0.0019603754096676265
09505350,PET,Q,5,3,0.0021058367400315844
09505350,PET,Q,5,4,0.0019881220118469108
09505350,PET,Q,5,5,0.0018866229682479724
09505350,PET,Q,5,6,0.001941243606585187
09505350,PET,Q,5,7,0.0021766239520045333
09505350,PET,Q,5,8,0.002153797132629226
09505350,PET,Q,5,9,0.00217840954130058
09505350,PET,Q,5,10,0.0019597978285988554
09505350,PET,Q,5,11,0.0018801236821425794
09505350,PET,Q,5,12,0.0017715233081023532
09505350,PET,Q,5,13,0.002128322765624382
09505350,PET,Q,5,14,0.0020785231885798693
09505350,PET,Q,5,15,0.002064333448443121
09505350,PET,Q,5,16,0.0021716739609588046
09505350,PET,Q,5,17,0.0020731005313497815
09505350,PET,Q,5,18,0.0019872205377900673
09505350,PET,Q,5,19,0.0021831918394491327
09505350,PET,Q,5,20,0.002069298592952004
09505350,PET,Q,5,21,0.002559949008282429
09505350,PET,Q,5,22,0.0021403973581899
09505350,PET,Q,5,23,0.0021562580208834767
09505350,PET,Q,5,24,0.0022215893037323027
09505350,PET,Q,5,25,0.0022019473418890857
09505350,PET,Q,5,26,0.002255587668543474
09505350,PET,Q,5,27,0.0019142195664554884
09505350,PET,Q,5,28,0.0020820953792157343
09505350,PET,Q,5,29,0.0022688598607057443
09505350,PET,Q,5,30,0.002004680725487009
09505800,PET,Q,5,1,0.0008886069822363479
09505800,PET,Q,5,2,0.0008369170855606622
09505800,PET,Q,5,3,0.0008803935294789712
09505800,PET,Q,5,4,0.000880832547517826
09505800,PET,Q,5,5,0.0007263651753652983
09505800,PET,Q,5,6,0.0008876382047129979
09505800,PET,Q,5,7,0.0007267085693101472
09505800,PET,Q,5,8,0.0006926019116467747
09505800,PET,Q,5,9,0.0007268454505139979
09505800,PET,Q,5,10,0.0008447981779761797
09505800,PET,Q,5,11,0.0008450790020884842
09505800,PET,Q,5,12,0.0008452386139405216
09505800,PET,Q,5,13,0.0008453982869635317
09505800,PET,Q,5,14,0.0008455580211919785
09505800,PET,Q,5,15,0.0008529550516160958
09505800,PET,Q,5,16,0.0005480269780130161
09505800,PET,Q,5,17,0.0007281291646204033
09505800,PET,Q,5,18,0.0008966212706134295
09505800,PET,Q,5,19,0.0008969890728481138
09505800,PET,Q,5,20,0.0008971736687552571
09505800,PET,Q,5,21,0.0010724667748439626
09505800,PET,Q,5,22,0.0010230838536508663
09505800,PET,Q,5,23,0.000717696052692382
09505800,PET,Q,5,24,0.0008979127587010107
09505800,PET,Q,5,25,0.0008980977079660977
09505800,PET,Q,5,26,0.0008982827280220786
09505800,PET,Q,5,27,0.000847682096667848
09505800,PET,Q,5,28,0.000973239001242656
09505800,PET,Q,5,29,0.0008442077087540655
09505800,PET,Q,5,30,0.0010201138568005624
09508300,PET,Q,5,1,0.0018970827477018566
09508300,PET,Q,5,2,0.001374303211013058
09508300,PET,Q,5,3,0.0015214841395316987
09508300,PET,Q,5,4,0.001569530549712192
09508300,PET,Q,5,5,0.0015437410276007112
09508300,PET,Q,5,6,0.001662911029213024
09508300,PET,Q,5,7,0.001645114854830057
09508300,PET,Q,5,8,0.0014738742756066694
09508300,PET,Q,5,9,0.0015195493000869087
09508300,PET,Q,5,10,0.0016260425002075016
09508300,PET,Q,5,11,0.0015545924558946593
09508300,PET,Q,5,12,0.0015379248576310282
09508300,PET,Q,5,13,0.0014792441984618973
09508300,PET,Q,5,14,0.001580302310615532
09508300,PET,Q,5,15,0.0015604750018987437
09508300,PET,Q,5,16,0.001560880585502706
09508300,PET,Q,5,17,0.0015612474679387867
09508300,PET,Q,5,18,0.0016613502970190437
09508300,PET,Q,5,19,0.0016460787082503703
09508300,PET,Q,5,20,0.0016465081475545429
09508300,PET,Q,5,21,0.0017064612537516823
09508300,PET,Q,5,22,0.0016654102355203593
09508300,PET,Q,5,23,0.0016594782612548778
09508300,PET,Q,5,24,0.0016599299346487066
09508300,PET,Q,5,25,0.0016666320172428022
09508300,PET,Q,5,26,0.0016670872512320883
09508300,PET,Q,5,27,0.001443047279694687
09508300,PET,Q,5,28,0.001455288650005656
09508300,PET,Q,5,29,0.0015835428770847593
09508300,PET,Q,5,30,0.0015206621451006458
09510200,PET,Q,5,1,0.0018370791634267705
09510200,PET,Q,5,2,0.0016055417572814548
09510200,PET,Q,5,3,0.0018451777761519551
09510200,PET,Q,5,4,0.001932348642574546
09510200,PET,Q,5,5,0.0018740600035736972
09510200,PET,Q,5,6,0.001806491854848536
09510200,PET,Q,5,7,0.001830108895875475
09510200,PET,Q,5,8,0.0018579412825214144
09510200,PET,Q,5,9,0.00183039726128352
09510200,PET,Q,5,10,0.001803192794043066
09510200,PET,Q,5,11,0.0018664842118482315
09510200,PET,Q,5,12,0.0017653738396366525
09510200,PET,Q,5,13,0.0016258984704406836
09510200,PET,Q,5,14,0.0018323030378727609
09510200,PET,Q,5,15,0.0018956651012264313
09510200,PET,Q,5,16,0.0018704912387776627
09510200,PET,Q,5,17,0.0018708980786286307
09510200,PET,Q,5,18,0.001983667875375964
09510200,PET,Q,5,19,0.0019605284428168765
09510200,PET,Q,5,20,0.001960964853455236
09510200,PET,Q,5,21,0.0020203818279287446
09510200,PET,Q,5,22,0.0020987623598193034
09510200,PET,Q,5,23,0.0019978508193965946
09510200,PET,Q,5,24,0.0022101038957061253
09510200,PET,Q,5,25,0.0018478340219241843
09510200,PET,Q,5,26,0.0018482843898821391
09510200,PET,Q,5,27,0.0018487349386716034
09510200,PET,Q,5,28,0.0018491856683995507
09510200,PET,Q,5,29,0.0018496365791722397
09510200,PET,Q,5,30,0.0018500876710974973
09512280,PET,Q,5,1,0.0009148484208160515
09512280,PET,Q,5,2,0.000645112555796962
09512280,PET,Q,5,3,0.0007238141195637544
09512280,PET,Q,5,4,0.0006823902584122601
09512280,PET,Q,5,5,0.0006827338323105777
09512280,PET,Q,5,6,0.0007070831052109153
09512280,PET,Q,5,7,0.0007072890861039571
09512280,PET,Q,5,8,0.0006831878852257452
09512280,PET,Q,5,9,0.0006833812740860944
09512280,PET,Q,5,10,0.0006835433092924875
09512280,PET,Q,5,11,0.0007850637744202648
09512280,PET,Q,5,12,0.0006408331036584572
09512280,PET,Q,5,13,0.0007048544112962813
09512280,PET,Q,5,14,0.0006841607113240566
09512280,PET,Q,5,15,0.0006843545360669216
09512280,PET,Q,5,16,0.0007087244509909017
09512280,PET,Q,5,17,0.0006846480710136355
09512280,PET,Q,5,18,0.0006848421142918587
09512280,PET,Q,5,19,0.0007057480131928452
09512280,PET,Q,5,20,0.0007059529292731404
09512280,PET,Q,5,21,0.0008077859777878959
09512280,PET,Q,5,22,0.0008948649900174799
09512280,PET,Q,5,23,0.0007935760573746318
09512280,PET,Q,5,24,0.000959495441684834
09512280,PET,Q,5,25,0.000916594872950616
09512280,PET,Q,5,26,0.0009170498643119099
09512280,PET,Q,5,27,0.0009172778104994551
09512280,PET,Q,5,28,0.0009175058507396548
09512280,PET,Q,5,29,0.0009177339850886743
09512280,PET,Q,5,30,0.0009179622136046561
09513780,PET,Q,5,1,0.0010368751025592506
09513780,PET,Q,5,2,0.0007040901615925337
09513780,PET,Q,5,3,0.000703288607147896
09513780,PET,Q,5,4,0.0008011212872110381
09513780,PET,Q,5,5,0.000801571012362591
09513780,PET,Q,5,6,0.0008262933922227721
09513780,PET,Q,5,7,0.0007262059549436369
09513780,PET,Q,5,8,0.000726336352817587
09513780,PET,Q,5,9,0.0007265025007449789
09513780,PET,Q,5,10,0.0007266687194660559
09513780,PET,Q,5,11,0.0007832760236190176
09513780,PET,Q,5,12,0.0006852002381476617
09513780,PET,Q,5,13,0.000747573110419052
09513780,PET,Q,5,14,0.0008031553535323005
09513780,PET,Q,5,15,0.000803507838380145
09513780,PET,Q,5,16,0.0008282506604274705
09513780,PET,Q,5,17,0.0008284869174155027
09513780,PET,Q,5,18,0.0008040609819890895
09513780,PET,Q,5,19,0.0008246999500337738
09513780,PET,Q,5,20,0.0008249341093054165
09513780,PET,Q,5,21,0.0008819570355740273
09513780,PET,Q,5,22,0.001017354654156295
09513780,PET,Q,5,23,0.000960826364654466
09513780,PET,Q,5,24,0.0010802235342184628
09513780,PET,Q,5,25,0.0010388681697959326
09513780,PET,Q,5,26,0.0010391248111421992
09513780,PET,Q,5,27,0.0010393815556270832
09513780,PET,Q,5,28,0.001039638403311418
09513780,PET,Q,5,29,0.001039895354256375
09513780,PET,Q,5,30,0.0010401524085224476
10023000,PET,Q,5,1,0.0024407522736583642
10023000,PET,Q,5,2,0.003503917263152523
10023000,PET,Q,5,3,0.002364771875694005
10023000,PET,Q,5,4,0.0026932705821064995
10023000,PET,Q,5,5,0.002755735737564158
10023000,PET,Q,5,6,0.0024144204507005607
10023000,PET,Q,5,7,0.002100750657356265
10023000,PET,Q,5,8,0.0030189444031538115
10023000,PET,Q,5,9,0.002739715531097031
10023000,PET,Q,5,10,0.0023976687209629755
10023000,PET,Q,5,11,0.0027630981607306704
10023000,PET,Q,5,12,0.002799819415337801
10023000,PET,Q,5,13,0.0029849230240091007
10023000,PET,Q,5,14,0.0032576576530294887
10023000,PET,Q,5,15,0.0020831984750455113
10023000,PET,Q,5,16,0.0022984067061267988
10023000,PET,Q,5,17,0.002742544176373596
10023000,PET,Q,5,18,0.0028347649504680827
10023000,PET,Q,5,19,0.0030106274319524062
10023000,PET,Q,5,20,0.0026474493296409496
10023000,PET,Q,5,21,0.0034398206899693973
10023000,PET,Q,5,22,0.002805733557597334
10023000,PET,Q,5,23,0.0029758625075428924
10023000,PET,Q,5,24,0.0027501729821086673
10023000,PET,Q,5,25,0.0032938433794551525
10023000,PET,Q,5,26,0.002865457515614289
10023000,PET,Q,5,27,0.0027247350227247447
10023000,PET,Q,5,28,0.002716983363602321
10023000,PET,Q,5,29,0.0030478852739056483
10023000,PET,Q,5,30,0.0026671991224562763
10166430,PET,Q,5,1,0.0038249345045836547
10166430,PET,Q,5,2,0.0035008585461945296
10166430,PET,Q,5,3,0.0035165871102902924
10166430,PET,Q,5,4,0.003927820164903617
10166430,PET,Q,5,5,0.004418444744605121
10166430,PET,Q,5,6,0.004999577807000888
10166430,PET,Q,5,7,0.004477850649886372
10166430,PET,Q,5,8,0.003500081248861142
10166430,PET,Q,5,9,0.003613473512361687
10166430,PET,Q,5,10,0.004586461929660279
10166430,PET,Q,5,11,0.004378583359924915
10166430,PET,Q,5,12,0.004463562340441984
10166430,PET,Q,5,13,0.004079097009596078
10166430,PET,Q,5,14,0.0037243687744552
10166430,PET,Q,5,15,0.003198592421919888
10166430,PET,Q,5,16,0.003567430110580583
10166430,PET,Q,5,17,0.004121183069797918
10166430,PET,Q,5,18,0.003851011927472947
10166430,PET,Q,5,19,0.0038577176624852716
10166430,PET,Q,5,20,0.003956276536917935
10166430,PET,Q,5,21,0.004926423696174964
10166430,PET,Q,5,22,0.0036637037084439328
10166430,PET,Q,5,23,0.0038041179893921195
10166430,PET,Q,5,24,0.004642834335525037
10166430,PET,Q,5,25,0.00450132430249417
10166430,PET,Q,5,26,0.004523321305616779
10166430,PET,Q,5,27,0.00442110153719949
10166430,PET,Q,5,28,0.003276144962894967
10166430,PET,Q,5,29,0.0036423959130076344
10166430,PET,Q,5,30,0.004141351845672769
10172700,PET,Q,5,1,0.003400743045173918
10172700,PET,Q,5,2,0.002620686638565975
10172700,PET,Q,5,3,0.002794690039532144
10172700,PET,Q,5,4,0.0030943120393817775
10172700,PET,Q,5,5,0.003142506137344833
10172700,PET,Q,5,6,0.002853644966987784
10172700,PET,Q,5,7,0.001883036642605987
10172700,PET,Q,5,8,0.0019353193856475603
10172700,PET,Q,5,9,0.001988467719719167
10172700,PET,Q,5,10,0.002991529166514101
10172700,PET,Q,5,11,0.0029520618523593
10172700,PET,Q,5,12,0.0022257933523837092
10172700,PET,Q,5,13,0.002109399755050173
10172700,PET,Q,5,14,0.00273703384765929
10172700,PET,Q,5,15,0.002108597914247168
10172700,PET,Q,5,16,0.0020812833939458097
10172700,PET,Q,5,17,0.0023204473748596466
10172700,PET,Q,5,18,0.002102143348655189
10172700,PET,Q,5,19,0.002140528274669762
10172700,PET,Q,5,20,0.002663457254532209
10172700,PET,Q,5,21,0.0019347807309428172
10172700,PET,Q,5,22,0.001914657599896133
10172700,PET,Q,5,23,0.0016435319091709644
10172700,PET,Q,5,24,0.0017199468718635536
10172700,PET,Q,5,25,0.0015457378044827497
10172700,PET,Q,5,26,0.002338576700912795
10172700,PET,Q,5,27,0.0024540295997044492
10172700,PET,Q,5,28,0.0019825281501532344
10172700,PET,Q,5,29,0.0018800995411365623
10172700,PET,Q,5,30,0.0017770700494597474
10172800,PET,Q,5,1,0.005655579472705785
10172800,PET,Q,5,2,0.006183024928060277
10172800,PET,Q,5,3,0.005809255980001871
10172800,PET,Q,5,4,0.004688212895572363
10172800,PET,Q,5,5,0.0042681850658704
10172800,PET,Q,5,6,0.004149606072416545
10172800,PET,Q,5,7,0.0045976111627843985
10172800,PET,Q,5,8,0.003661865215746074
10172800,PET,Q,5,9,0.004385814868468563
10172800,PET,Q,5,10,0.0041493618226834394
10172800,PET,Q,5,11,0.004039206081226321
10172800,PET,Q,5,12,0.0047322283277957955
10172800,PET,Q,5,13,0.005087379107813761
10172800,PET,Q,5,14,0.005190201242957049
10172800,PET,Q,5,15,0.004695267755888188
10172800,PET,Q,5,16,0.004548565364490054
10172800,PET,Q,5,17,0.00442993256832358
10172800,PET,Q,5,18,0.004165510765309244
10172800,PET,Q,5,19,0.004799912175055987
10172800,PET,Q,5,20,0.004404953298758618
10172800,PET,Q,5,21,0.003827080110339276
10172800,PET,Q,5,22,0.0049336532813415435
10172800,PET,Q,5,23,0.004011114172386032
10172800,PET,Q,5,24,0.0037892745772576952
10172800,PET,Q,5,25,0.004187610677602038
10172800,PET,Q,5,26,0.004038823449759477
10172800,PET,Q,5,27,0.004060011341870007
10172800,PET,Q,5,28,0.0032903749014858708
10172800,PET,Q,5,29,0.003459543565302148
10172800,PET,Q,5,30,0.00411598956417536
10173450,PET,Q,5,1,0.004283893868338162
10173450,PET,Q,5,2,0.004130850083278653
10173450,PET,Q,5,3,0.003163678349857091
10173450,PET,Q,5,4,0.0035024358933322397
10173450,PET,Q,5,5,0.0037309104937548188
10173450,PET,Q,5,6,0.0029342455480948215
10173450,PET,Q,5,7,0.0028889843077566646
10173450,PET,Q,5,8,0.0026787409204821755
10173450,PET,Q,5,9,0.0029764266936228023
10173450,PET,Q,5,10,0.0032620183635809485
10173450,PET,Q,5,11,0.0032449550756724066
10173450,PET,Q,5,12,0.0026728550781031923
10173450,PET,Q,5,13,0.0028654298443824
10173450,PET,Q,5,14,0.0021546353491450343
10173450,PET,Q,5,15,0.003626546178328166
10173450,PET,Q,5,16,0.0024441025736980926
10173450,PET,Q,5,17,0.0028119677760837236
10173450,PET,Q,5,18,0.003155375962022755
10173450,PET,Q,5,19,0.0030529365631962457
10173450,PET,Q,5,20,0.0024843202278128917
10173450,PET,Q,5,21,0.0027148942720822133
10173450,PET,Q,5,22,0.0026486202699201877
10173450,PET,Q,5,23,0.0028128623711968503
10173450,PET,Q,5,24,0.0032183749909558967
10173450,PET,Q,5,25,0.002154900958628414
10173450,PET,Q,5,26,0.0032610070392523893
10173450,PET,Q,5,27,0.0027697628787657913
10173450,PET,Q,5,28,0.0025536397916113562
10173450,PET,Q,5,29,0.003025011265891331
10173450,PET,Q,5,30,0.0035187092695254663
10205030,PET,Q,5,1,0.0028253713152328885
10205030,PET,Q,5,2,0.0034714755966629846
10205030,PET,Q,5,3,0.002497521271485864
10205030,PET,Q,5,4,0.0028694090236064673
10205030,PET,Q,5,5,0.0029981477119868233
10205030,PET,Q,5,6,0.0029188016237010755
10205030,PET,Q,5,7,0.0024222811643342668
10205030,PET,Q,5,8,0.0025804363067609554
10205030,PET,Q,5,9,0.002992924710127673
10205030,PET,Q,5,10,0.0030759079082209734
10205030,PET,Q,5,11,0.002780482167965656
10205030,PET,Q,5,12,0.0024813021712638966
10205030,PET,Q,5,13,0.002450441833808298
10205030,PET,Q,5,14,0.0025715276005347926
10205030,PET,Q,5,15,0.0025640430148036603
10205030,PET,Q,5,16,0.00253901848314822
10205030,PET,Q,5,17,0.0026042936144244216
10205030,PET,Q,5,18,0.002528684308935006
10205030,PET,Q,5,19,0.002566460940801346
10205030,PET,Q,5,20,0.00266603950926321
10205030,PET,Q,5,21,0.002438467882603393
10205030,PET,Q,5,22,0.00279371745328158
10205030,PET,Q,5,23,0.00278115962363365
10205030,PET,Q,5,24,0.0026668908827776894
10205030,PET,Q,5,25,0.0029642591350436676
10205030,PET,Q,5,26,0.003113353208839792
10205030,PET,Q,5,27,0.002655115806135991
10205030,PET,Q,5,28,0.0024287111328541583
10205030,PET,Q,5,29,0.002607865941826229
10205030,PET,Q,5,30,0.002172722120443879
10234500,PET,Q,5,1,0.005845785558268646
10234500,PET,Q,5,2,0.004166907106833512
10234500,PET,Q,5,3,0.003395480413424995
10234500,PET,Q,5,4,0.002705493749679433
10234500,PET,Q,5,5,0.0036376993559545934
10234500,PET,Q,5,6,0.0027411182688854008
10234500,PET,Q,5,7,0.0027319609587053706
10234500,PET,Q,5,8,0.0024218500224186534
10234500,PET,Q,5,9,0.0031509825920436607
10234500,PET,Q,5,10,0.00411121554356203
10234500,PET,Q,5,11,0.003575458942765286
10234500,PET,Q,5,12,0.0032628994253809385
10234500,PET,Q,5,13,0.002506561110226929
10234500,PET,Q,5,14,0.002496583783522549
10234500,PET,Q,5,15,0.002815808824023519
10234500,PET,Q,5,16,0.0030725670613282463
10234500,PET,Q,5,17,0.003674925333675444
10234500,PET,Q,5,18,0.0030972880224794386
10234500,PET,Q,5,19,0.003147030754263591
10234500,PET,Q,5,20,0.003181768504860516
10234500,PET,Q,5,21,0.0031636749503052564
10234500,PET,Q,5,22,0.0028209107122524613
10234500,PET,Q,5,23,0.0024759975866980866
10234500,PET,Q,5,24,0.0026564529612861654
10234500,PET,Q,5,25,0.0025271594937462394
10234500,PET,Q,5,26,0.002780807225433335
10234500,PET,Q,5,27,0.0021405164472348692
10234500,PET,Q,5,28,0.002747622336842781
10234500,PET,Q,5,29,0.002645727259067532
10234500,PET,Q,5,30,0.0031645876368416592
10242000,PET,Q,5,1,0.005806772561313511
10242000,PET,Q,5,2,0.00397728341517406
10242000,PET,Q,5,3,0.00383425343026364
10242000,PET,Q,5,4,0.0033901899935147584
10242000,PET,Q,5,5,0.003117967988556597
10242000,PET,Q,5,6,0.0032675420889306805
10242000,PET,Q,5,7,0.0033044803435566816
10242000,PET,Q,5,8,0.0038305195134615277
10242000,PET,Q,5,9,0.0028233165783032033
10242000,PET,Q,5,10,0.002496355289462404
10242000,PET,Q,5,11,0.0033388442983708078
10242000,PET,Q,5,12,0.003148290298962131
10242000,PET,Q,5,13,0.003128624521860607
10242000,PET,Q,5,14,0.0031705326504716247
10242000,PET,Q,5,15,0.0032541312526697397
10242000,PET,Q,5,16,0.0028818618806635
10242000,PET,Q,5,17,0.0029006985080869685
10242000,PET,Q,5,18,0.0029426594777801907
10242000,PET,Q,5,19,0.0033622037179198982
10242000,PET,Q,5,20,0.0033701013695011384
10242000,PET,Q,5,21,0.003040995726705631
10242000,PET,Q,5,22,0.0034118211987486657
10242000,PET,Q,5,23,0.0044313916146657695
10242000,PET,Q,5,24,0.0034006257199573897
10242000,PET,Q,5,25,0.003026407683274973
10242000,PET,Q,5,26,0.003878024559138188
10242000,PET,Q,5,27,0.0030995119138518823
10242000,PET,Q,5,28,0.00332760352435732
10242000,PET,Q,5,29,0.0029089635907682543
10242000,PET,Q,5,30,0.003573781736064624
10244950,PET,Q,5,1,0.0025854724202946655
10244950,PET,Q,5,2,0.0023619879268523825
10244950,PET,Q,5,3,0.0017550707914658625
10244950,PET,Q,5,4,0.0015816679896675234
10244950,PET,Q,5,5,0.0024141771705125104
10244950,PET,Q,5,6,0.0017138331582579047
10244950,PET,Q,5,7,0.0018295049871159819
10244950,PET,Q,5,8,0.0024215300044653776
10244950,PET,Q,5,9,0.0014975395058012264
10244950,PET,Q,5,10,0.0016362188301000669
10244950,PET,Q,5,11,0.001779685118194374
10244950,PET,Q,5,12,0.0017157777020335718
10244950,PET,Q,5,13,0.0020725715213808504
10244950,PET,Q,5,14,0.002039091529022985
10244950,PET,Q,5,15,0.0020852629244552667
10244950,PET,Q,5,16,0.001977448693953332
10244950,PET,Q,5,17,0.0015389706005166648
10244950,PET,Q,5,18,0.0015296363164130078
10244950,PET,Q,5,19,0.001448621384244675
10244950,PET,Q,5,20,0.002562197488504281
10244950,PET,Q,5,21,0.003077261195828629
10244950,PET,Q,5,22,0.0021761967437557983
10244950,PET,Q,5,23,0.0020975478350503396
10244950,PET,Q,5,24,0.002227653309709088
10244950,PET,Q,5,25,0.0021612985804222995
10244950,PET,Q,5,26,0.0021044029073494785
10244950,PET,Q,5,27,0.0021584802640474687
10244950,PET,Q,5,28,0.0019666202272866085
10244950,PET,Q,5,29,0.0013193753031462974
10244950,PET,Q,5,30,0.0018237044802488778
10249300,PET,Q,5,1,0.0015624259874273058
10249300,PET,Q,5,2,0.0015746322954865999
10249300,PET,Q,5,3,0.0011984976492582997
10249300,PET,Q,5,4,0.0012951364503359653
10249300,PET,Q,5,5,0.0013438400073115878
10249300,PET,Q,5,6,0.0016153324420440096
10249300,PET,Q,5,7,0.0015640566244689985
10249300,PET,Q,5,8,0.001287481098899472
10249300,PET,Q,5,9,0.001317554993446178
10249300,PET,Q,5,10,0.002189916822915257
10249300,PET,Q,5,11,0.0018720125687922765
10249300,PET,Q,5,12,0.00245112811839953
10249300,PET,Q,5,13,0.0017213297029547783
10249300,PET,Q,5,14,0.0013058199477393104
10249300,PET,Q,5,15,0.0012430819656032918
10249300,PET,Q,5,16,0.0012686552035505866
10249300,PET,Q,5,17,0.0016717400438222701
10249300,PET,Q,5,18,0.0019645946103545656
10249300,PET,Q,5,19,0.0018773309514567849
10249300,PET,Q,5,20,0.001297220915366576
10249300,PET,Q,5,21,0.001260119001355496
10249300,PET,Q,5,22,0.0013330720441443109
10249300,PET,Q,5,23,0.001717806669939155
10249300,PET,Q,5,24,0.0014012159706540198
10249300,PET,Q,5,25,0.001158229402500273
10249300,PET,Q,5,26,0.0011663833524204678
10249300,PET,Q,5,27,0.0021682411396433537
10249300,PET,Q,5,28,0.0018259982456472826
10249300,PET,Q,5,29,0.0022499641793241668
10249300,PET,Q,5,30,0.0016482504981074342
10258000,PET,Q,5,1,0.0006259930754756154
10258000,PET,Q,5,2,0.0008985063724477136
10258000,PET,Q,5,3,0.0006262580882473948
10258000,PET,Q,5,4,0.0007710051041371156
10258000,PET,Q,5,5,0.0008630190793959911
10258000,PET,Q,5,6,0.0008631712159978839
10258000,PET,Q,5,7,0.0008633234072169399
10258000,PET,Q,5,8,0.0008634756530841361
10258000,PET,Q,5,9,0.0008636279536303158
10258000,PET,Q,5,10,0.0008637803088851082
10258000,PET,Q,5,11,0.0008639327188791276
10258000,PET,Q,5,12,0.0008640420509148199
10258000,PET,Q,5,13,0.0008642377032069513
10258000,PET,Q,5,14,0.000864433440027474
10258000,PET,Q,5,15,0.0008645860728403679
10258000,PET,Q,5,16,0.0008647387605461368
10258000,PET,Q,5,17,0.0008648915031743594
10258000,PET,Q,5,18,0.000993196218042369
10258000,PET,Q,5,19,0.0007567637822990282
10258000,PET,Q,5,20,0.0005367090155223974
10258000,PET,Q,5,21,0.0009018690724120655
10258000,PET,Q,5,22,0.0006289154228905983
10258000,PET,Q,5,23,0.0007738469909272308
10258000,PET,Q,5,24,0.0009943070424492904
10258000,PET,Q,5,25,0.0006293163042628974
10258000,PET,Q,5,26,0.0007742838752020295
10258000,PET,Q,5,27,0.000866421956911714
10258000,PET,Q,5,28,0.0008665753057053426
10258000,PET,Q,5,29,0.0008667287097895889
10258000,PET,Q,5,30,0.0008668821691944963
10258500,PET,Q,5,1,0.0012018217241179033
10258500,PET,Q,5,2,0.0011655417771351817
10258500,PET,Q,5,3,0.0013779349917934676
10258500,PET,Q,5,4,0.0013282255980173949
10258500,PET,Q,5,5,0.0012157670641576752
10258500,PET,Q,5,6,0.0012511028963386114
10258500,PET,Q,5,7,0.0014497331452288757
10258500,PET,Q,5,8,0.0012864167124568837
10258500,PET,Q,5,9,0.0016090241657826798
10258500,PET,Q,5,10,0.0014760194165885782
10258500,PET,Q,5,11,0.0010791932067484925
10258500,PET,Q,5,12,0.0013495959744351596
10258500,PET,Q,5,13,0.0014255676584145512
10258500,PET,Q,5,14,0.0014949240125652179
10258500,PET,Q,5,15,0.0013723277124223256
10258500,PET,Q,5,16,0.0014834970582259868
10258500,PET,Q,5,17,0.0013331843765277997
10258500,PET,Q,5,18,0.0014394754739023193
10258500,PET,Q,5,19,0.0011575477582278365
10258500,PET,Q,5,20,0.0010511213985507223
10258500,PET,Q,5,21,0.0010521279743621013
10258500,PET,Q,5,22,0.0010408351532291624
10258500,PET,Q,5,23,0.0010103386038022369
10258500,PET,Q,5,24,0.0010941214612554262
10258500,PET,Q,5,25,0.0010947657923504363
10258500,PET,Q,5,26,0.00114331672534378
10258500,PET,Q,5,27,0.0011985927235449653
10258500,PET,Q,5,28,0.001194776075200743
10258500,PET,Q,5,29,0.0011108196821988763
10258500,PET,Q,5,30,0.0010272042721570784
10259000,PET,Q,5,1,0.0009517924529124228
10259000,PET,Q,5,2,0.0009957849848276842
10259000,PET,Q,5,3,0.0008740293882867831
10259000,PET,Q,5,4,0.0008518628958539796
10259000,PET,Q,5,5,0.0008095717755345622
10259000,PET,Q,5,6,0.0008397218468468269
10259000,PET,Q,5,7,0.0008400714039012748
10259000,PET,Q,5,8,0.0008675396826884653
10259000,PET,Q,5,9,0.0008455683449092172
10259000,PET,Q,5,10,0.0008457428105708813
10259000,PET,Q,5,11,0.0008884236238960799
10259000,PET,Q,5,12,0.000883357911330613
10259000,PET,Q,5,13,0.0008409404538047144
10259000,PET,Q,5,14,0.0008411470658046538
10259000,PET,Q,5,15,0.0008635204539850019
10259000,PET,Q,5,16,0.000868950587175097
10259000,PET,Q,5,17,0.0008469659955628907
10259000,PET,Q,5,18,0.0008898145338521839
10259000,PET,Q,5,19,0.0008856353409138068
10259000,PET,Q,5,20,0.0008549956248107941
10259000,PET,Q,5,21,0.0009489342961777995
10259000,PET,Q,5,22,0.0009203501076927786
10259000,PET,Q,5,23,0.0011512814241660778
10259000,PET,Q,5,24,0.0011700177371494098
10259000,PET,Q,5,25,0.0009039570738466549
10259000,PET,Q,5,26,0.0010012603870155762
10259000,PET,Q,5,27,0.0009392152888565881
10259000,PET,Q,5,28,0.000939439574539621
10259000,PET,Q,5,29,0.0009396639480691131
10259000,PET,Q,5,30,0.0009398884094939906
10259200,PET,Q,5,1,0.0012520915882443112
10259200,PET,Q,5,2,0.0012940052682895303
10259200,PET,Q,5,3,0.0011782838523643167
10259200,PET,Q,5,4,0.0012307474801546044
10259200,PET,Q,5,5,0.0012175176413288177
10259200,PET,Q,5,6,0.0013363261243995901
10259200,PET,Q,5,7,0.0014891402434980203
10259200,PET,Q,5,8,0.0013999967401472461
10259200,PET,Q,5,9,0.001424064837772663
10259200,PET,Q,5,10,0.0014299781342039138
10259200,PET,Q,5,11,0.0014778933933229342
10259200,PET,Q,5,12,0.0013377697874882785
10259200,PET,Q,5,13,0.0012743169933268732
10259200,PET,Q,5,14,0.0014014640468797065
10259200,PET,Q,5,15,0.0014017171475931602
10259200,PET,Q,5,16,0.0013858280760122854
10259200,PET,Q,5,17,0.0014556853364400511
10259200,PET,Q,5,18,0.0014874789793368516
10259200,PET,Q,5,19,0.00152627183422515
10259200,PET,Q,5,20,0.001424237463939139
10259200,PET,Q,5,21,0.0012719820002811723
10259200,PET,Q,5,22,0.0011840807304788134
10259200,PET,Q,5,23,0.001168064889214157
10259200,PET,Q,5,24,0.0011683257348266349
10259200,PET,Q,5,25,0.00115244694738343
10259200,PET,Q,5,26,0.0011527771123432326
10259200,PET,Q,5,27,0.0011530440758900432
10259200,PET,Q,5,28,0.0011693914683909672
10259200,PET,Q,5,29,0.001169666995535279
10259200,PET,Q,5,30,0.0011699355580852312
10263500,PET,Q,5,1,0.0011002842261765358
10263500,PET,Q,5,2,0.0010722531373210248
10263500,PET,Q,5,3,0.0012154770576718217
10263500,PET,Q,5,4,0.0012397129293489247
10263500,PET,Q,5,5,0.0013179642033936713
10263500,PET,Q,5,6,0.0014505598203033501
10263500,PET,Q,5,7,0.0011641183337996845
10263500,PET,Q,5,8,0.0014617165633858224
10263500,PET,Q,5,9,0.0013867758046510609
10263500,PET,Q,5,10,0.0013870380983785728
10263500,PET,Q,5,11,0.0013039834244707796
10263500,PET,Q,5,12,0.0013795049470267662
10263500,PET,Q,5,13,0.0013797477191238132
10263500,PET,Q,5,14,0.001463326920238827
10263500,PET,Q,5,15,0.001388350966891487
10263500,PET,Q,5,16,0.0014427517098796507
10263500,PET,Q,5,17,0.0011887742253700456
10263500,PET,Q,5,18,0.0013893104618635903
10263500,PET,Q,5,19,0.0013724109941341371
10263500,PET,Q,5,20,0.0012438056002437164
10263500,PET,Q,5,21,0.0012443054842795967
10263500,PET,Q,5,22,0.0011733595241172796
10263500,PET,Q,5,23,0.0011736250294200994
10263500,PET,Q,5,24,0.0013777788462740123
10263500,PET,Q,5,25,0.001310487419833875
10263500,PET,Q,5,26,0.0013107834159576115
10263500,PET,Q,5,27,0.00131107952062081
10263500,PET,Q,5,28,0.0013113757338815493
10263500,PET,Q,5,29,0.0013116720557980084
10263500,PET,Q,5,30,0.001311968486427232
10310500,PET,Q,5,1,0.0005592546960888813
10310500,PET,Q,5,2,0.0005593511176154586
10310500,PET,Q,5,3,0.000413726018176035
10310500,PET,Q,5,4,0.00041380985814359547
10310500,PET,Q,5,5,0.00041389059622427143
10310500,PET,Q,5,6,0.00041397137303083795
10310500,PET,Q,5,7,0.000414052188590348
10310500,PET,Q,5,8,0.0005597909124315549
10310500,PET,Q,5,9,0.0005356418016150416
10310500,PET,Q,5,10,0.00044488204114594837
10310500,PET,Q,5,11,0.0004740032727363029
10310500,PET,Q,5,12,0.0005603176514883592
10310500,PET,Q,5,13,0.0005604145373627554
10310500,PET,Q,5,14,0.0005315601464476738
10310500,PET,Q,5,15,0.00047435355883788076
10310500,PET,Q,5,16,0.000560705449407688
10310500,PET,Q,5,17,0.0005319370083981256
10310500,PET,Q,5,18,0.0006047648518657366
10310500,PET,Q,5,19,0.0005375672444166753
10310500,PET,Q,5,20,0.0003786424460050664
10310500,PET,Q,5,21,0.00044623110463268625
10310500,PET,Q,5,22,0.00044634774138603735
10310500,PET,Q,5,23,0.0004464644343376272
10310500,PET,Q,5,24,0.0004465811835272313
10310500,PET,Q,5,25,0.0004466979889923839
10310500,PET,Q,5,26,0.00044681485077281355
10310500,PET,Q,5,27,0.00044693176890723066
10310500,PET,Q,5,28,0.0006064236462039532
10310500,PET,Q,5,29,0.0005391540001932378
10310500,PET,Q,5,30,0.0005393130874988931
10316500,PET,Q,5,1,0.010608505817693348
10316500,PET,Q,5,2,0.007798693935172463
10316500,PET,Q,5,3,0.005857525678767739
10316500,PET,Q,5,4,0.005630834980511312
10316500,PET,Q,5,5,0.004613485728389155
10316500,PET,Q,5,6,0.005123294141741397
10316500,PET,Q,5,7,0.0051552588019637136
10316500,PET,Q,5,8,0.00572537147231289
10316500,PET,Q,5,9,0.0061125414871033845
10316500,PET,Q,5,10,0.00630237158251834
10316500,PET,Q,5,11,0.0059167149892142
10316500,PET,Q,5,12,0.005513740614303986
10316500,PET,Q,5,13,0.00470505303735419
10316500,PET,Q,5,14,0.0040991604304022045
10316500,PET,Q,5,15,0.004793942941707041
10316500,PET,Q,5,16,0.003989059173875931
10316500,PET,Q,5,17,0.00468773573606901
10316500,PET,Q,5,18,0.004390490234574551
10316500,PET,Q,5,19,0.004169808287826204
10316500,PET,Q,5,20,0.005043821574822527
10316500,PET,Q,5,21,0.005288805614105774
10316500,PET,Q,5,22,0.004469830225230287
10316500,PET,Q,5,23,0.004246402595548537
10316500,PET,Q,5,24,0.00501638981060748
10316500,PET,Q,5,25,0.005572734811272184
10316500,PET,Q,5,26,0.005304443314406326
10316500,PET,Q,5,27,0.003717666047789392
10316500,PET,Q,5,28,0.005803270811462591
10316500,PET,Q,5,29,0.004389112255107963
10316500,PET,Q,5,30,0.00491794676446955
10329500,PET,Q,5,1,0.002811385336378487
10329500,PET,Q,5,2,0.0026335767426424045
10329500,PET,Q,5,3,0.0022597691175710796
10329500,PET,Q,5,4,0.0023336412997699008
10329500,PET,Q,5,5,0.002684994475588391
10329500,PET,Q,5,6,0.0024627213479066004
10329500,PET,Q,5,7,0.0027527452845592867
10329500,PET,Q,5,8,0.0022173225320690493
10329500,PET,Q,5,9,0.002311192111183205
10329500,PET,Q,5,10,0.00229260187746428
10329500,PET,Q,5,11,0.0022007619960553865
10329500,PET,Q,5,12,0.0019080997828036586
10329500,PET,Q,5,13,0.0017129659158175436
10329500,PET,Q,5,14,0.002103304811221396
10329500,PET,Q,5,15,0.002220697338289883
10329500,PET,Q,5,16,0.0018117763627903752
10329500,PET,Q,5,17,0.001849837383749664
10329500,PET,Q,5,18,0.0018582843619147152
10329500,PET,Q,5,19,0.0017712794889898215
10329500,PET,Q,5,20,0.001887332314637842
10329500,PET,Q,5,21,0.0018353889256443809
10329500,PET,Q,5,22,0.0025319767083952227
10329500,PET,Q,5,23,0.0020098003955209207
10329500,PET,Q,5,24,0.0019892042500143023
10329500,PET,Q,5,25,0.00186025492079641
10329500,PET,Q,5,26,0.001883911558954919
10329500,PET,Q,5,27,0.002186499759867712
10329500,PET,Q,5,28,0.002678941740415393
10329500,PET,Q,5,29,0.0025708045887517447
10329500,PET,Q,5,30,0.0019606048461231207
10336645,PET,Q,5,1,0.006223875261259254
10336645,PET,Q,5,2,0.005002416260141848
10336645,PET,Q,5,3,0.00425134366275598
10336645,PET,Q,5,4,0.0036270249127116766
10336645,PET,Q,5,5,0.003499714053947403
10336645,PET,Q,5,6,0.004015518285305858
10336645,PET,Q,5,7,0.0034935506250140524
10336645,PET,Q,5,8,0.003282411808004329
10336645,PET,Q,5,9,0.003258403694230083
10336645,PET,Q,5,10,0.0032676775999089525
10336645,PET,Q,5,11,0.003404708740909035
10336645,PET,Q,5,12,0.00316274956530814
10336645,PET,Q,5,13,0.0030053018936613413
10336645,PET,Q,5,14,0.0027254482233220884
10336645,PET,Q,5,15,0.0030598564977647735
10336645,PET,Q,5,16,0.002888532785615086
10336645,PET,Q,5,17,0.002804594397424573
10336645,PET,Q,5,18,0.0029762750698834883
10336645,PET,Q,5,19,0.0036175951120633876
10336645,PET,Q,5,20,0.0030194814441372453
10336645,PET,Q,5,21,0.003274848711566289
10336645,PET,Q,5,22,0.0031593608415021596
10336645,PET,Q,5,23,0.0029218796421519033
10336645,PET,Q,5,24,0.002588055493488159
10336645,PET,Q,5,25,0.0032183102054691576
10336645,PET,Q,5,26,0.0032487639703635968
10336645,PET,Q,5,27,0.0034089762189989242
10336645,PET,Q,5,28,0.003201592852527635
10336645,PET,Q,5,29,0.002829896983669769
10336645,PET,Q,5,30,0.0033209545508353783
10336660,PET,Q,5,1,0.0010996253675218393
10336660,PET,Q,5,2,0.0010065503479458372
10336660,PET,Q,5,3,0.001067512572369561
10336660,PET,Q,5,4,0.0009262855795427738
10336660,PET,Q,5,5,0.001125092605039249
10336660,PET,Q,5,6,0.0010445463228780719
10336660,PET,Q,5,7,0.0006849123015428178
10336660,PET,Q,5,8,0.0006401357273741089
10336660,PET,Q,5,9,0.000690624228958419
10336660,PET,Q,5,10,0.0007166823353181515
10336660,PET,Q,5,11,0.0008065796495625964
10336660,PET,Q,5,12,0.0011155042662167984
10336660,PET,Q,5,13,0.0005811836406193309
10336660,PET,Q,5,14,0.0006376122619522785
10336660,PET,Q,5,15,0.0007147095346809219
10336660,PET,Q,5,16,0.000658888133884563
10336660,PET,Q,5,17,0.0006486044543517408
10336660,PET,Q,5,18,0.0005935060800998163
10336660,PET,Q,5,19,0.0006170276997392275
10336660,PET,Q,5,20,0.0010474550695079576
10336660,PET,Q,5,21,0.0005750497516510515
10336660,PET,Q,5,22,0.0004835248138503924
10336660,PET,Q,5,23,0.0005757552525353302
10336660,PET,Q,5,24,0.0005829484406663261
10336660,PET,Q,5,25,0.0006600919769062623
10336660,PET,Q,5,26,0.0005390422949422546
10336660,PET,Q,5,27,0.0005394509778871986
10336660,PET,Q,5,28,0.0005958101215285533
10336660,PET,Q,5,29,0.001037874857550268
10336660,PET,Q,5,30,0.0007375875564514835
10336740,PET,Q,5,1,0.005601243061515715
10336740,PET,Q,5,2,0.005805679643916317
10336740,PET,Q,5,3,0.005700213692099831
10336740,PET,Q,5,4,0.00632441600164757
10336740,PET,Q,5,5,0.005430305626070664
10336740,PET,Q,5,6,0.005380166870994629
10336740,PET,Q,5,7,0.005102380889308977
10336740,PET,Q,5,8,0.005271260499737251
10336740,PET,Q,5,9,0.004778535485192192
10336740,PET,Q,5,10,0.005649437360980336
10336740,PET,Q,5,11,0.0057056071815592135
10336740,PET,Q,5,12,0.0060671191620165765
10336740,PET,Q,5,13,0.006427616993131657
10336740,PET,Q,5,14,0.0052259356246434074
10336740,PET,Q,5,15,0.00461095839275899
10336740,PET,Q,5,16,0.004602761486916129
10336740,PET,Q,5,17,0.004308920579530362
10336740,PET,Q,5,18,0.0033187381915592007
10336740,PET,Q,5,19,0.003717147736667925
10336740,PET,Q,5,20,0.003234271998302951
10336740,PET,Q,5,21,0.004350589168744978
10336740,PET,Q,5,22,0.004374441945487084
10336740,PET,Q,5,23,0.003507722095621779
10336740,PET,Q,5,24,0.0034305065537975077
10336740,PET,Q,5,25,0.003680105744702289
10336740,PET,Q,5,26,0.0033121314769005705
10336740,PET,Q,5,27,0.003807999853387589
10336740,PET,Q,5,28,0.002683441106915041
10336740,PET,Q,5,29,0.0033082081689821408
10336740,PET,Q,5,30,0.0034062597295750896
10343500,PET,Q,5,1,0.0009176420186757482
10343500,PET,Q,5,2,0.001103177080792772
10343500,PET,Q,5,3,0.0011451823323878237
10343500,PET,Q,5,4,0.0014473129459479685
10343500,PET,Q,5,5,0.0008923683329712488
10343500,PET,Q,5,6,0.0011148531048556579
10343500,PET,Q,5,7,0.0009007273781897612
10343500,PET,Q,5,8,0.0007355492675428094
10343500,PET,Q,5,9,0.0007219609270126756
10343500,PET,Q,5,10,0.0010231748276058918
10343500,PET,Q,5,11,0.0009618335964076304
10343500,PET,Q,5,12,0.0010937451211605886
10343500,PET,Q,5,13,0.000895006862620059
10343500,PET,Q,5,14,0.0010810579743264735
10343500,PET,Q,5,15,0.000939305928379916
10343500,PET,Q,5,16,0.0011719202452153792
10343500,PET,Q,5,17,0.0006231047410152624
10343500,PET,Q,5,18,0.0006691005034842566
10343500,PET,Q,5,19,0.0009769212418805663
10343500,PET,Q,5,20,0.0007231687861309725
10343500,PET,Q,5,21,0.000818136458216958
10343500,PET,Q,5,22,0.0010307374645036164
10343500,PET,Q,5,23,0.0011319923061830044
10343500,PET,Q,5,24,0.0008103955222073904
10343500,PET,Q,5,25,0.0008394165903668725
10343500,PET,Q,5,26,0.0009969253075475248
10343500,PET,Q,5,27,0.0007403450828893342
10343500,PET,Q,5,28,0.0006839142267172915
10343500,PET,Q,5,29,0.0006701440158083799
10343500,PET,Q,5,30,0.0007216170006294903
10348850,PET,Q,5,1,9.433324739973985e-05
10348850,PET,Q,5,2,9.435923413700885e-05
10348850,PET,Q,5,3,9.438523217804133e-05
10348850,PET,Q,5,4,9.441124153068345e-05
10348850,PET,Q,5,5,9.44101066053301e-05
10348850,PET,Q,5,6,9.443612872846174e-05
10348850,PET,Q,5,7,9.44621621779898e-05
10348850,PET,Q,5,8,9.448820696036919e-05
10348850,PET,Q,5,9,9.448707499392327e-05
10348850,PET,Q,5,10,9.44859416236038e-05
10348850,PET,Q,5,11,9.448480684916098e-05
10348850,PET,Q,5,12,9.448367067043176e-05
10348850,PET,Q,5,13,9.450973261742289e-05
10348850,PET,Q,5,14,9.450859648895554e-05
10348850,PET,Q,5,15,9.450745895407502e-05
10348850,PET,Q,5,16,9.453353516735048e-05
10348850,PET,Q,5,17,9.455962274198225e-05
10348850,PET,Q,5,18,9.458572168559616e-05
10348850,PET,Q,5,19,9.46118320042516e-05
10348850,PET,Q,5,20,9.46106988980247e-05
10348850,PET,Q,5,21,9.460956438336714e-05
10348850,PET,Q,5,22,9.460842846007421e-05
10348850,PET,Q,5,23,9.460729112803143e-05
10348850,PET,Q,5,24,9.460615238534101e-05
10348850,PET,Q,5,25,9.460501223230479e-05
10348850,PET,Q,5,26,9.460387066798602e-05
10348850,PET,Q,5,27,9.460272769121376e-05
10348850,PET,Q,5,28,9.460158330212853e-05
10348850,PET,Q,5,29,9.460043749886723e-05
10348850,PET,Q,5,30,9.459929028220182e-05
10396000,PET,Q,5,1,0.00585912340138528
10396000,PET,Q,5,2,0.00560807689417317
10396000,PET,Q,5,3,0.005027729426518496
10396000,PET,Q,5,4,0.005661787757723413
10396000,PET,Q,5,5,0.0055011078078475995
10396000,PET,Q,5,6,0.005579366655584533
10396000,PET,Q,5,7,0.005123066449007008
10396000,PET,Q,5,8,0.005038081829224161
10396000,PET,Q,5,9,0.004739350365684125
10396000,PET,Q,5,10,0.004567933787969214
10396000,PET,Q,5,11,0.0041983071533235605
10396000,PET,Q,5,12,0.004650836627216048
10396000,PET,Q,5,13,0.004592658123811405
10396000,PET,Q,5,14,0.003974121232640543
10396000,PET,Q,5,15,0.004241184826145633
10396000,PET,Q,5,16,0.004706125318015231
10396000,PET,Q,5,17,0.004610034922843703
10396000,PET,Q,5,18,0.004282935675839206
10396000,PET,Q,5,19,0.0041418717345060585
10396000,PET,Q,5,20,0.004558475925441341
10396000,PET,Q,5,21,0.004259921029125924
10396000,PET,Q,5,22,0.004197420502117688
10396000,PET,Q,5,23,0.004778251157039087
10396000,PET,Q,5,24,0.004078521209450542
10396000,PET,Q,5,25,0.003945358665572385
10396000,PET,Q,5,26,0.004498354799470666
10396000,PET,Q,5,27,0.004762980277568524
10396000,PET,Q,5,28,0.005392093238609286
10396000,PET,Q,5,29,0.0051408183854144696
10396000,PET,Q,5,30,0.005714039837053625
11098000,PET,Q,5,1,0.001257344817896789
11098000,PET,Q,5,2,0.0015758478710604824
11098000,PET,Q,5,3,0.0012208248914364027
11098000,PET,Q,5,4,0.001562945755070124
11098000,PET,Q,5,5,0.0017341107649296653
11098000,PET,Q,5,6,0.001531762802383159
11098000,PET,Q,5,7,0.0012975880070828748
11098000,PET,Q,5,8,0.0018704848101302775
11098000,PET,Q,5,9,0.0013003715750784205
11098000,PET,Q,5,10,0.001443616376950091
11098000,PET,Q,5,11,0.0017679152338087797
11098000,PET,Q,5,12,0.001686057497969521
11098000,PET,Q,5,13,0.0016480248621214486
11098000,PET,Q,5,14,0.0016483638844616046
11098000,PET,Q,5,15,0.001648703032864341
11098000,PET,Q,5,16,0.0017133504753081182
11098000,PET,Q,5,17,0.0014968059348199822
11098000,PET,Q,5,18,0.0016227933050810966
11098000,PET,Q,5,19,0.0016136729467871105
11098000,PET,Q,5,20,0.0016504006682861207
11098000,PET,Q,5,21,0.0017151782066060044
11098000,PET,Q,5,22,0.0015629655912946239
11098000,PET,Q,5,23,0.0015364392250063474
11098000,PET,Q,5,24,0.0015004472217425742
11098000,PET,Q,5,25,0.0015007965556308213
11098000,PET,Q,5,26,0.0015011460233153098
11098000,PET,Q,5,27,0.001501495624871771
11098000,PET,Q,5,28,0.001501845360376168
11098000,PET,Q,5,29,0.001502195229903757
11098000,PET,Q,5,30,0.001502545233529714
11124500,PET,Q,5,1,0.0015788883225556563
11124500,PET,Q,5,2,0.0020536726244305414
11124500,PET,Q,5,3,0.0019519467376343316
11124500,PET,Q,5,4,0.0018727230213284873
11124500,PET,Q,5,5,0.001868161527425416
11124500,PET,Q,5,6,0.0019357914716100766
11124500,PET,Q,5,7,0.002075562912314151
11124500,PET,Q,5,8,0.0017213088397847673
11124500,PET,Q,5,9,0.0016430582834678006
11124500,PET,Q,5,10,0.0016509946352311344
11124500,PET,Q,5,11,0.0017916913918619506
11124500,PET,Q,5,12,0.0018961861738228739
11124500,PET,Q,5,13,0.0020341002491305535
11124500,PET,Q,5,14,0.001961578191316607
11124500,PET,Q,5,15,0.0019000430830934181
11124500,PET,Q,5,16,0.0017742146532707948
11124500,PET,Q,5,17,0.0021530473044373832
11124500,PET,Q,5,18,0.0021644187436342804
11124500,PET,Q,5,19,0.0018631893950397035
11124500,PET,Q,5,20,0.0018820307235638684
11124500,PET,Q,5,21,0.0019437213964489525
11124500,PET,Q,5,22,0.0021790546314639295
11124500,PET,Q,5,23,0.0022219681848570094
11124500,PET,Q,5,24,0.00205427518093005
11124500,PET,Q,5,25,0.0021104033251144252
11124500,PET,Q,5,26,0.0022183459615648174
11124500,PET,Q,5,27,0.0020136053815394406
11124500,PET,Q,5,28,0.0022040947105961273
11124500,PET,Q,5,29,0.00240593568867193
11124500,PET,Q,5,30,0.002418073083246264
11141280,PET,Q,5,1,0.003003470869569154
11141280,PET,Q,5,2,0.0028220293868226262
11141280,PET,Q,5,3,0.002804523269556533
11141280,PET,Q,5,4,0.002975381730027253
11141280,PET,Q,5,5,0.003069184532584812
11141280,PET,Q,5,6,0.003147042792318422
11141280,PET,Q,5,7,0.003129073189797625
11141280,PET,Q,5,8,0.0027744751659425637
11141280,PET,Q,5,9,0.0032601918726508985
11141280,PET,Q,5,10,0.003235578811067369
11141280,PET,Q,5,11,0.0034321492579819438
11141280,PET,Q,5,12,0.003565054522569479
11141280,PET,Q,5,13,0.0034941073862581606
11141280,PET,Q,5,14,0.0036068142336803596
11141280,PET,Q,5,15,0.003846617009837336
11141280,PET,Q,5,16,0.00363238701614417
11141280,PET,Q,5,17,0.0034278380386770987
11141280,PET,Q,5,18,0.003506436276531001
11141280,PET,Q,5,19,0.003541764056442971
11141280,PET,Q,5,20,0.003429938951484822
11141280,PET,Q,5,21,0.003483168769240451
11141280,PET,Q,5,22,0.003638934732794273
11141280,PET,Q,5,23,0.0033609425049755254
11141280,PET,Q,5,24,0.003454076004923909
11141280,PET,Q,5,25,0.003210969994346821
11141280,PET,Q,5,26,0.003417857751557618
11141280,PET,Q,5,27,0.003754625686166947
11141280,PET,Q,5,28,0.0035710464797339345
11141280,PET,Q,5,29,0.003782063147750342
11141280,PET,Q,5,30,0.0041884013882645885
11143000,PET,Q,5,1,0.003790159261404566
11143000,PET,Q,5,2,0.003803034496127705
11143000,PET,Q,5,3,0.004041254673996603
11143000,PET,Q,5,4,0.0040029373287300135
11143000,PET,Q,5,5,0.003409459317897684
11143000,PET,Q,5,6,0.0033861970693642857
11143000,PET,Q,5,7,0.003625118457314988
11143000,PET,Q,5,8,0.003913191351492526
11143000,PET,Q,5,9,0.003652168387426241
11143000,PET,Q,5,10,0.0038033627613538873
11143000,PET,Q,5,11,0.0038247046055816386
11143000,PET,Q,5,12,0.004029842204507264
11143000,PET,Q,5,13,0.004215327426083923
11143000,PET,Q,5,14,0.004147463752429442
11143000,PET,Q,5,15,0.004517239753982799
11143000,PET,Q,5,16,0.004255026758270025
11143000,PET,Q,5,17,0.003920276029415096
11143000,PET,Q,5,18,0.0041690328350151434
11143000,PET,Q,5,19,0.004353962602989966
11143000,PET,Q,5,20,0.004903576163376833
11143000,PET,Q,5,21,0.004764904672269074
11143000,PET,Q,5,22,0.004716025773663424
11143000,PET,Q,5,23,0.004706565067667284
11143000,PET,Q,5,24,0.004808668772044999
11143000,PET,Q,5,25,0.004600403315980203
11143000,PET,Q,5,26,0.004040351293832664
11143000,PET,Q,5,27,0.0042103879393350085
11143000,PET,Q,5,28,0.004572287105807996
11143000,PET,Q,5,29,0.004592745760163608
11143000,PET,Q,5,30,0.004474760808710482
11148900,PET,Q,5,1,0.002603344217402083
11148900,PET,Q,5,2,0.002602539070238885
11148900,PET,Q,5,3,0.002691631549886636
11148900,PET,Q,5,4,0.0025945079059877148
11148900,PET,Q,5,5,0.0021696753695429234
11148900,PET,Q,5,6,0.002059977043824792
11148900,PET,Q,5,7,0.0023595041731811
11148900,PET,Q,5,8,0.00221508062904862
11148900,PET,Q,5,9,0.0019679570681413773
11148900,PET,Q,5,10,0.0019689055391165847
11148900,PET,Q,5,11,0.002143401684209713
11148900,PET,Q,5,12,0.002029922810482438
11148900,PET,Q,5,13,0.002408759150394145
11148900,PET,Q,5,14,0.0024091073218621105
11148900,PET,Q,5,15,0.0024530877087663126
11148900,PET,Q,5,16,0.002490098335051441
11148900,PET,Q,5,17,0.002633539858015
11148900,PET,Q,5,18,0.00252448896544168
11148900,PET,Q,5,19,0.0024805238107047656
11148900,PET,Q,5,20,0.002853603547069594
11148900,PET,Q,5,21,0.002522669328003317
11148900,PET,Q,5,22,0.0031894508699154382
11148900,PET,Q,5,23,0.0027665236979934164
11148900,PET,Q,5,24,0.002733288513015398
11148900,PET,Q,5,25,0.002821815160612827
11148900,PET,Q,5,26,0.002488046187596696
11148900,PET,Q,5,27,0.0025095115522342677
11148900,PET,Q,5,28,0.003009631890006935
11148900,PET,Q,5,29,0.0028734664317791696
11148900,PET,Q,5,30,0.00294653071732897
11151300,PET,Q,5,1,0.0006387579962417594
11151300,PET,Q,5,2,0.0006919145099045995
11151300,PET,Q,5,3,0.0006920421414832153
11151300,PET,Q,5,4,0.00069216166217188
11151300,PET,Q,5,5,0.0005249855708709525
11151300,PET,Q,5,6,0.0005251973952472662
11151300,PET,Q,5,7,0.0006312207155447771
11151300,PET,Q,5,8,0.0006314274871440703
11151300,PET,Q,5,9,0.0006315530163063417
11151300,PET,Q,5,10,0.0006316785924055587
11151300,PET,Q,5,11,0.0006929248934820975
11151300,PET,Q,5,12,0.0007012381390073767
11151300,PET,Q,5,13,0.0006931560325258417
11151300,PET,Q,5,14,0.0006932838303176595
11151300,PET,Q,5,15,0.0006934036289122664
11151300,PET,Q,5,16,0.0006935235041323796
11151300,PET,Q,5,17,0.0007016364717947008
11151300,PET,Q,5,18,0.0008416218089314252
11151300,PET,Q,5,19,0.0006938667751730772
11151300,PET,Q,5,20,0.0007018760659423268
11151300,PET,Q,5,21,0.0007020074202576552
11151300,PET,Q,5,22,0.0008418228913614732
11151300,PET,Q,5,23,0.0007805545544993285
11151300,PET,Q,5,24,0.0006408743710755839
11151300,PET,Q,5,25,0.0006409085344086379
11151300,PET,Q,5,26,0.0007807394231759213
11151300,PET,Q,5,27,0.000780915391847525
11151300,PET,Q,5,28,0.0008424593603915823
11151300,PET,Q,5,29,0.000780752869112211
11151300,PET,Q,5,30,0.000780757343130079
11162500,PET,Q,5,1,0.0032490581175744285
11162500,PET,Q,5,2,0.002617485956394369
11162500,PET,Q,5,3,0.002535717247422832
11162500,PET,Q,5,4,0.002906303925560516
11162500,PET,Q,5,5,0.0030409345702389623
11162500,PET,Q,5,6,0.0026166537349058133
11162500,PET,Q,5,7,0.0027442405839410225
11162500,PET,Q,5,8,0.002710275317582826
11162500,PET,Q,5,9,0.002275132470884546
11162500,PET,Q,5,10,0.0029430086711515757
11162500,PET,Q,5,11,0.002894884906472002
11162500,PET,Q,5,12,0.002673192192498175
11162500,PET,Q,5,13,0.00311273918908659
11162500,PET,Q,5,14,0.0030404595906383808
11162500,PET,Q,5,15,0.0028339363708167545
11162500,PET,Q,5,16,0.0028736731439819446
11162500,PET,Q,5,17,0.003029234336764469
11162500,PET,Q,5,18,0.0036898874790943365
11162500,PET,Q,5,19,0.0029823400342615727
11162500,PET,Q,5,20,0.003160784749866148
11162500,PET,Q,5,21,0.003268655231885853
11162500,PET,Q,5,22,0.0034464512144703613
11162500,PET,Q,5,23,0.003536322189516404
11162500,PET,Q,5,24,0.0031828345050250867
11162500,PET,Q,5,25,0.0033545156978013954
11162500,PET,Q,5,26,0.0035245388108305145
11162500,PET,Q,5,27,0.00331042851322752
11162500,PET,Q,5,28,0.003157452986686869
11162500,PET,Q,5,29,0.0033749001125799594
11162500,PET,Q,5,30,0.0033449070716211338
11176400,PET,Q,5,1,0.002764996199398219
11176400,PET,Q,5,2,0.0024607567131843255
11176400,PET,Q,5,3,0.0025546050986192115
11176400,PET,Q,5,4,0.00258921086526865
11176400,PET,Q,5,5,0.0026335684261086442
11176400,PET,Q,5,6,0.0021244039060413222
11176400,PET,Q,5,7,0.0027506955529295815
11176400,PET,Q,5,8,0.002745061611036728
11176400,PET,Q,5,9,0.002511106817940395
11176400,PET,Q,5,10,0.0031781537182345512
11176400,PET,Q,5,11,0.00267827265340944
11176400,PET,Q,5,12,0.002518170161146256
11176400,PET,Q,5,13,0.003137667653139789
11176400,PET,Q,5,14,0.0028437335648180614
11176400,PET,Q,5,15,0.002793067453046208
11176400,PET,Q,5,16,0.002822834424763304
11176400,PET,Q,5,17,0.002696935257462639
11176400,PET,Q,5,18,0.0029305818574113796
11176400,PET,Q,5,19,0.0027183524681389654
11176400,PET,Q,5,20,0.0028107922026207113
11176400,PET,Q,5,21,0.002837124625899974
11176400,PET,Q,5,22,0.003007603335613937
11176400,PET,Q,5,23,0.0030762246403856983
11176400,PET,Q,5,24,0.003027162947115261
11176400,PET,Q,5,25,0.003301534832438016
11176400,PET,Q,5,26,0.003272714166593936
11176400,PET,Q,5,27,0.003260646730823269
11176400,PET,Q,5,28,0.003067059057233
11176400,PET,Q,5,29,0.003264712310814405
11176400,PET,Q,5,30,0.0033035186104756545
11180500,PET,Q,5,1,0.002359667353771803
11180500,PET,Q,5,2,0.001947039002373821
11180500,PET,Q,5,3,0.002161131738822951
11180500,PET,Q,5,4,0.002329902701198837
11180500,PET,Q,5,5,0.002400837329465857
11180500,PET,Q,5,6,0.0019586710858703234
11180500,PET,Q,5,7,0.0018586959804589576
11180500,PET,Q,5,8,0.002042272432321246
11180500,PET,Q,5,9,0.001983669383697109
11180500,PET,Q,5,10,0.0022689759639559874
11180500,PET,Q,5,11,0.0022749826514631352
11180500,PET,Q,5,12,0.0019065690313368536
11180500,PET,Q,5,13,0.002229801506858111
11180500,PET,Q,5,14,0.0024670836462581877
11180500,PET,Q,5,15,0.002512716136724668
11180500,PET,Q,5,16,0.0024311310323761395
11180500,PET,Q,5,17,0.0023470303826572045
11180500,PET,Q,5,18,0.0024423191995515264
11180500,PET,Q,5,19,0.0023907192747436613
11180500,PET,Q,5,20,0.0022466325935442677
11180500,PET,Q,5,21,0.0024016968704338865
11180500,PET,Q,5,22,0.002530481551280956
11180500,PET,Q,5,23,0.0027452175875526813
11180500,PET,Q,5,24,0.0027153920754626887
11180500,PET,Q,5,25,0.002498365944946887
11180500,PET,Q,5,26,0.0030439520661996906
11180500,PET,Q,5,27,0.002749653820706771
11180500,PET,Q,5,28,0.0027562100499916135
11180500,PET,Q,5,29,0.002732961020529931
11180500,PET,Q,5,30,0.0027170104595192167
11180960,PET,Q,5,1,0.0020579546343244513
11180960,PET,Q,5,2,0.0019829563759608745
11180960,PET,Q,5,3,0.0019939258673718208
11180960,PET,Q,5,4,0.0018592695901370714
11180960,PET,Q,5,5,0.0018027032011768834
11180960,PET,Q,5,6,0.0017370326548191081
11180960,PET,Q,5,7,0.001396800655382141
11180960,PET,Q,5,8,0.0015598811994974662
11180960,PET,Q,5,9,0.0018078150550750113
11180960,PET,Q,5,10,0.0017681451451084101
11180960,PET,Q,5,11,0.001967674854633221
11180960,PET,Q,5,12,0.0019337554720910768
11180960,PET,Q,5,13,0.0018703057924474714
11180960,PET,Q,5,14,0.002239250640638738
11180960,PET,Q,5,15,0.00189598742255297
11180960,PET,Q,5,16,0.0020651158445453635
11180960,PET,Q,5,17,0.0019721790826662255
11180960,PET,Q,5,18,0.0020758557688408744
11180960,PET,Q,5,19,0.002223035325941782
11180960,PET,Q,5,20,0.002084362136909896
11180960,PET,Q,5,21,0.0021880190542834937
11180960,PET,Q,5,22,0.0023811659076313774
11180960,PET,Q,5,23,0.002329044648771636
11180960,PET,Q,5,24,0.0022245006545356036
11180960,PET,Q,5,25,0.0023476949462984675
11180960,PET,Q,5,26,0.002515838184113141
11180960,PET,Q,5,27,0.0023767279259403404
11180960,PET,Q,5,28,0.00234991159784724
11180960,PET,Q,5,29,0.002247463544746711
11180960,PET,Q,5,30,0.0023345744982344874
11224500,PET,Q,5,1,0.00042582580684381865
11224500,PET,Q,5,2,0.00044111970920451653
11224500,PET,Q,5,3,0.00044123072386113415
11224500,PET,Q,5,4,0.0004413157943182807
11224500,PET,Q,5,5,0.0003782379165707603
11224500,PET,Q,5,6,0.0003305396693107712
11224500,PET,Q,5,7,0.0004892934246782865
11224500,PET,Q,5,8,0.0004893749125521344
11224500,PET,Q,5,9,0.000489456428189961
11224500,PET,Q,5,10,0.0004895379716052702
11224500,PET,Q,5,11,0.000600531964695894
11224500,PET,Q,5,12,0.0004417623092184582
11224500,PET,Q,5,13,0.0005527776325360773
11224500,PET,Q,5,14,0.0005528717139152064
11224500,PET,Q,5,15,0.0005529397749240491
11224500,PET,Q,5,16,0.0004899605939860177
11224500,PET,Q,5,17,0.0004901095544882668
11224500,PET,Q,5,18,0.0004421175941403087
11224500,PET,Q,5,19,0.0006012228812096289
11224500,PET,Q,5,20,0.000490321226120573
11224500,PET,Q,5,21,0.0004904367865946266
11224500,PET,Q,5,22,0.0004905186644598384
11224500,PET,Q,5,23,0.00042782754994215993
11224500,PET,Q,5,24,0.00042801660492390245
11224500,PET,Q,5,25,0.00042820577488304236
11224500,PET,Q,5,26,0.0004283015040531298
11224500,PET,Q,5,27,0.0004283972678374801
11224500,PET,Q,5,28,0.0004910783780018293
11224500,PET,Q,5,29,0.00042849527721831523
11224500,PET,Q,5,30,0.00042859111556468703
11230500,PET,Q,5,1,0.007172921735586341
11230500,PET,Q,5,2,0.005677830207806406
11230500,PET,Q,5,3,0.004906104162721553
11230500,PET,Q,5,4,0.004089317059282976
11230500,PET,Q,5,5,0.0045390604025662695
11230500,PET,Q,5,6,0.004390888588117481
11230500,PET,Q,5,7,0.004224473780391841
11230500,PET,Q,5,8,0.00416253508991038
11230500,PET,Q,5,9,0.004567140617953908
11230500,PET,Q,5,10,0.003494413712606337
11230500,PET,Q,5,11,0.0036523612335779276
11230500,PET,Q,5,12,0.003560266720014277
11230500,PET,Q,5,13,0.003624554873378899
11230500,PET,Q,5,14,0.0029189864234083762
11230500,PET,Q,5,15,0.0031308867118074457
11230500,PET,Q,5,16,0.0032749321859835145
11230500,PET,Q,5,17,0.003223485059232256
11230500,PET,Q,5,18,0.003654873930505148
11230500,PET,Q,5,19,0.003071899167890191
11230500,PET,Q,5,20,0.0032384651446404344
11230500,PET,Q,5,21,0.0034798938247859457
11230500,PET,Q,5,22,0.003418289629650878
11230500,PET,Q,5,23,0.0027421695498500154
11230500,PET,Q,5,24,0.00265736467097083
11230500,PET,Q,5,25,0.0026360917681104434
11230500,PET,Q,5,26,0.0035939975391024725
11230500,PET,Q,5,27,0.0033174052507935203
11230500,PET,Q,5,28,0.003102450222174924
11230500,PET,Q,5,29,0.0025872812725621086
11230500,PET,Q,5,30,0.0033737974483846744
11237500,PET,Q,5,1,0.00302270726636146
11237500,PET,Q,5,2,0.001957361013848566
11237500,PET,Q,5,3,0.0020093147423586033
11237500,PET,Q,5,4,0.002493918024845762
11237500,PET,Q,5,5,0.002134227518314033
11237500,PET,Q,5,6,0.002130592093677816
11237500,PET,Q,5,7,0.0020942174084979254
11237500,PET,Q,5,8,0.0019616518205201466
11237500,PET,Q,5,9,0.0018969256938368428
11237500,PET,Q,5,10,0.0019605537932449457
11237500,PET,Q,5,11,0.0016076627337609922
11237500,PET,Q,5,12,0.0013811377766698857
11237500,PET,Q,5,13,0.0017734228555072867
11237500,PET,Q,5,14,0.0015559137244793436
11237500,PET,Q,5,15,0.0023012074220699896
11237500,PET,Q,5,16,0.00179159956542993
11237500,PET,Q,5,17,0.0016769155316821577
11237500,PET,Q,5,18,0.0018941390848198764
11237500,PET,Q,5,19,0.001619553128856352
11237500,PET,Q,5,20,0.0016350348122551595
11237500,PET,Q,5,21,0.0019414465138975212
11237500,PET,Q,5,22,0.001791362206219435
11237500,PET,Q,5,23,0.0013511997133009712
11237500,PET,Q,5,24,0.0016579515168721748
11237500,PET,Q,5,25,0.0014156441218194926
11237500,PET,Q,5,26,0.0015129134941823108
11237500,PET,Q,5,27,0.0014628379183361517
11237500,PET,Q,5,28,0.0014840852045888975
11237500,PET,Q,5,29,0.001345535635568204
11237500,PET,Q,5,30,0.0014400328868953705
11253310,PET,Q,5,1,0.0008363698830491269
11253310,PET,Q,5,2,0.0008574331233724176
11253310,PET,Q,5,3,0.0008574581065599746
11253310,PET,Q,5,4,0.0008575458322685955
11253310,PET,Q,5,5,0.000791761502443547
11253310,PET,Q,5,6,0.0008579092820539987
11253310,PET,Q,5,7,0.0009030878684760137
11253310,PET,Q,5,8,0.0009032602846948783
11253310,PET,Q,5,9,0.0009034327608508173
11253310,PET,Q,5,10,0.0009036052969749915
11253310,PET,Q,5,11,0.0009037778930973388
11253310,PET,Q,5,12,0.0009697343397969023
11253310,PET,Q,5,13,0.0009698310667357272
11253310,PET,Q,5,14,0.0009699278473446309
11253310,PET,Q,5,15,0.0009042229746351084
11253310,PET,Q,5,16,0.0009045187458894752
11253310,PET,Q,5,17,0.0009048147315249347
11253310,PET,Q,5,18,0.0009706932630237659
11253310,PET,Q,5,19,0.0009050376542863187
11253310,PET,Q,5,20,0.0009052107442128737
11253310,PET,Q,5,21,0.0009055071610140405
11253310,PET,Q,5,22,0.0009056804191539588
11253310,PET,Q,5,23,0.0008402736260743095
11253310,PET,Q,5,24,0.0008406435740902184
11253310,PET,Q,5,25,0.0008410137443701279
11253310,PET,Q,5,26,0.0008412004788223987
11253310,PET,Q,5,27,0.000841387280141612
11253310,PET,Q,5,28,0.0008415741483619333
11253310,PET,Q,5,29,0.000841761083518305
11253310,PET,Q,5,30,0.0008419480856454425
11264500,PET,Q,5,1,0.008788236161963503
11264500,PET,Q,5,2,0.007592522709288979
11264500,PET,Q,5,3,0.005701247019483491
11264500,PET,Q,5,4,0.004064069836755446
11264500,PET,Q,5,5,0.004343581433885024
11264500,PET,Q,5,6,0.004332725054326886
11264500,PET,Q,5,7,0.004209301715114577
11264500,PET,Q,5,8,0.0038834927111804918
11264500,PET,Q,5,9,0.003893661570244844
11264500,PET,Q,5,10,0.0034766475470019986
11264500,PET,Q,5,11,0.0032099250321389605
11264500,PET,Q,5,12,0.0037020547374690127
11264500,PET,Q,5,13,0.0034235630660862104
11264500,PET,Q,5,14,0.003736589096468179
11264500,PET,Q,5,15,0.0038063513821190997
11264500,PET,Q,5,16,0.003998038139005955
11264500,PET,Q,5,17,0.003614527579204496
11264500,PET,Q,5,18,0.0027606850385474
11264500,PET,Q,5,19,0.003726110734310284
11264500,PET,Q,5,20,0.004092113271323444
11264500,PET,Q,5,21,0.0027123975971922454
11264500,PET,Q,5,22,0.0034468743401590562
11264500,PET,Q,5,23,0.0034172845095378768
11264500,PET,Q,5,24,0.003535356699217923
11264500,PET,Q,5,25,0.00285989770831524
11264500,PET,Q,5,26,0.003092947306757604
11264500,PET,Q,5,27,0.0035332972902280824
11264500,PET,Q,5,28,0.0032791652909951174
11264500,PET,Q,5,29,0.00280743828519342
11264500,PET,Q,5,30,0.0028349148451649875
11266500,PET,Q,5,1,0.004582798088867968
11266500,PET,Q,5,2,0.0040391913440093324
11266500,PET,Q,5,3,0.002912512057449218
11266500,PET,Q,5,4,0.002298092901882917
11266500,PET,Q,5,5,0.0024645797073364895
11266500,PET,Q,5,6,0.0022668946557746344
11266500,PET,Q,5,7,0.0023015666919494193
11266500,PET,Q,5,8,0.0022650855986733054
11266500,PET,Q,5,9,0.0021701863381003994
11266500,PET,Q,5,10,0.0025262137007288354
11266500,PET,Q,5,11,0.0021910438658051395
11266500,PET,Q,5,12,0.0018899729358696493
11266500,PET,Q,5,13,0.0019738221301931203
11266500,PET,Q,5,14,0.001959662872325102
11266500,PET,Q,5,15,0.001983280558293027
11266500,PET,Q,5,16,0.0021110537484144154
11266500,PET,Q,5,17,0.001948901268753328
11266500,PET,Q,5,18,0.00212935887468485
11266500,PET,Q,5,19,0.002080701184934669
11266500,PET,Q,5,20,0.002050305234211125
11266500,PET,Q,5,21,0.0016264580694572012
11266500,PET,Q,5,22,0.0014920144918144501
11266500,PET,Q,5,23,0.001669529144786061
11266500,PET,Q,5,24,0.0015168142156748998
11266500,PET,Q,5,25,0.002003306693573792
11266500,PET,Q,5,26,0.0018366259230786913
11266500,PET,Q,5,27,0.00203929248530009
11266500,PET,Q,5,28,0.0018247427746137662
11266500,PET,Q,5,29,0.002162906236176987
11266500,PET,Q,5,30,0.0017083411661424353
11274500,PET,Q,5,1,0.0018279131175067652
11274500,PET,Q,5,2,0.001604733534055526
11274500,PET,Q,5,3,0.0015747338753994804
11274500,PET,Q,5,4,0.0017712633547800928
11274500,PET,Q,5,5,0.001864808253978785
11274500,PET,Q,5,6,0.00152426200019384
11274500,PET,Q,5,7,0.0018642822508376684
11274500,PET,Q,5,8,0.0016952407597088104
11274500,PET,Q,5,9,0.0018043801269968449
11274500,PET,Q,5,10,0.0018464861306537635
11274500,PET,Q,5,11,0.0019656161824805583
11274500,PET,Q,5,12,0.001870374354480557
11274500,PET,Q,5,13,0.002045219281088636
11274500,PET,Q,5,14,0.002102454818109639
11274500,PET,Q,5,15,0.0019235941851637635
11274500,PET,Q,5,16,0.001898349405744848
11274500,PET,Q,5,17,0.0017548175558851735
11274500,PET,Q,5,18,0.0019703879519426225
11274500,PET,Q,5,19,0.0017751808817120726
11274500,PET,Q,5,20,0.0018068197239317907
11274500,PET,Q,5,21,0.0018947681397889216
11274500,PET,Q,5,22,0.0017845718581509414
11274500,PET,Q,5,23,0.0018432391255550108
11274500,PET,Q,5,24,0.001950446843824831
11274500,PET,Q,5,25,0.0016394729821887083
11274500,PET,Q,5,26,0.00201192374253812
11274500,PET,Q,5,27,0.0019238450672364772
11274500,PET,Q,5,28,0.0017878159074531767
11274500,PET,Q,5,29,0.0018162105609251626
11274500,PET,Q,5,30,0.0017268545680605152
11274630,PET,Q,5,1,0.001150550992978205
11274630,PET,Q,5,2,0.0011508130011120242
11274630,PET,Q,5,3,0.0012142982929193302
11274630,PET,Q,5,4,0.0012143634685707928
11274630,PET,Q,5,5,0.0010594169946966658
11274630,PET,Q,5,6,0.001095229398014352
11274630,PET,Q,5,7,0.0013061698271469736
11274630,PET,Q,5,8,0.0012372097594130146
11274630,PET,Q,5,9,0.0012699049150461713
11274630,PET,Q,5,10,0.0015390938270451147
11274630,PET,Q,5,11,0.0012349183144931102
11274630,PET,Q,5,12,0.0015614258102765299
11274630,PET,Q,5,13,0.0016372976084049334
11274630,PET,Q,5,14,0.0015108366238333459
11274630,PET,Q,5,15,0.0014581231032734995
11274630,PET,Q,5,16,0.0012173668348868585
11274630,PET,Q,5,17,0.001233500951870175
11274630,PET,Q,5,18,0.0014589859875147274
11274630,PET,Q,5,19,0.001443444273681498
11274630,PET,Q,5,20,0.00144373099155784
11274630,PET,Q,5,21,0.001444017807973829
11274630,PET,Q,5,22,0.001155830910711279
11274630,PET,Q,5,23,0.0013976944531616277
11274630,PET,Q,5,24,0.001141777328795151
11274630,PET,Q,5,25,0.0011568652342130292
11274630,PET,Q,5,26,0.0011571295120254323
11274630,PET,Q,5,27,0.0011573938850100336
11274630,PET,Q,5,28,0.0011576583532161826
11274630,PET,Q,5,29,0.0011579229166916536
11274630,PET,Q,5,30,0.0011581875754853432
11284400,PET,Q,5,1,0.002550384475721902
11284400,PET,Q,5,2,0.0024244751129425812
11284400,PET,Q,5,3,0.0024220568565383807
11284400,PET,Q,5,4,0.0024017349436975186
11284400,PET,Q,5,5,0.002613554938080201
11284400,PET,Q,5,6,0.002397766393839762
11284400,PET,Q,5,7,0.002545463887498746
11284400,PET,Q,5,8,0.00256187601056565
11284400,PET,Q,5,9,0.002368532815485401
11284400,PET,Q,5,10,0.002517962802068313
11284400,PET,Q,5,11,0.0026685901945821475
11284400,PET,Q,5,12,0.0026253811183225215
11284400,PET,Q,5,13,0.0026660936072672448
11284400,PET,Q,5,14,0.002614311770544421
11284400,PET,Q,5,15,0.0027591652061159655
11284400,PET,Q,5,16,0.002656246478988329
11284400,PET,Q,5,17,0.0027603943249485605
11284400,PET,Q,5,18,0.002809000734704706
11284400,PET,Q,5,19,0.0027434034777804525
11284400,PET,Q,5,20,0.002938016018874126
11284400,PET,Q,5,21,0.002845062105412216
11284400,PET,Q,5,22,0.0030889381317587353
11284400,PET,Q,5,23,0.003026847515813988
11284400,PET,Q,5,24,0.003143303133389959
11284400,PET,Q,5,25,0.0032781378574282052
11284400,PET,Q,5,26,0.0031866866623330783
11284400,PET,Q,5,27,0.003203425031055397
11284400,PET,Q,5,28,0.003393375407531686
11284400,PET,Q,5,29,0.0034472502847666536
11284400,PET,Q,5,30,0.0037461009622491437
11299600,PET,Q,5,1,0.0028317101639140987
11299600,PET,Q,5,2,0.0031402586375156583
11299600,PET,Q,5,3,0.002967875929028037
11299600,PET,Q,5,4,0.002979105431973307
11299600,PET,Q,5,5,0.003035644467168322
11299600,PET,Q,5,6,0.0030085949859134237
11299600,PET,Q,5,7,0.0027030256140172446
11299600,PET,Q,5,8,0.0032232129448766522
11299600,PET,Q,5,9,0.0027557560973297812
11299600,PET,Q,5,10,0.0028358393272019528
11299600,PET,Q,5,11,0.0028951980158729573
11299600,PET,Q,5,12,0.003123313097814988
11299600,PET,Q,5,13,0.003333663403745718
11299600,PET,Q,5,14,0.003179702363618288
11299600,PET,Q,5,15,0.002994627864483526
11299600,PET,Q,5,16,0.0030680837747801004
11299600,PET,Q,5,17,0.0033641457502527547
11299600,PET,Q,5,18,0.0033765292687366402
11299600,PET,Q,5,19,0.0033891289795565382
11299600,PET,Q,5,20,0.0035665553590282575
11299600,PET,Q,5,21,0.003559125323002933
11299600,PET,Q,5,22,0.0036333518875998547
11299600,PET,Q,5,23,0.0033313381208688805
11299600,PET,Q,5,24,0.0034479417511714197
11299600,PET,Q,5,25,0.003240194387740397
11299600,PET,Q,5,26,0.0032163443747358356
11299600,PET,Q,5,27,0.0032171524626337863
11299600,PET,Q,5,28,0.0032179608734100376
11299600,PET,Q,5,29,0.003378278070953235
11299600,PET,Q,5,30,0.0033365056209531466
11381500,PET,Q,5,1,0.00162999029624733
11381500,PET,Q,5,2,0.0013551321224255022
11381500,PET,Q,5,3,0.0014417204086057678
11381500,PET,Q,5,4,0.0015056993393685256
11381500,PET,Q,5,5,0.0014144553027455632
11381500,PET,Q,5,6,0.0014452946336660777
11381500,PET,Q,5,7,0.0012287303100257177
11381500,PET,Q,5,8,0.001298961617373362
11381500,PET,Q,5,9,0.0013759261159603346
11381500,PET,Q,5,10,0.0012811517598967856
11381500,PET,Q,5,11,0.0015437521450067486
11381500,PET,Q,5,12,0.0013858996326401064
11381500,PET,Q,5,13,0.0015638902567375497
11381500,PET,Q,5,14,0.0016298452865096784
11381500,PET,Q,5,15,0.001764769178750649
11381500,PET,Q,5,16,0.0014770780321083851
11381500,PET,Q,5,17,0.0016257007976830766
11381500,PET,Q,5,18,0.0015049291596026318
11381500,PET,Q,5,19,0.0016264728655826857
11381500,PET,Q,5,20,0.00169284102420433
11381500,PET,Q,5,21,0.0018323122316822767
11381500,PET,Q,5,22,0.0019021759212790035
11381500,PET,Q,5,23,0.002073147549406098
11381500,PET,Q,5,24,0.0018295073961096635
11381500,PET,Q,5,25,0.001898078093978954
11381500,PET,Q,5,26,0.002083030937624672
11381500,PET,Q,5,27,0.002056958387850097
11381500,PET,Q,5,28,0.0017756893616545817
11381500,PET,Q,5,29,0.0018026653081690477
11381500,PET,Q,5,30,0.0018030669314060867
11383500,PET,Q,5,1,0.0016235337993009066
11383500,PET,Q,5,2,0.0012633716941304433
11383500,PET,Q,5,3,0.0014557412750675763
11383500,PET,Q,5,4,0.0014104697720000413
11383500,PET,Q,5,5,0.0015235910472540803
11383500,PET,Q,5,6,0.001494370516095897
11383500,PET,Q,5,7,0.0014133896983650196
11383500,PET,Q,5,8,0.0014901322660172446
11383500,PET,Q,5,9,0.0016592441257480897
11383500,PET,Q,5,10,0.0013998659174731948
11383500,PET,Q,5,11,0.0016074178142843377
11383500,PET,Q,5,12,0.0014828713290855333
11383500,PET,Q,5,13,0.0016081187374355835
11383500,PET,Q,5,14,0.0016345279354735426
11383500,PET,Q,5,15,0.001779725489179946
11383500,PET,Q,5,16,0.001650468329442694
11383500,PET,Q,5,17,0.0015304453476106226
11383500,PET,Q,5,18,0.001494551612075276
11383500,PET,Q,5,19,0.0015095498996314308
11383500,PET,Q,5,20,0.0016759500979552505
11383500,PET,Q,5,21,0.0016297219524573046
11383500,PET,Q,5,22,0.0017621006448645567
11383500,PET,Q,5,23,0.0018630185467883656
11383500,PET,Q,5,24,0.0019440932904951948
11383500,PET,Q,5,25,0.00186698417000657
11383500,PET,Q,5,26,0.0018475488302389757
11383500,PET,Q,5,27,0.001812714087913208
11383500,PET,Q,5,28,0.0016432760783791217
11383500,PET,Q,5,29,0.0016339637598209375
11383500,PET,Q,5,30,0.0016259260923519453
11451100,PET,Q,5,1,0.0032754954515658713
11451100,PET,Q,5,2,0.0028262174226885844
11451100,PET,Q,5,3,0.00279238172269574
11451100,PET,Q,5,4,0.002808484694053884
11451100,PET,Q,5,5,0.0028010166898736755
11451100,PET,Q,5,6,0.0028795712816367877
11451100,PET,Q,5,7,0.003090285734350662
11451100,PET,Q,5,8,0.0030561007232759174
11451100,PET,Q,5,9,0.003633421294183946
11451100,PET,Q,5,10,0.00318011554817689
11451100,PET,Q,5,11,0.00328354064652131
11451100,PET,Q,5,12,0.003343484352913921
11451100,PET,Q,5,13,0.003507333398864672
11451100,PET,Q,5,14,0.003338229128375607
11451100,PET,Q,5,15,0.002999329678185912
11451100,PET,Q,5,16,0.00340917615332572
11451100,PET,Q,5,17,0.003448303543044623
11451100,PET,Q,5,18,0.0033476890702650655
11451100,PET,Q,5,19,0.0032892077951490184
11451100,PET,Q,5,20,0.0034420907057189087
11451100,PET,Q,5,21,0.0032126346215983134
11451100,PET,Q,5,22,0.0036044510255371434
11451100,PET,Q,5,23,0.003065950047562001
11451100,PET,Q,5,24,0.0030909419483830802
11451100,PET,Q,5,25,0.0030916384839717453
11451100,PET,Q,5,26,0.0034038727264871158
11451100,PET,Q,5,27,0.003309328908461813
11451100,PET,Q,5,28,0.0034805003058301087
11451100,PET,Q,5,29,0.0034365893943205175
11451100,PET,Q,5,30,0.003437347631281548
11468500,PET,Q,5,1,0.0027759148094755326
11468500,PET,Q,5,2,0.0023864507932050277
11468500,PET,Q,5,3,0.0023175886132753495
11468500,PET,Q,5,4,0.0026210275562068286
11468500,PET,Q,5,5,0.002689182960547584
11468500,PET,Q,5,6,0.002809834391719196
11468500,PET,Q,5,7,0.0026451729280609904
11468500,PET,Q,5,8,0.002691868513485865
11468500,PET,Q,5,9,0.00231792142265045
11468500,PET,Q,5,10,0.0025369499958206934
11468500,PET,Q,5,11,0.0025772866400302907
11468500,PET,Q,5,12,0.002465747684520833
11468500,PET,Q,5,13,0.002614983605117256
11468500,PET,Q,5,14,0.0024588759725775663
11468500,PET,Q,5,15,0.002359554836070629
11468500,PET,Q,5,16,0.0025591554170861022
11468500,PET,Q,5,17,0.002841017513954519
11468500,PET,Q,5,18,0.0024203602103945246
11468500,PET,Q,5,19,0.002396626137602373
11468500,PET,Q,5,20,0.0024618364830201397
11468500,PET,Q,5,21,0.0025351634826418293
11468500,PET,Q,5,22,0.002724275115891954
11468500,PET,Q,5,23,0.0029127518506802674
11468500,PET,Q,5,24,0.0027954811735430435
11468500,PET,Q,5,25,0.002712801388321792
11468500,PET,Q,5,26,0.002698988397658336
11468500,PET,Q,5,27,0.0028603744248122606
11468500,PET,Q,5,28,0.0030731750779685735
11468500,PET,Q,5,29,0.003198992585194807
11468500,PET,Q,5,30,0.0031997797037135595
11473900,PET,Q,5,1,0.0029459640187286112
11473900,PET,Q,5,2,0.0025071827071399266
11473900,PET,Q,5,3,0.002770104604217838
11473900,PET,Q,5,4,0.0027764486682224296
11473900,PET,Q,5,5,0.0029534687699569392
11473900,PET,Q,5,6,0.0027424920453514023
11473900,PET,Q,5,7,0.002760710244293023
11473900,PET,Q,5,8,0.0028512892047302466
11473900,PET,Q,5,9,0.002834350757269108
11473900,PET,Q,5,10,0.0028354402853723176
11473900,PET,Q,5,11,0.002991864028090707
11473900,PET,Q,5,12,0.0031227852036463805
11473900,PET,Q,5,13,0.0030758787201573615
11473900,PET,Q,5,14,0.003061928331384259
11473900,PET,Q,5,15,0.0034159683000731036
11473900,PET,Q,5,16,0.0030863640261740988
11473900,PET,Q,5,17,0.0034155744776837305
11473900,PET,Q,5,18,0.003247486394138778
11473900,PET,Q,5,19,0.0032268784442163814
11473900,PET,Q,5,20,0.0032142889016696166
11473900,PET,Q,5,21,0.0032149938240704917
11473900,PET,Q,5,22,0.0032156989847119746
11473900,PET,Q,5,23,0.00321640438370549
11473900,PET,Q,5,24,0.003420732038756577
11473900,PET,Q,5,25,0.003772689541536138
11473900,PET,Q,5,26,0.0037146672066670078
11473900,PET,Q,5,27,0.00339871696192387
11473900,PET,Q,5,28,0.003428651628967175
11473900,PET,Q,5,29,0.0034293911087700107
11473900,PET,Q,5,30,0.00343013083610888
11475560,PET,Q,5,1,0.002087508810069104
11475560,PET,Q,5,2,0.0017904240488492741
11475560,PET,Q,5,3,0.0017893209250942274
11475560,PET,Q,5,4,0.0019177492575865665
11475560,PET,Q,5,5,0.002087651303860679
11475560,PET,Q,5,6,0.0021020206638667147
11475560,PET,Q,5,7,0.0018222812959485003
11475560,PET,Q,5,8,0.001791320002486864
11475560,PET,Q,5,9,0.00164800504829124
11475560,PET,Q,5,10,0.001996756532097705
11475560,PET,Q,5,11,0.001857515130699039
11475560,PET,Q,5,12,0.0019612596770360383
11475560,PET,Q,5,13,0.0019617636145081094
11475560,PET,Q,5,14,0.0017937234727538123
11475560,PET,Q,5,15,0.0017957936105709449
11475560,PET,Q,5,16,0.0017961948560390774
11475560,PET,Q,5,17,0.0019232920646264917
11475560,PET,Q,5,18,0.0018574507139542534
11475560,PET,Q,5,19,0.0019225305570129865
11475560,PET,Q,5,20,0.0016506569677245155
11475560,PET,Q,5,21,0.002001521976642693
11475560,PET,Q,5,22,0.001862160213065827
11475560,PET,Q,5,23,0.0021376937075733952
11475560,PET,Q,5,24,0.002127796321847227
11475560,PET,Q,5,25,0.0024800920924273814
11475560,PET,Q,5,26,0.0023845446136577693
11475560,PET,Q,5,27,0.0023561012910628433
11475560,PET,Q,5,28,0.0020708808330116707
11475560,PET,Q,5,29,0.0022039747981132812
11475560,PET,Q,5,30,0.0022316651091578363
11476600,PET,Q,5,1,0.0046415227464682435
11476600,PET,Q,5,2,0.004257669654316454
11476600,PET,Q,5,3,0.004452331568998144
11476600,PET,Q,5,4,0.004541983788088608
11476600,PET,Q,5,5,0.004684844483288472
11476600,PET,Q,5,6,0.004528305873510122
11476600,PET,Q,5,7,0.004689931744075032
11476600,PET,Q,5,8,0.004771535887248782
11476600,PET,Q,5,9,0.004574457699539014
11476600,PET,Q,5,10,0.004066835885451467
11476600,PET,Q,5,11,0.004468405328896238
11476600,PET,Q,5,12,0.0050603139733508135
11476600,PET,Q,5,13,0.004719564441511351
11476600,PET,Q,5,14,0.0048174114001974105
11476600,PET,Q,5,15,0.004937310732188421
11476600,PET,Q,5,16,0.004921584119178632
11476600,PET,Q,5,17,0.004572173521577336
11476600,PET,Q,5,18,0.004761115464251411
11476600,PET,Q,5,19,0.004937111103937686
11476600,PET,Q,5,20,0.004764964649003889
11476600,PET,Q,5,21,0.005142259681200384
11476600,PET,Q,5,22,0.0053793769915873035
11476600,PET,Q,5,23,0.005180577171193357
11476600,PET,Q,5,24,0.005533090678917552
11476600,PET,Q,5,25,0.005146562083791023
11476600,PET,Q,5,26,0.005293938267908485
11476600,PET,Q,5,27,0.005234346254612235
11476600,PET,Q,5,28,0.0051336106414827665
11476600,PET,Q,5,29,0.005267978704597109
11476600,PET,Q,5,30,0.0053427692473796
11478500,PET,Q,5,1,0.006834484419057818
11478500,PET,Q,5,2,0.006484736354695542
11478500,PET,Q,5,3,0.00676813073158225
11478500,PET,Q,5,4,0.006799750592815762
11478500,PET,Q,5,5,0.006517729095172384
11478500,PET,Q,5,6,0.0064537044045342995
11478500,PET,Q,5,7,0.006946111182553769
11478500,PET,Q,5,8,0.006482218035885223
11478500,PET,Q,5,9,0.006432063556793613
11478500,PET,Q,5,10,0.006665094506278682
11478500,PET,Q,5,11,0.006470855951905483
11478500,PET,Q,5,12,0.007493477609006385
11478500,PET,Q,5,13,0.007513633908142012
11478500,PET,Q,5,14,0.007248293121504656
11478500,PET,Q,5,15,0.008020985205703421
11478500,PET,Q,5,16,0.007794656366192587
11478500,PET,Q,5,17,0.0071643495627644604
11478500,PET,Q,5,18,0.007744848284816461
11478500,PET,Q,5,19,0.007393732466565939
11478500,PET,Q,5,20,0.007545317048821207
11478500,PET,Q,5,21,0.0077598056229309376
11478500,PET,Q,5,22,0.007488127152632695
11478500,PET,Q,5,23,0.007824462660370526
11478500,PET,Q,5,24,0.008084787258286208
11478500,PET,Q,5,25,0.00752075101002557
11478500,PET,Q,5,26,0.008139597430290718
11478500,PET,Q,5,27,0.008192211787938955
11478500,PET,Q,5,28,0.008199847673757324
11478500,PET,Q,5,29,0.008537238281667622
11478500,PET,Q,5,30,0.00781573312008213
11480390,PET,Q,5,1,0.005621989906898731
11480390,PET,Q,5,2,0.004937861243177077
11480390,PET,Q,5,3,0.005024629899137781
11480390,PET,Q,5,4,0.005149017803088768
11480390,PET,Q,5,5,0.004885050426480103
11480390,PET,Q,5,6,0.004822907505576943
11480390,PET,Q,5,7,0.005388327967233542
11480390,PET,Q,5,8,0.005065707692371468
11480390,PET,Q,5,9,0.0047211958727081255
11480390,PET,Q,5,10,0.005060429230489341
11480390,PET,Q,5,11,0.004833295469298199
11480390,PET,Q,5,12,0.005270996299838848
11480390,PET,Q,5,13,0.005352892520468708
11480390,PET,Q,5,14,0.005357472698920562
11480390,PET,Q,5,15,0.005680166692960176
11480390,PET,Q,5,16,0.0056239123626195126
11480390,PET,Q,5,17,0.005225342897808349
11480390,PET,Q,5,18,0.005558405540580555
11480390,PET,Q,5,19,0.0053861616189034706
11480390,PET,Q,5,20,0.005241837029277066
11480390,PET,Q,5,21,0.005279264822931687
11480390,PET,Q,5,22,0.005206780917394363
11480390,PET,Q,5,23,0.005718979874790281
11480390,PET,Q,5,24,0.005777769053188234
11480390,PET,Q,5,25,0.006017377922556577
11480390,PET,Q,5,26,0.00636485042636617
11480390,PET,Q,5,27,0.006602607865985655
11480390,PET,Q,5,28,0.006374155380854701
11480390,PET,Q,5,29,0.0066069611365891096
11480390,PET,Q,5,30,0.00667420283945612
11481200,PET,Q,5,1,0.004945273979323525
11481200,PET,Q,5,2,0.004148383607483222
11481200,PET,Q,5,3,0.00488658146388482
11481200,PET,Q,5,4,0.004810603392613008
11481200,PET,Q,5,5,0.004645999341892984
11481200,PET,Q,5,6,0.0045128930876440765
11481200,PET,Q,5,7,0.004768406567022765
11481200,PET,Q,5,8,0.004675219705541966
11481200,PET,Q,5,9,0.004441348002011208
11481200,PET,Q,5,10,0.0045683832790923695
11481200,PET,Q,5,11,0.004823795102931419
11481200,PET,Q,5,12,0.004942074545801561
11481200,PET,Q,5,13,0.004966235756697732
11481200,PET,Q,5,14,0.004908166179876286
11481200,PET,Q,5,15,0.005126777586856687
11481200,PET,Q,5,16,0.004732826602387524
11481200,PET,Q,5,17,0.004830213676823403
11481200,PET,Q,5,18,0.0051912609171779756
11481200,PET,Q,5,19,0.0051892618302546295
11481200,PET,Q,5,20,0.004956230071430062
11481200,PET,Q,5,21,0.005107667316252118
11481200,PET,Q,5,22,0.005233008185802468
11481200,PET,Q,5,23,0.005123362159473344
11481200,PET,Q,5,24,0.005139895360553745
11481200,PET,Q,5,25,0.006018040579888875
11481200,PET,Q,5,26,0.005520479898885974
11481200,PET,Q,5,27,0.005627150196777647
11481200,PET,Q,5,28,0.005744263520232287
11481200,PET,Q,5,29,0.00555547957925373
11481200,PET,Q,5,30,0.0057232073384122645
11482500,PET,Q,5,1,0.006538734062477028
11482500,PET,Q,5,2,0.0055982290546348346
11482500,PET,Q,5,3,0.005825379375674497
11482500,PET,Q,5,4,0.005891367913902157
11482500,PET,Q,5,5,0.006259901514878069
11482500,PET,Q,5,6,0.005896812366289944
11482500,PET,Q,5,7,0.006146742402271713
11482500,PET,Q,5,8,0.006217504588268599
11482500,PET,Q,5,9,0.00625259575131322
11482500,PET,Q,5,10,0.0062291184333861105
11482500,PET,Q,5,11,0.006107657714846906
11482500,PET,Q,5,12,0.006622731188356906
11482500,PET,Q,5,13,0.00632550938887029
11482500,PET,Q,5,14,0.006235731625723148
11482500,PET,Q,5,15,0.006837532770339688
11482500,PET,Q,5,16,0.006069516864417604
11482500,PET,Q,5,17,0.006630043256285634
11482500,PET,Q,5,18,0.006865222178007779
11482500,PET,Q,5,19,0.007103235614211972
11482500,PET,Q,5,20,0.006759744669711035
11482500,PET,Q,5,21,0.007300606644384394
11482500,PET,Q,5,22,0.006833570816813295
11482500,PET,Q,5,23,0.006836761282968659
11482500,PET,Q,5,24,0.007222202970916705
11482500,PET,Q,5,25,0.007544014062670676
11482500,PET,Q,5,26,0.00732824578505778
11482500,PET,Q,5,27,0.0074631344949518535
11482500,PET,Q,5,28,0.007600576451977467
11482500,PET,Q,5,29,0.007567399934887628
11482500,PET,Q,5,30,0.007761304528262028
11522500,PET,Q,5,1,0.0017678141154832475
11522500,PET,Q,5,2,0.00152381623766161
11522500,PET,Q,5,3,0.001468862143145358
11522500,PET,Q,5,4,0.0017999696336067211
11522500,PET,Q,5,5,0.0015571391075458602
11522500,PET,Q,5,6,0.0017062756941626372
11522500,PET,Q,5,7,0.001615932449474465
11522500,PET,Q,5,8,0.001558344905807904
11522500,PET,Q,5,9,0.0014985460436849896
11522500,PET,Q,5,10,0.0016319138592817486
11522500,PET,Q,5,11,0.0015664997694620902
11522500,PET,Q,5,12,0.0017317908597368897
11522500,PET,Q,5,13,0.0016000197734009278
11522500,PET,Q,5,14,0.001863024544359826
11522500,PET,Q,5,15,0.0017855267207869466
11522500,PET,Q,5,16,0.0017163698477605863
11522500,PET,Q,5,17,0.001825204300262881
11522500,PET,Q,5,18,0.002028165452033562
11522500,PET,Q,5,19,0.0021985956533945097
11522500,PET,Q,5,20,0.0020011547995242157
11522500,PET,Q,5,21,0.0020498984665001663
11522500,PET,Q,5,22,0.001754142131910684
11522500,PET,Q,5,23,0.0017644695916692738
11522500,PET,Q,5,24,0.002065333354907384
11522500,PET,Q,5,25,0.002062412451005531
11522500,PET,Q,5,26,0.0018546856912389637
11522500,PET,Q,5,27,0.0020288309133567675
11522500,PET,Q,5,28,0.0020291426856269834
11522500,PET,Q,5,29,0.0023036277232341557
11522500,PET,Q,5,30,0.0023464689323282814
11523200,PET,Q,5,1,0.002179199755843686
11523200,PET,Q,5,2,0.0021824104420265916
11523200,PET,Q,5,3,0.0019164539781793138
11523200,PET,Q,5,4,0.0019439430355195145
11523200,PET,Q,5,5,0.0018664879601532208
11523200,PET,Q,5,6,0.0020083629930410588
11523200,PET,Q,5,7,0.0018873883057143118
11523200,PET,Q,5,8,0.001933332890592443
11523200,PET,Q,5,9,0.002146639588466892
11523200,PET,Q,5,10,0.001933991178464628
11523200,PET,Q,5,11,0.002012326296359959
11523200,PET,Q,5,12,0.0019442532253587455
11523200,PET,Q,5,13,0.001662769708965138
11523200,PET,Q,5,14,0.0017922053092065612
11523200,PET,Q,5,15,0.0019053922492389547
11523200,PET,Q,5,16,0.001704372673958822
11523200,PET,Q,5,17,0.0016486778954817316
11523200,PET,Q,5,18,0.0016805990403817722
11523200,PET,Q,5,19,0.0015277581217017291
11523200,PET,Q,5,20,0.0014695613376038003
11523200,PET,Q,5,21,0.0017792600347725993
11523200,PET,Q,5,22,0.0016812343824937695
11523200,PET,Q,5,23,0.0017364187449570231
11523200,PET,Q,5,24,0.0021431828895226504
11523200,PET,Q,5,25,0.0020137153084071185
11523200,PET,Q,5,26,0.0021220825165380874
11523200,PET,Q,5,27,0.002056514933807582
11523200,PET,Q,5,28,0.0019451155104903278
11523200,PET,Q,5,29,0.0017484205212395174
11523200,PET,Q,5,30,0.001980903251799164
11528700,PET,Q,5,1,0.002796575835762205
11528700,PET,Q,5,2,0.002271580966338449
11528700,PET,Q,5,3,0.0028406288451153366
11528700,PET,Q,5,4,0.0027313066128232255
11528700,PET,Q,5,5,0.0023963554972159934
11528700,PET,Q,5,6,0.0026833854665129914
11528700,PET,Q,5,7,0.0026886391184017533
11528700,PET,Q,5,8,0.002882044518765947
11528700,PET,Q,5,9,0.0026242840633853848
11528700,PET,Q,5,10,0.002821027285115324
11528700,PET,Q,5,11,0.0026840836152306757
11528700,PET,Q,5,12,0.002716262483465834
11528700,PET,Q,5,13,0.002723638076604945
11528700,PET,Q,5,14,0.0033544748111269257
11528700,PET,Q,5,15,0.003047530492745143
11528700,PET,Q,5,16,0.0031805491973450895
11528700,PET,Q,5,17,0.0026714814764861733
11528700,PET,Q,5,18,0.0030392754844663084
11528700,PET,Q,5,19,0.002965920990914639
11528700,PET,Q,5,20,0.0024646359896632886
11528700,PET,Q,5,21,0.0027310609626863686
11528700,PET,Q,5,22,0.002782873100930325
11528700,PET,Q,5,23,0.0027584434484416026
11528700,PET,Q,5,24,0.0027617687561805743
11528700,PET,Q,5,25,0.0029876067013335506
11528700,PET,Q,5,26,0.0030255296875343757
11528700,PET,Q,5,27,0.0031847345138811267
11528700,PET,Q,5,28,0.003476978498516345
11528700,PET,Q,5,29,0.0033341623444319013
11528700,PET,Q,5,30,0.0033348863547307678
11532500,PET,Q,5,1,0.009458288584790142
11532500,PET,Q,5,2,0.00844323584494
11532500,PET,Q,5,3,0.007800582700429187
11532500,PET,Q,5,4,0.008070377089459319
11532500,PET,Q,5,5,0.007900720220806207
11532500,PET,Q,5,6,0.0076149705865692086
11532500,PET,Q,5,7,0.00878144437266662
11532500,PET,Q,5,8,0.008305280778053092
11532500,PET,Q,5,9,0.008593200985829608
11532500,PET,Q,5,10,0.008032905267221252
11532500,PET,Q,5,11,0.008179580822560067
11532500,PET,Q,5,12,0.00800275597989239
11532500,PET,Q,5,13,0.008227276317715831
11532500,PET,Q,5,14,0.00847565426392316
11532500,PET,Q,5,15,0.008780667959037813
11532500,PET,Q,5,16,0.008624254513412616
11532500,PET,Q,5,17,0.008349914615178755
11532500,PET,Q,5,18,0.008641330559936045
11532500,PET,Q,5,19,0.009014524318266964
11532500,PET,Q,5,20,0.009079784214893638
11532500,PET,Q,5,21,0.00901870448640632
11532500,PET,Q,5,22,0.00880707065743741
11532500,PET,Q,5,23,0.008470091730299195
11532500,PET,Q,5,24,0.009142315265848883
11532500,PET,Q,5,25,0.009013798832847308
11532500,PET,Q,5,26,0.008890270324110577
11532500,PET,Q,5,27,0.00925874435448007
11532500,PET,Q,5,28,0.00903511434261181
11532500,PET,Q,5,29,0.009183439285000095
11532500,PET,Q,5,30,0.008688592596994865
12010000,PET,Q,5,1,0.00932651832564102
12010000,PET,Q,5,2,0.009139351114887395
12010000,PET,Q,5,3,0.008792670416911924
12010000,PET,Q,5,4,0.008511790822995025
12010000,PET,Q,5,5,0.008105339735274747
12010000,PET,Q,5,6,0.008066595853175623
12010000,PET,Q,5,7,0.007980230025910445
12010000,PET,Q,5,8,0.008964394230347422
12010000,PET,Q,5,9,0.008545489407536772
12010000,PET,Q,5,10,0.008164335636242331
12010000,PET,Q,5,11,0.008441204731753943
12010000,PET,Q,5,12,0.00929453622693438
12010000,PET,Q,5,13,0.008574230098351315
12010000,PET,Q,5,14,0.008321765197127878
12010000,PET,Q,5,15,0.008806398880600946
12010000,PET,Q,5,16,0.008656137711730238
12010000,PET,Q,5,17,0.008465144566636884
12010000,PET,Q,5,18,0.008160587021522725
12010000,PET,Q,5,19,0.008126595478968907
12010000,PET,Q,5,20,0.007917159195380108
12010000,PET,Q,5,21,0.008052806424253767
12010000,PET,Q,5,22,0.008081871361787618
12010000,PET,Q,5,23,0.008778369216215803
12010000,PET,Q,5,24,0.008268857547616137
12010000,PET,Q,5,25,0.007897990786982223
12010000,PET,Q,5,26,0.008204583579488861
12010000,PET,Q,5,27,0.007843992481747608
12010000,PET,Q,5,28,0.007936563464525648
12010000,PET,Q,5,29,0.008226022964633928
12010000,PET,Q,5,30,0.007440082836078082
12013500,PET,Q,5,1,0.011221061934382659
12013500,PET,Q,5,2,0.010599780414133203
12013500,PET,Q,5,3,0.010412167157515362
12013500,PET,Q,5,4,0.009840775365022536
12013500,PET,Q,5,5,0.009952363092363442
12013500,PET,Q,5,6,0.01004543942407704
12013500,PET,Q,5,7,0.009861940484358733
12013500,PET,Q,5,8,0.01039180055026273
12013500,PET,Q,5,9,0.010266441635300355
12013500,PET,Q,5,10,0.01014392689239571
12013500,PET,Q,5,11,0.010545766592231803
12013500,PET,Q,5,12,0.011338592674679904
12013500,PET,Q,5,13,0.010330649891601928
12013500,PET,Q,5,14,0.009918655102906876
12013500,PET,Q,5,15,0.010041515781593013
12013500,PET,Q,5,16,0.010558834785725613
12013500,PET,Q,5,17,0.010604522941094957
12013500,PET,Q,5,18,0.00980473856144884
12013500,PET,Q,5,19,0.010016720169374521
12013500,PET,Q,5,20,0.009999658553185103
12013500,PET,Q,5,21,0.01025403073672046
12013500,PET,Q,5,22,0.010490714013744434
12013500,PET,Q,5,23,0.010899451143985356
12013500,PET,Q,5,24,0.010682510234978432
12013500,PET,Q,5,25,0.010517904486720464
12013500,PET,Q,5,26,0.010643604658879313
12013500,PET,Q,5,27,0.010811892408398888
12013500,PET,Q,5,28,0.010696334285794001
12013500,PET,Q,5,29,0.010618699707705792
12013500,PET,Q,5,30,0.010012148069274196
12020000,PET,Q,5,1,0.0005662111040059346
12020000,PET,Q,5,2,0.0005663363066775937
12020000,PET,Q,5,3,0.0005664615511671734
12020000,PET,Q,5,4,0.0005665868374950984
12020000,PET,Q,5,5,0.0005667121656790092
12020000,PET,Q,5,6,0.0005668375357388723
12020000,PET,Q,5,7,0.0005669629476930897
12020000,PET,Q,5,8,0.0005670884015612811
12020000,PET,Q,5,9,0.0005833601130192222
12020000,PET,Q,5,10,0.0005673092919333302
12020000,PET,Q,5,11,0.000775889098146524
12020000,PET,Q,5,12,0.0007695417294839007
12020000,PET,Q,5,13,0.0005611673801734496
12020000,PET,Q,5,14,0.0005678420060248601
12020000,PET,Q,5,15,0.0005841217227659373
12020000,PET,Q,5,16,0.0005842857236594712
12020000,PET,Q,5,17,0.0005681892155681122
12020000,PET,Q,5,18,0.0005845030980717193
12020000,PET,Q,5,19,0.0005846672347684326
12020000,PET,Q,5,20,0.00056856695688157
12020000,PET,Q,5,21,0.000568723124681739
12020000,PET,Q,5,22,0.0005688491673488533
12020000,PET,Q,5,23,0.0005689752522168613
12020000,PET,Q,5,24,0.0005691013793049579
12020000,PET,Q,5,25,0.0005692275486326569
12020000,PET,Q,5,26,0.00047957808082053216
12020000,PET,Q,5,27,0.0004868924620490805
12020000,PET,Q,5,28,0.00048699775582791704
12020000,PET,Q,5,29,0.0005768988525594217
12020000,PET,Q,5,30,0.0005698590295356871
12025000,PET,Q,5,1,0.009349371872929835
12025000,PET,Q,5,2,0.00861136416017197
12025000,PET,Q,5,3,0.008753290373799766
12025000,PET,Q,5,4,0.008578189654494472
12025000,PET,Q,5,5,0.008829057964726633
12025000,PET,Q,5,6,0.00847260427154009
12025000,PET,Q,5,7,0.008640397305864383
12025000,PET,Q,5,8,0.008552654074454408
12025000,PET,Q,5,9,0.008701412245677165
12025000,PET,Q,5,10,0.009451543965036058
12025000,PET,Q,5,11,0.009384936479160222
12025000,PET,Q,5,12,0.009293302564121253
12025000,PET,Q,5,13,0.00916180233269795
12025000,PET,Q,5,14,0.00897914483849191
12025000,PET,Q,5,15,0.009195980392593922
12025000,PET,Q,5,16,0.009308736931140649
12025000,PET,Q,5,17,0.009253506901812425
12025000,PET,Q,5,18,0.00911337927769404
12025000,PET,Q,5,19,0.009224331720993767
12025000,PET,Q,5,20,0.008898436027976325
12025000,PET,Q,5,21,0.009246558879230482
12025000,PET,Q,5,22,0.009494777998853704
12025000,PET,Q,5,23,0.009498869928547038
12025000,PET,Q,5,24,0.009616851792172282
12025000,PET,Q,5,25,0.009813963222202154
12025000,PET,Q,5,26,0.009839132969122477
12025000,PET,Q,5,27,0.009394103827602945
12025000,PET,Q,5,28,0.009471373641365771
12025000,PET,Q,5,29,0.009404467180124304
12025000,PET,Q,5,30,0.008980532809784836
12025700,PET,Q,5,1,0.005466699469247896
12025700,PET,Q,5,2,0.005108089134963717
12025700,PET,Q,5,3,0.005108201434157647
12025700,PET,Q,5,4,0.0047720014490291035
12025700,PET,Q,5,5,0.004917615666968522
12025700,PET,Q,5,6,0.004568449908654182
12025700,PET,Q,5,7,0.0049474996681426325
12025700,PET,Q,5,8,0.005474374241718968
12025700,PET,Q,5,9,0.005254688822826772
12025700,PET,Q,5,10,0.005554939459855107
12025700,PET,Q,5,11,0.005354437423402608
12025700,PET,Q,5,12,0.004946645790427154
12025700,PET,Q,5,13,0.005300261616861035
12025700,PET,Q,5,14,0.005073722064125874
12025700,PET,Q,5,15,0.005112645980442906
12025700,PET,Q,5,16,0.005208046986085305
12025700,PET,Q,5,17,0.005209148535320868
12025700,PET,Q,5,18,0.005047626525801194
12025700,PET,Q,5,19,0.00507586543917718
12025700,PET,Q,5,20,0.004888014392690265
12025700,PET,Q,5,21,0.004994360072313922
12025700,PET,Q,5,22,0.005084114424049033
12025700,PET,Q,5,23,0.005428452888810387
12025700,PET,Q,5,24,0.005368488231526539
12025700,PET,Q,5,25,0.0053696352012334025
12025700,PET,Q,5,26,0.005543217168302084
12025700,PET,Q,5,27,0.00563867480597674
12025700,PET,Q,5,28,0.005919023631440326
12025700,PET,Q,5,29,0.005717732473386888
12025700,PET,Q,5,30,0.0056246820359116545
12035000,PET,Q,5,1,0.008530893624693225
12035000,PET,Q,5,2,0.008232732972440926
12035000,PET,Q,5,3,0.008472819839682566
12035000,PET,Q,5,4,0.00784227812149857
12035000,PET,Q,5,5,0.00811501320408893
12035000,PET,Q,5,6,0.007893989032981469
12035000,PET,Q,5,7,0.00786570972720746
12035000,PET,Q,5,8,0.008053041311391868
12035000,PET,Q,5,9,0.008341115210334246
12035000,PET,Q,5,10,0.009127720447300827
12035000,PET,Q,5,11,0.009054264487600744
12035000,PET,Q,5,12,0.008238652754897852
12035000,PET,Q,5,13,0.008513515734176857
12035000,PET,Q,5,14,0.008254379909614223
12035000,PET,Q,5,15,0.008086739377388477
12035000,PET,Q,5,16,0.00836328536109529
12035000,PET,Q,5,17,0.008091054869053343
12035000,PET,Q,5,18,0.00765843356374965
12035000,PET,Q,5,19,0.008158876716460761
12035000,PET,Q,5,20,0.008289074106733546
12035000,PET,Q,5,21,0.00875590451821609
12035000,PET,Q,5,22,0.008516088035759442
12035000,PET,Q,5,23,0.008512401699120348
12035000,PET,Q,5,24,0.008309078068677173
12035000,PET,Q,5,25,0.008521586185395377
12035000,PET,Q,5,26,0.00831268158205703
12035000,PET,Q,5,27,0.008320050167890433
12035000,PET,Q,5,28,0.00832185348899983
12035000,PET,Q,5,29,0.008135237147523164
12035000,PET,Q,5,30,0.008098872332660711
12040500,PET,Q,5,1,0.01124997644554937
12040500,PET,Q,5,2,0.01174968202568466
12040500,PET,Q,5,3,0.010155566215031914
12040500,PET,Q,5,4,0.009435688380306395
12040500,PET,Q,5,5,0.009736956017167953
12040500,PET,Q,5,6,0.010242825892006813
12040500,PET,Q,5,7,0.009248954177409396
12040500,PET,Q,5,8,0.009724139456618097
12040500,PET,Q,5,9,0.009619190627828372
12040500,PET,Q,5,10,0.009351511822466102
12040500,PET,Q,5,11,0.00990898829761186
12040500,PET,Q,5,12,0.009233965873474997
12040500,PET,Q,5,13,0.00990864451838569
12040500,PET,Q,5,14,0.009659854634550075
12040500,PET,Q,5,15,0.009842481395668456
12040500,PET,Q,5,16,0.009577208632645468
12040500,PET,Q,5,17,0.010054804206505119
12040500,PET,Q,5,18,0.009545129406979547
12040500,PET,Q,5,19,0.009254780363944337
12040500,PET,Q,5,20,0.009483855466962787
12040500,PET,Q,5,21,0.009484063421955874
12040500,PET,Q,5,22,0.009671877705414472
12040500,PET,Q,5,23,0.009837623111807192
12040500,PET,Q,5,24,0.009635997453232403
12040500,PET,Q,5,25,0.009427772467522633
12040500,PET,Q,5,26,0.008915317778683013
12040500,PET,Q,5,27,0.009006158045440998
12040500,PET,Q,5,28,0.009481919489417151
12040500,PET,Q,5,29,0.008567801448498613
12040500,PET,Q,5,30,0.0083179815989681
12041200,PET,Q,5,1,0.011383418966017328
12041200,PET,Q,5,2,0.011293379595702507
12041200,PET,Q,5,3,0.010957455012649414
12041200,PET,Q,5,4,0.009994058018712365
12041200,PET,Q,5,5,0.009924631188123978
12041200,PET,Q,5,6,0.009929374167088195
12041200,PET,Q,5,7,0.01040727930087268
12041200,PET,Q,5,8,0.009834035628810689
12041200,PET,Q,5,9,0.010033333449540549
12041200,PET,Q,5,10,0.010041699353735
12041200,PET,Q,5,11,0.010533482658591165
12041200,PET,Q,5,12,0.01019695746402155
12041200,PET,Q,5,13,0.009776100407383054
12041200,PET,Q,5,14,0.009833056671598922
12041200,PET,Q,5,15,0.010139221741974208
12041200,PET,Q,5,16,0.010308866482203971
12041200,PET,Q,5,17,0.010380490055532932
12041200,PET,Q,5,18,0.010120033527689337
12041200,PET,Q,5,19,0.0100542597757316
12041200,PET,Q,5,20,0.009733744919323745
12041200,PET,Q,5,21,0.009360884182736007
12041200,PET,Q,5,22,0.009402031542049771
12041200,PET,Q,5,23,0.009518687582899504
12041200,PET,Q,5,24,0.009281809390749157
12041200,PET,Q,5,25,0.009173477666812618
12041200,PET,Q,5,26,0.009253623162286506
12041200,PET,Q,5,27,0.008892596158297766
12041200,PET,Q,5,28,0.008798046683544336
12041200,PET,Q,5,29,0.00862701298039506
12041200,PET,Q,5,30,0.008227706567041887
12043000,PET,Q,5,1,0.010130798311711722
12043000,PET,Q,5,2,0.010807665423849047
12043000,PET,Q,5,3,0.009928138432393166
12043000,PET,Q,5,4,0.009207818529655035
12043000,PET,Q,5,5,0.0095704994992908
12043000,PET,Q,5,6,0.010008312903396446
12043000,PET,Q,5,7,0.00910847476600797
12043000,PET,Q,5,8,0.009522434479239075
12043000,PET,Q,5,9,0.00969159363876805
12043000,PET,Q,5,10,0.00915983527053156
12043000,PET,Q,5,11,0.009339893497850929
12043000,PET,Q,5,12,0.009296841406122316
12043000,PET,Q,5,13,0.009460926580494813
12043000,PET,Q,5,14,0.009229401069979395
12043000,PET,Q,5,15,0.008938117091491074
12043000,PET,Q,5,16,0.008924052622234294
12043000,PET,Q,5,17,0.009092186680721218
12043000,PET,Q,5,18,0.008460420048728837
12043000,PET,Q,5,19,0.008877284394691168
12043000,PET,Q,5,20,0.009117893552095926
12043000,PET,Q,5,21,0.009397211285021481
12043000,PET,Q,5,22,0.009014898334848712
12043000,PET,Q,5,23,0.009014186734870436
12043000,PET,Q,5,24,0.00881288008701965
12043000,PET,Q,5,25,0.008604275645516926
12043000,PET,Q,5,26,0.008245769696131458
12043000,PET,Q,5,27,0.00845299158497094
12043000,PET,Q,5,28,0.009055127079407269
12043000,PET,Q,5,29,0.008647264580186512
12043000,PET,Q,5,30,0.008539893833326997
12048000,PET,Q,5,1,0.006782964686095544
12048000,PET,Q,5,2,0.006665145258292232
12048000,PET,Q,5,3,0.005042117441417304
12048000,PET,Q,5,4,0.004907370644714193
12048000,PET,Q,5,5,0.004737242050025764
12048000,PET,Q,5,6,0.004994553370079036
12048000,PET,Q,5,7,0.004929926875646806
12048000,PET,Q,5,8,0.004579248962050669
12048000,PET,Q,5,9,0.0044383845978118175
12048000,PET,Q,5,10,0.00472721584447236
12048000,PET,Q,5,11,0.0042874517847977245
12048000,PET,Q,5,12,0.004385529224947671
12048000,PET,Q,5,13,0.004287653602163544
12048000,PET,Q,5,14,0.004364912933424336
12048000,PET,Q,5,15,0.004610750877982128
12048000,PET,Q,5,16,0.00467902185246763
12048000,PET,Q,5,17,0.004743848295283987
12048000,PET,Q,5,18,0.004392687559111402
12048000,PET,Q,5,19,0.0038934669222032425
12048000,PET,Q,5,20,0.003979116418074524
12048000,PET,Q,5,21,0.0035532170106876426
12048000,PET,Q,5,22,0.003556005501197973
12048000,PET,Q,5,23,0.0037841244352836145
12048000,PET,Q,5,24,0.004072519225280208
12048000,PET,Q,5,25,0.003804846481454821
12048000,PET,Q,5,26,0.0038717172734826777
12048000,PET,Q,5,27,0.00405391521055834
12048000,PET,Q,5,28,0.004079759329877253
12048000,PET,Q,5,29,0.003766183668721057
12048000,PET,Q,5,30,0.004754268354806884
12054000,PET,Q,5,1,0.00779409533958092
12054000,PET,Q,5,2,0.007477697938700789
12054000,PET,Q,5,3,0.007039606410519317
12054000,PET,Q,5,4,0.007052589602532383
12054000,PET,Q,5,5,0.006756081928010582
12054000,PET,Q,5,6,0.006931399053959009
12054000,PET,Q,5,7,0.0065837829147524785
12054000,PET,Q,5,8,0.006903151507916233
12054000,PET,Q,5,9,0.006316880370987488
12054000,PET,Q,5,10,0.0059341272162757586
12054000,PET,Q,5,11,0.006306320874000987
12054000,PET,Q,5,12,0.006922284027335329
12054000,PET,Q,5,13,0.0066657193252811775
12054000,PET,Q,5,14,0.006859122613766366
12054000,PET,Q,5,15,0.006065248401751461
12054000,PET,Q,5,16,0.006135145866266095
12054000,PET,Q,5,17,0.006201652739301983
12054000,PET,Q,5,18,0.005647930251304473
12054000,PET,Q,5,19,0.0057764061741859
12054000,PET,Q,5,20,0.005958716008548609
12054000,PET,Q,5,21,0.005960324389699373
12054000,PET,Q,5,22,0.006169384059295874
12054000,PET,Q,5,23,0.005735767753918736
12054000,PET,Q,5,24,0.0058552194289553106
12054000,PET,Q,5,25,0.0060280908027494085
12054000,PET,Q,5,26,0.005532650519373766
12054000,PET,Q,5,27,0.00548524057531144
12054000,PET,Q,5,28,0.005760442110949893
12054000,PET,Q,5,29,0.00527831953119326
12054000,PET,Q,5,30,0.0051224393561612735
12056500,PET,Q,5,1,0.006162199703629925
12056500,PET,Q,5,2,0.006380351631545475
12056500,PET,Q,5,3,0.005880094147657569
12056500,PET,Q,5,4,0.005718816212213262
12056500,PET,Q,5,5,0.005523556866098581
12056500,PET,Q,5,6,0.00581203820453316
12056500,PET,Q,5,7,0.005972373791993252
12056500,PET,Q,5,8,0.005724395625651385
12056500,PET,Q,5,9,0.005537004450920147
12056500,PET,Q,5,10,0.005470026129239969
12056500,PET,Q,5,11,0.005435534038462808
12056500,PET,Q,5,12,0.006005246696248301
12056500,PET,Q,5,13,0.005308349887655675
12056500,PET,Q,5,14,0.005543317533782885
12056500,PET,Q,5,15,0.004844193345337061
12056500,PET,Q,5,16,0.0050437680272677615
12056500,PET,Q,5,17,0.004865513527423482
12056500,PET,Q,5,18,0.004894418397313666
12056500,PET,Q,5,19,0.004742357906771591
12056500,PET,Q,5,20,0.0053799373825861585
12056500,PET,Q,5,21,0.004885256297526952
12056500,PET,Q,5,22,0.00562308595466425
12056500,PET,Q,5,23,0.005021542093339035
12056500,PET,Q,5,24,0.005083416546313599
12056500,PET,Q,5,25,0.004641848854535446
12056500,PET,Q,5,26,0.0043713679186098975
12056500,PET,Q,5,27,0.0048410451416267125
12056500,PET,Q,5,28,0.004450752248746304
12056500,PET,Q,5,29,0.004225923313157881
12056500,PET,Q,5,30,0.0042654146117347
12073500,PET,Q,5,1,0.0034983338898623637
12073500,PET,Q,5,2,0.0026776826620250743
12073500,PET,Q,5,3,0.0028140455128989675
12073500,PET,Q,5,4,0.0030183721343943204
12073500,PET,Q,5,5,0.003139531868794468
12073500,PET,Q,5,6,0.0029365456906222387
12073500,PET,Q,5,7,0.0029377900832728773
12073500,PET,Q,5,8,0.0027545273574846735
12073500,PET,Q,5,9,0.0029477361517696657
12073500,PET,Q,5,10,0.0029118100546097272
12073500,PET,Q,5,11,0.003211917205794286
12073500,PET,Q,5,12,0.003176714499509188
12073500,PET,Q,5,13,0.002982450646036111
12073500,PET,Q,5,14,0.0030190605347522464
12073500,PET,Q,5,15,0.0027221650184338156
12073500,PET,Q,5,16,0.002952215553534407
12073500,PET,Q,5,17,0.003020930821251759
12073500,PET,Q,5,18,0.0027239879641120235
12073500,PET,Q,5,19,0.002761204196081113
12073500,PET,Q,5,20,0.0029084613513958996
12073500,PET,Q,5,21,0.00290918666221459
12073500,PET,Q,5,22,0.0030608669222880053
12073500,PET,Q,5,23,0.0028737484998516555
12073500,PET,Q,5,24,0.0030621680037762264
12073500,PET,Q,5,25,0.0030261774920074744
12073500,PET,Q,5,26,0.0030268257719259437
12073500,PET,Q,5,27,0.003027474266236764
12073500,PET,Q,5,28,0.0030281229750380584
12073500,PET,Q,5,29,0.003028771898428116
12073500,PET,Q,5,30,0.003029421036505331
12082500,PET,Q,5,1,0.003859648271181168
12082500,PET,Q,5,2,0.0034925752899807178
12082500,PET,Q,5,3,0.0032737345989789224
12082500,PET,Q,5,4,0.0032162224597203637
12082500,PET,Q,5,5,0.0030706634867362637
12082500,PET,Q,5,6,0.0030083315675365208
12082500,PET,Q,5,7,0.003081182678952299
12082500,PET,Q,5,8,0.003178404790702097
12082500,PET,Q,5,9,0.00333190675286385
12082500,PET,Q,5,10,0.003467199270184948
12082500,PET,Q,5,11,0.0032799671156757415
12082500,PET,Q,5,12,0.0033678413404806956
12082500,PET,Q,5,13,0.003741918444650688
12082500,PET,Q,5,14,0.0036135359359043273
12082500,PET,Q,5,15,0.0035975031723076978
12082500,PET,Q,5,16,0.0036671845264899944
12082500,PET,Q,5,17,0.0033804982707009296
12082500,PET,Q,5,18,0.003449772066176096
12082500,PET,Q,5,19,0.0035012589035642444
12082500,PET,Q,5,20,0.003458357213936808
12082500,PET,Q,5,21,0.004122055877168074
12082500,PET,Q,5,22,0.0039420445134268345
12082500,PET,Q,5,23,0.003937925996564867
12082500,PET,Q,5,24,0.003826889338268996
12082500,PET,Q,5,25,0.004038730910735852
12082500,PET,Q,5,26,0.004377660120519225
12082500,PET,Q,5,27,0.004137323162178727
12082500,PET,Q,5,28,0.00398796719876815
12082500,PET,Q,5,29,0.0038738992218458196
12082500,PET,Q,5,30,0.003585180338408059
12092000,PET,Q,5,1,0.0035482622124522398
12092000,PET,Q,5,2,0.002803933760749222
12092000,PET,Q,5,3,0.002544503805397655
12092000,PET,Q,5,4,0.002666358675552781
12092000,PET,Q,5,5,0.0026212156948465237
12092000,PET,Q,5,6,0.0022054759965434295
12092000,PET,Q,5,7,0.002260850467178388
12092000,PET,Q,5,8,0.0021529036938473106
12092000,PET,Q,5,9,0.002333190346097018
12092000,PET,Q,5,10,0.0027317295237090852
12092000,PET,Q,5,11,0.002293702772549547
12092000,PET,Q,5,12,0.0027032956671063715
12092000,PET,Q,5,13,0.0027750783377490304
12092000,PET,Q,5,14,0.002800518420121363
12092000,PET,Q,5,15,0.0021419526685014095
12092000,PET,Q,5,16,0.0024634422501457268
12092000,PET,Q,5,17,0.0021720424427854046
12092000,PET,Q,5,18,0.002336337676226388
12092000,PET,Q,5,19,0.002526669054422656
12092000,PET,Q,5,20,0.0024538679017704207
12092000,PET,Q,5,21,0.002821467535149051
12092000,PET,Q,5,22,0.002451465339115416
12092000,PET,Q,5,23,0.0027496767858199225
12092000,PET,Q,5,24,0.0026746658485187966
12092000,PET,Q,5,25,0.002775469040680774
12092000,PET,Q,5,26,0.002488389634857688
12092000,PET,Q,5,27,0.002840148468343219
12092000,PET,Q,5,28,0.002330873113738016
12092000,PET,Q,5,29,0.0023375295493684167
12092000,PET,Q,5,30,0.0019736125883151046
12095000,PET,Q,5,1,0.0016823231919689888
12095000,PET,Q,5,2,0.0016170193942190714
12095000,PET,Q,5,3,0.0016832022577386238
12095000,PET,Q,5,4,0.001592768631764066
12095000,PET,Q,5,5,0.0017412265779780944
12095000,PET,Q,5,6,0.001580805082250586
12095000,PET,Q,5,7,0.0021192311176420273
12095000,PET,Q,5,8,0.0020708556381129964
12095000,PET,Q,5,9,0.0018177524572820375
12095000,PET,Q,5,10,0.0016430267779836347
12095000,PET,Q,5,11,0.001885409674885978
12095000,PET,Q,5,12,0.0019799869785688054
12095000,PET,Q,5,13,0.0018082217007846027
12095000,PET,Q,5,14,0.001869451359713295
12095000,PET,Q,5,15,0.002074130325322908
12095000,PET,Q,5,16,0.002074938785930569
12095000,PET,Q,5,17,0.001907663508651937
12095000,PET,Q,5,18,0.0017738895351831485
12095000,PET,Q,5,19,0.0019085610449346702
12095000,PET,Q,5,20,0.00197723628897592
12095000,PET,Q,5,21,0.001897214547390759
12095000,PET,Q,5,22,0.0018977760775571034
12095000,PET,Q,5,23,0.0020870832777808435
12095000,PET,Q,5,24,0.0020652862432913935
12095000,PET,Q,5,25,0.0023923594559109376
12095000,PET,Q,5,26,0.002469338433326841
12095000,PET,Q,5,27,0.002392967055851389
12095000,PET,Q,5,28,0.0027029177533809956
12095000,PET,Q,5,29,0.0022566448102367687
12095000,PET,Q,5,30,0.0022579574315445064
12114500,PET,Q,5,1,0.0028999949109594914
12114500,PET,Q,5,2,0.002998162125620152
12114500,PET,Q,5,3,0.00234314391942729
12114500,PET,Q,5,4,0.0025599907045764647
12114500,PET,Q,5,5,0.0024860761700551542
12114500,PET,Q,5,6,0.0022925496528713313
12114500,PET,Q,5,7,0.002312317308142159
12114500,PET,Q,5,8,0.002575917647849743
12114500,PET,Q,5,9,0.0024773623889804697
12114500,PET,Q,5,10,0.002413134821811838
12114500,PET,Q,5,11,0.0024235705281392267
12114500,PET,Q,5,12,0.002711723251384579
12114500,PET,Q,5,13,0.0026120354955894848
12114500,PET,Q,5,14,0.002646119292138413
12114500,PET,Q,5,15,0.002799091749919047
12114500,PET,Q,5,16,0.0028705787597566174
12114500,PET,Q,5,17,0.0030868249840789314
12114500,PET,Q,5,18,0.0030781238563799412
12114500,PET,Q,5,19,0.0028946709619426664
12114500,PET,Q,5,20,0.003097105028157257
12114500,PET,Q,5,21,0.0029610566328878846
12114500,PET,Q,5,22,0.0032028397766290795
12114500,PET,Q,5,23,0.0033920828269828895
12114500,PET,Q,5,24,0.003372413891089221
12114500,PET,Q,5,25,0.0030706672209381003
12114500,PET,Q,5,26,0.0031883048376175754
12114500,PET,Q,5,27,0.0033776251908378963
12114500,PET,Q,5,28,0.003011183838547815
12114500,PET,Q,5,29,0.0031156977804453617
12114500,PET,Q,5,30,0.0028456129613649017
12115000,PET,Q,5,1,0.0027799404759158916
12115000,PET,Q,5,2,0.0029887280046183504
12115000,PET,Q,5,3,0.0024548221330605927
12115000,PET,Q,5,4,0.0027549634268899184
12115000,PET,Q,5,5,0.0023451526332142134
12115000,PET,Q,5,6,0.002314243899604815
12115000,PET,Q,5,7,0.0025057818840912086
12115000,PET,Q,5,8,0.0028399400343471354
12115000,PET,Q,5,9,0.002916388546555987
12115000,PET,Q,5,10,0.0027562845994825516
12115000,PET,Q,5,11,0.0025248282595142085
12115000,PET,Q,5,12,0.0026727529513152076
12115000,PET,Q,5,13,0.0031381252257694225
12115000,PET,Q,5,14,0.0027750272106824916
12115000,PET,Q,5,15,0.002824822129332938
12115000,PET,Q,5,16,0.0033300459081176473
12115000,PET,Q,5,17,0.0031379170484147345
12115000,PET,Q,5,18,0.0030209725536078785
12115000,PET,Q,5,19,0.0029756473443278003
12115000,PET,Q,5,20,0.0030876299584704087
12115000,PET,Q,5,21,0.0037559499738627627
12115000,PET,Q,5,22,0.0032250680091038403
12115000,PET,Q,5,23,0.0031902990033496337
12115000,PET,Q,5,24,0.00329183808753937
12115000,PET,Q,5,25,0.003313573045906515
12115000,PET,Q,5,26,0.003676842927190428
12115000,PET,Q,5,27,0.003595714743499401
12115000,PET,Q,5,28,0.0032323211414552397
12115000,PET,Q,5,29,0.003178914228456585
12115000,PET,Q,5,30,0.003274090711144373
12115500,PET,Q,5,1,0.004034167033101013
12115500,PET,Q,5,2,0.004190515998327898
12115500,PET,Q,5,3,0.0038421465941938654
12115500,PET,Q,5,4,0.003990511432597821
12115500,PET,Q,5,5,0.00350768251214581
12115500,PET,Q,5,6,0.003763876959580137
12115500,PET,Q,5,7,0.0036440576142044157
12115500,PET,Q,5,8,0.003870442459012663
12115500,PET,Q,5,9,0.004130390501921502
12115500,PET,Q,5,10,0.004000404381696937
12115500,PET,Q,5,11,0.004521569800327599
12115500,PET,Q,5,12,0.004052924883441708
12115500,PET,Q,5,13,0.00444300008997639
12115500,PET,Q,5,14,0.004260957869317225
12115500,PET,Q,5,15,0.0037667775556178285
12115500,PET,Q,5,16,0.00424486949438399
12115500,PET,Q,5,17,0.004182416647720677
12115500,PET,Q,5,18,0.0040729526087485285
12115500,PET,Q,5,19,0.004113436736458809
12115500,PET,Q,5,20,0.004098345119474017
12115500,PET,Q,5,21,0.00487893350971029
12115500,PET,Q,5,22,0.004178545097385786
12115500,PET,Q,5,23,0.004196909113730496
12115500,PET,Q,5,24,0.004175618739258785
12115500,PET,Q,5,25,0.004359152740442407
12115500,PET,Q,5,26,0.00456950270146371
12115500,PET,Q,5,27,0.004531444334891763
12115500,PET,Q,5,28,0.004515672159753362
12115500,PET,Q,5,29,0.004949212348941717
12115500,PET,Q,5,30,0.004577647033326901
12117000,PET,Q,5,1,0.003394646205292992
12117000,PET,Q,5,2,0.0030624335140470235
12117000,PET,Q,5,3,0.002809646512836321
12117000,PET,Q,5,4,0.0029400720584102993
12117000,PET,Q,5,5,0.002556935880355826
12117000,PET,Q,5,6,0.0024133880999541793
12117000,PET,Q,5,7,0.0027634507854314497
12117000,PET,Q,5,8,0.0028401542272535815
12117000,PET,Q,5,9,0.0032323827539637376
12117000,PET,Q,5,10,0.003153945117809906
12117000,PET,Q,5,11,0.0032523304494123245
12117000,PET,Q,5,12,0.0029799025597014445
12117000,PET,Q,5,13,0.0028420769234501347
12117000,PET,Q,5,14,0.0033698384439530688
12117000,PET,Q,5,15,0.0029295343638964175
12117000,PET,Q,5,16,0.0030251164125584262
12117000,PET,Q,5,17,0.0033304572449625175
12117000,PET,Q,5,18,0.003073033545670817
12117000,PET,Q,5,19,0.003124582934853515
12117000,PET,Q,5,20,0.003284836227427708
12117000,PET,Q,5,21,0.0032384454997365295
12117000,PET,Q,5,22,0.0034312924755615093
12117000,PET,Q,5,23,0.0031933549699929425
12117000,PET,Q,5,24,0.003432737072607439
12117000,PET,Q,5,25,0.0032634149424394174
12117000,PET,Q,5,26,0.0037289370287445014
12117000,PET,Q,5,27,0.0036830461886315363
12117000,PET,Q,5,28,0.003729637608544535
12117000,PET,Q,5,29,0.00385404343237232
12117000,PET,Q,5,30,0.003625618333571473
12141300,PET,Q,5,1,0.005789985700728237
12141300,PET,Q,5,2,0.0054123254657100495
12141300,PET,Q,5,3,0.00496731598310704
12141300,PET,Q,5,4,0.00431120893798749
12141300,PET,Q,5,5,0.003610833333866914
12141300,PET,Q,5,6,0.003994998057897964
12141300,PET,Q,5,7,0.004059411833905582
12141300,PET,Q,5,8,0.004317063320334963
12141300,PET,Q,5,9,0.004289196387854327
12141300,PET,Q,5,10,0.0042179562755313565
12141300,PET,Q,5,11,0.004143310175033915
12141300,PET,Q,5,12,0.004215556643078558
12141300,PET,Q,5,13,0.0045334224204443
12141300,PET,Q,5,14,0.004877234251333587
12141300,PET,Q,5,15,0.0042660254706984035
12141300,PET,Q,5,16,0.0045187026919426
12141300,PET,Q,5,17,0.004449506697850172
12141300,PET,Q,5,18,0.004293932443306836
12141300,PET,Q,5,19,0.0046260646617118095
12141300,PET,Q,5,20,0.004648630869033887
12141300,PET,Q,5,21,0.004616915057250412
12141300,PET,Q,5,22,0.0047096959030795554
12141300,PET,Q,5,23,0.004562981750562661
12141300,PET,Q,5,24,0.004217611560139611
12141300,PET,Q,5,25,0.004509535111358848
12141300,PET,Q,5,26,0.004918046874716336
12141300,PET,Q,5,27,0.004434914846692617
12141300,PET,Q,5,28,0.004360953955287489
12141300,PET,Q,5,29,0.004111740097186359
12141300,PET,Q,5,30,0.0036599843331216186
12143600,PET,Q,5,1,0.0032582571627233214
12143600,PET,Q,5,2,0.0036663738320044104
12143600,PET,Q,5,3,0.002939668290013145
12143600,PET,Q,5,4,0.003513687093441721
12143600,PET,Q,5,5,0.002847566615651012
12143600,PET,Q,5,6,0.002897841411305259
12143600,PET,Q,5,7,0.0028848560196407594
12143600,PET,Q,5,8,0.0033318211040401988
12143600,PET,Q,5,9,0.0031993563402997888
12143600,PET,Q,5,10,0.003361268335719106
12143600,PET,Q,5,11,0.003229203303861429
12143600,PET,Q,5,12,0.002995948766239903
12143600,PET,Q,5,13,0.0034843235639433895
12143600,PET,Q,5,14,0.003457072404745201
12143600,PET,Q,5,15,0.0032250562923838502
12143600,PET,Q,5,16,0.0034628080103965286
12143600,PET,Q,5,17,0.0034863442943927347
12143600,PET,Q,5,18,0.0029964662062636413
12143600,PET,Q,5,19,0.0032166945460423563
12143600,PET,Q,5,20,0.0032701513529177564
12143600,PET,Q,5,21,0.003414922796360645
12143600,PET,Q,5,22,0.003675208568981604
12143600,PET,Q,5,23,0.0032996215188123984
12143600,PET,Q,5,24,0.0030219173474058253
12143600,PET,Q,5,25,0.0030061355084191124
12143600,PET,Q,5,26,0.0034769052428127514
12143600,PET,Q,5,27,0.0036787006755947815
12143600,PET,Q,5,28,0.003684405582596896
12143600,PET,Q,5,29,0.0033992531356376934
12143600,PET,Q,5,30,0.0031275646420098266
12144000,PET,Q,5,1,0.005037258330033906
12144000,PET,Q,5,2,0.004496519960344281
12144000,PET,Q,5,3,0.004389927382957751
12144000,PET,Q,5,4,0.004214188070463032
12144000,PET,Q,5,5,0.0035079395060230445
12144000,PET,Q,5,6,0.003921028561222048
12144000,PET,Q,5,7,0.004041308371289243
12144000,PET,Q,5,8,0.0042622877939479525
12144000,PET,Q,5,9,0.004121860972906566
12144000,PET,Q,5,10,0.0037731999341343303
12144000,PET,Q,5,11,0.003896471217266842
12144000,PET,Q,5,12,0.004037402877817314
12144000,PET,Q,5,13,0.0036530508713936982
12144000,PET,Q,5,14,0.004434322092723542
12144000,PET,Q,5,15,0.004231066378458423
12144000,PET,Q,5,16,0.0044564176734157995
12144000,PET,Q,5,17,0.004087422724798145
12144000,PET,Q,5,18,0.003994735348024206
12144000,PET,Q,5,19,0.004264348044366345
12144000,PET,Q,5,20,0.00415887410468109
12144000,PET,Q,5,21,0.00415589778910419
12144000,PET,Q,5,22,0.004182928727766863
12144000,PET,Q,5,23,0.004263615214094241
12144000,PET,Q,5,24,0.004403616956500933
12144000,PET,Q,5,25,0.0042627778215765105
12144000,PET,Q,5,26,0.004745995044286605
12144000,PET,Q,5,27,0.004330443831101441
12144000,PET,Q,5,28,0.004035589922260427
12144000,PET,Q,5,29,0.004354783341816812
12144000,PET,Q,5,30,0.0040343228627231775
12145500,PET,Q,5,1,0.0064942839856479
12145500,PET,Q,5,2,0.005695422385496862
12145500,PET,Q,5,3,0.005960055187727159
12145500,PET,Q,5,4,0.00570309855685866
12145500,PET,Q,5,5,0.005808021703737468
12145500,PET,Q,5,6,0.005537671879385447
12145500,PET,Q,5,7,0.005498646891506601
12145500,PET,Q,5,8,0.005760252178595812
12145500,PET,Q,5,9,0.006190513018333954
12145500,PET,Q,5,10,0.006161016343853812
12145500,PET,Q,5,11,0.005980373486439178
12145500,PET,Q,5,12,0.006117381061720703
12145500,PET,Q,5,13,0.005916583133578776
12145500,PET,Q,5,14,0.00622122225207411
12145500,PET,Q,5,15,0.0059944239085154005
12145500,PET,Q,5,16,0.0060464388979142025
12145500,PET,Q,5,17,0.006407988431685108
12145500,PET,Q,5,18,0.006205935992714018
12145500,PET,Q,5,19,0.006433042621595081
12145500,PET,Q,5,20,0.006849234070564161
12145500,PET,Q,5,21,0.00703339834935135
12145500,PET,Q,5,22,0.006996544965389664
12145500,PET,Q,5,23,0.006795753481436295
12145500,PET,Q,5,24,0.006773707573921928
12145500,PET,Q,5,25,0.007008814356189441
12145500,PET,Q,5,26,0.007297710344312647
12145500,PET,Q,5,27,0.0073368001136076555
12145500,PET,Q,5,28,0.007209424469720879
12145500,PET,Q,5,29,0.006673259559407868
12145500,PET,Q,5,30,0.00672532841945013
12147500,PET,Q,5,1,0.005240006974668948
12147500,PET,Q,5,2,0.004465552378783197
12147500,PET,Q,5,3,0.00413119727435847
12147500,PET,Q,5,4,0.004465315809517562
12147500,PET,Q,5,5,0.0040663311006889635
12147500,PET,Q,5,6,0.003969296780204204
12147500,PET,Q,5,7,0.003965189696868765
12147500,PET,Q,5,8,0.003644949156943564
12147500,PET,Q,5,9,0.004523846702828183
12147500,PET,Q,5,10,0.004916006251625013
12147500,PET,Q,5,11,0.004677964663190218
12147500,PET,Q,5,12,0.004516073690873396
12147500,PET,Q,5,13,0.00461885328559862
12147500,PET,Q,5,14,0.004425508670616238
12147500,PET,Q,5,15,0.004685959512282206
12147500,PET,Q,5,16,0.004541360198856939
12147500,PET,Q,5,17,0.0042334161907112144
12147500,PET,Q,5,18,0.004424974988724045
12147500,PET,Q,5,19,0.004781432853166179
12147500,PET,Q,5,20,0.004292923811752322
12147500,PET,Q,5,21,0.00499394986845747
12147500,PET,Q,5,22,0.005090563574134024
12147500,PET,Q,5,23,0.00493431300294675
12147500,PET,Q,5,24,0.00485063576503085
12147500,PET,Q,5,25,0.004454979611809851
12147500,PET,Q,5,26,0.004597178854862105
12147500,PET,Q,5,27,0.004417977849017221
12147500,PET,Q,5,28,0.00433107328740906
12147500,PET,Q,5,29,0.0048352537861734435
12147500,PET,Q,5,30,0.004635131509401771
12147600,PET,Q,5,1,0.0058133605486617446
12147600,PET,Q,5,2,0.005090194229999664
12147600,PET,Q,5,3,0.0047887096650530425
12147600,PET,Q,5,4,0.004484048226036916
12147600,PET,Q,5,5,0.004423864475092187
12147600,PET,Q,5,6,0.00441851101712884
12147600,PET,Q,5,7,0.004249962205690863
12147600,PET,Q,5,8,0.004265979151219207
12147600,PET,Q,5,9,0.004836552430947966
12147600,PET,Q,5,10,0.005068879536792373
12147600,PET,Q,5,11,0.004494584404009544
12147600,PET,Q,5,12,0.0046966890150205165
12147600,PET,Q,5,13,0.0047890962644537155
12147600,PET,Q,5,14,0.004756145303207476
12147600,PET,Q,5,15,0.00450888230176516
12147600,PET,Q,5,16,0.004337371371016016
12147600,PET,Q,5,17,0.004641046608935995
12147600,PET,Q,5,18,0.0044871590193064775
12147600,PET,Q,5,19,0.0047827720253775935
12147600,PET,Q,5,20,0.004380690802778239
12147600,PET,Q,5,21,0.00530116365397125
12147600,PET,Q,5,22,0.005088070687210539
12147600,PET,Q,5,23,0.004897818307153676
12147600,PET,Q,5,24,0.004948088697118991
12147600,PET,Q,5,25,0.005120817418724319
12147600,PET,Q,5,26,0.004820026586915882
12147600,PET,Q,5,27,0.004491778727445744
12147600,PET,Q,5,28,0.004609241641874359
12147600,PET,Q,5,29,0.004326416043218845
12147600,PET,Q,5,30,0.0038823757560692562
12167000,PET,Q,5,1,0.00844350624778789
12167000,PET,Q,5,2,0.007448602609289978
12167000,PET,Q,5,3,0.007365395803089619
12167000,PET,Q,5,4,0.006898430670606359
12167000,PET,Q,5,5,0.0069621603382992725
12167000,PET,Q,5,6,0.006970902827758946
12167000,PET,Q,5,7,0.007000557424055531
12167000,PET,Q,5,8,0.006472514714780581
12167000,PET,Q,5,9,0.007041115998218245
12167000,PET,Q,5,10,0.006730292694205664
12167000,PET,Q,5,11,0.007013644877678998
12167000,PET,Q,5,12,0.006710841858815347
12167000,PET,Q,5,13,0.006928561169460307
12167000,PET,Q,5,14,0.006809045203100245
12167000,PET,Q,5,15,0.007148728673978255
12167000,PET,Q,5,16,0.0074545021552958335
12167000,PET,Q,5,17,0.0075587137049301645
12167000,PET,Q,5,18,0.0073502728845206144
12167000,PET,Q,5,19,0.007298144475533813
12167000,PET,Q,5,20,0.007514309421613102
12167000,PET,Q,5,21,0.006889857728583526
12167000,PET,Q,5,22,0.007247261580302755
12167000,PET,Q,5,23,0.007256489934289595
12167000,PET,Q,5,24,0.007261515349945069
12167000,PET,Q,5,25,0.0075462161176793885
12167000,PET,Q,5,26,0.00709853233928931
12167000,PET,Q,5,27,0.007189395464654913
12167000,PET,Q,5,28,0.006811968897074389
12167000,PET,Q,5,29,0.0068290406060656506
12167000,PET,Q,5,30,0.006620984735722646
12175500,PET,Q,5,1,0.012834500453644315
12175500,PET,Q,5,2,0.011020318156231834
12175500,PET,Q,5,3,0.008219003589075041
12175500,PET,Q,5,4,0.006752559539649927
12175500,PET,Q,5,5,0.00621397665614476
12175500,PET,Q,5,6,0.005834101527998126
12175500,PET,Q,5,7,0.005345706683000412
12175500,PET,Q,5,8,0.005375805172841558
12175500,PET,Q,5,9,0.005304469563515796
12175500,PET,Q,5,10,0.005014918359557974
12175500,PET,Q,5,11,0.004535145742322111
12175500,PET,Q,5,12,0.004275432138280355
12175500,PET,Q,5,13,0.004268927791541949
12175500,PET,Q,5,14,0.004438310856610089
12175500,PET,Q,5,15,0.004454357042124463
12175500,PET,Q,5,16,0.00456575002995066
12175500,PET,Q,5,17,0.004501559651035075
12175500,PET,Q,5,18,0.004503924624037925
12175500,PET,Q,5,19,0.00494297558889259
12175500,PET,Q,5,20,0.004616275814786741
12175500,PET,Q,5,21,0.005004458155196234
12175500,PET,Q,5,22,0.004264158216254588
12175500,PET,Q,5,23,0.004659726378197282
12175500,PET,Q,5,24,0.004449916032462087
12175500,PET,Q,5,25,0.004544290063435569
12175500,PET,Q,5,26,0.004257552627141448
12175500,PET,Q,5,27,0.004765299163198122
12175500,PET,Q,5,28,0.004860128626952176
12175500,PET,Q,5,29,0.0050484265711789045
12175500,PET,Q,5,30,0.005461342653873658
12178100,PET,Q,5,1,0.0016259390626025341
12178100,PET,Q,5,2,0.0017762418847514123
12178100,PET,Q,5,3,0.001495044391279874
12178100,PET,Q,5,4,0.0015320751506641035
12178100,PET,Q,5,5,0.0013229995269678461
12178100,PET,Q,5,6,0.0014495680571527496
12178100,PET,Q,5,7,0.0013542721717457427
12178100,PET,Q,5,8,0.0012576659745591884
12178100,PET,Q,5,9,0.0014247487576452382
12178100,PET,Q,5,10,0.0012871670842486277
12178100,PET,Q,5,11,0.0009900710525636014
12178100,PET,Q,5,12,0.00122828045935253
12178100,PET,Q,5,13,0.0011015087066575079
12178100,PET,Q,5,14,0.000958110448008441
12178100,PET,Q,5,15,0.0008064468634858477
12178100,PET,Q,5,16,0.0008181764083297488
12178100,PET,Q,5,17,0.0009231056327012495
12178100,PET,Q,5,18,0.001248184465636716
12178100,PET,Q,5,19,0.0009941675342975895
12178100,PET,Q,5,20,0.0008099418935850582
12178100,PET,Q,5,21,0.0010821259037780279
12178100,PET,Q,5,22,0.0011699839465080415
12178100,PET,Q,5,23,0.0010927428848366456
12178100,PET,Q,5,24,0.001014693516318551
12178100,PET,Q,5,25,0.0011150118803372674
12178100,PET,Q,5,26,0.0010887467282358829
12178100,PET,Q,5,27,0.0010654756702915234
12178100,PET,Q,5,28,0.0009087778478904483
12178100,PET,Q,5,29,0.0010933798706134375
12178100,PET,Q,5,30,0.0011361060273041707
12186000,PET,Q,5,1,0.0013119529407198058
12186000,PET,Q,5,2,0.0013122114496054264
12186000,PET,Q,5,3,0.0013124700373233177
12186000,PET,Q,5,4,0.001312728703906807
12186000,PET,Q,5,5,0.0013129874493890172
12186000,PET,Q,5,6,0.0010705559235715395
12186000,PET,Q,5,7,0.0013306625608087014
12186000,PET,Q,5,8,0.0013137641595604259
12186000,PET,Q,5,9,0.0013140232209699135
12186000,PET,Q,5,10,0.0013142823614444923
12186000,PET,Q,5,11,0.0010716884385960704
12186000,PET,Q,5,12,0.001089122363611826
12186000,PET,Q,5,13,0.0010893504830927422
12186000,PET,Q,5,14,0.0011557782971505053
12186000,PET,Q,5,15,0.0011557831210822073
12186000,PET,Q,5,16,0.0011740606335340666
12186000,PET,Q,5,17,0.0011742825156003216
12186000,PET,Q,5,18,0.0011745044665695328
12186000,PET,Q,5,19,0.0011747264864702019
12186000,PET,Q,5,20,0.0011749485753318328
12186000,PET,Q,5,21,0.0011751707331850055
12186000,PET,Q,5,22,0.0011753929600588492
12186000,PET,Q,5,23,0.001175615255982275
12186000,PET,Q,5,24,0.0011758376209856092
12186000,PET,Q,5,25,0.001176060055098179
12186000,PET,Q,5,26,0.0011762825583493952
12186000,PET,Q,5,27,0.0011765051307689976
12186000,PET,Q,5,28,0.0014199625473008959
12186000,PET,Q,5,29,0.0014021859545163447
12186000,PET,Q,5,30,0.001402440028523258
12189500,PET,Q,5,1,0.003921006050838893
12189500,PET,Q,5,2,0.00445344523002153
12189500,PET,Q,5,3,0.0033307839876658
12189500,PET,Q,5,4,0.0033454902015790378
12189500,PET,Q,5,5,0.0030566468465632324
12189500,PET,Q,5,6,0.00287366386565438
12189500,PET,Q,5,7,0.0029737483705503803
12189500,PET,Q,5,8,0.0030151666588444925
12189500,PET,Q,5,9,0.003004315075293598
12189500,PET,Q,5,10,0.0027083815870362765
12189500,PET,Q,5,11,0.002904087633812766
12189500,PET,Q,5,12,0.0028723060321138444
12189500,PET,Q,5,13,0.0026273454376701255
12189500,PET,Q,5,14,0.002469013531888664
12189500,PET,Q,5,15,0.0022746947894692615
12189500,PET,Q,5,16,0.002577619919241783
12189500,PET,Q,5,17,0.003024386736206322
12189500,PET,Q,5,18,0.003007376750338228
12189500,PET,Q,5,19,0.0032406810766073546
12189500,PET,Q,5,20,0.0030963547824683635
12189500,PET,Q,5,21,0.003015404668031685
12189500,PET,Q,5,22,0.003019391138173219
12189500,PET,Q,5,23,0.002921624170214465
12189500,PET,Q,5,24,0.002907267370243785
12189500,PET,Q,5,25,0.003030221898213295
12189500,PET,Q,5,26,0.0029693068133871264
12189500,PET,Q,5,27,0.003064463062077319
12189500,PET,Q,5,28,0.002782880041568944
12189500,PET,Q,5,29,0.0028602273502054687
12189500,PET,Q,5,30,0.0028577617716113446
12358500,PET,Q,5,1,0.011716666367760087
12358500,PET,Q,5,2,0.0134883305086122
12358500,PET,Q,5,3,0.010985987909401751
12358500,PET,Q,5,4,0.008896024829473714
12358500,PET,Q,5,5,0.007768352492557917
12358500,PET,Q,5,6,0.008618542761306913
12358500,PET,Q,5,7,0.008344222472276286
12358500,PET,Q,5,8,0.007989072763335603
12358500,PET,Q,5,9,0.0076688472231444815
12358500,PET,Q,5,10,0.007721933982918705
12358500,PET,Q,5,11,0.0077640010105246016
12358500,PET,Q,5,12,0.006595832589708639
12358500,PET,Q,5,13,0.007072150619145956
12358500,PET,Q,5,14,0.006932851669450624
12358500,PET,Q,5,15,0.0066083705087964795
12358500,PET,Q,5,16,0.007411879856607184
12358500,PET,Q,5,17,0.007939830833778583
12358500,PET,Q,5,18,0.006218253626487924
12358500,PET,Q,5,19,0.005947790133633113
12358500,PET,Q,5,20,0.00722502035493966
12358500,PET,Q,5,21,0.007816141437096802
12358500,PET,Q,5,22,0.00679447930974475
12358500,PET,Q,5,23,0.006710479318510321
12358500,PET,Q,5,24,0.006168364130642756
12358500,PET,Q,5,25,0.0059651528025820855
12358500,PET,Q,5,26,0.006091750494064019
12358500,PET,Q,5,27,0.006903998500363273
12358500,PET,Q,5,28,0.006051406872446263
12358500,PET,Q,5,29,0.006511473187676808
12358500,PET,Q,5,30,0.006126924374012355
12374250,PET,Q,5,1,0.003670329260927946
12374250,PET,Q,5,2,0.003807557015915286
12374250,PET,Q,5,3,0.003737572266730216
12374250,PET,Q,5,4,0.003659285418098235
12374250,PET,Q,5,5,0.0033375935436418536
12374250,PET,Q,5,6,0.003671694006350368
12374250,PET,Q,5,7,0.003043663734459384
12374250,PET,Q,5,8,0.0028716663107442586
12374250,PET,Q,5,9,0.0023535612889895585
12374250,PET,Q,5,10,0.003156059412349116
12374250,PET,Q,5,11,0.003021869961031265
12374250,PET,Q,5,12,0.002657938092246015
12374250,PET,Q,5,13,0.002383620842035389
12374250,PET,Q,5,14,0.0022506632366317003
12374250,PET,Q,5,15,0.0028254378197429264
12374250,PET,Q,5,16,0.002296083237226937
12374250,PET,Q,5,17,0.0024079739241502918
12374250,PET,Q,5,18,0.0025359692999511463
12374250,PET,Q,5,19,0.0021860583768055497
12374250,PET,Q,5,20,0.0019727024214186983
12374250,PET,Q,5,21,0.0015499850677815341
12374250,PET,Q,5,22,0.0016380224031811441
12374250,PET,Q,5,23,0.0016033784518879046
12374250,PET,Q,5,24,0.002056748094299482
12374250,PET,Q,5,25,0.0018601493966134697
12374250,PET,Q,5,26,0.002588248363384643
12374250,PET,Q,5,27,0.0025328391754777246
12374250,PET,Q,5,28,0.002208874615708123
12374250,PET,Q,5,29,0.0014568631759853123
12374250,PET,Q,5,30,0.0019102240638101398
12375900,PET,Q,5,1,0.008761748065619135
12375900,PET,Q,5,2,0.010166547590654745
12375900,PET,Q,5,3,0.010040052992127235
12375900,PET,Q,5,4,0.007625115480518807
12375900,PET,Q,5,5,0.006693763636560185
12375900,PET,Q,5,6,0.0057853471362025455
12375900,PET,Q,5,7,0.0054275418988768975
12375900,PET,Q,5,8,0.005616358790427656
12375900,PET,Q,5,9,0.006319868838656234
12375900,PET,Q,5,10,0.006075687843657085
12375900,PET,Q,5,11,0.006610515021600594
12375900,PET,Q,5,12,0.006447331030916104
12375900,PET,Q,5,13,0.005152361098196528
12375900,PET,Q,5,14,0.006051500466516091
12375900,PET,Q,5,15,0.004532601636693168
12375900,PET,Q,5,16,0.005920400254111752
12375900,PET,Q,5,17,0.005694995715256002
12375900,PET,Q,5,18,0.006874442386335472
12375900,PET,Q,5,19,0.00570618464291045
12375900,PET,Q,5,20,0.005825203897358799
12375900,PET,Q,5,21,0.00547930900732696
12375900,PET,Q,5,22,0.005733519328897929
12375900,PET,Q,5,23,0.006058265173208982
12375900,PET,Q,5,24,0.007008794474956281
12375900,PET,Q,5,25,0.0054512058248829265
12375900,PET,Q,5,26,0.005144314917621212
12375900,PET,Q,5,27,0.006076814097002614
12375900,PET,Q,5,28,0.004318266671607146
12375900,PET,Q,5,29,0.005580281238320273
12375900,PET,Q,5,30,0.005703097674528229
12377150,PET,Q,5,1,0.019568363973546
12377150,PET,Q,5,2,0.021657132698453818
12377150,PET,Q,5,3,0.012842254890311211
12377150,PET,Q,5,4,0.010321124315140762
12377150,PET,Q,5,5,0.009146163472015467
12377150,PET,Q,5,6,0.008427320078841616
12377150,PET,Q,5,7,0.009419495258607413
12377150,PET,Q,5,8,0.010257030379773324
12377150,PET,Q,5,9,0.008427567228159627
12377150,PET,Q,5,10,0.009298662057275475
12377150,PET,Q,5,11,0.010416851170569785
12377150,PET,Q,5,12,0.00943969177467019
12377150,PET,Q,5,13,0.008842140000167475
12377150,PET,Q,5,14,0.009333147838057498
12377150,PET,Q,5,15,0.008342262790622557
12377150,PET,Q,5,16,0.009314317747329603
12377150,PET,Q,5,17,0.009518036417692555
12377150,PET,Q,5,18,0.009228531255484285
12377150,PET,Q,5,19,0.00888403868504084
12377150,PET,Q,5,20,0.008666526851564216
12377150,PET,Q,5,21,0.007309148824521827
12377150,PET,Q,5,22,0.008705963819266138
12377150,PET,Q,5,23,0.009368980501735957
12377150,PET,Q,5,24,0.007573558803292135
12377150,PET,Q,5,25,0.00812258972110258
12377150,PET,Q,5,26,0.008639562641586718
12377150,PET,Q,5,27,0.008964299594427128
12377150,PET,Q,5,28,0.007575413210574533
12377150,PET,Q,5,29,0.008143270900966115
12377150,PET,Q,5,30,0.009017801229437739
12381400,PET,Q,5,1,0.005768941096612412
12381400,PET,Q,5,2,0.007738621612634278
12381400,PET,Q,5,3,0.006580493183760194
12381400,PET,Q,5,4,0.004880421568697224
12381400,PET,Q,5,5,0.0049404062692154915
12381400,PET,Q,5,6,0.0044434351828199214
12381400,PET,Q,5,7,0.003868960894312712
12381400,PET,Q,5,8,0.003984707065640414
12381400,PET,Q,5,9,0.004549604393297713
12381400,PET,Q,5,10,0.0029959873382155444
12381400,PET,Q,5,11,0.0040634552470615315
12381400,PET,Q,5,12,0.004013971658117899
12381400,PET,Q,5,13,0.004059589489141091
12381400,PET,Q,5,14,0.004019789372037841
12381400,PET,Q,5,15,0.003995044319013985
12381400,PET,Q,5,16,0.003948124994466118
12381400,PET,Q,5,17,0.004776412875889036
12381400,PET,Q,5,18,0.003371968749567744
12381400,PET,Q,5,19,0.0034086826862559927
12381400,PET,Q,5,20,0.004385527128557221
12381400,PET,Q,5,21,0.00432484534813754
12381400,PET,Q,5,22,0.0038844096935373162
12381400,PET,Q,5,23,0.003741264539605327
12381400,PET,Q,5,24,0.004347226441501761
12381400,PET,Q,5,25,0.0049046131939287085
12381400,PET,Q,5,26,0.004241277599099702
12381400,PET,Q,5,27,0.0045755609529963825
12381400,PET,Q,5,28,0.004029492784973165
12381400,PET,Q,5,29,0.004672541358588855
12381400,PET,Q,5,30,0.003655927423036831
12383500,PET,Q,5,1,0.011565249806205102
12383500,PET,Q,5,2,0.01225390959102357
12383500,PET,Q,5,3,0.009987558057065082
12383500,PET,Q,5,4,0.008721583551669854
12383500,PET,Q,5,5,0.008006757758920902
12383500,PET,Q,5,6,0.0076733324661988345
12383500,PET,Q,5,7,0.008479503748445638
12383500,PET,Q,5,8,0.00808042248991847
12383500,PET,Q,5,9,0.007751207930555393
12383500,PET,Q,5,10,0.008709735087430559
12383500,PET,Q,5,11,0.008278183509259796
12383500,PET,Q,5,12,0.008579685209602839
12383500,PET,Q,5,13,0.0096587872748235
12383500,PET,Q,5,14,0.009438331130831035
12383500,PET,Q,5,15,0.008113084599971732
12383500,PET,Q,5,16,0.007531094547863604
12383500,PET,Q,5,17,0.008021936496273252
12383500,PET,Q,5,18,0.00767358776021243
12383500,PET,Q,5,19,0.006944573474621296
12383500,PET,Q,5,20,0.006979203969531
12383500,PET,Q,5,21,0.0074942853665198594
12383500,PET,Q,5,22,0.006475534412009876
12383500,PET,Q,5,23,0.00775049027471586
12383500,PET,Q,5,24,0.007206096961494657
12383500,PET,Q,5,25,0.00826816497651306
12383500,PET,Q,5,26,0.0065550260515679915
12383500,PET,Q,5,27,0.005577323421207092
12383500,PET,Q,5,28,0.007526066838369205
12383500,PET,Q,5,29,0.007121498476279631
12383500,PET,Q,5,30,0.006403460209636336
12388400,PET,Q,5,1,0.008325875157002838
12388400,PET,Q,5,2,0.00973051563074806
12388400,PET,Q,5,3,0.0076371784339037685
12388400,PET,Q,5,4,0.007055543366686179
12388400,PET,Q,5,5,0.007286145672034339
12388400,PET,Q,5,6,0.007114288937362823
12388400,PET,Q,5,7,0.006813366704177981
12388400,PET,Q,5,8,0.006964333775066556
12388400,PET,Q,5,9,0.00601393141585338
12388400,PET,Q,5,10,0.005643140836560923
12388400,PET,Q,5,11,0.006462737836127996
12388400,PET,Q,5,12,0.006445961179655624
12388400,PET,Q,5,13,0.0067676984474620006
12388400,PET,Q,5,14,0.005723498529535798
12388400,PET,Q,5,15,0.005818535103882583
12388400,PET,Q,5,16,0.0058680654566872215
12388400,PET,Q,5,17,0.005130973917038262
12388400,PET,Q,5,18,0.0054983658975283345
12388400,PET,Q,5,19,0.005022439073507523
12388400,PET,Q,5,20,0.00613460835973606
12388400,PET,Q,5,21,0.005559463031235834
12388400,PET,Q,5,22,0.006382689926794305
12388400,PET,Q,5,23,0.005903205524882771
12388400,PET,Q,5,24,0.0052616550090141545
12388400,PET,Q,5,25,0.006376125833201962
12388400,PET,Q,5,26,0.0061327865733857845
12388400,PET,Q,5,27,0.006026072226645751
12388400,PET,Q,5,28,0.005359695430807387
12388400,PET,Q,5,29,0.006351779701851523
12388400,PET,Q,5,30,0.005312716432059217
12390700,PET,Q,5,1,0.003915501248774739
12390700,PET,Q,5,2,0.004750059189722267
12390700,PET,Q,5,3,0.0035242984402692745
12390700,PET,Q,5,4,0.003442403899935609
12390700,PET,Q,5,5,0.0033781870419442583
12390700,PET,Q,5,6,0.0037449022429842937
12390700,PET,Q,5,7,0.0037208306212724584
12390700,PET,Q,5,8,0.0029521955171954994
12390700,PET,Q,5,9,0.0030884843663091244
12390700,PET,Q,5,10,0.002357084650406127
12390700,PET,Q,5,11,0.003277710073070539
12390700,PET,Q,5,12,0.0028357722107256456
12390700,PET,Q,5,13,0.002299324308287526
12390700,PET,Q,5,14,0.0032748508797492415
12390700,PET,Q,5,15,0.003066229700119938
12390700,PET,Q,5,16,0.00261895210028415
12390700,PET,Q,5,17,0.003006636971370491
12390700,PET,Q,5,18,0.0026340581637900595
12390700,PET,Q,5,19,0.0025756564605473042
12390700,PET,Q,5,20,0.0026475627185851835
12390700,PET,Q,5,21,0.002732258640506774
12390700,PET,Q,5,22,0.0026942084589529625
12390700,PET,Q,5,23,0.0023966950494174744
12390700,PET,Q,5,24,0.0025516124727040512
12390700,PET,Q,5,25,0.0024962083318875172
12390700,PET,Q,5,26,0.0020188488047979958
12390700,PET,Q,5,27,0.002585933574883126
12390700,PET,Q,5,28,0.0028998343121273418
12390700,PET,Q,5,29,0.00226836531104313
12390700,PET,Q,5,30,0.002106733696321167
12411000,PET,Q,5,1,0.004691583983954417
12411000,PET,Q,5,2,0.005407045753391376
12411000,PET,Q,5,3,0.004506337517280662
12411000,PET,Q,5,4,0.004454664190492563
12411000,PET,Q,5,5,0.004996135172340932
12411000,PET,Q,5,6,0.005251819240943173
12411000,PET,Q,5,7,0.0042186748461199575
12411000,PET,Q,5,8,0.0047017103809048055
12411000,PET,Q,5,9,0.004420006726253201
12411000,PET,Q,5,10,0.005663681786835517
12411000,PET,Q,5,11,0.00436173730373518
12411000,PET,Q,5,12,0.004018465992017717
12411000,PET,Q,5,13,0.0035964175477612437
12411000,PET,Q,5,14,0.004240691106777411
12411000,PET,Q,5,15,0.003905401750897708
12411000,PET,Q,5,16,0.00419059314039541
12411000,PET,Q,5,17,0.003488585646778647
12411000,PET,Q,5,18,0.003458633343100981
12411000,PET,Q,5,19,0.0035225486214860435
12411000,PET,Q,5,20,0.0038287885600584437
12411000,PET,Q,5,21,0.004054111262653176
12411000,PET,Q,5,22,0.002962052978458335
12411000,PET,Q,5,23,0.002663759046403369
12411000,PET,Q,5,24,0.00330931192796613
12411000,PET,Q,5,25,0.0034960229389403297
12411000,PET,Q,5,26,0.003434112198070549
12411000,PET,Q,5,27,0.00436121761292832
12411000,PET,Q,5,28,0.004475524838879863
12411000,PET,Q,5,29,0.0040964875774487375
12411000,PET,Q,5,30,0.004420323832934031
12414500,PET,Q,5,1,0.008240504595668274
12414500,PET,Q,5,2,0.008652191631120909
12414500,PET,Q,5,3,0.007597399326308152
12414500,PET,Q,5,4,0.008007773455991685
12414500,PET,Q,5,5,0.0077882025435196955
12414500,PET,Q,5,6,0.007515099168673212
12414500,PET,Q,5,7,0.0077283325491144805
12414500,PET,Q,5,8,0.0069203584815081265
12414500,PET,Q,5,9,0.006302166755894734
12414500,PET,Q,5,10,0.00583684254760608
12414500,PET,Q,5,11,0.006867316494758302
12414500,PET,Q,5,12,0.0066573969514498454
12414500,PET,Q,5,13,0.00610288751776733
12414500,PET,Q,5,14,0.0060252951111762765
12414500,PET,Q,5,15,0.007039107180527304
12414500,PET,Q,5,16,0.0060772442762001555
12414500,PET,Q,5,17,0.006399444576455415
12414500,PET,Q,5,18,0.005707721110344899
12414500,PET,Q,5,19,0.005156283006871709
12414500,PET,Q,5,20,0.004877542776081156
12414500,PET,Q,5,21,0.006115906920674152
12414500,PET,Q,5,22,0.005234881168333372
12414500,PET,Q,5,23,0.005362824511536135
12414500,PET,Q,5,24,0.005119473591533585
12414500,PET,Q,5,25,0.005192224330251793
12414500,PET,Q,5,26,0.005776843036981505
12414500,PET,Q,5,27,0.0063430602914464895
12414500,PET,Q,5,28,0.006017909697412949
12414500,PET,Q,5,29,0.005178276765745116
12414500,PET,Q,5,30,0.00533845667921351
12447390,PET,Q,5,1,0.009062200119635877
12447390,PET,Q,5,2,0.007045575240098134
12447390,PET,Q,5,3,0.005102912002461546
12447390,PET,Q,5,4,0.005185465836886727
12447390,PET,Q,5,5,0.005107461408862701
12447390,PET,Q,5,6,0.00583771006713768
12447390,PET,Q,5,7,0.0058640199043205055
12447390,PET,Q,5,8,0.005876607095081698
12447390,PET,Q,5,9,0.004741766969411698
12447390,PET,Q,5,10,0.0056219355934563064
12447390,PET,Q,5,11,0.004057415046969326
12447390,PET,Q,5,12,0.0047835383577679025
12447390,PET,Q,5,13,0.004404898955505165
12447390,PET,Q,5,14,0.004990563820014782
12447390,PET,Q,5,15,0.004047350043021147
12447390,PET,Q,5,16,0.004564362303049352
12447390,PET,Q,5,17,0.00428676002507733
12447390,PET,Q,5,18,0.004581706835536881
12447390,PET,Q,5,19,0.004824132588470531
12447390,PET,Q,5,20,0.005930128505826526
12447390,PET,Q,5,21,0.00546647239696596
12447390,PET,Q,5,22,0.004752331143377919
12447390,PET,Q,5,23,0.004108991605319967
12447390,PET,Q,5,24,0.004604033440255673
12447390,PET,Q,5,25,0.00563996633116115
12447390,PET,Q,5,26,0.004054831566834116
12447390,PET,Q,5,27,0.004387496788356093
12447390,PET,Q,5,28,0.004430495527742995
12447390,PET,Q,5,29,0.0036434758713269066
12447390,PET,Q,5,30,0.004459692428999296
12451000,PET,Q,5,1,0.020047227371487064
12451000,PET,Q,5,2,0.015927170422731785
12451000,PET,Q,5,3,0.01159763330680702
12451000,PET,Q,5,4,0.009212298513814443
12451000,PET,Q,5,5,0.008749118440396497
12451000,PET,Q,5,6,0.009603346964145942
12451000,PET,Q,5,7,0.009643745861413533
12451000,PET,Q,5,8,0.009341250593841222
12451000,PET,Q,5,9,0.009496305205528521
12451000,PET,Q,5,10,0.009226274583191973
12451000,PET,Q,5,11,0.008620305459602462
12451000,PET,Q,5,12,0.009149929898557674
12451000,PET,Q,5,13,0.008286226348790171
12451000,PET,Q,5,14,0.00899421658116295
12451000,PET,Q,5,15,0.008981489359749018
12451000,PET,Q,5,16,0.008521279091436629
12451000,PET,Q,5,17,0.008671319095449104
12451000,PET,Q,5,18,0.00794386084011528
12451000,PET,Q,5,19,0.00889079418219868
12451000,PET,Q,5,20,0.008507052743666477
12451000,PET,Q,5,21,0.008210824109446568
12451000,PET,Q,5,22,0.00827361704181373
12451000,PET,Q,5,23,0.008479507324706814
12451000,PET,Q,5,24,0.008838568347776854
12451000,PET,Q,5,25,0.007683088489961742
12451000,PET,Q,5,26,0.007253829828640146
12451000,PET,Q,5,27,0.009037929354130947
12451000,PET,Q,5,28,0.00796575780780362
12451000,PET,Q,5,29,0.007448050099197079
12451000,PET,Q,5,30,0.007384818159943629
12488500,PET,Q,5,1,0.009544218709924335
12488500,PET,Q,5,2,0.007993444849475506
12488500,PET,Q,5,3,0.006505111578787082
12488500,PET,Q,5,4,0.005511059178338162
12488500,PET,Q,5,5,0.004734245956500516
12488500,PET,Q,5,6,0.005435182441223874
12488500,PET,Q,5,7,0.005139029236508275
12488500,PET,Q,5,8,0.005195585203684128
12488500,PET,Q,5,9,0.005251313135526792
12488500,PET,Q,5,10,0.004754364809679723
12488500,PET,Q,5,11,0.004661525720661586
12488500,PET,Q,5,12,0.005100023688169475
12488500,PET,Q,5,13,0.004678902560147857
12488500,PET,Q,5,14,0.005033524924626942
12488500,PET,Q,5,15,0.004923762584769009
12488500,PET,Q,5,16,0.005020763890539959
12488500,PET,Q,5,17,0.0046140391365264155
12488500,PET,Q,5,18,0.0045159437565744365
12488500,PET,Q,5,19,0.0044764310340500435
12488500,PET,Q,5,20,0.0048833466615942345
12488500,PET,Q,5,21,0.005120928083664045
12488500,PET,Q,5,22,0.005668959108515559
12488500,PET,Q,5,23,0.005871428271302936
12488500,PET,Q,5,24,0.004824886531468453
12488500,PET,Q,5,25,0.0044915369266071425
12488500,PET,Q,5,26,0.004555110085259717
12488500,PET,Q,5,27,0.004870540648003685
12488500,PET,Q,5,28,0.004809665828842513
12488500,PET,Q,5,29,0.004753633599524076
12488500,PET,Q,5,30,0.005057794495438084
13011500,PET,Q,5,1,0.010323773954738491
13011500,PET,Q,5,2,0.007902944420318359
13011500,PET,Q,5,3,0.005017564505819805
13011500,PET,Q,5,4,0.005279040964448034
13011500,PET,Q,5,5,0.005691936534000019
13011500,PET,Q,5,6,0.0055105291789687705
13011500,PET,Q,5,7,0.005271016503086867
13011500,PET,Q,5,8,0.0056180449867589966
13011500,PET,Q,5,9,0.006271010772822105
13011500,PET,Q,5,10,0.005645725354973874
13011500,PET,Q,5,11,0.005222209631285002
13011500,PET,Q,5,12,0.005741901325770404
13011500,PET,Q,5,13,0.0053687924507597184
13011500,PET,Q,5,14,0.005514017211300015
13011500,PET,Q,5,15,0.005420380832224625
13011500,PET,Q,5,16,0.005868834348977947
13011500,PET,Q,5,17,0.006035631243440087
13011500,PET,Q,5,18,0.005315061059782078
13011500,PET,Q,5,19,0.005177455387801677
13011500,PET,Q,5,20,0.004672133748571061
13011500,PET,Q,5,21,0.005067981078617001
13011500,PET,Q,5,22,0.005957130526810128
13011500,PET,Q,5,23,0.005811973032245454
13011500,PET,Q,5,24,0.00565761280571514
13011500,PET,Q,5,25,0.005849574621089149
13011500,PET,Q,5,26,0.006716115449213578
13011500,PET,Q,5,27,0.005983574270646219
13011500,PET,Q,5,28,0.006534103131439761
13011500,PET,Q,5,29,0.006220361059367019
13011500,PET,Q,5,30,0.005858153407791056
13011900,PET,Q,5,1,0.014846454585733304
13011900,PET,Q,5,2,0.01213417239213338
13011900,PET,Q,5,3,0.008502354497070153
13011900,PET,Q,5,4,0.007747836113410234
13011900,PET,Q,5,5,0.006910225396707381
13011900,PET,Q,5,6,0.007208748053796787
13011900,PET,Q,5,7,0.007034257018721679
13011900,PET,Q,5,8,0.007568825431933712
13011900,PET,Q,5,9,0.00745458064320198
13011900,PET,Q,5,10,0.008429565688470808
13011900,PET,Q,5,11,0.008173755217131429
13011900,PET,Q,5,12,0.008167568326134633
13011900,PET,Q,5,13,0.006370697407462378
13011900,PET,Q,5,14,0.0070746773438389865
13011900,PET,Q,5,15,0.006632048032029714
13011900,PET,Q,5,16,0.008317699975006698
13011900,PET,Q,5,17,0.007377155313037731
13011900,PET,Q,5,18,0.007080102171434621
13011900,PET,Q,5,19,0.0067276827726509
13011900,PET,Q,5,20,0.006332817017378978
13011900,PET,Q,5,21,0.006768024140028195
13011900,PET,Q,5,22,0.006722196869386521
13011900,PET,Q,5,23,0.006644241869987355
13011900,PET,Q,5,24,0.006307109621894069
13011900,PET,Q,5,25,0.006853123106804804
13011900,PET,Q,5,26,0.006578704701959315
13011900,PET,Q,5,27,0.006414232107984585
13011900,PET,Q,5,28,0.006715047590355128
13011900,PET,Q,5,29,0.006298819327654526
13011900,PET,Q,5,30,0.006425038334962441
13018300,PET,Q,5,1,0.006029541820776363
13018300,PET,Q,5,2,0.005581772843580579
13018300,PET,Q,5,3,0.005296043814120632
13018300,PET,Q,5,4,0.004810544070819156
13018300,PET,Q,5,5,0.004154811618468257
13018300,PET,Q,5,6,0.004423881854838496
13018300,PET,Q,5,7,0.004329412706885305
13018300,PET,Q,5,8,0.003326204070978056
13018300,PET,Q,5,9,0.004129898870512183
13018300,PET,Q,5,10,0.004406165209249524
13018300,PET,Q,5,11,0.00416847261554687
13018300,PET,Q,5,12,0.004358220535758295
13018300,PET,Q,5,13,0.0038482538190170446
13018300,PET,Q,5,14,0.003901457671595443
13018300,PET,Q,5,15,0.004055342380543614
13018300,PET,Q,5,16,0.004392503879210141
13018300,PET,Q,5,17,0.004227917442786389
13018300,PET,Q,5,18,0.004335167675100782
13018300,PET,Q,5,19,0.0042457145885475
13018300,PET,Q,5,20,0.003930785982285245
13018300,PET,Q,5,21,0.004450202536208536
13018300,PET,Q,5,22,0.004031870416157213
13018300,PET,Q,5,23,0.004116173576287907
13018300,PET,Q,5,24,0.0051655229922432655
13018300,PET,Q,5,25,0.004716657282003434
13018300,PET,Q,5,26,0.004442089055303133
13018300,PET,Q,5,27,0.004546047039993117
13018300,PET,Q,5,28,0.004887408913679059
13018300,PET,Q,5,29,0.0051773257828158226
13018300,PET,Q,5,30,0.004872647063510094
13023000,PET,Q,5,1,0.010326328095208503
13023000,PET,Q,5,2,0.008452828025232395
13023000,PET,Q,5,3,0.006917529370890629
13023000,PET,Q,5,4,0.005888079598901141
13023000,PET,Q,5,5,0.006027549205692928
13023000,PET,Q,5,6,0.006474576084773753
13023000,PET,Q,5,7,0.0069626759936409766
13023000,PET,Q,5,8,0.006878154586955398
13023000,PET,Q,5,9,0.005955251637092207
13023000,PET,Q,5,10,0.00669648684497548
13023000,PET,Q,5,11,0.006206672760315501
13023000,PET,Q,5,12,0.006438048641169036
13023000,PET,Q,5,13,0.005681577950023553
13023000,PET,Q,5,14,0.0056259759495908
13023000,PET,Q,5,15,0.006489257290185346
13023000,PET,Q,5,16,0.006139925000712476
13023000,PET,Q,5,17,0.006059027812816753
13023000,PET,Q,5,18,0.004863081468231778
13023000,PET,Q,5,19,0.004749328541298281
13023000,PET,Q,5,20,0.005869187553690924
13023000,PET,Q,5,21,0.004926955465294758
13023000,PET,Q,5,22,0.0053472553014758395
13023000,PET,Q,5,23,0.006574943713642201
13023000,PET,Q,5,24,0.005158151708210101
13023000,PET,Q,5,25,0.006912709092949054
13023000,PET,Q,5,26,0.00682354779180705
13023000,PET,Q,5,27,0.00583240396029483
13023000,PET,Q,5,28,0.005935907682889652
13023000,PET,Q,5,29,0.004597930956155127
13023000,PET,Q,5,30,0.00556245007941103
13083000,PET,Q,5,1,0.001874679882424124
13083000,PET,Q,5,2,0.002551662788978337
13083000,PET,Q,5,3,0.0023313285600344846
13083000,PET,Q,5,4,0.0018929139014491891
13083000,PET,Q,5,5,0.0017370285615461445
13083000,PET,Q,5,6,0.0022223460588322586
13083000,PET,Q,5,7,0.0019406954870714865
13083000,PET,Q,5,8,0.002327926878013864
13083000,PET,Q,5,9,0.002188547536536245
13083000,PET,Q,5,10,0.0019246042166358168
13083000,PET,Q,5,11,0.002011348331218271
13083000,PET,Q,5,12,0.0014989480448810433
13083000,PET,Q,5,13,0.001693571951013606
13083000,PET,Q,5,14,0.0019847489852861666
13083000,PET,Q,5,15,0.001920579321515209
13083000,PET,Q,5,16,0.0018772038322943108
13083000,PET,Q,5,17,0.0016218361695988226
13083000,PET,Q,5,18,0.0014197958659717402
13083000,PET,Q,5,19,0.0010987253900852922
13083000,PET,Q,5,20,0.0019458561632888227
13083000,PET,Q,5,21,0.0020202129378708023
13083000,PET,Q,5,22,0.0018380736327057723
13083000,PET,Q,5,23,0.001772045491030716
13083000,PET,Q,5,24,0.0019341736866792525
13083000,PET,Q,5,25,0.00243903669618023
13083000,PET,Q,5,26,0.002471532712229746
13083000,PET,Q,5,27,0.002372966714283359
13083000,PET,Q,5,28,0.002239935703519075
13083000,PET,Q,5,29,0.0022912563160886468
13083000,PET,Q,5,30,0.0019048836864100915
13161500,PET,Q,5,1,0.003407381258603459
13161500,PET,Q,5,2,0.003292485633417719
13161500,PET,Q,5,3,0.00316912808140124
13161500,PET,Q,5,4,0.0032140903178135005
13161500,PET,Q,5,5,0.0038511941345090173
13161500,PET,Q,5,6,0.003724619116943717
13161500,PET,Q,5,7,0.0033813030826162493
13161500,PET,Q,5,8,0.0030257776261806146
13161500,PET,Q,5,9,0.002854438697909245
13161500,PET,Q,5,10,0.003112617545969143
13161500,PET,Q,5,11,0.0034795366692584317
13161500,PET,Q,5,12,0.0032261506084300118
13161500,PET,Q,5,13,0.0038085907063897806
13161500,PET,Q,5,14,0.0028804069681079847
13161500,PET,Q,5,15,0.0028306677705676186
13161500,PET,Q,5,16,0.0026926654758623325
13161500,PET,Q,5,17,0.0019953623175074098
13161500,PET,Q,5,18,0.0020166897689079533
13161500,PET,Q,5,19,0.002510466945806089
13161500,PET,Q,5,20,0.002522383666376138
13161500,PET,Q,5,21,0.0025470496733103754
13161500,PET,Q,5,22,0.002788631862553015
13161500,PET,Q,5,23,0.0023943547508875618
13161500,PET,Q,5,24,0.002146061160610113
13161500,PET,Q,5,25,0.002771626187118903
13161500,PET,Q,5,26,0.002106366134069726
13161500,PET,Q,5,27,0.0021086821678191203
13161500,PET,Q,5,28,0.002107187035950475
13161500,PET,Q,5,29,0.002120497061842974
13161500,PET,Q,5,30,0.002726604820076195
13235000,PET,Q,5,1,0.008701977303803732
13235000,PET,Q,5,2,0.010802181299977454
13235000,PET,Q,5,3,0.009163158629961698
13235000,PET,Q,5,4,0.007321053044507975
13235000,PET,Q,5,5,0.007284784899274865
13235000,PET,Q,5,6,0.007231467181851969
13235000,PET,Q,5,7,0.007311969001381313
13235000,PET,Q,5,8,0.006655435557828215
13235000,PET,Q,5,9,0.0059363821939224515
13235000,PET,Q,5,10,0.007361501076573129
13235000,PET,Q,5,11,0.007337535837069864
13235000,PET,Q,5,12,0.007338373821614785
13235000,PET,Q,5,13,0.006569761408983132
13235000,PET,Q,5,14,0.0077222142497152535
13235000,PET,Q,5,15,0.006971475474823741
13235000,PET,Q,5,16,0.005908843808577924
13235000,PET,Q,5,17,0.0064435870927089245
13235000,PET,Q,5,18,0.006303532985985849
13235000,PET,Q,5,19,0.00527234619319622
13235000,PET,Q,5,20,0.005870701578595872
13235000,PET,Q,5,21,0.006007901254697634
13235000,PET,Q,5,22,0.005368883268998648
13235000,PET,Q,5,23,0.004928786420338949
13235000,PET,Q,5,24,0.005838845856546648
13235000,PET,Q,5,25,0.006317749675887996
13235000,PET,Q,5,26,0.005970757212649558
13235000,PET,Q,5,27,0.006015165960725266
13235000,PET,Q,5,28,0.00574949884089021
13235000,PET,Q,5,29,0.004725903714548785
13235000,PET,Q,5,30,0.007016927672950923
13240000,PET,Q,5,1,0.006572015513638535
13240000,PET,Q,5,2,0.007223334271026338
13240000,PET,Q,5,3,0.0057250337439303245
13240000,PET,Q,5,4,0.004536662154950771
13240000,PET,Q,5,5,0.004400365680391899
13240000,PET,Q,5,6,0.003760809798670467
13240000,PET,Q,5,7,0.004193032652578005
13240000,PET,Q,5,8,0.004142223436687492
13240000,PET,Q,5,9,0.0037558910531022005
13240000,PET,Q,5,10,0.003995741772571476
13240000,PET,Q,5,11,0.003708848127461084
13240000,PET,Q,5,12,0.003435371865914416
13240000,PET,Q,5,13,0.004305940880089509
13240000,PET,Q,5,14,0.0041355931794705425
13240000,PET,Q,5,15,0.0036195511545264736
13240000,PET,Q,5,16,0.0037329707163801795
13240000,PET,Q,5,17,0.0034962446329530883
13240000,PET,Q,5,18,0.0040131573718020785
13240000,PET,Q,5,19,0.0037764097199601276
13240000,PET,Q,5,20,0.003646473473798012
13240000,PET,Q,5,21,0.0034525866398684435
13240000,PET,Q,5,22,0.003980134159936116
13240000,PET,Q,5,23,0.004064585706792134
13240000,PET,Q,5,24,0.0036317318941474774
13240000,PET,Q,5,25,0.002842681506680128
13240000,PET,Q,5,26,0.0038190870418369494
13240000,PET,Q,5,27,0.004356827114887801
13240000,PET,Q,5,28,0.003931877794363686
13240000,PET,Q,5,29,0.004022858620397113
13240000,PET,Q,5,30,0.003369572629919909
13310700,PET,Q,5,1,0.008261512765527612
13310700,PET,Q,5,2,0.00902334292733148
13310700,PET,Q,5,3,0.00685226938499911
13310700,PET,Q,5,4,0.007532529253382603
13310700,PET,Q,5,5,0.007391296284728899
13310700,PET,Q,5,6,0.0064882507992886085
13310700,PET,Q,5,7,0.006279699819826123
13310700,PET,Q,5,8,0.006136154217322165
13310700,PET,Q,5,9,0.006543360253832786
13310700,PET,Q,5,10,0.006229589892405518
13310700,PET,Q,5,11,0.006220561416294013
13310700,PET,Q,5,12,0.006501367403339231
13310700,PET,Q,5,13,0.007342631754802154
13310700,PET,Q,5,14,0.006666772412258215
13310700,PET,Q,5,15,0.00591717917050838
13310700,PET,Q,5,16,0.006393041078084638
13310700,PET,Q,5,17,0.00579526522446161
13310700,PET,Q,5,18,0.0054966683952788475
13310700,PET,Q,5,19,0.005358264863892903
13310700,PET,Q,5,20,0.006073338511597193
13310700,PET,Q,5,21,0.005892600178952934
13310700,PET,Q,5,22,0.006145342774299789
13310700,PET,Q,5,23,0.005592928055969892
13310700,PET,Q,5,24,0.00677966514368572
13310700,PET,Q,5,25,0.007045946052984531
13310700,PET,Q,5,26,0.006579090541150967
13310700,PET,Q,5,27,0.0069485047485386975
13310700,PET,Q,5,28,0.00526768174398079
13310700,PET,Q,5,29,0.004926900728191519
13310700,PET,Q,5,30,0.007184161837386849
13313000,PET,Q,5,1,0.009489795122218647
13313000,PET,Q,5,2,0.009982613722661737
13313000,PET,Q,5,3,0.006516523067811919
13313000,PET,Q,5,4,0.006342894756187212
13313000,PET,Q,5,5,0.00573628428101447
13313000,PET,Q,5,6,0.005439361163046996
13313000,PET,Q,5,7,0.006663264458427742
13313000,PET,Q,5,8,0.00610580850488307
13313000,PET,Q,5,9,0.005430408468592385
13313000,PET,Q,5,10,0.006396795599187377
13313000,PET,Q,5,11,0.0058673593178846795
13313000,PET,Q,5,12,0.005830767601638365
13313000,PET,Q,5,13,0.005617966553718212
13313000,PET,Q,5,14,0.005768010338667251
13313000,PET,Q,5,15,0.006689577639053534
13313000,PET,Q,5,16,0.006034602650842047
13313000,PET,Q,5,17,0.005409527205581521
13313000,PET,Q,5,18,0.005619643041576139
13313000,PET,Q,5,19,0.005307196173799822
13313000,PET,Q,5,20,0.005783338254992332
13313000,PET,Q,5,21,0.00496149377896804
13313000,PET,Q,5,22,0.004942112476847504
13313000,PET,Q,5,23,0.005611847328081954
13313000,PET,Q,5,24,0.00532353262325258
13313000,PET,Q,5,25,0.004952778800755064
13313000,PET,Q,5,26,0.006228320620841332
13313000,PET,Q,5,27,0.005742160329859858
13313000,PET,Q,5,28,0.006329127308719873
13313000,PET,Q,5,29,0.005570453918743334
13313000,PET,Q,5,30,0.00573254043728344
13331500,PET,Q,5,1,0.01145199788385698
13331500,PET,Q,5,2,0.011305624121331848
13331500,PET,Q,5,3,0.009106418372816782
13331500,PET,Q,5,4,0.008789587680968824
13331500,PET,Q,5,5,0.0076385143465149685
13331500,PET,Q,5,6,0.007098550494796241
13331500,PET,Q,5,7,0.006536421352390298
13331500,PET,Q,5,8,0.007090045530746325
13331500,PET,Q,5,9,0.007500559126941364
13331500,PET,Q,5,10,0.008124956386975968
13331500,PET,Q,5,11,0.00706554212888455
13331500,PET,Q,5,12,0.006866746211881214
13331500,PET,Q,5,13,0.007244303386372275
13331500,PET,Q,5,14,0.006930564003683526
13331500,PET,Q,5,15,0.007259059901180143
13331500,PET,Q,5,16,0.006696684247900819
13331500,PET,Q,5,17,0.006113772846654153
13331500,PET,Q,5,18,0.006443445233958789
13331500,PET,Q,5,19,0.006886845978360423
13331500,PET,Q,5,20,0.006481120152463493
13331500,PET,Q,5,21,0.006174171663717254
13331500,PET,Q,5,22,0.007152659191674737
13331500,PET,Q,5,23,0.006908128928319601
13331500,PET,Q,5,24,0.0066729312580933176
13331500,PET,Q,5,25,0.007191824385449186
13331500,PET,Q,5,26,0.005830271659829411
13331500,PET,Q,5,27,0.007709611724179832
13331500,PET,Q,5,28,0.007708882046437604
13331500,PET,Q,5,29,0.0070419307155688005
13331500,PET,Q,5,30,0.007384498391530436
13337000,PET,Q,5,1,0.009725839697748206
13337000,PET,Q,5,2,0.01060601189422583
13337000,PET,Q,5,3,0.007554531049138169
13337000,PET,Q,5,4,0.006878167603025287
13337000,PET,Q,5,5,0.007830375289024194
13337000,PET,Q,5,6,0.006626580591785558
13337000,PET,Q,5,7,0.0065595025660597495
13337000,PET,Q,5,8,0.006035640885169613
13337000,PET,Q,5,9,0.005895923298445238
13337000,PET,Q,5,10,0.006520306439119716
13337000,PET,Q,5,11,0.0061909765256003
13337000,PET,Q,5,12,0.004971539812261061
13337000,PET,Q,5,13,0.005808497079139108
13337000,PET,Q,5,14,0.005188202092533678
13337000,PET,Q,5,15,0.005192817325890053
13337000,PET,Q,5,16,0.00531172117881018
13337000,PET,Q,5,17,0.005181053216740894
13337000,PET,Q,5,18,0.005403676449906913
13337000,PET,Q,5,19,0.005198063042352596
13337000,PET,Q,5,20,0.004554486841189198
13337000,PET,Q,5,21,0.004900360403914283
13337000,PET,Q,5,22,0.004308709556095969
13337000,PET,Q,5,23,0.005060929374608558
13337000,PET,Q,5,24,0.005399661447140769
13337000,PET,Q,5,25,0.006944358339326051
13337000,PET,Q,5,26,0.005979343516818059
13337000,PET,Q,5,27,0.005064173052296228
13337000,PET,Q,5,28,0.004889873165386471
13337000,PET,Q,5,29,0.0051576009083961205
13337000,PET,Q,5,30,0.004687216999295751
13338500,PET,Q,5,1,0.006703317518640728
13338500,PET,Q,5,2,0.0077486083435052144
13338500,PET,Q,5,3,0.006639565107633916
13338500,PET,Q,5,4,0.006793701521684625
13338500,PET,Q,5,5,0.006569874529015363
13338500,PET,Q,5,6,0.006692882750855889
13338500,PET,Q,5,7,0.006449851745224
13338500,PET,Q,5,8,0.005793986977699561
13338500,PET,Q,5,9,0.0061484733125549695
13338500,PET,Q,5,10,0.006146082810868425
13338500,PET,Q,5,11,0.006287838979308902
13338500,PET,Q,5,12,0.005814461697055573
13338500,PET,Q,5,13,0.005581938432012268
13338500,PET,Q,5,14,0.005687795559090714
13338500,PET,Q,5,15,0.005724038000981979
13338500,PET,Q,5,16,0.005533386520009398
13338500,PET,Q,5,17,0.006167137126071809
13338500,PET,Q,5,18,0.0052834380536198045
13338500,PET,Q,5,19,0.004546524533217855
13338500,PET,Q,5,20,0.004630978376309269
13338500,PET,Q,5,21,0.00529717378803829
13338500,PET,Q,5,22,0.004898832417408294
13338500,PET,Q,5,23,0.005541816187418891
13338500,PET,Q,5,24,0.00566870757508281
13338500,PET,Q,5,25,0.005340791246147947
13338500,PET,Q,5,26,0.006237531023313703
13338500,PET,Q,5,27,0.005642093338980192
13338500,PET,Q,5,28,0.004947237180613184
13338500,PET,Q,5,29,0.005452789317556994
13338500,PET,Q,5,30,0.00546827598765548
13340000,PET,Q,5,1,0.008513797414380408
13340000,PET,Q,5,2,0.010050421758361239
13340000,PET,Q,5,3,0.007277540673500393
13340000,PET,Q,5,4,0.006396021756447601
13340000,PET,Q,5,5,0.006978468970599505
13340000,PET,Q,5,6,0.006675367832257972
13340000,PET,Q,5,7,0.00665369787223824
13340000,PET,Q,5,8,0.006778153580122015
13340000,PET,Q,5,9,0.006005919245359315
13340000,PET,Q,5,10,0.006215823516516061
13340000,PET,Q,5,11,0.006402237778057929
13340000,PET,Q,5,12,0.004906803209403954
13340000,PET,Q,5,13,0.0053948278937404615
13340000,PET,Q,5,14,0.004793683335162835
13340000,PET,Q,5,15,0.005448130825593478
13340000,PET,Q,5,16,0.005717237718646406
13340000,PET,Q,5,17,0.005249448288044634
13340000,PET,Q,5,18,0.004798400829213012
13340000,PET,Q,5,19,0.005136888697793385
13340000,PET,Q,5,20,0.004894151374352229
13340000,PET,Q,5,21,0.004944742091319454
13340000,PET,Q,5,22,0.005388489855174927
13340000,PET,Q,5,23,0.004468805574463053
13340000,PET,Q,5,24,0.0052658941147400995
13340000,PET,Q,5,25,0.005715983469568586
13340000,PET,Q,5,26,0.005766838576143796
13340000,PET,Q,5,27,0.005360087663941027
13340000,PET,Q,5,28,0.005164837188657123
13340000,PET,Q,5,29,0.00576971328341469
13340000,PET,Q,5,30,0.005720064517267365
13340600,PET,Q,5,1,0.00955972813354855
13340600,PET,Q,5,2,0.009533258784700238
13340600,PET,Q,5,3,0.008128659973931307
13340600,PET,Q,5,4,0.007589579703436988
13340600,PET,Q,5,5,0.0069321850692861675
13340600,PET,Q,5,6,0.0072697134950675535
13340600,PET,Q,5,7,0.007544370897102026
13340600,PET,Q,5,8,0.006437495262964554
13340600,PET,Q,5,9,0.006901045647405679
13340600,PET,Q,5,10,0.006282422383432351
13340600,PET,Q,5,11,0.006112528458011912
13340600,PET,Q,5,12,0.005834286653879306
13340600,PET,Q,5,13,0.006107040912411432
13340600,PET,Q,5,14,0.0068094128234921225
13340600,PET,Q,5,15,0.004584655084133971
13340600,PET,Q,5,16,0.005671050407977329
13340600,PET,Q,5,17,0.005613444410720536
13340600,PET,Q,5,18,0.005446112242336931
13340600,PET,Q,5,19,0.006576000839069618
13340600,PET,Q,5,20,0.00565041653070919
13340600,PET,Q,5,21,0.0053920433701659665
13340600,PET,Q,5,22,0.005117632509443415
13340600,PET,Q,5,23,0.00570899765143873
13340600,PET,Q,5,24,0.005550216618164017
13340600,PET,Q,5,25,0.005727169557091516
13340600,PET,Q,5,26,0.00667513820274479
13340600,PET,Q,5,27,0.006041668652492449
13340600,PET,Q,5,28,0.0057802556985946385
13340600,PET,Q,5,29,0.005070638030507113
13340600,PET,Q,5,30,0.00565030063002403
14020000,PET,Q,5,1,0.0024936584656886085
14020000,PET,Q,5,2,0.002310752024199836
14020000,PET,Q,5,3,0.002645839008367068
14020000,PET,Q,5,4,0.0023603345486129246
14020000,PET,Q,5,5,0.003277204422755031
14020000,PET,Q,5,6,0.0032487679213724086
14020000,PET,Q,5,7,0.0026291774555182723
14020000,PET,Q,5,8,0.0025153536818791067
14020000,PET,Q,5,9,0.002872142654627402
14020000,PET,Q,5,10,0.0028893403808080975
14020000,PET,Q,5,11,0.002859725254753115
14020000,PET,Q,5,12,0.0029597120122212273
14020000,PET,Q,5,13,0.0024733118536955367
14020000,PET,Q,5,14,0.0032477196066767744
14020000,PET,Q,5,15,0.0033490329109580885
14020000,PET,Q,5,16,0.002605947823296567
14020000,PET,Q,5,17,0.0027367008130952386
14020000,PET,Q,5,18,0.0027225600312250353
14020000,PET,Q,5,19,0.003182898098249509
14020000,PET,Q,5,20,0.0027032650875390696
14020000,PET,Q,5,21,0.0030232537418272143
14020000,PET,Q,5,22,0.002554974514269559
14020000,PET,Q,5,23,0.0029653127364315246
14020000,PET,Q,5,24,0.0026091254402741126
14020000,PET,Q,5,25,0.002835612796628889
14020000,PET,Q,5,26,0.0031101495247635447
14020000,PET,Q,5,27,0.002652689014567028
14020000,PET,Q,5,28,0.003241076423912831
14020000,PET,Q,5,29,0.003199633333197477
14020000,PET,Q,5,30,0.0029110742650165222
14092750,PET,Q,5,1,0.0016929039593360784
14092750,PET,Q,5,2,0.0015005183642510939
14092750,PET,Q,5,3,0.0011854243002847112
14092750,PET,Q,5,4,0.0011935035844676811
14092750,PET,Q,5,5,0.0013333502935065286
14092750,PET,Q,5,6,0.0015854673028426053
14092750,PET,Q,5,7,0.0014587989998013362
14092750,PET,Q,5,8,0.000994816357971516
14092750,PET,Q,5,9,0.0011820599465222972
14092750,PET,Q,5,10,0.0011965355448244896
14092750,PET,Q,5,11,0.0010734644744208946
14092750,PET,Q,5,12,0.0010648574465396687
14092750,PET,Q,5,13,0.0013073227873551599
14092750,PET,Q,5,14,0.0009997873787691292
14092750,PET,Q,5,15,0.001089464985037307
14092750,PET,Q,5,16,0.001118969580226406
14092750,PET,Q,5,17,0.0009937117832835365
14092750,PET,Q,5,18,0.0009827018375048457
14092750,PET,Q,5,19,0.0009782289191656024
14092750,PET,Q,5,20,0.0010590817538117386
14092750,PET,Q,5,21,0.0009600571739637465
14092750,PET,Q,5,22,0.0011912614821924516
14092750,PET,Q,5,23,0.0010544303640207184
14092750,PET,Q,5,24,0.0012435217896367909
14092750,PET,Q,5,25,0.0011225799617683649
14092750,PET,Q,5,26,0.0014271328376421547
14092750,PET,Q,5,27,0.0011232362323468775
14092750,PET,Q,5,28,0.0011989233668469462
14092750,PET,Q,5,29,0.0011232111992006757
14092750,PET,Q,5,30,0.0011362195234366143
14096850,PET,Q,5,1,0.0011868834230713624
14096850,PET,Q,5,2,0.0011463266708035581
14096850,PET,Q,5,3,0.0010932745136350425
14096850,PET,Q,5,4,0.0011268650060776222
14096850,PET,Q,5,5,0.0010727014751913018
14096850,PET,Q,5,6,0.0010720423811548252
14096850,PET,Q,5,7,0.0010723088841016713
14096850,PET,Q,5,8,0.0013348791516855849
14096850,PET,Q,5,9,0.0013647747344187784
14096850,PET,Q,5,10,0.0010533841114459472
14096850,PET,Q,5,11,0.0011529488082368325
14096850,PET,Q,5,12,0.0013361192480510556
14096850,PET,Q,5,13,0.0011034451526219062
14096850,PET,Q,5,14,0.0011537719809160685
14096850,PET,Q,5,15,0.001337050516008298
14096850,PET,Q,5,16,0.0013669661603696003
14096850,PET,Q,5,17,0.0013180587556529157
14096850,PET,Q,5,18,0.0013183679980093947
14096850,PET,Q,5,19,0.001055775072164835
14096850,PET,Q,5,20,0.001155421118617557
14096850,PET,Q,5,21,0.0010760506222429432
14096850,PET,Q,5,22,0.0010763186554680372
14096850,PET,Q,5,23,0.0010765867911430478
14096850,PET,Q,5,24,0.0013398504860559074
14096850,PET,Q,5,25,0.001106691433280349
14096850,PET,Q,5,26,0.001157073989222407
14096850,PET,Q,5,27,0.001340785870112847
14096850,PET,Q,5,28,0.001370735972945094
14096850,PET,Q,5,29,0.0013217772016622248
14096850,PET,Q,5,30,0.0013220878160545221
14137000,PET,Q,5,1,0.00346717919761063
14137000,PET,Q,5,2,0.003207670002535655
14137000,PET,Q,5,3,0.003245446951011574
14137000,PET,Q,5,4,0.0032461364507247736
14137000,PET,Q,5,5,0.0030898926861452417
14137000,PET,Q,5,6,0.0031596100651426692
14137000,PET,Q,5,7,0.003248117973341659
14137000,PET,Q,5,8,0.0031233869480642995
14137000,PET,Q,5,9,0.003249498966378911
14137000,PET,Q,5,10,0.0031247483123460484
14137000,PET,Q,5,11,0.003152850611708523
14137000,PET,Q,5,12,0.0031260757344464332
14137000,PET,Q,5,13,0.003126774585369939
14137000,PET,Q,5,14,0.0031274562651726068
14137000,PET,Q,5,15,0.0034396351131989397
14137000,PET,Q,5,16,0.0034033312838601115
14137000,PET,Q,5,17,0.003660934091775432
14137000,PET,Q,5,18,0.003284573352318937
14137000,PET,Q,5,19,0.003405428399698429
14137000,PET,Q,5,20,0.0033225451604238163
14137000,PET,Q,5,21,0.003323269857077968
14137000,PET,Q,5,22,0.0030958030632147956
14137000,PET,Q,5,23,0.003361769902573211
14137000,PET,Q,5,24,0.0033254092326055057
14137000,PET,Q,5,25,0.0030978463051084815
14137000,PET,Q,5,26,0.0032231095645692473
14137000,PET,Q,5,27,0.0033540448434742007
14137000,PET,Q,5,28,0.0033669593654443927
14137000,PET,Q,5,29,0.0031740439157784753
14137000,PET,Q,5,30,0.0032035493497373363
14138800,PET,Q,5,1,0.0058636544716970385
14138800,PET,Q,5,2,0.0051764863079646894
14138800,PET,Q,5,3,0.005559498186973669
14138800,PET,Q,5,4,0.0049843658791346585
14138800,PET,Q,5,5,0.004746197279416678
14138800,PET,Q,5,6,0.00489658769938843
14138800,PET,Q,5,7,0.004523531536667139
14138800,PET,Q,5,8,0.004516400538861751
14138800,PET,Q,5,9,0.004890632735929115
14138800,PET,Q,5,10,0.005189961343893934
14138800,PET,Q,5,11,0.004906753074140513
14138800,PET,Q,5,12,0.004879014305532781
14138800,PET,Q,5,13,0.005315659155378072
14138800,PET,Q,5,14,0.005453905912245538
14138800,PET,Q,5,15,0.0049583363834575095
14138800,PET,Q,5,16,0.005316366829791988
14138800,PET,Q,5,17,0.005425474564411392
14138800,PET,Q,5,18,0.005349226118118569
14138800,PET,Q,5,19,0.004981318394630105
14138800,PET,Q,5,20,0.005246235055153384
14138800,PET,Q,5,21,0.005659690137332696
14138800,PET,Q,5,22,0.004829536531220036
14138800,PET,Q,5,23,0.005057916900610679
14138800,PET,Q,5,24,0.005114617171738695
14138800,PET,Q,5,25,0.004876865688315121
14138800,PET,Q,5,26,0.0053518092630569225
14138800,PET,Q,5,27,0.005232228795167271
14138800,PET,Q,5,28,0.005295653997558242
14138800,PET,Q,5,29,0.005100346611087991
14138800,PET,Q,5,30,0.004924706163469725
14138870,PET,Q,5,1,0.004063100909800631
14138870,PET,Q,5,2,0.0041287134736545245
14138870,PET,Q,5,3,0.0040323116309036525
14138870,PET,Q,5,4,0.003971443862532072
14138870,PET,Q,5,5,0.003845365970337654
14138870,PET,Q,5,6,0.0038786681505344964
14138870,PET,Q,5,7,0.0037388723149670497
14138870,PET,Q,5,8,0.00391309126201185
14138870,PET,Q,5,9,0.004082477804199881
14138870,PET,Q,5,10,0.0039704963463796095
14138870,PET,Q,5,11,0.003979326368871737
14138870,PET,Q,5,12,0.003585902859059263
14138870,PET,Q,5,13,0.003981238990746705
14138870,PET,Q,5,14,0.003949692473210878
14138870,PET,Q,5,15,0.004042068094556747
14138870,PET,Q,5,16,0.0042312784420793365
14138870,PET,Q,5,17,0.004421804473698637
14138870,PET,Q,5,18,0.0038921207035242378
14138870,PET,Q,5,19,0.00422135084097007
14138870,PET,Q,5,20,0.004368260866730332
14138870,PET,Q,5,21,0.004040060631706394
14138870,PET,Q,5,22,0.003719642499780962
14138870,PET,Q,5,23,0.003926690024400145
14138870,PET,Q,5,24,0.0038524403394181728
14138870,PET,Q,5,25,0.003786335602513659
14138870,PET,Q,5,26,0.003904042404408392
14138870,PET,Q,5,27,0.003712871421126092
14138870,PET,Q,5,28,0.0040083127522085454
14138870,PET,Q,5,29,0.003958706204066763
14138870,PET,Q,5,30,0.00385805081634933
14138900,PET,Q,5,1,0.005998168665402426
14138900,PET,Q,5,2,0.006097161991548125
14138900,PET,Q,5,3,0.005800808623983036
14138900,PET,Q,5,4,0.005702051545096204
14138900,PET,Q,5,5,0.005333362709080108
14138900,PET,Q,5,6,0.00479285269619191
14138900,PET,Q,5,7,0.005225767214570937
14138900,PET,Q,5,8,0.004951666819269632
14138900,PET,Q,5,9,0.005631726604355625
14138900,PET,Q,5,10,0.005850743788083687
14138900,PET,Q,5,11,0.005097473453954851
14138900,PET,Q,5,12,0.005386495411256187
14138900,PET,Q,5,13,0.005790701582485014
14138900,PET,Q,5,14,0.005806330162428805
14138900,PET,Q,5,15,0.005745280876809894
14138900,PET,Q,5,16,0.0061596234838999925
14138900,PET,Q,5,17,0.006264987477560199
14138900,PET,Q,5,18,0.005959341928834738
14138900,PET,Q,5,19,0.0059919837588760655
14138900,PET,Q,5,20,0.0062131999363069235
14138900,PET,Q,5,21,0.005833643634636801
14138900,PET,Q,5,22,0.005846324728641203
14138900,PET,Q,5,23,0.005675019841917289
14138900,PET,Q,5,24,0.0053264169930968
14138900,PET,Q,5,25,0.005390496935823608
14138900,PET,Q,5,26,0.0057375402529052655
14138900,PET,Q,5,27,0.005980959587398055
14138900,PET,Q,5,28,0.005733751535156026
14138900,PET,Q,5,29,0.005866285915022737
14138900,PET,Q,5,30,0.006022090414070355
14139800,PET,Q,5,1,0.005665252337285487
14139800,PET,Q,5,2,0.005394694287531296
14139800,PET,Q,5,3,0.005590973199037272
14139800,PET,Q,5,4,0.005357931552848402
14139800,PET,Q,5,5,0.0052208267661247865
14139800,PET,Q,5,6,0.0054454925298147855
14139800,PET,Q,5,7,0.005067474050281656
14139800,PET,Q,5,8,0.0054889677116381624
14139800,PET,Q,5,9,0.005613981225085288
14139800,PET,Q,5,10,0.0054359701030636115
14139800,PET,Q,5,11,0.005199887879270823
14139800,PET,Q,5,12,0.004986966586185054
14139800,PET,Q,5,13,0.005380861216147365
14139800,PET,Q,5,14,0.0053105532622614166
14139800,PET,Q,5,15,0.005377369519113273
14139800,PET,Q,5,16,0.005703296647785863
14139800,PET,Q,5,17,0.005589043086848239
14139800,PET,Q,5,18,0.0056296229188336905
14139800,PET,Q,5,19,0.005787443352243404
14139800,PET,Q,5,20,0.0063097656592353835
14139800,PET,Q,5,21,0.005788990885645384
14139800,PET,Q,5,22,0.005144721578279346
14139800,PET,Q,5,23,0.0052737597079099
14139800,PET,Q,5,24,0.005107304755025632
14139800,PET,Q,5,25,0.005458812129703616
14139800,PET,Q,5,26,0.005579855132135075
14139800,PET,Q,5,27,0.005240461394897589
14139800,PET,Q,5,28,0.00573753034771006
14139800,PET,Q,5,29,0.005699270857657007
14139800,PET,Q,5,30,0.00503900331117027
14141500,PET,Q,5,1,0.006043452815304759
14141500,PET,Q,5,2,0.006254138554042457
14141500,PET,Q,5,3,0.006199192097737741
14141500,PET,Q,5,4,0.006064247912083709
14141500,PET,Q,5,5,0.0060837606911143954
14141500,PET,Q,5,6,0.005967680733742264
14141500,PET,Q,5,7,0.005695554236211611
14141500,PET,Q,5,8,0.006267244393442686
14141500,PET,Q,5,9,0.006313360161030512
14141500,PET,Q,5,10,0.006346173962636217
14141500,PET,Q,5,11,0.00617318590991231
14141500,PET,Q,5,12,0.006362160834381639
14141500,PET,Q,5,13,0.006416273143027354
14141500,PET,Q,5,14,0.006014158356789159
14141500,PET,Q,5,15,0.006458187942355739
14141500,PET,Q,5,16,0.0065153118798875614
14141500,PET,Q,5,17,0.0064252468579821115
14141500,PET,Q,5,18,0.006557115267179683
14141500,PET,Q,5,19,0.006360830211151927
14141500,PET,Q,5,20,0.0068595436442930174
14141500,PET,Q,5,21,0.0062859873451282106
14141500,PET,Q,5,22,0.00592781113010063
14141500,PET,Q,5,23,0.006159367711738847
14141500,PET,Q,5,24,0.005745657250565833
14141500,PET,Q,5,25,0.005964392618860434
14141500,PET,Q,5,26,0.005809714996651463
14141500,PET,Q,5,27,0.005677715127246824
14141500,PET,Q,5,28,0.006302720485003105
14141500,PET,Q,5,29,0.0063874047188041405
14141500,PET,Q,5,30,0.006270385526013
14154500,PET,Q,5,1,0.006409684000682356
14154500,PET,Q,5,2,0.0060374033255252285
14154500,PET,Q,5,3,0.005475326093181951
14154500,PET,Q,5,4,0.0059067773395727885
14154500,PET,Q,5,5,0.005952552192082947
14154500,PET,Q,5,6,0.0060490935704052284
14154500,PET,Q,5,7,0.005906072776008492
14154500,PET,Q,5,8,0.0062229679734399496
14154500,PET,Q,5,9,0.006005323857100009
14154500,PET,Q,5,10,0.005881006050911283
14154500,PET,Q,5,11,0.005840813448721033
14154500,PET,Q,5,12,0.006299065437365067
14154500,PET,Q,5,13,0.0058717152352208285
14154500,PET,Q,5,14,0.006016690157060384
14154500,PET,Q,5,15,0.006344318912219482
14154500,PET,Q,5,16,0.0063321329804556375
14154500,PET,Q,5,17,0.006306705200287782
14154500,PET,Q,5,18,0.0063595701739188465
14154500,PET,Q,5,19,0.006568201476539456
14154500,PET,Q,5,20,0.006567100151055744
14154500,PET,Q,5,21,0.0065917055760282145
14154500,PET,Q,5,22,0.00685944820072916
14154500,PET,Q,5,23,0.007115701267153801
14154500,PET,Q,5,24,0.00702325680856386
14154500,PET,Q,5,25,0.0065051540525028345
14154500,PET,Q,5,26,0.006777729944000513
14154500,PET,Q,5,27,0.007406261559220709
14154500,PET,Q,5,28,0.007178786729313852
14154500,PET,Q,5,29,0.006746650059279546
14154500,PET,Q,5,30,0.006749841333681547
14158500,PET,Q,5,1,0.005826479388030714
14158500,PET,Q,5,2,0.005027777127815547
14158500,PET,Q,5,3,0.005583801845187586
14158500,PET,Q,5,4,0.005308401128788831
14158500,PET,Q,5,5,0.005064211926513185
14158500,PET,Q,5,6,0.005269803115465765
14158500,PET,Q,5,7,0.004783670799942352
14158500,PET,Q,5,8,0.005078778680281615
14158500,PET,Q,5,9,0.0054076621667474845
14158500,PET,Q,5,10,0.005273610702059006
14158500,PET,Q,5,11,0.005228912401823771
14158500,PET,Q,5,12,0.005906419978824351
14158500,PET,Q,5,13,0.0063071367868349215
14158500,PET,Q,5,14,0.006338468349185167
14158500,PET,Q,5,15,0.005020252319514196
14158500,PET,Q,5,16,0.0052944031011479264
14158500,PET,Q,5,17,0.00537097887197735
14158500,PET,Q,5,18,0.005740121539200116
14158500,PET,Q,5,19,0.005825758183878094
14158500,PET,Q,5,20,0.006460640903996229
14158500,PET,Q,5,21,0.00571714171433535
14158500,PET,Q,5,22,0.005766007820070973
14158500,PET,Q,5,23,0.00554761094777001
14158500,PET,Q,5,24,0.005631833098265315
14158500,PET,Q,5,25,0.00599736909749693
14158500,PET,Q,5,26,0.006072829989551387
14158500,PET,Q,5,27,0.005310203048181306
14158500,PET,Q,5,28,0.005870188559178202
14158500,PET,Q,5,29,0.0062068867060708355
14158500,PET,Q,5,30,0.006598362953333381
14158790,PET,Q,5,1,0.005716907298114859
14158790,PET,Q,5,2,0.005257983635678115
14158790,PET,Q,5,3,0.005158972752323743
14158790,PET,Q,5,4,0.004911103488861007
14158790,PET,Q,5,5,0.005288227183452898
14158790,PET,Q,5,6,0.004896762880170019
14158790,PET,Q,5,7,0.004706538410132771
14158790,PET,Q,5,8,0.004581374154264656
14158790,PET,Q,5,9,0.004304030225774802
14158790,PET,Q,5,10,0.004485993273314892
14158790,PET,Q,5,11,0.004829977927845119
14158790,PET,Q,5,12,0.005101609226162734
14158790,PET,Q,5,13,0.005513497661046085
14158790,PET,Q,5,14,0.004972700375759503
14158790,PET,Q,5,15,0.005004037575334214
14158790,PET,Q,5,16,0.005315164369331521
14158790,PET,Q,5,17,0.004862383444314111
14158790,PET,Q,5,18,0.005307481197335151
14158790,PET,Q,5,19,0.005760848995501416
14158790,PET,Q,5,20,0.006311729014639417
14158790,PET,Q,5,21,0.005336730447082411
14158790,PET,Q,5,22,0.0055802565001728255
14158790,PET,Q,5,23,0.0061702724393086494
14158790,PET,Q,5,24,0.0062957102467949555
14158790,PET,Q,5,25,0.00642671476744891
14158790,PET,Q,5,26,0.0059294575367666025
14158790,PET,Q,5,27,0.0059132563743360955
14158790,PET,Q,5,28,0.0060279832435855
14158790,PET,Q,5,29,0.005945694904141624
14158790,PET,Q,5,30,0.006001919524347449
14166500,PET,Q,5,1,0.007462102218012828
14166500,PET,Q,5,2,0.007632234396013293
14166500,PET,Q,5,3,0.007332753189593116
14166500,PET,Q,5,4,0.006974429116619385
14166500,PET,Q,5,5,0.006463153913671582
14166500,PET,Q,5,6,0.006689656576490288
14166500,PET,Q,5,7,0.007150237554865269
14166500,PET,Q,5,8,0.007280526282804539
14166500,PET,Q,5,9,0.0070577222960411246
14166500,PET,Q,5,10,0.0072456258421502995
14166500,PET,Q,5,11,0.007445579480174824
14166500,PET,Q,5,12,0.007416309421904771
14166500,PET,Q,5,13,0.0071032727043946475
14166500,PET,Q,5,14,0.007456380249461575
14166500,PET,Q,5,15,0.007925586943288682
14166500,PET,Q,5,16,0.007626013396654724
14166500,PET,Q,5,17,0.007787878733607229
14166500,PET,Q,5,18,0.007555559035484188
14166500,PET,Q,5,19,0.007536713402832934
14166500,PET,Q,5,20,0.007541583859737966
14166500,PET,Q,5,21,0.008120185489616655
14166500,PET,Q,5,22,0.008125917147226214
14166500,PET,Q,5,23,0.008229541818129599
14166500,PET,Q,5,24,0.00815188139648268
14166500,PET,Q,5,25,0.007902623210967158
14166500,PET,Q,5,26,0.007868095910955414
14166500,PET,Q,5,27,0.008374395396572892
14166500,PET,Q,5,28,0.008603922685897991
14166500,PET,Q,5,29,0.008412363741827772
14166500,PET,Q,5,30,0.008097887198577153
14182500,PET,Q,5,1,0.002264713708024578
14182500,PET,Q,5,2,0.002458074913640057
14182500,PET,Q,5,3,0.002251119487072434
14182500,PET,Q,5,4,0.0022661798576620734
14182500,PET,Q,5,5,0.002266668894348345
14182500,PET,Q,5,6,0.002267158091224755
14182500,PET,Q,5,7,0.0022676474483635037
14182500,PET,Q,5,8,0.0024611880712711795
14182500,PET,Q,5,9,0.002447174033925921
14182500,PET,Q,5,10,0.0024737321610830768
14182500,PET,Q,5,11,0.002474294575553891
14182500,PET,Q,5,12,0.0024748155565193497
14182500,PET,Q,5,13,0.00247533670572099
14182500,PET,Q,5,14,0.002171584648866867
14182500,PET,Q,5,15,0.002490889275236885
14182500,PET,Q,5,16,0.0024507774236345384
14182500,PET,Q,5,17,0.002451327202317166
14182500,PET,Q,5,18,0.0024518471048241286
14182500,PET,Q,5,19,0.00245236717568411
14182500,PET,Q,5,20,0.002452887414971412
14182500,PET,Q,5,21,0.002259924704494584
14182500,PET,Q,5,22,0.0021258386397831133
14182500,PET,Q,5,23,0.002290458503543223
14182500,PET,Q,5,24,0.0022759911098503213
14182500,PET,Q,5,25,0.0022764833640751755
14182500,PET,Q,5,26,0.0024705638392928664
14182500,PET,Q,5,27,0.0022628713635889017
14182500,PET,Q,5,28,0.002277961096876273
14182500,PET,Q,5,29,0.00247213178164931
14182500,PET,Q,5,30,0.002458099087957376
14185000,PET,Q,5,1,0.005404016912027271
14185000,PET,Q,5,2,0.0050832945882233055
14185000,PET,Q,5,3,0.004791696597615636
14185000,PET,Q,5,4,0.004811358995878243
14185000,PET,Q,5,5,0.00462590265375272
14185000,PET,Q,5,6,0.004398874162249211
14185000,PET,Q,5,7,0.004844965659656503
14185000,PET,Q,5,8,0.005134933999032573
14185000,PET,Q,5,9,0.004701879488159075
14185000,PET,Q,5,10,0.004669418647207449
14185000,PET,Q,5,11,0.004641371097779151
14185000,PET,Q,5,12,0.005120511994969185
14185000,PET,Q,5,13,0.005317417186593426
14185000,PET,Q,5,14,0.004893879067987439
14185000,PET,Q,5,15,0.0052312475419347
14185000,PET,Q,5,16,0.005530055370147904
14185000,PET,Q,5,17,0.005269025389145393
14185000,PET,Q,5,18,0.005065873305711649
14185000,PET,Q,5,19,0.00528098448385092
14185000,PET,Q,5,20,0.00515706878946709
14185000,PET,Q,5,21,0.00533225480100448
14185000,PET,Q,5,22,0.005255864128481086
14185000,PET,Q,5,23,0.005672311034066763
14185000,PET,Q,5,24,0.005507707177597729
14185000,PET,Q,5,25,0.005122343687417999
14185000,PET,Q,5,26,0.005276275002062333
14185000,PET,Q,5,27,0.005166945092379513
14185000,PET,Q,5,28,0.005367421825386215
14185000,PET,Q,5,29,0.005497066871175946
14185000,PET,Q,5,30,0.005476335656829132
14185900,PET,Q,5,1,0.008588084187666017
14185900,PET,Q,5,2,0.008501297701699384
14185900,PET,Q,5,3,0.007770085285487616
14185900,PET,Q,5,4,0.007930254815341903
14185900,PET,Q,5,5,0.007478241339056557
14185900,PET,Q,5,6,0.007410794122041348
14185900,PET,Q,5,7,0.00769641774796978
14185900,PET,Q,5,8,0.007385267429209613
14185900,PET,Q,5,9,0.007522636054733939
14185900,PET,Q,5,10,0.007710937172913712
14185900,PET,Q,5,11,0.007873040611443866
14185900,PET,Q,5,12,0.0078017051573253116
14185900,PET,Q,5,13,0.007910654692453806
14185900,PET,Q,5,14,0.007418396363233742
14185900,PET,Q,5,15,0.0072630614703188545
14185900,PET,Q,5,16,0.00807034622961153
14185900,PET,Q,5,17,0.00757694505714257
14185900,PET,Q,5,18,0.007874665026361305
14185900,PET,Q,5,19,0.007980491460595263
14185900,PET,Q,5,20,0.007554608374359756
14185900,PET,Q,5,21,0.007953275753917077
14185900,PET,Q,5,22,0.008083540195520184
14185900,PET,Q,5,23,0.008335749527351305
14185900,PET,Q,5,24,0.008287074536738243
14185900,PET,Q,5,25,0.007940864722477986
14185900,PET,Q,5,26,0.008235825250118733
14185900,PET,Q,5,27,0.00809128250048391
14185900,PET,Q,5,28,0.008217368024648897
14185900,PET,Q,5,29,0.008216264932308787
14185900,PET,Q,5,30,0.008003922667989855
14187000,PET,Q,5,1,0.0059498119534253935
14187000,PET,Q,5,2,0.005485873926409243
14187000,PET,Q,5,3,0.005821243408384441
14187000,PET,Q,5,4,0.0053277987988895326
14187000,PET,Q,5,5,0.00535566359883094
14187000,PET,Q,5,6,0.005092398282094401
14187000,PET,Q,5,7,0.0057409571761218164
14187000,PET,Q,5,8,0.005395438275001774
14187000,PET,Q,5,9,0.005346542021179651
14187000,PET,Q,5,10,0.0051022931873815625
14187000,PET,Q,5,11,0.005079276018631368
14187000,PET,Q,5,12,0.005504143861222485
14187000,PET,Q,5,13,0.005413975462396192
14187000,PET,Q,5,14,0.0053219054820360795
14187000,PET,Q,5,15,0.005494706434662114
14187000,PET,Q,5,16,0.005334337834801542
14187000,PET,Q,5,17,0.005403839250203615
14187000,PET,Q,5,18,0.0060456193274809195
14187000,PET,Q,5,19,0.0058005063499974585
14187000,PET,Q,5,20,0.0054180458013756705
14187000,PET,Q,5,21,0.005535782143331849
14187000,PET,Q,5,22,0.005283881472840396
14187000,PET,Q,5,23,0.006208135233150128
14187000,PET,Q,5,24,0.005889335653648492
14187000,PET,Q,5,25,0.006009872439112329
14187000,PET,Q,5,26,0.006159277198667407
14187000,PET,Q,5,27,0.006669430814909533
14187000,PET,Q,5,28,0.006226342179231598
14187000,PET,Q,5,29,0.006425203406167604
14187000,PET,Q,5,30,0.006846045384388724
14216500,PET,Q,5,1,0.0024994778664102837
14216500,PET,Q,5,2,0.0024893001994125766
14216500,PET,Q,5,3,0.002368805620035122
14216500,PET,Q,5,4,0.0029687135051721034
14216500,PET,Q,5,5,0.0022413701756289275
14216500,PET,Q,5,6,0.002764305681547473
14216500,PET,Q,5,7,0.002409178392768052
14216500,PET,Q,5,8,0.0023831123450403155
14216500,PET,Q,5,9,0.002383746019759901
14216500,PET,Q,5,10,0.0022153602443815076
14216500,PET,Q,5,11,0.00229525664861651
14216500,PET,Q,5,12,0.0023846544045105084
14216500,PET,Q,5,13,0.0026172102814722917
14216500,PET,Q,5,14,0.0022454492125217815
14216500,PET,Q,5,15,0.0026985164530497346
14216500,PET,Q,5,16,0.0024185658079956193
14216500,PET,Q,5,17,0.0023753742892835064
14216500,PET,Q,5,18,0.0024683789678365056
14216500,PET,Q,5,19,0.0025532376034237067
14216500,PET,Q,5,20,0.0025674845355522016
14216500,PET,Q,5,21,0.0027138340921531237
14216500,PET,Q,5,22,0.002748104437282871
14216500,PET,Q,5,23,0.002420426728064508
14216500,PET,Q,5,24,0.0029038588417741387
14216500,PET,Q,5,25,0.0029480017172143283
14216500,PET,Q,5,26,0.0032427220601452186
14216500,PET,Q,5,27,0.0030005187605362943
14216500,PET,Q,5,28,0.0027143747893167286
14216500,PET,Q,5,29,0.0028496561394635023
14216500,PET,Q,5,30,0.002915295329496255
14222500,PET,Q,5,1,0.004112493636099238
14222500,PET,Q,5,2,0.004281515233086827
14222500,PET,Q,5,3,0.004251186043773579
14222500,PET,Q,5,4,0.0038807587379301317
14222500,PET,Q,5,5,0.003984690289038521
14222500,PET,Q,5,6,0.003913671085172814
14222500,PET,Q,5,7,0.0038326758378239914
14222500,PET,Q,5,8,0.004015644579909501
14222500,PET,Q,5,9,0.004205816732806969
14222500,PET,Q,5,10,0.004288799468241178
14222500,PET,Q,5,11,0.0040583195648510595
14222500,PET,Q,5,12,0.004090503116326798
14222500,PET,Q,5,13,0.0042915359661772415
14222500,PET,Q,5,14,0.004261184649063748
14222500,PET,Q,5,15,0.0038901112057466367
14222500,PET,Q,5,16,0.004125738245644606
14222500,PET,Q,5,17,0.0045386615092727345
14222500,PET,Q,5,18,0.004233939321120456
14222500,PET,Q,5,19,0.0042657413798295185
14222500,PET,Q,5,20,0.004266653621539621
14222500,PET,Q,5,21,0.004267566162083514
14222500,PET,Q,5,22,0.004068006526961605
14222500,PET,Q,5,23,0.0041002187768390125
14222500,PET,Q,5,24,0.004301592780233426
14222500,PET,Q,5,25,0.004427044806724165
14222500,PET,Q,5,26,0.004556418344644236
14222500,PET,Q,5,27,0.004356773921748172
14222500,PET,Q,5,28,0.004546507809260553
14222500,PET,Q,5,29,0.004403354577163912
14222500,PET,Q,5,30,0.004275792496903026
14236200,PET,Q,5,1,0.004792831141110274
14236200,PET,Q,5,2,0.004581427556621803
14236200,PET,Q,5,3,0.004736416024790482
14236200,PET,Q,5,4,0.004730231539575025
14236200,PET,Q,5,5,0.0047654381416903785
14236200,PET,Q,5,6,0.004926634239107497
14236200,PET,Q,5,7,0.004949358412462634
14236200,PET,Q,5,8,0.004922061506088954
14236200,PET,Q,5,9,0.004704487106312674
14236200,PET,Q,5,10,0.004959373326396829
14236200,PET,Q,5,11,0.004724398680100508
14236200,PET,Q,5,12,0.004588186818662146
14236200,PET,Q,5,13,0.00498675782486592
14236200,PET,Q,5,14,0.0050652840479558925
14236200,PET,Q,5,15,0.004752605667031576
14236200,PET,Q,5,16,0.0051202136735916115
14236200,PET,Q,5,17,0.004922519962538688
14236200,PET,Q,5,18,0.004943724724347162
14236200,PET,Q,5,19,0.00500625426780954
14236200,PET,Q,5,20,0.004781362240172393
14236200,PET,Q,5,21,0.004819486295186262
14236200,PET,Q,5,22,0.004973128771410651
14236200,PET,Q,5,23,0.005240478716319205
14236200,PET,Q,5,24,0.004972705853294554
14236200,PET,Q,5,25,0.005249162086613524
14236200,PET,Q,5,26,0.005272740019606162
14236200,PET,Q,5,27,0.005188010394657064
14236200,PET,Q,5,28,0.005244313000150158
14236200,PET,Q,5,29,0.005157262257391798
14236200,PET,Q,5,30,0.004875786394124962
14301000,PET,Q,5,1,0.007488607207033177
14301000,PET,Q,5,2,0.007294474972821846
14301000,PET,Q,5,3,0.00759543158642198
14301000,PET,Q,5,4,0.0072257561617791455
14301000,PET,Q,5,5,0.007273505633080962
14301000,PET,Q,5,6,0.007197266430078814
14301000,PET,Q,5,7,0.007800623265461326
14301000,PET,Q,5,8,0.0076373433610162356
14301000,PET,Q,5,9,0.007854672228155696
14301000,PET,Q,5,10,0.007893394174540408
14301000,PET,Q,5,11,0.007992958930343741
14301000,PET,Q,5,12,0.007958329262565789
14301000,PET,Q,5,13,0.007808516920895653
14301000,PET,Q,5,14,0.007400133729660779
14301000,PET,Q,5,15,0.007650693059612357
14301000,PET,Q,5,16,0.008100260928400771
14301000,PET,Q,5,17,0.007570241137666939
14301000,PET,Q,5,18,0.00762153751857883
14301000,PET,Q,5,19,0.00767027282077376
14301000,PET,Q,5,20,0.007801657684256169
14301000,PET,Q,5,21,0.007872549937903067
14301000,PET,Q,5,22,0.007803692094290632
14301000,PET,Q,5,23,0.008090153897066382
14301000,PET,Q,5,24,0.008053388052058963
14301000,PET,Q,5,25,0.00805576998912702
14301000,PET,Q,5,26,0.0077745085937863945
14301000,PET,Q,5,27,0.007725972234035289
14301000,PET,Q,5,28,0.007789576072390475
14301000,PET,Q,5,29,0.007780868450994266
14301000,PET,Q,5,30,0.0074648963603386465
14303200,PET,Q,5,1,0.007341662466714111
14303200,PET,Q,5,2,0.00669266217967962
14303200,PET,Q,5,3,0.006974253083053272
14303200,PET,Q,5,4,0.006862589711651698
14303200,PET,Q,5,5,0.006794902302416722
14303200,PET,Q,5,6,0.006962713809473636
14303200,PET,Q,5,7,0.007322357942800201
14303200,PET,Q,5,8,0.00717212176948695
14303200,PET,Q,5,9,0.007251718986020811
14303200,PET,Q,5,10,0.007421505523505942
14303200,PET,Q,5,11,0.007339253451102229
14303200,PET,Q,5,12,0.007048781955516115
14303200,PET,Q,5,13,0.0071904914189133
14303200,PET,Q,5,14,0.0070522225382251835
14303200,PET,Q,5,15,0.006656546506957059
14303200,PET,Q,5,16,0.006779916816302814
14303200,PET,Q,5,17,0.007236188428484641
14303200,PET,Q,5,18,0.007138424368313481
14303200,PET,Q,5,19,0.006963335284103173
14303200,PET,Q,5,20,0.006706587080407958
14303200,PET,Q,5,21,0.006988635760273837
14303200,PET,Q,5,22,0.006922987627005106
14303200,PET,Q,5,23,0.006893558365953803
14303200,PET,Q,5,24,0.006981463790722342
14303200,PET,Q,5,25,0.006613041748598281
14303200,PET,Q,5,26,0.007226186331140083
14303200,PET,Q,5,27,0.00695130082110311
14303200,PET,Q,5,28,0.0064521311909100515
14303200,PET,Q,5,29,0.007043988488877745
14303200,PET,Q,5,30,0.0068097824019061615
14305500,PET,Q,5,1,0.008212176365130247
14305500,PET,Q,5,2,0.007714220716744213
14305500,PET,Q,5,3,0.007512480413097364
14305500,PET,Q,5,4,0.007593824232492663
14305500,PET,Q,5,5,0.0077897717351033124
14305500,PET,Q,5,6,0.007388357214325639
14305500,PET,Q,5,7,0.007853839254207129
14305500,PET,Q,5,8,0.007483650771466621
14305500,PET,Q,5,9,0.007790929842809963
14305500,PET,Q,5,10,0.008235427261343242
14305500,PET,Q,5,11,0.0072387614528995475
14305500,PET,Q,5,12,0.007845202954713179
14305500,PET,Q,5,13,0.007659019967987207
14305500,PET,Q,5,14,0.0076608154799379935
14305500,PET,Q,5,15,0.0076764225623323495
14305500,PET,Q,5,16,0.007667812707580671
14305500,PET,Q,5,17,0.007239850121263505
14305500,PET,Q,5,18,0.007704434653047876
14305500,PET,Q,5,19,0.007882254967676472
14305500,PET,Q,5,20,0.00800546747959413
14305500,PET,Q,5,21,0.007959276987866137
14305500,PET,Q,5,22,0.007709276388298172
14305500,PET,Q,5,23,0.007158853873400262
14305500,PET,Q,5,24,0.00749844641190793
14305500,PET,Q,5,25,0.00787945201895443
14305500,PET,Q,5,26,0.007592648036030089
14305500,PET,Q,5,27,0.007929281181387207
14305500,PET,Q,5,28,0.007655101071202708
14305500,PET,Q,5,29,0.007707399252599584
14305500,PET,Q,5,30,0.007343920218985528
14306340,PET,Q,5,1,0.006891466672003896
14306340,PET,Q,5,2,0.006490542095427168
14306340,PET,Q,5,3,0.0069467551607678285
14306340,PET,Q,5,4,0.006679815723630342
14306340,PET,Q,5,5,0.0065406334439180175
14306340,PET,Q,5,6,0.00679139269842384
14306340,PET,Q,5,7,0.006988373855693619
14306340,PET,Q,5,8,0.006451149104032133
14306340,PET,Q,5,9,0.006102531961160354
14306340,PET,Q,5,10,0.00674084568178851
14306340,PET,Q,5,11,0.006689329651170375
14306340,PET,Q,5,12,0.006428569361865227
14306340,PET,Q,5,13,0.006788239757979736
14306340,PET,Q,5,14,0.007215910912432233
14306340,PET,Q,5,15,0.006867182548193448
14306340,PET,Q,5,16,0.007045042319681449
14306340,PET,Q,5,17,0.006970164329533193
14306340,PET,Q,5,18,0.007070570924286881
14306340,PET,Q,5,19,0.0066262698383661445
14306340,PET,Q,5,20,0.00717271523407742
14306340,PET,Q,5,21,0.007461943243018743
14306340,PET,Q,5,22,0.00764659444926713
14306340,PET,Q,5,23,0.00730935703775
14306340,PET,Q,5,24,0.006853382158396773
14306340,PET,Q,5,25,0.006952537831869554
14306340,PET,Q,5,26,0.007469449934561126
14306340,PET,Q,5,27,0.0077130728339667165
14306340,PET,Q,5,28,0.007407135486030128
14306340,PET,Q,5,29,0.007375227955414648
14306340,PET,Q,5,30,0.0073780733011883926
14306500,PET,Q,5,1,0.010945131919738532
14306500,PET,Q,5,2,0.010551411431078406
14306500,PET,Q,5,3,0.010290725266153933
14306500,PET,Q,5,4,0.009811204402891543
14306500,PET,Q,5,5,0.009585378322502697
14306500,PET,Q,5,6,0.010084765443137272
14306500,PET,Q,5,7,0.010113730142932459
14306500,PET,Q,5,8,0.010795267016210586
14306500,PET,Q,5,9,0.010145652382029857
14306500,PET,Q,5,10,0.010692514464104769
14306500,PET,Q,5,11,0.01046622747423745
14306500,PET,Q,5,12,0.010848603260517564
14306500,PET,Q,5,13,0.010820945935027387
14306500,PET,Q,5,14,0.01103137549662464
14306500,PET,Q,5,15,0.011000931998004837
14306500,PET,Q,5,16,0.011398787129225652
14306500,PET,Q,5,17,0.010986935434219608
14306500,PET,Q,5,18,0.011256990821183477
14306500,PET,Q,5,19,0.011091641109436029
14306500,PET,Q,5,20,0.011352092853597229
14306500,PET,Q,5,21,0.011203371928447114
14306500,PET,Q,5,22,0.011195357835882436
14306500,PET,Q,5,23,0.011388660588868421
14306500,PET,Q,5,24,0.011602062244438494
14306500,PET,Q,5,25,0.011255387737626854
14306500,PET,Q,5,26,0.011391532331261528
14306500,PET,Q,5,27,0.011580164365813966
14306500,PET,Q,5,28,0.011526399409737154
14306500,PET,Q,5,29,0.011246381805422423
14306500,PET,Q,5,30,0.011555219427848873
14308990,PET,Q,5,1,0.0034523736578720016
14308990,PET,Q,5,2,0.0032089892813082985
14308990,PET,Q,5,3,0.003239145900851642
14308990,PET,Q,5,4,0.0030995767409828096
14308990,PET,Q,5,5,0.003221711533722686
14308990,PET,Q,5,6,0.002912208969773379
14308990,PET,Q,5,7,0.0030777670039458527
14308990,PET,Q,5,8,0.0032989684190762175
14308990,PET,Q,5,9,0.003752120264434826
14308990,PET,Q,5,10,0.0035582828296231925
14308990,PET,Q,5,11,0.003305080792112468
14308990,PET,Q,5,12,0.0031492663472120486
14308990,PET,Q,5,13,0.0030297912292086143
14308990,PET,Q,5,14,0.003442982429413835
14308990,PET,Q,5,15,0.003998495117269879
14308990,PET,Q,5,16,0.0035206785968284818
14308990,PET,Q,5,17,0.003310568678622061
14308990,PET,Q,5,18,0.0036101771219710505
14308990,PET,Q,5,19,0.003672654288568576
14308990,PET,Q,5,20,0.003470015212331465
14308990,PET,Q,5,21,0.003393993124233788
14308990,PET,Q,5,22,0.0034048833442428886
14308990,PET,Q,5,23,0.0036095053298718927
14308990,PET,Q,5,24,0.003721877165042263
14308990,PET,Q,5,25,0.0034746808242420643
14308990,PET,Q,5,26,0.0033986220261207623
14308990,PET,Q,5,27,0.0034095177521626246
14308990,PET,Q,5,28,0.003614355494128002
14308990,PET,Q,5,29,0.003984041676683661
14308990,PET,Q,5,30,0.004291953997397464
14309500,PET,Q,5,1,0.009153494008282637
14309500,PET,Q,5,2,0.008546455142497633
14309500,PET,Q,5,3,0.008454066668358184
14309500,PET,Q,5,4,0.008791377877658962
14309500,PET,Q,5,5,0.008728373971949366
14309500,PET,Q,5,6,0.009383887906344313
14309500,PET,Q,5,7,0.00927574838681397
14309500,PET,Q,5,8,0.009295286912020695
14309500,PET,Q,5,9,0.009170218670081942
14309500,PET,Q,5,10,0.009250489409321272
14309500,PET,Q,5,11,0.008874234504978679
14309500,PET,Q,5,12,0.009123450763419999
14309500,PET,Q,5,13,0.00892642308973976
14309500,PET,Q,5,14,0.009198050432259408
14309500,PET,Q,5,15,0.009232626190670029
14309500,PET,Q,5,16,0.009245280471136957
14309500,PET,Q,5,17,0.008911002354062808
14309500,PET,Q,5,18,0.008651650674769418
14309500,PET,Q,5,19,0.009606318317973317
14309500,PET,Q,5,20,0.009716465580390854
14309500,PET,Q,5,21,0.00995918209536975
14309500,PET,Q,5,22,0.010419881980427953
14309500,PET,Q,5,23,0.010684522105294275
14309500,PET,Q,5,24,0.010144311702078024
14309500,PET,Q,5,25,0.010040586400856588
14309500,PET,Q,5,26,0.010617727036067864
14309500,PET,Q,5,27,0.01054822154443763
14309500,PET,Q,5,28,0.010559150918510563
14309500,PET,Q,5,29,0.010094853177810975
14309500,PET,Q,5,30,0.009793749657731499
14316700,PET,Q,5,1,0.009550191789152368
14316700,PET,Q,5,2,0.00842206533643411
14316700,PET,Q,5,3,0.008809475301988279
14316700,PET,Q,5,4,0.008346321639686904
14316700,PET,Q,5,5,0.008684255059150964
14316700,PET,Q,5,6,0.008351359752691606
14316700,PET,Q,5,7,0.008756872535827298
14316700,PET,Q,5,8,0.009285832640930303
14316700,PET,Q,5,9,0.008794649822258499
14316700,PET,Q,5,10,0.00827101714105391
14316700,PET,Q,5,11,0.008808296663848858
14316700,PET,Q,5,12,0.008462827610492302
14316700,PET,Q,5,13,0.008869378959362823
14316700,PET,Q,5,14,0.009075417262162516
14316700,PET,Q,5,15,0.008966041191940943
14316700,PET,Q,5,16,0.008963615034025874
14316700,PET,Q,5,17,0.009115700333098886
14316700,PET,Q,5,18,0.008759401199502387
14316700,PET,Q,5,19,0.009424948230232294
14316700,PET,Q,5,20,0.009489905077765065
14316700,PET,Q,5,21,0.009477612731661367
14316700,PET,Q,5,22,0.0092628037386287
14316700,PET,Q,5,23,0.009674582462312176
14316700,PET,Q,5,24,0.00979630446561594
14316700,PET,Q,5,25,0.00990167184385013
14316700,PET,Q,5,26,0.010148024505971548
14316700,PET,Q,5,27,0.010029469349471132
14316700,PET,Q,5,28,0.010929399455559596
14316700,PET,Q,5,29,0.010098877522590838
14316700,PET,Q,5,30,0.010127872851289133
14325000,PET,Q,5,1,0.010947067895954593
14325000,PET,Q,5,2,0.00979786988889536
14325000,PET,Q,5,3,0.009176036114841274
14325000,PET,Q,5,4,0.009631049765623734
14325000,PET,Q,5,5,0.009332320598308158
14325000,PET,Q,5,6,0.010938395622149849
14325000,PET,Q,5,7,0.010392833901259196
14325000,PET,Q,5,8,0.010003099210349559
14325000,PET,Q,5,9,0.009992515915648092
14325000,PET,Q,5,10,0.009624262480814633
14325000,PET,Q,5,11,0.00957101567502816
14325000,PET,Q,5,12,0.009853111028326783
14325000,PET,Q,5,13,0.010392348096849108
14325000,PET,Q,5,14,0.010479892014859271
14325000,PET,Q,5,15,0.01082900135929929
14325000,PET,Q,5,16,0.009999673564036804
14325000,PET,Q,5,17,0.010737778576251328
14325000,PET,Q,5,18,0.009983418977998315
14325000,PET,Q,5,19,0.010672408176726433
14325000,PET,Q,5,20,0.010797614677899914
14325000,PET,Q,5,21,0.011067648570925875
14325000,PET,Q,5,22,0.011631590876701847
14325000,PET,Q,5,23,0.011648040296764861
14325000,PET,Q,5,24,0.011011958525122434
14325000,PET,Q,5,25,0.011286708703701298
14325000,PET,Q,5,26,0.011568590380498928
14325000,PET,Q,5,27,0.01129573966044195
14325000,PET,Q,5,28,0.010857766577882288
14325000,PET,Q,5,29,0.011277753860143375
14325000,PET,Q,5,30,0.010575479436358837
14362250,PET,Q,5,1,0.0005441901303379799
14362250,PET,Q,5,2,0.0005443147111569065
14362250,PET,Q,5,3,0.0005444393369545501
14362250,PET,Q,5,4,0.0005445640077520811
14362250,PET,Q,5,5,0.0005446887235747589
14362250,PET,Q,5,6,0.0005448134844440629
14362250,PET,Q,5,7,0.0005449382903829104
14362250,PET,Q,5,8,0.0005450631414145399
14362250,PET,Q,5,9,0.0005451880375620666
14362250,PET,Q,5,10,0.0005453129788481562
14362250,PET,Q,5,11,0.0005454379652957975
14362250,PET,Q,5,12,0.000545562996928527
14362250,PET,Q,5,13,0.0005456880737688703
14362250,PET,Q,5,14,0.0005458131958397863
14362250,PET,Q,5,15,0.0005459383631646712
14362250,PET,Q,5,16,0.000546063575766139
14362250,PET,Q,5,17,0.0005461888336682277
14362250,PET,Q,5,18,0.0005463141368929753
14362250,PET,Q,5,19,0.0005464394854634118
14362250,PET,Q,5,20,0.0005465648794035459
14362250,PET,Q,5,21,0.0005466903187362846
14362250,PET,Q,5,22,0.0005468158034847258
14362250,PET,Q,5,23,0.0005469413336710912
14362250,PET,Q,5,24,0.0005470669093201302
14362250,PET,Q,5,25,0.000547192530454153
14362250,PET,Q,5,26,0.000547318197096339
14362250,PET,Q,5,27,0.0005474439092706448
14362250,PET,Q,5,28,0.0005475696669994517
14362250,PET,Q,5,29,0.000547695470306921
14362250,PET,Q,5,30,0.0005478213192157497
14400000,PET,Q,5,1,0.011003112072709709
14400000,PET,Q,5,2,0.008768980827058792
14400000,PET,Q,5,3,0.008379980380358865
14400000,PET,Q,5,4,0.009354571939780038
14400000,PET,Q,5,5,0.008510646217037648
14400000,PET,Q,5,6,0.008562496669654363
14400000,PET,Q,5,7,0.009580563520050933
14400000,PET,Q,5,8,0.009213111558395354
14400000,PET,Q,5,9,0.008568396020452423
14400000,PET,Q,5,10,0.008470645106363
14400000,PET,Q,5,11,0.008051712682234535
14400000,PET,Q,5,12,0.008331526250200588
14400000,PET,Q,5,13,0.009195474672666376
14400000,PET,Q,5,14,0.008610510402089294
14400000,PET,Q,5,15,0.00867553105549676
14400000,PET,Q,5,16,0.008597742141174258
14400000,PET,Q,5,17,0.008234726761059408
14400000,PET,Q,5,18,0.009145090957111246
14400000,PET,Q,5,19,0.00893279661703969
14400000,PET,Q,5,20,0.009156472716672054
14400000,PET,Q,5,21,0.00960395285441143
14400000,PET,Q,5,22,0.009065744254552366
14400000,PET,Q,5,23,0.009143935867002462
14400000,PET,Q,5,24,0.009436295992445248
14400000,PET,Q,5,25,0.00958389901183665
14400000,PET,Q,5,26,0.009422263409599257
14400000,PET,Q,5,27,0.009661678382903022
14400000,PET,Q,5,28,0.009545511914636345
14400000,PET,Q,5,29,0.009716553754329588
14400000,PET,Q,5,30,0.009409138359317254
