gauge_id,tau_star_PRCP,tau_star_SRAD,tau_star_Tair,tau_star_VP,TE_star_PRCP,TE_star_SRAD,TE_star_Tair,TE_star_VP,n_sig_PRCP,n_sig_SRAD,n_sig_Tair,n_sig_VP
01013500,8.052346797366958,14.034214791874444,15.5307273785577,15.950454783563023,0.0013822612085253553,0.0021888379039871567,0.003326776983645243,0.0021326340083177887,8.0,26.0,30.0,25.0
01022500,6.600208534826697,6.049888834748535,14.907452705899793,15.18719223665834,0.0022546974655117892,0.003143740701909777,0.004955948635666732,0.0043339498275663845,9.0,8.0,30.0,30.0
01030500,5.117754300723596,8.958002748207887,14.064139166462143,14.168114802742656,0.0018923754076091315,0.0026225457378991116,0.0038476591554557275,0.0029055992556016137,13.0,13.0,30.0,29.0
01031500,4.833021844908349,8.549564349410687,15.431131766316792,9.560358233317567,0.0009808948562540418,0.001053382786330057,0.001044635357689648,0.0008850924747414227,6.0,9.0,17.0,6.0
01047000,4.256449802196252,11.636441547397142,17.62206491268528,14.674861218454668,0.0009704067528269137,0.0010121161087403702,0.0010752570549113847,0.0008744533563807044,4.0,9.0,13.0,9.0
01052500,1.4520776113448242,11.344197955224008,15.63072764708592,16.666544522565975,0.0031934497523742333,0.003008941613449211,0.00339372655131397,0.0026275521010639753,2.0,22.0,30.0,25.0
01054200,3.785712477181297,5.798465409688291,15.981910647175372,11.647751285479165,0.0015276017535195499,0.0023448305350713804,0.0027917296271776307,0.0022032703060813636,4.0,5.0,27.0,20.0
01055000,3.7215225188768333,12.291643424137668,15.556203907854693,8.994268999876093,0.0015342616788563666,0.001983397541459675,0.002155989767204723,0.0017251128300314995,6.0,17.0,26.0,4.0
01057000,4.373906261302418,12.822126749981479,18.225207691261243,13.362374241905526,0.000779127296938535,0.001151966335539114,0.00128249898440237,0.0010663640395347743,3.0,12.0,19.0,6.0
01073000,8.43443480992381,2.351695946037172,16.228935340166995,12.889007798896797,0.0012272214667190915,0.0021467141901427996,0.0021451089771422475,0.0018817347860333206,5.0,2.0,17.0,3.0
01078000,6.437769925912555,7.641152325149514,16.002611490276532,16.062075041444224,0.0013279411696938777,0.002258362634536294,0.002721479903082472,0.0021883283042454763,7.0,9.0,29.0,28.0
01118300,5.962209856637723,30.0,18.716865296891424,24.567681392310934,0.0008969143842537064,0.0014043736566376,0.00153622393440162,0.001481195264168229,4.0,1.0,11.0,5.0
01121000,9.664794320643576,25.99906220259005,18.08526908279561,19.52081901813415,0.001381369853807522,0.0021899722360573808,0.002395429852021642,0.002328959895325187,7.0,2.0,23.0,19.0
01123000,7.129272652595673,15.008579948564856,16.763458069379077,17.893042358304964,0.001424834177118846,0.001960670379337486,0.002174932947570704,0.002061717108548743,5.0,3.0,25.0,24.0
01134500,1.2899687566502265,8.52710985066073,15.708663528962102,16.874893990839933,0.0046885227939582,0.0025357329439489353,0.0029273672048012764,0.0023464605323909268,2.0,14.0,28.0,21.0
01137500,2.635675676025054,9.687726060392658,15.336331606297573,14.794930395916884,0.0022896891739231295,0.0032907891406046765,0.003529942835937723,0.0028641398155269545,3.0,17.0,30.0,29.0
01139000,4.3635138513874425,11.475802926271202,15.51106165468407,16.019809444233392,0.0020764204781880844,0.003733663506311302,0.0049663873166269365,0.0041804536008197,3.0,22.0,30.0,30.0
01139800,5.671593448412581,13.3375175098592,16.19697278202459,16.813437291102783,0.0016988333493848375,0.003416388702328808,0.005923668101159255,0.004656898296602479,4.0,29.0,30.0,30.0
01142500,6.447686023961628,9.881259668009575,15.941437072704838,16.73810395592989,0.0009635692981513783,0.001721623931811499,0.002508516285617564,0.002107124302790388,4.0,12.0,30.0,29.0
01144000,7.068550134598897,11.903265418049429,15.205647281797129,16.10757762718126,0.0012282085837492848,0.001921650872448711,0.0028895033144314968,0.0023088381431200958,3.0,19.0,30.0,28.0
01162500,6.131244140694013,9.469821128395271,15.570995545288726,16.67807171524874,0.0014596188269563905,0.002256898751065428,0.002993656100793242,0.0028747247072818463,9.0,6.0,30.0,28.0
01169000,2.9841921274517875,8.202064255621334,15.206267778971368,17.660551901234133,0.0008529612643105444,0.0017315595836552716,0.0018737191022989738,0.0016530142171300919,3.0,5.0,22.0,15.0
01170100,6.04739320718481,4.510287903138718,15.311790210652072,16.359515317029384,0.001037221560923296,0.001975285014179352,0.00240785544327816,0.0022188845005434435,4.0,5.0,30.0,27.0
01181000,5.0,,21.697494481304616,17.6598621109592,0.0006664348392192,,0.0014966741569443652,0.0013541120913322146,1.0,,4.0,4.0
01187300,6.51796837769028,,7.081030786279864,8.0,0.0010485860218881345,,0.0017695667652977381,0.0016219220513133,4.0,,3.0,1.0
01195100,4.49074000569951,2.2958419361410405,16.0,,0.0009667237026833625,0.001425610039097,0.0012958861575541,,5.0,2.0,1.0,
01333000,10.467887948913823,13.497364850074392,15.86877944233489,16.05007796618553,0.001671390315811642,0.003111016291172774,0.005649938508093198,0.005213856139431255,5.0,2.0,30.0,30.0
01350000,15.954710869780461,12.0,17.233159693489675,12.046365923742389,0.0006062200630733546,0.0012702598372992,0.0012497428075428207,0.0010374262472897416,2.0,1.0,8.0,2.0
01350080,13.780045580999225,18.207926672222303,21.428313264398525,,0.0010937931206740365,0.0022579075144737422,0.0020224289481714855,,3.0,3.0,7.0,
01350140,9.36051097952635,26.0,16.546529930003484,16.624850515178597,0.0014147042471766014,0.0026273501448168,0.003806231932258028,0.0029482801537818355,7.0,1.0,29.0,28.0
01365000,4.867883793056673,,13.768384852045882,16.51884539919279,0.0012896823312136465,,0.0019366933142026452,0.0017399899007466818,5.0,,8.0,4.0
01411300,3.225620998658477,1.0,22.716739249583554,,0.0011255983447183806,0.0034262761417212,0.0014701800589835266,,4.0,1.0,2.0,
01413500,10.990649558636246,27.0,15.74316707773736,17.54282086634752,0.0010323077975325713,0.0014439335580371,0.0018637635067416949,0.0015772181197454712,5.0,1.0,30.0,23.0
01414500,9.01515782390457,27.0,17.511973498667167,16.205352923192414,0.0014059055874472343,0.0021707270230729,0.0024630942503595693,0.0020977593587759974,3.0,1.0,25.0,16.0
01415000,12.853360517299764,28.157178870679267,16.863105956958105,16.91698002471814,0.00086521902734902,0.0018067389153801374,0.001954110651826516,0.0017779947017681468,3.0,2.0,27.0,26.0
01423000,7.371700655837254,28.999999999999996,15.906375569641346,17.664238222456433,0.001211406766573009,0.0021773322987348994,0.0028089090795349048,0.0023164861271947855,5.0,1.0,28.0,22.0
01434025,1.0,,16.86036248347516,16.7495659740466,0.0016908901286924,,0.002151054297074366,0.0016830948382145934,1.0,,28.0,19.0
01435000,16.25944861047739,9.0,15.31638961189849,19.535520934530982,0.0012722636269696243,0.0018844087917631999,0.0022875095730717355,0.0019197186759285145,6.0,1.0,26.0,16.0
01439500,9.627081201060339,5.977987882071503,15.212665910439721,15.088207418512145,0.001419264856010054,0.002248873383674694,0.002736348127667814,0.002549989208922116,9.0,3.0,30.0,25.0
01440000,9.22894554026961,1.9466335352019268,17.359447072245164,17.678339799461284,0.001098800361780598,0.00210807568626085,0.001986044615039659,0.001875286411173653,8.0,3.0,12.0,12.0
01440400,6.246335764765357,,13.688997913234116,9.0,0.0009532266832222974,,0.0017484301454836967,0.0015137051897125,4.0,,7.0,1.0
01451800,1.5110457772654182,10.881272420456334,16.178077719760505,16.687472031934668,0.0033818988652962335,0.003231137304357789,0.0036785344167016318,0.0034904314017880455,2.0,5.0,29.0,28.0
01466500,8.183101148667502,1.960279397086155,18.437972868086277,21.661359138458895,0.0010235955699123562,0.0015711166721872,0.001672098901628353,0.0017081623207431112,9.0,2.0,11.0,13.0
01484100,6.509740199395008,9.151432915748195,22.42737669473482,21.13647641383404,0.0006958320989035934,0.0010901142606494344,0.0011708590457614415,0.0010856990209331839,4.0,3.0,5.0,3.0
01485500,2.9732094079761335,10.138160304607322,20.507583975155754,20.62613986706761,0.001309891533166628,0.0015796176195146101,0.0015930335936019289,0.0015041101482071227,6.0,2.0,5.0,4.0
01486000,9.42552972342582,12.30505163933663,18.45647593684186,17.09985716600082,0.0012313487548261059,0.002051483798396226,0.00239885932351693,0.0022792888339103518,5.0,2.0,21.0,20.0
01487000,8.862444331277116,8.988217730612023,15.743196113214367,16.151317771585,0.0017004361354643097,0.00293484389485512,0.0034839407819881444,0.003263413585724917,9.0,5.0,30.0,29.0
01491000,2.319034040226425,1.0,19.731676341979135,17.565406522566573,0.0010450517296799562,0.0020038278926264,0.001518442578620662,0.0013631769742763545,3.0,1.0,6.0,5.0
01510000,8.429549966857428,3.0,16.18832252413004,16.094743190047208,0.0011916150835102682,0.0019500592691575,0.0030764842566541194,0.0025040222282576422,5.0,1.0,30.0,29.0
01516500,7.045234677129981,,17.140159084633865,21.00444122858566,0.0010385154648851619,,0.0020147532150786244,0.0018456928639155707,3.0,,22.0,14.0
01518862,14.335576943576163,4.779529149694285,15.651356247509645,9.066570582935991,0.0011487088322443097,0.0018262514111818998,0.0020280795351470633,0.0018231661566180109,6.0,2.0,9.0,7.0
01532000,26.0,24.977035248079545,18.808821836981867,19.862560435447943,0.0006554222582066,0.001012929817818472,0.00114764606346001,0.0011049603299691192,1.0,2.0,18.0,8.0
01539000,8.460742714282784,4.97369058818563,16.28280824468824,16.295380799170076,0.0006625332207655242,0.0014752391808818223,0.0011533450823245838,0.0010434523936098067,3.0,2.0,25.0,21.0
01542810,2.1009103461326095,21.52802079693742,15.733563872046437,16.37262706892004,0.001730902762053,0.002649580988553106,0.0032432708285101463,0.0031779586812484585,3.0,4.0,30.0,28.0
01543000,7.319774645133724,19.028407674106372,17.16170288122097,18.14821468440843,0.001264012042317657,0.002215661321238163,0.0023051556458308685,0.002352225064486597,4.0,2.0,23.0,12.0
01543500,6.865274860547385,1.0,15.8696859333251,16.11310001969124,0.00106883857305273,0.0022605463007238,0.0020452039823417438,0.0019911604690138834,4.0,1.0,29.0,24.0
01544500,7.064699078172095,1.9572939799555868,16.280593044247734,17.2465962363352,0.001471882336173626,0.002276072754474517,0.002656811743911419,0.002470210751531438,6.0,3.0,28.0,21.0
01545600,5.076318368678494,18.555540872377417,19.85038227224731,16.368842424265733,0.0013776596819921514,0.0019282758330173054,0.002080190396806812,0.002006728380229672,6.0,3.0,16.0,9.0
01547700,11.997398287581206,2.4801722101527863,19.43563527534708,,0.0007328980868646868,0.00136073398233278,0.001201081046626306,,3.0,2.0,10.0,
01548500,7.3311469097305855,13.332525454489579,16.48266743880878,17.373144193268246,0.0010825339737701464,0.0017922364670047589,0.002341358389418106,0.002052894269414824,5.0,8.0,29.0,24.0
01549500,13.333055884503167,15.752525026373702,15.657751329938863,15.719302682551016,0.001522473110927232,0.0024131660483341934,0.00294767394711495,0.0025508965726403344,5.0,10.0,30.0,22.0
01550000,7.378546753259971,12.42548544614518,16.37477330445282,19.5251328248734,0.0011007817419190046,0.0016185455608185352,0.001906739289592988,0.0016308068222021966,5.0,4.0,20.0,13.0
01552000,8.63976038395531,17.507049630574997,17.272101591926287,22.292215545263126,0.000857188050240475,0.0013901383699520978,0.0015352169307902746,0.0012233115765838008,3.0,5.0,27.0,12.0
01552500,4.832813877022652,11.80432901846982,16.513784109312805,16.677276434660925,0.0009531305730265273,0.0018514925156628724,0.0019526519062462266,0.0017689225418451033,2.0,6.0,18.0,13.0
01557500,3.793751856216027,10.265047146447921,16.865073265747892,18.8494191157252,0.001495924744021,0.002828941501577127,0.0030060559838266812,0.002711340884491185,2.0,3.0,26.0,22.0
01567500,13.014096550914932,7.927533926483089,19.145265407865853,18.448045194112563,0.0012329562333893234,0.001963364907332328,0.0018500769059454814,0.0017108090300736029,7.0,5.0,7.0,2.0
01568000,9.092160897540994,1.4633841536248628,15.674765982477073,15.758164046297395,0.001306940950176181,0.0025426257844509003,0.0023348544415584265,0.002291894459374241,9.0,2.0,25.0,19.0
01580000,7.181259841281596,13.016353647402813,15.684925975272483,16.14248320332684,0.0010698248793908943,0.0018716507043744863,0.001994127886277384,0.0018020970183058771,9.0,4.0,23.0,16.0
01583500,4.893471605102652,5.693670480192853,19.48881924380853,,0.00108545993085185,0.001712456481593906,0.0017302353481695248,,3.0,3.0,5.0,
01586610,5.76524044186002,19.0,16.894979618552956,15.587374767134577,0.0011260308851080273,0.0018699355494762,0.0020660784614894906,0.0018571070005570292,3.0,1.0,18.0,4.0
01591400,7.241861380632959,8.06881386390538,19.27750004098856,,0.0013412674629259514,0.001921524715344132,0.0018536875216784948,,3.0,3.0,7.0,
01594950,14.712959326611507,6.025635867016044,17.718759876683762,16.480765596586135,0.0016978006459994336,0.0026851325653842917,0.003927784188541722,0.003308540510149315,8.0,2.0,27.0,29.0
01596500,11.639409042777112,4.977187042201495,17.151390665725156,17.83374814138193,0.0012660613914830202,0.002109887028894565,0.003645598469629585,0.0034598718582692124,4.0,4.0,30.0,27.0
01605500,14.0,13.344216887060552,20.36620190679699,17.60732155072416,0.0004509194600988,0.0005052964329891074,0.0005674910713926407,0.0004695469399375572,1.0,2.0,10.0,2.0
01606500,13.819786604027374,11.21741865773319,,,0.0006301557071536092,0.0008075531173849687,,,4.0,3.0,,
01613050,7.671713696381135,10.877931740256413,19.438439605767353,,0.0008637693020426392,0.0016296240943840072,0.001394491025452711,,5.0,4.0,7.0,
01620500,12.091194046022393,3.0,13.469287605371127,24.0,0.000743268293975092,0.0012251923274544,0.0011176984142163184,0.0012078083408468,6.0,1.0,2.0,1.0
01632000,14.494912927477857,19.0,10.352266429123192,1.0,0.000584226156238491,0.0011787841668744,0.0010364160469505,0.001108006896215,3.0,1.0,5.0,1.0
01632900,7.126477296345054,2.292441605945724,18.71216696687612,18.532368248527582,0.0009480246635499742,0.0015811635781067,0.0016335720517881935,0.0016014160909768476,4.0,3.0,12.0,7.0
01634500,11.786356528215824,,16.25047948487163,17.681479482484455,0.0009582813335459067,,0.00199321741874552,0.001710308100833106,5.0,,23.0,19.0
01638480,8.994422361240614,11.676756983416103,16.704534817467657,16.341190708780495,0.0010828352142893938,0.0017368170248914412,0.0017777027597669637,0.0017230296030917224,3.0,3.0,22.0,15.0
01639500,8.483106373559865,18.571368719203612,15.955322627347893,15.837440964817127,0.0013191086831354525,0.0020728110532299998,0.0028118235430797255,0.0024399560811109904,4.0,13.0,30.0,30.0
01644000,8.011789048170353,23.23094577604731,16.892338074435695,18.983687465519928,0.001372636798058088,0.0018547607411764555,0.0017862841781747687,0.0017802679291208069,4.0,2.0,21.0,7.0
01658500,12.673615723475454,16.15730573430761,16.32201421460415,24.343432249287876,0.0011937819121439605,0.001908804718259983,0.0020763176884054596,0.0018982391869039848,5.0,4.0,22.0,3.0
01664000,5.785839419577858,12.502413113566487,14.957519728673335,14.65455687550957,0.0019698510294454607,0.0022519034731631423,0.0022074156028691868,0.00219882055716854,4.0,2.0,14.0,5.0
01666500,9.777970526744499,21.0,,16.0,0.0011003576297902856,0.0015830376412408,,0.0017168730509984,6.0,1.0,,1.0
01667500,3.5978040996351774,12.584160442472239,13.997837062729898,19.863595671587447,0.0006418901185092556,0.0009591240373523299,0.0009667267918277025,0.0010656211025559244,3.0,4.0,18.0,4.0
01669000,8.86141081704168,5.018484215846044,11.0,25.00265572770915,0.0008285136169883296,0.0013165387525357916,0.0011213247453386,0.0011870991992970388,7.0,2.0,1.0,3.0
01669520,7.08855388085561,1.0,,11.495660948952604,0.0007848844438986887,0.0014842750429856,,0.0011831051948191175,11.0,1.0,,2.0
02011400,9.978816430487475,26.55035822432251,18.74615643810853,16.995361005934843,0.0007068539587469605,0.001212213404143581,0.0012357731382800627,0.0011718347152940031,4.0,2.0,15.0,11.0
02011460,7.213392744707841,19.786097263593657,17.765421277731964,19.169542859165436,0.0006359824612667182,0.00112451036350138,0.0013341165552430813,0.0013080922898095855,3.0,2.0,22.0,12.0
02013000,7.143371369602484,17.471404746679823,17.084162068454898,16.10235982468518,0.0010858754823884795,0.0018348367409996963,0.002393650795991767,0.002200299962695756,4.0,6.0,29.0,30.0
02014000,10.835147847900307,1.864010096666123,17.725803773292338,12.313267210041513,0.001377045819260059,0.002710345481063325,0.002355838052281848,0.002371291656242309,9.0,2.0,16.0,3.0
02015700,6.516945604427881,16.0,18.222972637655168,17.21359804220847,0.0008875755935018,0.0013449154718975,0.0014084304750423939,0.0015414744561644757,3.0,1.0,19.0,11.0
02016000,1.0,8.97470979806593,17.20970732475327,14.607550141156105,0.0035080844409542,0.0015511969951184377,0.001532153542201723,0.001636236744125714,1.0,3.0,23.0,20.0
02017500,8.773415812636872,6.172885744862233,18.67569915580709,19.028443000067746,0.001338450571833561,0.0022544841544555995,0.0023859347711627887,0.0023428197667819868,6.0,2.0,23.0,13.0
02018000,4.3756182031172575,6.438220601186331,21.324373070270408,1.0,0.0014239238188162172,0.0020507791933851147,0.001849945338007196,0.0020765924988607,4.0,3.0,10.0,1.0
02027000,9.137488829648422,8.045270116728009,10.533352531568067,12.634007152315602,0.0010579082642923287,0.0021222071275080264,0.001736682409316074,0.0019704372775618878,3.0,2.0,7.0,8.0
02027500,1.39124104143215,8.859038677133723,,,0.0009292853152586333,0.0009612045506187333,,,2.0,3.0,,
02028500,8.36432312201389,3.0,19.62105082025255,27.285790952983103,0.001157550111880315,0.0023924071363724,0.002089758651819806,0.002115253487629034,7.0,1.0,5.0,3.0
02038850,5.471042641566162,20.36413360720777,,14.0,0.0005627256905657272,0.0009169414362512286,,0.0008893585454705,3.0,2.0,,1.0
02046000,5.399182737914498,1.859018268962561,17.44674141688421,10.878687921520905,0.0009075541274825925,0.001481411623140775,0.0013182486694905441,0.0013839503472587136,4.0,2.0,6.0,15.0
02051000,13.365261776015101,14.6657158793082,16.530617865533312,17.273356734660844,0.0010422798101854072,0.001950816448791616,0.0018048054687442587,0.0019210131335963673,5.0,14.0,19.0,19.0
02051500,3.6236038793846954,13.657014125395614,16.1522428470311,16.81589366519211,0.0021951529861656215,0.003136905667089388,0.003747301609438763,0.003639130559150538,8.0,12.0,30.0,27.0
02053200,3.8969968333040046,1.4485520450953127,,21.0,0.0007411028477464228,0.0011617845483024999,,0.0010378659454069,7.0,2.0,,1.0
02053800,11.77923985674786,8.656380141014091,18.446865945588105,13.702888030045402,0.001481309196079889,0.0024846345876774678,0.002290433014376526,0.002427371339694643,9.0,3.0,6.0,2.0
02055100,7.347002289386207,12.0,,,0.00036956938319316224,0.0004452858074867,,,5.0,1.0,,
02056900,6.841191116745675,9.038699036610323,12.0,,0.001213970637857904,0.0020622585283040333,0.0019497145548845,,6.0,3.0,1.0,
02059500,6.701543412692523,13.128972763930697,,24.0,0.0005612116210893648,0.0009952999485255977,,0.0007072493438242,6.0,3.0,,1.0
02064000,7.915641885153324,1.0,18.29579559129924,,0.00041717167168167033,0.0007030748016181,0.000638045620749827,,3.0,1.0,2.0,
02065500,6.498883501589262,1.0,11.0,,0.0009261874965812541,0.0026665017245228,0.0013802115629215,,5.0,1.0,1.0,
02069700,12.62435932901281,4.9245356922143175,23.999999999999996,5.261853518945367,0.0006416560587272284,0.0009711917473643125,0.0008173754817572999,0.0010299707307629183,5.0,3.0,1.0,2.0
02070000,7.687778117163941,1.0,,27.999999999999996,0.0008284871523276182,0.0013404021069432,,0.0012092129899266997,3.0,1.0,,1.0
02074500,9.309307044211376,10.0,30.000000000000004,14.07496928354608,0.0010208609778870142,0.0014906339552396,0.0015189670995481,0.0015722104373611598,7.0,1.0,1.0,4.0
02077200,10.96323952742972,14.503299975574018,25.000000000000004,23.0,0.0006135057498296231,0.0011132194190259066,0.0008986650093164001,0.0008905965339457,5.0,2.0,1.0,1.0
02081500,6.2418555440710985,10.199529082281806,15.876417082895617,16.8110607765786,0.0014714003179028287,0.002452174176503379,0.002825676988688347,0.0027686781739429595,6.0,3.0,30.0,27.0
02082950,4.3691235039103455,1.0,,,0.0007960234992830375,0.000784720443289,,,3.0,1.0,,
02092500,6.38249390191936,1.9067472959034069,,13.891728922504043,0.0007575639505587484,0.0013076196357430833,,0.0012438836687613019,9.0,3.0,,4.0
02096846,10.691072875904865,14.879487236563355,18.725821811561055,16.543159460421865,0.0012158842931487687,0.0023609507735500167,0.002287137942249389,0.0024044174539656214,3.0,3.0,15.0,8.0
02102908,12.211149321396253,3.1981476602701417,7.0,7.368174548276151,0.0009904302026344355,0.0014332792017829714,0.0014920625516299,0.0014828006593683334,7.0,2.0,1.0,4.0
02108000,5.7903047120511095,1.5514834817173917,,1.0,0.0008544423171535024,0.0015458178447348332,,0.0012636804264813,10.0,2.0,,1.0
02111180,8.775166908321582,3.9396235181652464,17.621782091489504,9.83107754795348,0.0006154494835681932,0.0013779700579545874,0.0009081941796159058,0.00123362490192812,5.0,2.0,3.0,3.0
02111500,7.402316967808088,18.53728478220436,16.82052914022821,17.266775177657774,0.0010471641990965456,0.0018353825847212,0.0015782778348520936,0.0018320995870289784,4.0,4.0,18.0,8.0
02112120,5.559493887696266,6.996250703803969,20.810501523448583,21.66604949675324,0.0010022219866863739,0.0012837831119297967,0.0011850525604004338,0.0014133808340909932,3.0,4.0,9.0,2.0
02112360,9.54117898965134,15.261430096164966,26.0,3.1284430014600204,0.0017190524992631074,0.0027070267468346228,0.0022278934674113,0.0028221477593358833,5.0,3.0,1.0,2.0
02118500,10.800356931952583,12.65503419986282,12.036058482641034,2.9999999999999996,0.0011455333902831472,0.0017554950773311308,0.0016574989146444278,0.0019002494151360999,7.0,4.0,4.0,1.0
02125000,11.793388692528682,16.437780577054316,16.890694517986713,18.939887490984734,0.0011905745376785816,0.0020381309186362382,0.0022215371585607518,0.0021954615184575596,8.0,10.0,26.0,19.0
02128000,7.709012953891675,14.527325805357158,21.50789809144974,21.81388426904221,0.0007823488609945328,0.0013155378266783862,0.0011920567017577185,0.0011872638426340407,5.0,5.0,6.0,8.0
02137727,11.672902785433545,10.245119011885292,7.3007138529862905,12.808026242997881,0.0006782518378586325,0.0010359371983218047,0.001012074571911086,0.0010593487802011115,3.0,4.0,8.0,8.0
02140991,4.662302270078956,7.3803637545520155,11.459026578506093,15.29688745426487,0.0009794758728168774,0.001656227647344139,0.0013583543955721,0.001571642123604598,4.0,2.0,2.0,3.0
02143000,4.825407601236167,8.862500205949297,18.761386563794133,18.073518984498097,0.0009873936431876187,0.001705523717148127,0.0015571276889681483,0.00158169056439662,3.0,2.0,11.0,5.0
02143040,1.0,8.395119384097608,10.542474934980067,1.0,0.003100190655061,0.0011672767034702027,0.0010296203253109056,0.0012398871849942,1.0,3.0,8.0,1.0
02149000,3.111890907204134,9.51562607748867,16.0,,0.0011328975497336999,0.0013818593134905085,0.0012803121949247,,2.0,2.0,1.0,
02152100,1.0,1.0,1.4934702626760339,1.4360518920906844,0.0013482178991708,0.0019357240566843,0.0011029893933430332,0.0012132092442394,1.0,1.0,2.0,2.0
02177000,5.713378380010356,8.012087758322627,6.0,7.649241166955644,0.00077019970893472,0.00115854768316079,0.0009031263726938,0.0012431097578610515,3.0,3.0,1.0,5.0
02178400,10.999619153537814,14.40996236662195,16.544786031486932,18.053360395153682,0.0011141987310013866,0.001973035826041682,0.0018139390032488533,0.0019704670430663765,8.0,6.0,19.0,15.0
02193340,11.87891234529567,14.831756964625123,15.62399778881657,18.428056252864515,0.0013732572134792496,0.0025853895156184763,0.0026484179440196477,0.002591700813281389,8.0,7.0,29.0,14.0
02196000,1.2788108447090532,16.411979156075816,15.905881169039699,16.20455112544539,0.004809154588626633,0.003376692664692196,0.004927186744331975,0.004250252977796875,2.0,18.0,30.0,29.0
02198100,4.769647599467603,11.39895009905731,20.137018458977046,5.524479992821989,0.0014545176145889871,0.001876495256518547,0.0017689944208263081,0.001750879890111682,5.0,5.0,6.0,2.0
02202600,3.5904386398244483,6.80829911461151,17.735503633634156,19.0,0.0017320682695738602,0.0018170820566584581,0.0017398797976862336,0.0017919221534191,7.0,7.0,4.0,1.0
02212600,4.84879805353982,13.8735866618063,15.925752806982823,16.6338974947688,0.0012526483603732272,0.0022365763063196065,0.0022935884502935755,0.0022310782012408313,5.0,6.0,30.0,23.0
02215100,3.5418850760707317,8.505643467651234,17.600899716472203,17.94773824834433,0.0014586644245910341,0.0017351770200801527,0.00208655059744068,0.0019347413807709697,5.0,4.0,27.0,25.0
02216180,4.555180674566453,13.559982724920774,15.77508504696251,17.618671241558676,0.0013105907960754858,0.0019472860483285132,0.002152409683320119,0.002132829240664484,7.0,9.0,27.0,17.0
02221525,6.708090685475258,9.644090213134142,19.02611502873478,21.826551151131678,0.0015792776165541387,0.002581750415281855,0.0025750832182108723,0.002758255662911922,8.0,5.0,19.0,6.0
02231000,5.157198451948895,8.17882614026155,27.000000000000004,,0.001089943912230489,0.0019821164936280554,0.0013510394151197,,9.0,3.0,1.0,
02231342,9.362399048416531,5.532143237487572,15.333503273667501,15.063354637300877,0.0012826955705994984,0.0018444753599436148,0.0018202176475224144,0.0023521652076450078,18.0,4.0,26.0,30.0
02235200,8.258368551408017,5.3932434648795455,,9.227783569965222,0.0017057806966320165,0.002561977036404339,,0.0028693539217698764,19.0,6.0,,2.0
02245500,8.42156421415195,4.704110333274572,,,0.0017298609112374375,0.0029237938460527596,,,13.0,4.0,,
02246000,5.3728512948453595,1.260546157482607,,,0.0010794571079891626,0.0025328722327061,,,7.0,2.0,,
02296500,10.744214383259456,2.6192536079245636,16.030603047061867,13.442649847656854,0.0013309718075352715,0.0027206736824665384,0.00195594350990216,0.0024806770513982235,24.0,4.0,16.0,23.0
02297155,9.269338439994893,1.910553617661287,16.186159472177007,12.264396714085755,0.001481380288704491,0.00215387815283435,0.0018985126484824602,0.0023965435238749977,13.0,2.0,24.0,19.0
02297310,6.126847328446576,2.966569198701007,20.0,30.0,0.0011673851594172925,0.0019660244175240572,0.0016403604488385002,0.0018417743858461,9.0,4.0,1.0,1.0
02298123,11.707684408684797,6.2988297556146025,15.66742500374184,14.904256251543707,0.002087415709310759,0.0026512591107460902,0.0030699228442509353,0.0037017935112758573,27.0,8.0,30.0,30.0
02298608,7.119416857937033,1.0,10.690604048398562,11.918425646945646,0.0015118593629208546,0.0041407936389917,0.0019723448069206514,0.0024105591754400423,15.0,1.0,10.0,14.0
02299950,9.641756906027805,4.143469582099817,14.963823968344986,15.273108167266894,0.001023552127620094,0.0014904712422729727,0.0014114510335163314,0.0020182974973869594,21.0,4.0,30.0,30.0
02300700,10.628367737157058,1.7955410676617576,,,0.0010206960715910516,0.0022222779780405,,,18.0,2.0,,
02310947,11.171936906565298,8.146993024448289,14.397748752596385,14.723956414553708,0.0013110861737027134,0.002035735006469612,0.0019233295062438724,0.002291675146881297,25.0,10.0,15.0,19.0
02312200,12.000382394520635,5.945032166337314,12.833771473035691,8.193195018671346,0.001636200676011664,0.002505567410162143,0.002224995045164848,0.0025497949508456845,18.0,6.0,6.0,8.0
02314500,9.694898767469823,10.559664631410893,25.32958771830038,21.04606325128345,0.0013284219323180062,0.002020509202415326,0.001722594369083083,0.0020811909513157685,17.0,11.0,3.0,3.0
02315500,11.425001422221063,14.473438255623893,20.0130055537041,21.0,0.0013887746122541137,0.002061631442990612,0.0019029308813871282,0.0020641274991406,14.0,7.0,4.0,1.0
02324400,11.557687000580769,11.104214208322553,21.83633428048489,11.74926558203867,0.0014756539044879459,0.002527056700269039,0.0022170581159180972,0.002826014704237414,18.0,4.0,5.0,3.0
02327100,3.0167675829853358,1.7928812030152144,5.0,1.5065595752402516,0.0009086656006339803,0.0017510836880322712,0.0009275188498665,0.0010321068518411999,7.0,3.0,1.0,2.0
02342933,19.196444532683955,20.865405445631602,15.453490782534667,14.921940654265232,0.0004907015914913,0.0007374282511837348,0.0009068945516252368,0.0009285522999675335,6.0,7.0,29.0,26.0
02349900,5.4994738564537,1.9982438965491751,16.409218323230423,22.725637840236686,0.0006981498233835211,0.00152897795724384,0.001236466027164744,0.001301086849445497,5.0,2.0,25.0,7.0
02350900,2.371779537866869,4.663663936193746,18.652263872352133,1.0,0.00125315646393155,0.0012594047681372,0.0011347661675915961,0.0015913819456546,5.0,3.0,7.0,1.0
02361000,3.4429700561710437,15.251600134747228,10.0,,0.0007618110593238313,0.0008353003743544395,0.0007855751824641999,,3.0,5.0,1.0,
02363000,4.188424398674486,4.6602787813503275,,,0.001283130358640762,0.0017525469839923665,,,4.0,3.0,,
02369800,7.37619405816262,25.000000000000004,,22.486781524787553,0.0005728300990226897,0.0007001529743980001,,0.000779422189504089,3.0,1.0,,2.0
02371500,3.3324961873446,2.572743302721794,13.080813022624005,10.83778967117245,0.0018986830356273034,0.00237375543286392,0.0014837509869881048,0.001730024578472534,6.0,4.0,3.0,7.0
02372250,5.114945502003255,2.887964076806859,25.0,2.0,0.001105078513788158,0.0016403156995658497,0.0013292126043516,0.0017373133983243,7.0,4.0,1.0,1.0
02374500,2.0807794811284177,1.0,25.031325629209693,19.53467377677122,0.0015250479396297333,0.0042441080471898,0.001603516819758879,0.0017980502267970666,3.0,1.0,6.0,2.0
02381600,20.501738847716165,22.701079049776045,15.544457563171653,16.689594874153627,0.0011385921374801704,0.0018203202917518955,0.001716639418944863,0.0019171957886686196,6.0,2.0,29.0,26.0
02384540,9.353279819576533,1.474162497167125,13.35171019825717,1.0,0.0012237482235267793,0.0022249194350559003,0.0015291513342115836,0.0015794433861367,6.0,2.0,5.0,1.0
02395120,8.93148531791731,15.56351415713371,16.37018595049972,16.8171762002117,0.00171532145531311,0.002889591464032117,0.002830181930355471,0.003041834761877266,8.0,6.0,29.0,16.0
02408540,5.449039363008563,13.975346927992701,16.741456063561994,16.672129797226056,0.0014025717894658768,0.0021854822091847536,0.002889982436186705,0.002797893632887486,6.0,9.0,29.0,28.0
02415000,10.480608383942027,17.191135847675078,16.248614820597115,16.267322405645057,0.0017749285896047659,0.0028510400395126995,0.003526438652694053,0.003395160719028008,5.0,10.0,30.0,28.0
02422500,9.980264330109096,12.661891158739314,17.304346632328446,18.859298315614577,0.0007901592550086713,0.0011550395394771481,0.0015591815617145596,0.0014482184413666325,7.0,8.0,29.0,23.0
02427250,3.1454981242593205,13.791933736481528,16.743655833892184,16.53104219484796,0.0015207171833722518,0.002287974243684485,0.002268013820490083,0.0023282681177176977,3.0,9.0,27.0,22.0
02430085,6.068241288108925,11.744909501988735,15.87628546955174,15.14867195652264,0.0014269144545859926,0.002339616105146148,0.0025701453260999563,0.002536392766319934,8.0,9.0,30.0,23.0
02430615,9.87275294242249,13.918276802738548,16.096241414707997,16.697143919215083,0.0016556249695338621,0.0028320029586040934,0.002678224363797968,0.002862785135018075,8.0,9.0,29.0,18.0
02450250,6.7088967114439315,15.421696444603318,15.824952902871479,16.327451668932234,0.0016686116080489321,0.0028257070228331167,0.0034131196207652864,0.003252169403282949,6.0,11.0,30.0,28.0
02464000,11.859342509120731,16.000623908784387,16.604039867415757,17.328960795067783,0.0021840951774722904,0.003232784091577334,0.00389549536623656,0.0037124525794311426,8.0,6.0,30.0,27.0
02464146,10.361191672265246,9.112540408604664,20.0,,0.0007764882387841958,0.0012367716864562345,0.0013380285749998,,7.0,3.0,1.0,
02464360,13.29278749542965,10.866886603041086,18.648514942542306,19.620336304013396,0.001945520806427379,0.003537542083602943,0.0033211142101013643,0.0034715251629567536,10.0,2.0,24.0,4.0
02465493,3.9061400630063625,13.732591200698108,23.06255438674553,16.749870313202212,0.000605851798885988,0.0008781527912854262,0.000915157237118955,0.0008798542426170041,3.0,5.0,7.0,9.0
02469800,1.8975059446861255,15.336565573274267,17.592158444165136,19.300112282411266,0.0021356946110365938,0.0023811426996588297,0.0026417629369065135,0.002536729929934373,3.0,7.0,27.0,17.0
02472000,5.180159061018175,7.158379333591408,15.700924097943917,15.70999015268915,0.0017674528200869797,0.0024146396187510744,0.0026333357201284388,0.00266303130389291,9.0,8.0,30.0,30.0
02472500,5.762662974485239,10.08222397687401,18.365442479728323,20.718594025421936,0.0012898156013987,0.0020500037342216794,0.0021162479405836838,0.0021873704258851753,6.0,7.0,22.0,12.0
02479155,8.113020152240045,7.348817866653085,17.13730748514238,21.50318947523963,0.0008796814489229512,0.0013892324503229669,0.0014148648773226777,0.0016299918194338397,3.0,5.0,27.0,17.0
02479300,2.309028230008966,7.168264796851199,16.3957743328024,12.957186299255925,0.0032256504361484295,0.0026507827563958908,0.0023230735501812367,0.002509047496139244,6.0,6.0,15.0,5.0
02479560,3.1341356356130365,6.799054311827495,18.772449447642657,20.8819559342641,0.002019969765354534,0.002576991848077417,0.0022838455183870686,0.0026674714057061035,8.0,7.0,18.0,10.0
02481000,6.560393398934758,10.106349883593719,16.81239542834512,19.537360301759627,0.0017831123186491905,0.0033119848677131154,0.0029658219234253965,0.0032758931793503247,8.0,5.0,24.0,14.0
02481510,4.95775642956705,14.67466179851928,17.699250584881316,18.508675541492263,0.001618119343656543,0.002096555800992896,0.0018216490458164965,0.0020719916599678243,8.0,8.0,6.0,5.0
03010655,4.956394750665041,7.697629458536051,16.593906733977047,16.88688559981294,0.002044250050501125,0.0030466840923249433,0.003441804881985347,0.00310137124028286,6.0,7.0,27.0,22.0
03011800,6.148911154018988,2.0,17.047107472503775,5.840940941791151,0.00113218365773942,0.0025870685718769,0.0020346877446403328,0.0018211142584889416,4.0,1.0,21.0,2.0
03015500,4.7574287486859905,13.668347198002216,15.528567412646174,15.403648754879681,0.0015183580729355918,0.0024565306055928,0.003674363720894933,0.0033478393237401025,6.0,2.0,30.0,30.0
03021350,8.218306301235215,15.667795150134063,15.114696143924945,15.336986336295656,0.001858279861676047,0.0034355986516784996,0.0065420985209585164,0.005818656606798006,7.0,16.0,30.0,30.0
03026500,9.380548840334027,14.00351631578918,17.297787104431652,16.294530384494152,0.0013000160696592731,0.0021617987287979932,0.002435954345849317,0.0023284024758623836,6.0,2.0,25.0,21.0
03028000,6.904384436380121,16.0,17.484230857741686,11.439760855654031,0.0010247285983467974,0.0020540691630852,0.0018724942430400173,0.0017705708420814776,5.0,1.0,25.0,16.0
03049000,9.522514975436884,14.434060460832933,16.88085000093544,16.72325771380348,0.000965283788634907,0.001543031134249372,0.0016030774779415842,0.0017479702377945511,4.0,4.0,26.0,26.0
03049800,16.38088454349422,30.000000000000004,,,0.0007553022354970624,0.0010852634050181,,,4.0,1.0,,
03050000,2.850340827283663,21.48752328227328,18.524200117706584,22.182343201798748,0.002603981445856689,0.003455812325122507,0.0038602057991976124,0.0038314696762881554,2.0,2.0,22.0,11.0
03066000,7.531950752793187,5.516885608041303,24.36425017991274,,0.0008207987014541238,0.0012328501481292092,0.0011945609235036125,,4.0,2.0,6.0,
03069500,14.300155722970594,25.886620444195355,16.76878521263158,18.48157807254519,0.0009323028055175661,0.001774478888756723,0.002041008878098547,0.0018358825905393848,4.0,3.0,29.0,19.0
03070500,9.139668849423117,18.004127365725253,16.527694869703815,16.439372928250293,0.001610054492325476,0.002465922145902363,0.00461657213905152,0.003982899984144729,7.0,11.0,30.0,30.0
03076600,12.232076367756607,19.48712509735323,16.860046655358673,16.066280598698096,0.0016995246378030443,0.0027823898086387256,0.00404605150122125,0.003368156860159726,3.0,3.0,30.0,30.0
03078000,8.545321166776066,15.240594375719926,17.193581142163914,16.837417921089404,0.0011302097137577368,0.0020172923157312393,0.00406379774393767,0.00359266920878806,3.0,13.0,30.0,30.0
03140000,6.490872050704821,21.86235805663926,15.778729290751924,16.066957213339542,0.0017002442107007267,0.002788923674869506,0.0025847574618816805,0.002829896596650707,10.0,3.0,23.0,9.0
03144000,10.891596124841104,1.0,16.314539418966955,16.13707190801465,0.001312414619239335,0.0021821976350947,0.002179135467795162,0.0022271059687619236,8.0,1.0,29.0,29.0
03159540,6.909587646764784,18.464946332250513,16.82314933124173,17.801277946390897,0.0009680692310231254,0.0015108079341727661,0.002346007008996226,0.0021950281307222723,6.0,4.0,29.0,27.0
03161000,6.581648260344888,16.296071927331266,26.521779744333283,,0.0009878258452715408,0.0015021172469228238,0.0011638227189493169,,3.0,4.0,2.0,
03164000,4.016496803339362,1.0,14.5767984595833,1.0,0.001100544946485512,0.0039701748741667,0.0014330762948540938,0.0015174896209797,6.0,1.0,9.0,1.0
03165000,12.839414617708567,12.545999324026694,16.578187955854553,13.269278524971522,0.0012768613833669508,0.002344125194377729,0.0018991307982046952,0.0024436658635857648,5.0,6.0,12.0,4.0
03170000,6.500541519346127,13.841279462885609,17.27673954137423,16.39847651000259,0.0016703806735607054,0.002635274286910356,0.0025988173066766695,0.0025463901453970077,7.0,7.0,19.0,9.0
03173000,5.660804877496613,6.729640634736447,16.369840870534762,18.588984456692696,0.00141318292265418,0.0018375439405639868,0.0019678197165774215,0.0018249282782685425,8.0,4.0,27.0,16.0
03180500,12.456196457550845,17.471532263950614,17.94773583438143,16.050287588687457,0.0009015744682661843,0.0015000956547811697,0.0017734201245462628,0.00167680738039078,4.0,4.0,26.0,18.0
03182500,5.317067305589518,19.281572814013312,16.50706522122278,15.970494281222626,0.0008934325297022705,0.00158533270164751,0.002414281379016824,0.002245603495335172,2.0,7.0,30.0,30.0
03186500,11.049543757975963,15.73990782330824,16.547990030233702,16.285053591860052,0.0014338013880404556,0.002364216236845935,0.00396364865868741,0.0038922745091915234,6.0,7.0,30.0,30.0
03187500,8.40768468986713,18.184117245863177,16.14854758408107,16.036306407266945,0.0013030119962593452,0.0020406243249273125,0.003157082590040916,0.0031273767256513995,4.0,7.0,30.0,30.0
03213700,2.9354415613023113,3.372444928100403,18.1539111237401,16.451203760774252,0.00241185890341665,0.0028273043292929715,0.0031322248383094096,0.003148377296623963,5.0,2.0,23.0,17.0
03237280,4.182051621593165,24.0,19.967309322297332,23.610720242887293,0.0014939231624498334,0.0023765412696463,0.0023917310400011368,0.0025971045898590473,4.0,1.0,20.0,13.0
03237500,1.0,,18.190236003076325,21.429782976975474,0.0006520323196826,,0.0010083461715313271,0.0010017532800060541,1.0,,16.0,8.0
03238500,4.83510290566838,9.03089372697573,15.537827024234437,16.39755134352268,0.0020921611219627424,0.002611087359719169,0.0035484836096384927,0.0034174862364710805,5.0,3.0,30.0,29.0
03241500,8.720330502645599,4.894477848799425,17.105752833347566,14.11569962100856,0.0017922375588885044,0.0028602096297786,0.0026649507511017985,0.0027210812726946344,6.0,3.0,25.0,7.0
03280700,1.387408484295681,21.86317245228895,16.43740142358016,16.398403030906774,0.0021454658519139,0.0026628695915523683,0.002903554473176923,0.0027957134181531306,2.0,2.0,30.0,27.0
03281100,6.2987387179438725,15.456376345884768,16.921636027767413,17.260915399232697,0.0015883680775500844,0.0023552471170137485,0.0034622248247614578,0.0033236765377038825,6.0,9.0,30.0,28.0
03281500,2.9652943123190036,16.645193735352574,17.34003138339848,17.206686996360983,0.0015693069929024108,0.002037633896077386,0.003420936381515448,0.0032413391909714277,6.0,5.0,30.0,29.0
03285000,8.766786397772348,15.178754937060424,13.720493821496818,18.22933714649453,0.0010900534793012652,0.0018913723693383304,0.0016640431732124121,0.0019430745491723293,9.0,7.0,14.0,6.0
03291780,10.621380818676172,16.400912057344037,15.615990717890194,16.549311963186366,0.0014310443046256648,0.0023780393952163212,0.0024938536129973676,0.002514492231932203,13.0,6.0,30.0,24.0
03300400,6.332504857149647,16.43528414128189,16.060274499998798,17.47149847522653,0.001285270024957357,0.0021813391266859517,0.002450033890282082,0.0025357523558975355,7.0,9.0,30.0,25.0
03338780,2.8630199838547328,4.2606975653056125,10.597536520353984,,0.0023716962186993784,0.0035311499717287907,0.0030530124420798145,,5.0,2.0,2.0,
03340800,4.42314001626774,,15.578607328969733,11.497400869989198,0.0010800849032925183,,0.0017358437494540873,0.0017268115590286174,6.0,,3.0,2.0
03346000,4.348746867238339,7.88852426443976,13.674163478494068,4.999233212584145,0.001414027514405717,0.002458587683661889,0.002316629825674676,0.00241783802384346,9.0,4.0,12.0,3.0
03357350,7.5174224232688625,13.003934028997094,18.325921083383204,19.187409390347703,0.0011241693681583417,0.002312417575255428,0.0019417805846698632,0.0018124529972393787,6.0,2.0,19.0,10.0
03364500,10.790162920127257,20.0,9.730894180689607,1.0,0.0013416386689824751,0.0021379964257345,0.001893917348334972,0.0020108759698437,9.0,1.0,8.0,1.0
03366500,4.815398428139483,11.479975166054036,15.868024227082023,15.918437210496439,0.0015130920208309368,0.0020917989322023728,0.002065143893010027,0.0020120507337858745,6.0,3.0,29.0,27.0
03368000,9.108732833080795,23.952417959229308,16.087348381306807,16.673954688640507,0.0013933482142268131,0.002126068278960404,0.0024874880106827563,0.0024874675563299987,5.0,2.0,29.0,28.0
03384450,10.163842031597326,15.586278901875904,16.451090355578053,15.906913246092703,0.001177607863462406,0.0020325463338679577,0.0022966953742902248,0.002209301303747771,11.0,14.0,29.0,26.0
03439000,8.28021917996986,8.741756960971015,14.13604613920988,12.883548707186533,0.0011952879988462264,0.002164394913601684,0.001867710499436417,0.0021464402387094982,3.0,4.0,26.0,11.0
03450000,8.993852928121346,9.0,6.999999999999999,,0.0009333144794365433,0.0013920659662507,0.0013469949623302,,7.0,1.0,1.0,
03455500,9.104402480015569,8.038302653308584,15.344026300993603,16.05186915686922,0.0014205141802556955,0.002602216915596137,0.002335402955474761,0.0025820303859586005,6.0,3.0,28.0,26.0
03456500,10.984764884569767,8.132973123334438,14.000000000000002,21.0,0.0009485747548509761,0.0016380155337848386,0.0012646156777066,0.0017895412599894997,7.0,3.0,1.0,1.0
03460000,7.729827674052255,18.344597416310467,16.141290681775686,16.55728783296095,0.0015624920244137678,0.0026885508532923166,0.0032541775921002838,0.002654373313734684,7.0,14.0,30.0,25.0
03463300,5.859066719116628,,,5.0,0.0008771315453025964,,,0.001527964131342,4.0,,,1.0
03471500,5.449270346712424,12.071169469754947,16.432095042917673,21.068284177565083,0.0013780144763689095,0.001749789639363659,0.0018637038602769339,0.001960858657056436,3.0,3.0,28.0,8.0
03473000,2.365026441188698,16.45558551964214,16.771170811931935,17.542448386866933,0.002099116883637682,0.002745286550773789,0.0032232093700770605,0.003050835014130317,3.0,10.0,29.0,23.0
03479000,7.9742908050313215,20.532501126660765,19.838143333450525,24.070718563497323,0.0010529388910629142,0.001579058531348944,0.0013398608360692137,0.0016973927425165626,4.0,2.0,4.0,2.0
03488000,4.467648966060308,10.268826059459693,16.65201401092864,16.06624760235004,0.0012226874631256436,0.0016891274082743257,0.002232987907297004,0.0020464992997342433,2.0,3.0,29.0,30.0
03498500,7.3857488790396735,15.098760277688806,17.0659531363769,18.372553812681968,0.001288359238864077,0.0020131230665806766,0.0020187093876944083,0.0021521242711658225,6.0,14.0,26.0,13.0
03500000,3.7539139512302286,10.782081000894,18.290756512863513,19.148895657278356,0.0012851058484227211,0.001974316679126707,0.0018326422676106615,0.002030360304178231,5.0,5.0,22.0,17.0
03500240,7.8838133868788605,14.903732484043369,16.20754686966475,16.068745328179045,0.001170672452995644,0.0019922227457835322,0.0023490763243068425,0.0023689047903540476,8.0,11.0,29.0,29.0
03504000,6.2649621168129235,11.21505780520758,15.166282223065615,15.266176212701625,0.0012665228673670022,0.001862525236209405,0.0017380173334207532,0.002049712552903642,6.0,8.0,19.0,10.0
03574500,2.35683210725618,10.558454065254743,16.06440566107869,16.617951100646337,0.0013209258942168968,0.0014213387219140187,0.0016665661282288583,0.0016301211712212603,6.0,6.0,30.0,28.0
03592718,11.744837799482534,14.215643873751645,16.586745755807645,15.100278286669761,0.0007512963828892464,0.0010023614174212725,0.0009887407610690256,0.001044239017126883,5.0,5.0,24.0,13.0
03604000,1.7590670151695582,17.554372153655077,18.322505730706443,17.41685133757679,0.0013414297096720335,0.0011954395701585677,0.0011823406229801358,0.001137219153363705,4.0,6.0,24.0,18.0
04015330,12.947064988822481,4.272510078080416,17.0,8.504704738764262,0.00043874428056171375,0.000733943147593225,0.0006198066667839,0.0005988068550923794,6.0,2.0,1.0,4.0
04024430,7.009920149117003,15.80151655469516,14.867305108561956,14.562189800310087,0.0011158687743095044,0.001812729509755319,0.0020509655045391185,0.0017135603671686467,11.0,21.0,30.0,27.0
04027000,2.1523611670365472,14.492495386718625,13.895844822905113,15.725769314592402,0.0017175250356142203,0.00248137570299695,0.0021846213533022953,0.0018826726302172286,4.0,24.0,26.0,11.0
04040500,2.6405561393418724,12.434506107545207,13.830977022939472,16.012658676222266,0.0020113321479141937,0.00232068331176795,0.002268186024907793,0.0018685545076734327,5.0,23.0,27.0,12.0
04043050,8.303268354996996,14.460850223818484,15.043155362070276,15.500613866634863,0.002149241784998247,0.004534997832017699,0.00507736291220811,0.0035443904981349948,7.0,30.0,30.0,28.0
04045500,5.803221204980771,14.73110831312384,13.618071410785854,16.04532807052228,0.0014089084520635797,0.001973444613580407,0.0030373451573124117,0.002473800201296802,8.0,13.0,30.0,27.0
04056500,2.1110392225448784,18.71959367537005,14.322785072015847,16.882286425893067,0.00174896292688665,0.0019356629408156067,0.0024788579716419745,0.0020891785063488055,4.0,11.0,29.0,24.0
04057510,1.7392231157719233,14.35960939417362,14.527609521079215,15.301505361042869,0.00217675076692758,0.002477242876048965,0.003203962435845434,0.0028056256315074062,4.0,19.0,30.0,30.0
04057800,4.238318702662432,13.343161893583448,13.698665052440228,14.327109799156387,0.0011150590735671286,0.0018354655313347226,0.001827987231660805,0.0013958694999080142,8.0,23.0,24.0,15.0
04059500,8.471977255161818,16.388741212067963,15.019301497946325,15.64770596836769,0.001392982247585403,0.002361175106817766,0.0027718865151837306,0.0021198538253884825,5.0,17.0,30.0,20.0
04063700,3.535591112299967,15.202124109160012,9.305425840863839,7.51342679410564,0.0012875757804386362,0.00251166086260449,0.0021124155240148114,0.001837768523938136,6.0,27.0,14.0,5.0
04074950,2.9352132003257516,16.097594498212658,13.445924461521694,12.810426067766073,0.0020765335069254523,0.002895498821140405,0.0027337452802090223,0.0021703324476607484,4.0,29.0,28.0,18.0
04105700,3.313453500630543,3.4850886849869998,15.03159369304821,15.723183231716176,0.0015122826905619399,0.002224338231985718,0.0024694756659196897,0.002457341670810927,7.0,2.0,29.0,30.0
04115265,2.594739067808268,3.0,17.690395749546134,18.47696373533311,0.002565375212506065,0.0033933976516903,0.0032087768868219848,0.002931676656858885,5.0,1.0,21.0,12.0
04122200,6.166069234321392,7.077662536944678,15.911874722160126,17.72967034897414,0.001144321234272341,0.00214022050324637,0.0023391187562019035,0.0021186637142175777,8.0,3.0,30.0,26.0
04122500,6.858146798536798,9.337381284963039,16.183821105817774,17.45675773119933,0.0013352536728886868,0.0017357135269889567,0.0027106392379877965,0.0025486408883335187,9.0,4.0,30.0,28.0
04124000,4.725362510648647,8.66909832095213,15.432461258103654,15.554206383855322,0.0017540786511527383,0.0023688836869664265,0.004231793773064748,0.003763943599654955,7.0,11.0,30.0,30.0
04127918,2.0549731206651916,9.632299602621085,15.084935930929324,16.608473531088936,0.003078832979219292,0.0036316716088850122,0.004356820148170277,0.0035710003383984143,4.0,12.0,30.0,27.0
04127997,3.66665214887943,13.599803831837841,15.255460884053049,15.546778922699504,0.0025365625294506283,0.0037117153377625904,0.006554673918866919,0.005443743624243538,6.0,24.0,30.0,30.0
04161580,1.7482722998517837,8.237588886113961,16.276078998400088,16.799539781481037,0.0021546289797072875,0.002377193343255896,0.004038487773290615,0.003731327120601706,3.0,3.0,30.0,30.0
04185000,2.7999831643345416,9.30539948587965,15.374500151791148,16.499138210746935,0.002261023830547897,0.0023816159031309213,0.003274309116195738,0.0028996263899421066,8.0,4.0,30.0,28.0
04196800,3.6670866881756963,15.23356601541922,15.943582535682488,15.889856702158866,0.0020915142910519326,0.003187733482218414,0.0038357893703106945,0.0032020585051981227,8.0,8.0,30.0,30.0
04197100,7.005911852381421,9.638129550040356,15.960214943748014,16.039500863975377,0.0017795392157342962,0.0034319790513425183,0.004472724032659752,0.0038403192156433916,7.0,4.0,30.0,30.0
04197170,6.488168342395856,20.586440182997208,16.29021623300463,16.632538463408356,0.0018851762331962196,0.003815784638573568,0.0049692944256275,0.004237228506557577,4.0,6.0,30.0,28.0
04213000,1.143071292531607,16.0303498762921,15.416791825255318,15.264803103740658,0.0049066270879609,0.003013412782477251,0.003697310112828791,0.0031950148297195235,2.0,15.0,30.0,30.0
04213075,1.0,9.925209685868934,19.286677984821907,20.077982119113862,0.0018852931424687,0.0016196537983302866,0.0017918279275166323,0.0017974056084422163,1.0,3.0,19.0,20.0
04216418,10.724580088448318,14.462154806959369,16.017020922635165,16.31638245000112,0.0017782198040504048,0.0029633956929497815,0.005281861860901855,0.004290688107134692,5.0,10.0,30.0,29.0
04221000,6.680994227375356,8.66976111271745,16.272823797964836,18.004813312619575,0.0013430549037842042,0.0017996328926877015,0.0025790142346491674,0.0023042075141631595,3.0,7.0,30.0,24.0
04224775,5.525038545503496,2.68697346043335,17.236584327901213,22.588220393128775,0.001287688483445137,0.002233383029270425,0.002522637166313795,0.0020588433476604554,3.0,3.0,27.0,15.0
04233000,9.216123799046157,5.566475191527317,17.88656407547803,20.906320188447605,0.001030802778533175,0.0015527381192419183,0.0017676648526075561,0.0015616101217812862,2.0,2.0,22.0,9.0
04256000,3.9416245621356074,6.8505419632817235,15.326738673240495,17.506512354073344,0.0013891780853142058,0.001989303943016101,0.0025262640814934225,0.0020246069573109293,4.0,11.0,29.0,23.0
04296000,6.389538282578043,10.30257616668739,15.371733328840815,16.089151141399668,0.0016316423439622372,0.0033734206482145712,0.004403823867512108,0.003791936658272933,5.0,16.0,30.0,29.0
05056000,1.0,10.637472718530566,17.836848992259856,,0.0009245724018405,0.00199734980994232,0.0016606010731606466,,1.0,3.0,8.0,
05057000,16.32005585189154,18.588594976187963,21.0,,0.0011530719699842586,0.0019436496835550296,0.0019384615060283998,,5.0,9.0,1.0,
05057200,5.454872890877857,11.99408694394537,17.556068430863167,,0.00111713589369115,0.0021851509767287676,0.0020737127919159036,,4.0,5.0,3.0,
05062500,4.52798397793127,8.906608242725218,23.0,4.8740437120468405,0.0013766633782752542,0.0022212733407913554,0.0022872885748504,0.001992223992840263,5.0,2.0,1.0,4.0
05087500,2.7080312062165306,16.0,2.0,,0.002086581653743823,0.0026083807865925,0.0021337656808008,,4.0,1.0,1.0,
05120500,17.400238401058065,12.49601691278536,,,0.0009841662542868172,0.0019176535423995683,,,4.0,2.0,,
05123400,8.852550775159402,14.557217074783702,19.0,,0.0013329585352951816,0.0024357741471295823,0.0020921545472676,,11.0,6.0,1.0,
05129115,7.2370617526911465,15.864584822926021,14.389990743967243,13.439972941289737,0.0013085987512884063,0.0029035749329214136,0.0027933959237501182,0.0022378762591458174,8.0,29.0,30.0,11.0
05131500,3.295813702594287,16.769336692079463,13.41334835102864,8.403392853436806,0.001689988670158738,0.0030747825528592765,0.0026666121506825477,0.0019564822063228107,9.0,28.0,28.0,11.0
05291000,8.52755517665613,18.35569202882366,25.0,,0.0014572493009241936,0.002705801521656728,0.0024421333871994,,8.0,5.0,1.0,
05362000,5.862856293214519,13.536550875007821,10.064311114501228,10.901966857892665,0.0021024941161788,0.003233278187749814,0.003203175079197986,0.0027659497654614527,8.0,12.0,14.0,10.0
05393500,5.621592261632945,11.562762772102799,14.99063970877718,13.63577561284188,0.0021455704286575403,0.0034901372009129602,0.003252567671291851,0.002739469900683811,7.0,15.0,23.0,14.0
05399500,5.901572145318751,7.73174394138148,15.182265317828687,17.363128352206292,0.0011130464451488272,0.0019514449560577376,0.0019975393745310637,0.0016832639564641214,6.0,4.0,27.0,16.0
05408000,11.668709571697551,17.002247041881187,,3.4131986889372725,0.00034444246144679314,0.0004112053187552353,,0.0003706784673853,4.0,3.0,,2.0
05412500,5.829548511577462,14.789367105958505,,3.536230599399255,0.0014476519434893397,0.001968611399673439,,0.0018026893200165201,7.0,7.0,,4.0
05413500,5.990732770496484,13.333674866444088,16.079761879385888,6.310591000395731,0.0012956164204407324,0.0015605226434513705,0.0014882241146204598,0.0015163944855724001,6.0,5.0,6.0,2.0
05414000,9.078979671124245,17.12944837281438,13.725141034912497,11.504622589145198,0.0008817773392738936,0.001536081317022388,0.0012788859363316518,0.0013349434045305843,10.0,8.0,2.0,5.0
05444000,3.8609060844582648,9.522164327398622,16.80009565499587,11.295482270064536,0.0017279614833421001,0.0027893632509198604,0.0029270091645153314,0.0024134093988300324,3.0,3.0,24.0,3.0
05454000,8.746088686980803,21.0,14.11401982202962,11.36152093203442,0.0014112392112624857,0.0021777572155506,0.0021502849664014,0.002135265321764397,7.0,1.0,2.0,6.0
05458000,3.7183072041312775,11.999999999999998,,6.461995175812215,0.001234760917503892,0.0014238078664187998,,0.0011332022829299842,4.0,1.0,,3.0
05466500,6.2445421511192345,10.652986502796434,19.05015714924775,4.0,0.001977025333320968,0.002770533022047296,0.002598078847747449,0.0025683583368981,14.0,9.0,3.0,1.0
05487980,6.772776045024762,16.96780542589935,4.003769369053509,7.055754754113522,0.0011833897181268602,0.002164653408807098,0.0018977526947537863,0.0020605247159523063,9.0,6.0,7.0,9.0
05488200,9.774474223180771,12.707108300879165,3.9707237975161878,8.528620982774827,0.00113870922755024,0.0017176422321236915,0.0014979978055995834,0.0016016756775250108,11.0,3.0,6.0,13.0
05489000,9.49858408475402,20.80450077915144,10.39338624590957,11.812256863740156,0.0008425150121755014,0.0013579927185468656,0.0012566183867904833,0.0013839334642638066,13.0,9.0,10.0,20.0
05495000,7.119408363679415,12.467534668044777,12.051906087923713,9.270778626538624,0.0012384351223375932,0.0021661183802651786,0.0017305328297749399,0.001864245969316493,16.0,3.0,2.0,3.0
05495500,6.0783092223512725,7.390400513296013,,,0.0014211756625847817,0.00222802346378482,,,7.0,2.0,,
05501000,7.029215922540251,11.346403103969035,23.0,,0.00174180673253651,0.0028375545920400038,0.0026347247670292,,7.0,2.0,1.0,
05503800,6.134684878193965,11.810484531920027,20.24014340188717,1.0,0.0012230107432200878,0.0019397999898227857,0.0019384033052371667,0.0018380338553461,10.0,3.0,3.0,1.0
05507600,7.712554152083322,,,4.0,0.0013728696179325943,,,0.0020555665303448,6.0,,,1.0
05508805,6.557604726948075,1.0,20.0,14.039702379839092,0.0017538434437840813,0.00268187185084,0.0022199629122736,0.002358464731071975,6.0,1.0,1.0,2.0
05514500,4.987629876452061,8.818130799251511,29.0,11.388097425014326,0.0015639034547394492,0.0024514316299307265,0.0020244566789192,0.002246732983517022,8.0,3.0,1.0,2.0
05525500,4.089791487286974,16.03998320979007,1.0,,0.0019342288918590272,0.0026210840787990277,0.0023694146757354,,6.0,3.0,1.0,
05556500,3.366899619886036,16.706754241433014,8.0,,0.0010495443320847914,0.001429363585637392,0.0016783834556053,,5.0,3.0,1.0,
05584500,5.294561915110408,4.791465843467565,27.0,11.94990504046671,0.0015031127259474719,0.0021797346009714254,0.0021370182592155,0.0021445897990964406,13.0,4.0,1.0,7.0
05585000,6.729843950973371,3.766102611988342,21.0,,0.0014260325998364726,0.0021362466085271246,0.0018921193986404,,14.0,3.0,1.0,
05591550,3.6877626650377664,7.614440032531153,18.130208256277985,18.0,0.00206686914251839,0.0029445479205770122,0.0027746058745029894,0.003293531956177,6.0,4.0,15.0,1.0
05592050,9.767073559109875,13.200699292662351,15.901327994379505,26.40213698939059,0.0012485641164468337,0.0022180716643689083,0.0021947817625632697,0.00219039935099463,5.0,6.0,13.0,2.0
05592575,9.81229702360126,,19.83237300820689,20.841538872048282,0.0016227117499460313,,0.0023306435474398732,0.0024438112549509047,6.0,,15.0,9.0
05593575,5.205104710988913,11.549216019931695,21.41682109705283,,0.0018015879319233001,0.0026743120481260217,0.0025025114305063665,,4.0,7.0,5.0,
05593900,8.577679293489503,19.014187973126845,17.81099007552504,17.482103465297172,0.001626016437113427,0.0026185768923741508,0.0024677197415513266,0.0025795366407160925,9.0,8.0,17.0,16.0
05595730,5.4512768625623504,17.181993113735313,24.08782418129377,22.0,0.0015352026831154952,0.002685892859888447,0.002448721716902138,0.0028578314834378,6.0,6.0,11.0,1.0
06037500,1.5315274936582663,14.693815775264849,13.652118472514521,11.290968778363595,0.003912915694999867,0.004329439759277969,0.0032127952997588758,0.0024543875120756416,2.0,30.0,30.0,19.0
06043500,12.810634184947322,14.74658455175557,13.207604917032167,13.915435170678261,0.0016936392266470072,0.0048263815711096615,0.0033694122261992312,0.0029723402330225617,15.0,30.0,30.0,30.0
06154410,10.537755392010252,24.301913284117614,,15.587972747305678,0.0011591039018884726,0.002262924041106142,,0.0017410688961023999,20.0,7.0,,2.0
06188000,11.70324356636403,14.081979490074996,13.260887560478976,12.991059660370238,0.002109581655811392,0.0049154163647630025,0.00448888301241897,0.0032277656990933145,7.0,30.0,30.0,27.0
06191500,13.59512187985281,13.952753614340944,13.564201463887503,14.372714833805563,0.0015790730518375762,0.004416838583630502,0.004061488290736133,0.0028483409641868822,14.0,30.0,30.0,30.0
06221400,13.034882306912019,15.512729773309786,13.291549406012667,12.808797871644822,0.002620722325113699,0.010993609724696462,0.008459218470338314,0.005493426735075164,19.0,30.0,30.0,30.0
06224000,14.512691679247128,14.984056499351702,13.623366254096975,11.110232188274567,0.0018468417351210943,0.007018295380275091,0.004284237190985045,0.0028366513368728186,16.0,30.0,30.0,25.0
06278300,15.53671763737569,14.519859833221297,10.211269541467205,3.9313633155214043,0.0020775234061978015,0.0052644763476754845,0.0029034990602782662,0.0025680949645813704,25.0,30.0,20.0,7.0
06280300,13.155024816585936,14.272435255134965,13.68556927559579,13.489137847116382,0.0017088338110328157,0.005730035519907793,0.003803159246125605,0.0025518255034016894,13.0,30.0,30.0,30.0
06289000,14.554306553354309,14.79714924899276,15.180914186921472,7.902525106289631,0.0016089570450405555,0.003298573097533323,0.0021175107211039985,0.00156192302940201,23.0,30.0,29.0,13.0
06291500,11.43387910740319,15.525578023540854,17.56171600575924,11.104616925642567,0.0021270983372059945,0.004001189264474945,0.003068606602144704,0.0029364365592286614,21.0,28.0,22.0,19.0
06311000,15.082350118234986,15.02773698310342,9.34402053426168,6.692632140172033,0.001972862531001128,0.004166250897436541,0.0023134339203482,0.0019297087825030374,26.0,30.0,6.0,5.0
06332515,5.227817571974213,8.0,,,0.001659108395426232,0.0027548363131015,,,4.0,1.0,,
06339100,5.21887896961683,13.008742254596909,17.62737123058498,,0.0011627377924538352,0.0013957800968335656,0.0013967812327537377,,5.0,2.0,6.0,
06339500,7.270749371246207,13.012543041125705,24.0,,0.0009082590460957593,0.0015519319068689073,0.0013762560129845,,4.0,2.0,1.0,
06344600,7.14340165305914,17.194690342591564,23.868103151874244,,0.0011308911054119647,0.0016517691920735773,0.001471335925876969,,4.0,8.0,5.0,
06350000,10.7888904191713,7.0,14.816781808811955,,0.001208882779679867,0.0022104798204882,0.0022378279965037063,,7.0,1.0,9.0,
06352000,16.74676746916201,12.0,23.0,,0.0011644174924674896,0.0022856881514157,0.002036370817162,,4.0,1.0,1.0,
06353000,19.91841753032735,1.0,23.0,,0.0011135861246359103,0.0021375215130272,0.0025183603079782,,5.0,1.0,1.0,
06354000,2.0,1.5054070170677287,19.949049211641693,,0.0010659019816101,0.002153636400325267,0.0022180024071343568,,1.0,2.0,14.0,
06360500,10.674691070405984,11.299041377828912,,,0.0017810056717073063,0.0027870910139618944,,,16.0,3.0,,
06404000,7.795511341085294,21.481748780707363,6.0345184769826945,6.871795655353423,0.000958493140345679,0.0015360584978905563,0.0012754044203719898,0.0013166859265245352,14.0,7.0,9.0,8.0
06406000,11.057937561762856,17.71117672922786,6.390349002472487,9.784669893865384,0.0013777453162021015,0.00217903614643604,0.0019519760907724486,0.0017915643401554286,22.0,8.0,6.0,11.0
06408700,10.688800658816858,12.789682883196905,16.647196352021073,21.45810752598785,0.001554331628544781,0.0021297679624987507,0.002051578009969647,0.0018342985247317121,9.0,17.0,11.0,6.0
06409000,12.150319604239472,14.761835687324458,8.37895347069224,,0.0017031396809311446,0.0032732800057179395,0.0023938525451007745,,12.0,29.0,5.0,
06431500,9.30534029099112,15.132038625932594,24.0,14.0,0.0015227089682182358,0.002491514865743228,0.0020387481152039,0.0018628993019253,18.0,14.0,1.0,1.0
06440200,7.514972174597766,21.124131179500004,23.0,3.5202848343561524,0.0013820705384980717,0.0023553476661310906,0.0024586274786219,0.0017374821896756997,16.0,4.0,1.0,2.0
06441500,5.447601145377653,20.26961311574748,19.50464120611673,4.0,0.0021105116608064146,0.003212174425747846,0.003053029425861356,0.0027960314056275,10.0,8.0,4.0,1.0
06447000,6.005747355587351,13.622082643841035,5.382913838535569,3.3935875874598143,0.0019550741741961547,0.002893193676343689,0.002582774777007856,0.0023350179221402634,15.0,16.0,3.0,6.0
06447500,8.99558977125414,17.49716268163097,18.629970035228848,29.0,0.0013350404494311481,0.0018953150647854058,0.0017701971415502338,0.001762149155606,3.0,2.0,7.0,1.0
06450500,7.9365822976684735,17.036773894861902,,,0.0009260398031750918,0.0015321527267830924,,,10.0,6.0,,
06452000,7.914474654832745,14.077744105013968,15.646892079350375,2.5141010797744197,0.0021108819070718423,0.0030934037002052148,0.0028086017990661145,0.0025662162566601697,17.0,14.0,17.0,4.0
06453600,8.947859677149216,21.292052779343695,22.0,19.99564665733964,0.0017038837459613476,0.002465538752861111,0.0025226712873257,0.0024350790990315075,12.0,7.0,1.0,2.0
06464500,7.749921406427463,12.991535594796263,17.495910678781826,,0.002064771247991265,0.002834175415780167,0.0028970617375345077,,9.0,13.0,9.0,
06468170,2.5348008578120673,,10.583198592002722,,0.0010679910796058,,0.0017845210072523715,,2.0,,2.0,
06468250,9.172733314358531,25.0,,,0.001172919199029741,0.0022093313336688,,,4.0,1.0,,
06470800,8.143439578984431,,,,0.0012845749856172932,,,,4.0,,,
06477500,11.447947462415037,10.547816343969231,,20.0,0.0014452011417812403,0.0021611509870175997,,0.0020823760282171,19.0,2.0,,1.0
06479215,3.766585238800741,17.567766773016245,,,0.0013904350347565533,0.0021811515253701745,,,4.0,2.0,,
06479438,6.140224754282478,16.315269422469786,2.462363120773882,,0.0009289670293196828,0.0017002891549573935,0.0018438835429133598,,3.0,4.0,2.0,
06601000,12.6913149923604,13.890680394264242,19.57297132931388,8.533625023996134,0.0009835744440132375,0.0014918678121423013,0.0012637131197943668,0.0012535754545871748,7.0,5.0,2.0,9.0
06614800,13.364807916226809,14.685703100593564,15.482882998059159,13.808228283236803,0.0017357704657219258,0.0036809484639745683,0.0033297036066613143,0.0027514357945217782,4.0,30.0,30.0,29.0
06622700,12.096549061575288,14.191219846353,14.241701303698976,13.437617761491325,0.0018080728108341327,0.003837181201741209,0.0036194179103017136,0.0029181650568413393,5.0,30.0,30.0,28.0
06623800,14.603184297144157,13.457572946176407,13.657019133764306,11.84761638153512,0.0016749416334061234,0.00274656190052141,0.0030130462407321314,0.002296817367452924,3.0,29.0,30.0,24.0
06632400,15.887676009098541,14.688891173141526,13.863894183863481,12.78737148947993,0.001219693072951005,0.003289221087323953,0.003060489118157421,0.002294161669785558,10.0,30.0,30.0,28.0
06746095,16.867967011380127,14.36345299047205,14.905772440663323,13.814561710671063,0.0019425067398035614,0.0037997031417568226,0.0036503535493188958,0.003089811996224549,8.0,30.0,30.0,29.0
06784000,10.283083167513231,14.795606962920575,14.766006409892238,14.392285798886999,0.001235059892228827,0.0020086169284017786,0.0018952833854968393,0.0019663707300258022,12.0,8.0,18.0,24.0
06803510,13.770004363479947,22.086126912343765,13.456756069653347,13.485549602379969,0.0006374734350506083,0.0009608550340953667,0.000975307265595185,0.001038950804910672,7.0,2.0,3.0,23.0
06803530,13.821080521867776,26.658484024149733,12.255261325075553,14.279561126848835,0.00062476617718056,0.0008687000947304354,0.000872745916916854,0.0009592149424905258,9.0,5.0,21.0,29.0
06814000,11.038159529070898,13.950443219790168,7.460481195107054,7.81066861416833,0.002004494106205036,0.0032030090046145793,0.003047648316735538,0.003180181830855263,16.0,9.0,5.0,14.0
06847900,16.47316289356116,28.0,15.825052643450082,,0.0007382888556375682,0.001081639112258,0.0008583150053458681,,11.0,1.0,3.0,
06853800,10.757705765431497,22.092711360188154,,9.766661405488277,0.0015241635085380045,0.0025158793190776275,,0.002337980322876996,18.0,3.0,,16.0
06876700,10.984537144676384,25.52327587195744,,10.027613930096042,0.0012323426097717752,0.0020476429212141394,,0.0017981832959079653,22.0,3.0,,2.0
06878000,10.785311097530375,19.251989614072496,,8.020466749009197,0.0019462131744216664,0.002975900382360249,,0.0028191251441361527,21.0,3.0,,8.0
06879650,12.728129123226198,19.771432312739876,5.0,8.92839728831249,0.0010176624698346984,0.0015371018774987515,0.0013805948469524,0.0013888376975028495,13.0,5.0,1.0,11.0
06885500,10.459380515512253,17.839996087212082,13.868210012721317,15.072913678522573,0.0019739411440522704,0.002999266234125388,0.0028228070596065078,0.0030684916914031396,19.0,5.0,14.0,25.0
06888500,9.977409395411003,16.86276627650701,1.0,9.511622577252991,0.0013224043247072317,0.0022161151700250256,0.0018735695097509,0.0020168058474322468,17.0,4.0,1.0,11.0
06889200,8.41191896367889,26.031839975853945,8.754903587532079,6.987767323198484,0.000602433372741804,0.0007696230701136734,0.0006394045078195846,0.0007713172163101307,7.0,3.0,11.0,12.0
06889500,7.746509636612272,27.015117915244325,9.369485991149645,10.221327434244147,0.000885308503677002,0.0015243328492044455,0.001281941165511538,0.0013560056547426936,10.0,5.0,7.0,15.0
06892000,8.18576130181245,11.404817677084173,,6.5151349750030505,0.001484077482728025,0.002322521058698144,,0.002298248905026115,15.0,3.0,,5.0
06903400,6.141665809924328,17.33483154739472,,,0.0008342007303749215,0.0008449023168000058,,,2.0,2.0,,
06906800,6.160771688277799,1.0,,2.0,0.001796162084704982,0.0040443612556499,,0.0024597775809298,9.0,1.0,,1.0
06910800,11.694349545247999,18.99392177520141,6.449725242948914,7.809204296846939,0.000651231513617651,0.0009936708953361736,0.001047921409703139,0.001072483231912191,8.0,2.0,8.0,10.0
06911900,13.31421547957935,19.292985563227056,14.0,4.892654356108411,0.0008679541016248405,0.001295083829930796,0.0012642358714831,0.00133204326154376,8.0,4.0,1.0,4.0
06917000,5.884043207445234,1.0,,,0.0009799050313956817,0.0012922119759177,,,6.0,1.0,,
06918460,5.660028115581527,1.0,13.459882162913912,2.010786818838266,0.0007299839756455796,0.0013011048210154,0.001114974587758111,0.001202529041195775,7.0,1.0,2.0,2.0
06919500,6.631496049869932,12.962730661888273,18.17780757137189,16.484699463560045,0.0017198775154539194,0.0026500966690462873,0.0025103720016894757,0.002791239042561879,13.0,4.0,18.0,10.0
06921070,7.22730162050427,8.481152490706574,12.0,,0.0013719280805369277,0.0021030755125644616,0.0020607189183913,,6.0,3.0,1.0,
06921200,8.449350420934923,13.7453288651836,15.131485735416335,13.3419002582713,0.0014534066898323,0.002496574279551518,0.0021264441676549293,0.0022384819334735993,11.0,2.0,10.0,10.0
06934000,6.690740033356734,8.953916570354052,12.604572539233471,13.97977670967611,0.0022588281006036995,0.0029575850642963968,0.002471047181400374,0.0027885052855580288,13.0,3.0,3.0,2.0
07014500,5.055407839238212,12.35581462899179,15.001301567947927,10.988974572700862,0.0018140653489663013,0.0028536095000981903,0.0025390437185836235,0.0028941831607427596,11.0,4.0,11.0,4.0
07056000,7.5259781681490665,14.686482049233032,16.45684502393762,16.0,0.0010311594250871584,0.0014382764718876776,0.0014303823598625597,0.0013280794073253,8.0,6.0,8.0,1.0
07057500,9.711155534790967,11.871273830962748,16.208588004653627,,0.001074969275673978,0.0016083189152739715,0.0016624871473192705,,7.0,2.0,5.0,
07060710,8.069475126437998,6.898199299481548,16.458641297071825,,0.0007634807854956999,0.0009324161151495572,0.0009093560498564727,,4.0,2.0,2.0,
07066000,6.779544316424216,2.9000194785959157,16.9004980661648,19.237321249166158,0.0012424943486848289,0.002145096861910922,0.002055407476433895,0.0021700892575728173,9.0,3.0,20.0,9.0
07067000,7.8924912633763045,5.816583633396491,18.41424742377866,1.0,0.0015630240824051455,0.0027738476827361665,0.0027550716339226726,0.0028651431841293,9.0,3.0,3.0,1.0
07068000,7.707906917149482,9.647584477816961,18.58187273610005,,0.0018892724554736954,0.0033124934303114468,0.0029115182192466188,,12.0,6.0,2.0,
07071500,10.08287047458623,5.445023275981434,16.661620764389337,13.019707979777722,0.0010709040372798065,0.0020753280369461727,0.0018479761147914804,0.0018392431571239592,12.0,4.0,10.0,5.0
07083000,12.039622185025648,14.774830205014949,14.12708905044176,13.017298023600933,0.0017917016083198365,0.00513022747087327,0.003734057189683137,0.0034501191324475887,4.0,30.0,30.0,28.0
07142300,7.983967102353036,15.214768763234625,,8.0,0.0006885900636721881,0.0010070139638985458,,0.0010250910327372,9.0,4.0,,1.0
07145700,9.494436188851825,1.0,,4.9080722507592265,0.001276095028580714,0.0020234913004766,,0.00202482174566074,14.0,1.0,,2.0
07148400,7.74229397680647,16.639420974651276,8.027508943330114,8.484495550898457,0.0013479719704425053,0.002126851902877696,0.002103067502382031,0.002115962104377473,11.0,10.0,12.0,14.0
07149000,7.958537574385552,10.10276358173097,8.0,9.434113946878629,0.0013983218844152501,0.0023221538312004526,0.0020158641603365,0.0022654137141135382,12.0,4.0,1.0,14.0
07151500,10.874883013549514,29.0,,6.988363694935698,0.0011630020741062626,0.001924670799157,,0.0018675895333195049,9.0,1.0,,3.0
07167500,4.548105335249295,24.0,,12.616021830683454,0.0008146099177029228,0.001566197497006,,0.0013754363512551153,7.0,1.0,,4.0
07180500,10.255028730021111,24.75024996524472,4.2840122044764035,8.96721703201033,0.0009430300486941693,0.00159970003401186,0.0015573154914558,0.0016922975815710627,12.0,2.0,3.0,14.0
07184000,6.267275409814654,1.0,,,0.0008660722594926596,0.001700917629384,,,6.0,1.0,,
07195800,14.320809549984542,11.495423815954188,19.353316929352783,2.9999999999999996,0.0011560237079780147,0.0017668613204261058,0.0015545440481710433,0.0015344203205116997,12.0,6.0,3.0,1.0
07196900,15.471577694626259,23.692240053070336,16.299071832567233,17.375657792833866,0.0012997641953822598,0.002099831594693866,0.0018895953241477145,0.0019840914531742827,9.0,5.0,6.0,4.0
07197000,10.77081396295764,14.670046833109309,13.191473085513373,11.321179331473278,0.0009748508588724052,0.0014230936695821177,0.0013844167037768982,0.0014358267268971133,7.0,6.0,9.0,9.0
07208500,11.823129883753463,14.325279291306762,17.97130857770035,9.0,0.0016462378143806409,0.0030613097916973304,0.00249098181870548,0.0023582910148961,10.0,24.0,6.0,1.0
07226500,9.964925991346771,,11.917724880816667,12.74087847480382,0.001001299388892459,,0.0012590025283678106,0.0014106794747102823,16.0,,11.0,22.0
07261000,9.179852924027962,15.480533637913059,15.286253659333951,14.733523879931543,0.0014359994359544122,0.0028361227984584894,0.0030448505878960183,0.0028046697843315863,8.0,19.0,30.0,24.0
07263295,7.180683855984499,13.809833875437292,16.2768983660266,16.114521313753343,0.0013497474715956574,0.0018737953474632356,0.001911551008818133,0.001936129438897709,6.0,6.0,23.0,15.0
07290650,7.6888971169067775,8.589443771454889,16.425346537319438,16.098152927364648,0.001487003939981827,0.002151235296862501,0.0027652768301661902,0.0027534041443335626,8.0,7.0,29.0,29.0
07291000,9.832963196967217,11.051349597562297,16.6668529444683,16.666383700560022,0.0011752443817513135,0.0017476572049865532,0.0019458390869246346,0.0019989396118640194,6.0,9.0,24.0,11.0
07292500,7.476006034499752,14.171627085064001,16.2764163767988,15.280133703023976,0.0016569387679744793,0.0026702712775041096,0.003028200966067545,0.0028017749494209814,8.0,16.0,29.0,22.0
07295000,11.51961760619269,17.519862346636454,16.594357122696643,15.735363703386325,0.0016216664991409579,0.0025287774203940315,0.0030074935398559963,0.0030267790253771364,4.0,12.0,29.0,27.0
07299670,8.505457761868115,,,4.409444885456321,0.0008841076305467562,,,0.001487586467382559,6.0,,,5.0
07301410,11.2058136176789,14.124022635433205,19.71573240302435,2.9999999999999996,0.001130473765253023,0.0017976770972428357,0.0017337823444169595,0.0017376539850745998,14.0,2.0,3.0,1.0
07301500,5.392961780950778,12.664928588185262,,10.77167439699782,0.0010262327423634593,0.001376224126721069,,0.0014284061298849755,8.0,2.0,,7.0
07315200,7.422229707214038,1.9876081576893105,,10.185752082722217,0.0006030682763631982,0.0010406812481662333,,0.0009809309248239122,11.0,3.0,,3.0
07315700,5.16585224075832,1.0,,15.814009285132379,0.0009952659313163506,0.0023558232415003,,0.0015202981421032272,9.0,1.0,,2.0
07335700,11.140820625585468,7.6258886695679955,12.686710126974656,13.802346218583088,0.0013970413697801704,0.0025923262187166783,0.0024654252725563102,0.0022821215675618567,5.0,6.0,7.0,2.0
07340300,6.23177294816991,14.99269556361152,17.37468708129558,14.762766099235591,0.0013223149794562975,0.0027073855074752585,0.002857276627766221,0.0026272822205856473,5.0,11.0,26.0,16.0
07346045,6.981401081471221,9.617229194073671,16.763618645665414,,0.0018279496686660563,0.0025861228060997015,0.002095809859521503,,12.0,7.0,4.0,
07359610,11.69800981337051,11.897222280176598,12.97041198103702,19.7080853598356,0.0010533469757728015,0.0014824630666859617,0.0014233300797209694,0.0014195402403245393,5.0,5.0,13.0,8.0
07362100,9.812326080209116,14.045019175463555,,,0.0014667353955143266,0.0022671040311021406,,,15.0,11.0,,
07362587,10.205640939365878,14.868256614097971,21.531363336644063,18.595009186737943,0.0009243385211105193,0.0015844532119150675,0.0015004766331177047,0.0014773229322794163,2.0,4.0,4.0,5.0
07373000,1.3031413296748926,12.706960909141928,22.194349003619624,25.184950177806023,0.0019849728136894333,0.0013303553776356585,0.0013667427756808464,0.0013257871780125248,2.0,11.0,6.0,4.0
07375000,1.4750724352748898,5.48012784616108,,28.02821643695475,0.00216188598602415,0.00157945626022325,,0.0016495539800992268,3.0,5.0,,2.0
07376000,2.17942657256632,7.4471699888732585,17.960942048290978,18.50196049177532,0.003404882045597473,0.0022179655940969436,0.0017824692651614452,0.0019636529939718625,5.0,8.0,15.0,8.0
08013000,2.731749924062558,8.384904945695482,16.067014267817047,16.114878339386838,0.002808996010317496,0.002027225694566459,0.0019105554452401431,0.0023023737386671248,5.0,11.0,27.0,9.0
08014500,4.080861041528349,3.5406264800721203,16.01135515410263,11.604494962850527,0.0020963473744461934,0.002437601267367412,0.002038846538430534,0.0022387922897712208,6.0,4.0,21.0,9.0
08023080,4.739405910870798,14.073390416238718,16.87175899488409,14.61537323768653,0.0018155019224743686,0.0031390703928577466,0.0032391609964620947,0.0030783221249695144,7.0,14.0,27.0,22.0
08025500,7.172100424267148,5.878055660104857,17.347709941082407,11.325055684068978,0.0011192618612366292,0.002093800146882135,0.0020539488760487035,0.002206647941269478,7.0,3.0,15.0,4.0
08029500,4.4926150352032534,7.963404280750067,22.0,,0.0004908295024790318,0.0007472589619634428,0.0006884232223559,,4.0,3.0,1.0,
08050800,9.088506015078416,27.0,7.000000000000001,1.0,0.0010983371991161383,0.0013450043726559,0.0014313139263654,0.0015602112955436,6.0,1.0,1.0,1.0
08066200,4.0782683121618035,13.110413367158687,,14.590835172556668,0.0006196955503101609,0.0012459101571139052,,0.0012093720368046965,4.0,4.0,,2.0
08066300,7.09031434582087,8.356278839633925,1.0,1.0,0.00100802993924341,0.0017917846562848533,0.0016136105423949,0.0019432892970183,7.0,3.0,1.0,1.0
08070000,7.404280682223427,10.875897643313309,,,0.0005872961762156975,0.0009435859797366747,,,7.0,6.0,,
08070200,6.850754878373077,8.93136051278566,28.193518521833862,,0.0007508527949706695,0.0009413456909296484,0.0009034591225277501,,5.0,3.0,2.0,
08079600,6.217124300213724,13.991286638070758,15.072752899208554,14.38111408260962,0.0006389469245018622,0.0010136821352396414,0.0009661472945038241,0.0010557209981663324,5.0,2.0,5.0,13.0
08082700,5.660032686684102,,,24.826016164522347,0.0005385391546890306,,,0.0005404295822129168,5.0,,,6.0
08086212,7.775191213351459,10.4339369905981,,25.338031093772397,0.000765464958038692,0.0013046367738778002,,0.0013335726648956827,8.0,2.0,,3.0
08086290,9.503015439620663,2.6143109580926867,9.293216768960516,12.59598070775811,0.000331581390730709,0.0005239645986150625,0.0004753921597508333,0.0005015519242056995,12.0,3.0,3.0,19.0
08101000,9.41943377714294,15.776196711463845,1.0,,0.0007425482223426842,0.0012542043315519275,0.0012392736794474,,6.0,6.0,1.0,
08103900,11.265291097703571,17.123032508678428,16.02545442630125,13.266244678720987,0.0009147351420526234,0.0015311724445828145,0.0014068674664418999,0.0017995259511167294,12.0,5.0,2.0,4.0
08104900,4.311195303734393,1.3789060350711517,,,0.0005729317483281108,0.0010637641447194667,,,5.0,2.0,,
08109700,7.703077051900953,4.348916690295216,15.87824133534302,9.970880292824361,0.0009796479032207015,0.0017417023395976733,0.0014344698830666034,0.0015877246974320635,16.0,7.0,7.0,3.0
08150800,7.139127376129264,8.057412761863837,6.0,,0.0006257707041117406,0.0009676679495075688,0.0008515083044551,,4.0,4.0,1.0,
08155200,7.865740501817608,5.538358946645369,3.0000000000000004,11.84926334487534,0.0012162254339639427,0.00201763351367673,0.0017865156167066003,0.0019475852942216132,11.0,5.0,1.0,5.0
08158700,7.399069146785448,4.482993744134245,17.20793402219955,14.210846071074206,0.001272611587574596,0.00216795328926771,0.0020450385880188635,0.0023000907304406002,11.0,4.0,2.0,3.0
08158810,11.971559403676611,4.963264188533904,,29.0,0.0006278756089936548,0.0011243933582918187,,0.0012418144100101,12.0,3.0,,1.0
08164000,9.671582869473585,8.987214453522189,,14.0,0.0006701346207814694,0.00087657506635769,,0.0009577514802729,12.0,3.0,,1.0
08164300,9.081864178915323,7.8443718497610275,,28.49739991786641,0.0009101863782581176,0.0017043188634333862,,0.0018474040229466983,11.0,6.0,,2.0
08164600,8.442267620771345,1.0,,15.685283292148743,0.0011259609857879069,0.0029024121537219,,0.0022164359395219096,11.0,1.0,,2.0
08165300,9.432306282934038,5.190088068254424,7.0,12.331942161237754,0.0005556779112937326,0.0008981543403771319,0.0007392935387412,0.0009878434576106646,5.0,4.0,1.0,14.0
08171300,9.274604336987004,9.811791030499071,,,0.0009075554290741,0.0015838136806884727,,,9.0,3.0,,
08175000,5.138330843557645,12.967534581707671,,26.0,0.0007259260410943454,0.0009324664458847464,,0.0012618737819187,6.0,2.0,,1.0
08176900,4.3849946400782756,7.679617865871645,,19.682491895086272,0.0009473807549928195,0.0013752248723840137,,0.0014827576574634245,5.0,3.0,,5.0
08178880,5.104133087802297,9.0,,22.500111805715,0.0005003782342805162,0.0004712381700996,,0.00048284858791540437,5.0,1.0,,2.0
08189500,1.9895025968891595,2.4577401013787346,,15.126380478353564,0.002192890908599853,0.0015307826713840999,,0.0014701185450376668,5.0,4.0,,2.0
08190000,4.945906245594168,6.837448054359924,,12.692259710481144,0.0010487031007761413,0.0010931584457495268,,0.0012039542009780033,5.0,4.0,,5.0
08190500,4.249322103117827,2.5476141562558063,,12.398502619193533,0.000527120311899853,0.0007391910695905001,,0.0006923258894450383,7.0,2.0,,4.0
08194200,8.059657231385465,1.475914313085394,,12.290796254757842,0.000933558556734105,0.001510513530542,,0.0016390836932605117,10.0,2.0,,14.0
08195000,2.7725249678001025,7.225903110437686,15.7871150202114,9.783783407393079,0.0008827295325082475,0.0010283562364453605,0.0009739511291827,0.0011671130794704435,6.0,6.0,2.0,14.0
08196000,5.09959201870771,14.175100872353854,,12.671173971624514,0.000606411471257975,0.0007919520033754442,,0.0007464444333854454,5.0,3.0,,13.0
08198500,6.051781042407348,1.0,,15.355421087528788,0.0005748596046347016,0.0010776893204296,,0.000918480489138044,8.0,1.0,,6.0
08200000,6.738204141812223,,,12.045106267105576,0.0003336260273193501,,,0.0005158455162297107,8.0,,,4.0
08202700,5.7522958933510715,1.0,,14.282600942694735,0.0006252221095219874,0.001115888194007,,0.001044579557138769,7.0,1.0,,7.0
08267500,19.908921298291858,14.00405818721203,13.877378897859309,14.236376766730567,0.0013174815402091403,0.003396133568295216,0.002507556338481698,0.0021188403841451756,5.0,30.0,29.0,12.0
08269000,12.548836762734856,12.73005596348021,14.534963270208358,11.94698840689433,0.0012735666814629452,0.003010721717450745,0.002255465368691213,0.0018744228552946684,8.0,27.0,30.0,14.0
08271000,14.73408618467984,13.383806505929524,14.135567694603871,14.081986412831641,0.0014569937865646105,0.0038392535236150944,0.002865392494548496,0.002343202809702334,7.0,29.0,30.0,14.0
08324000,7.285784722875326,13.459552364875625,15.410186640619774,7.899510108729283,0.0014701362421369174,0.002655703256904655,0.0022954303457233785,0.0019543641799142624,4.0,28.0,26.0,3.0
08377900,6.518858234339638,15.048716752349032,7.708474479865413,12.470683002896866,0.0012680641591738479,0.00260183526028382,0.0019495531868948153,0.002060643695100645,6.0,28.0,9.0,9.0
08378500,5.995679311074288,14.994780107773785,12.82290856348121,14.89479771744929,0.0014537356433947397,0.0031314595949365957,0.0021088491615602737,0.002386727573708112,5.0,30.0,20.0,25.0
08380500,8.598519922841842,13.251645232293484,12.720788222540001,14.240210559240825,0.0008067425897485644,0.0012841679975641,0.001097097962604449,0.0015250239205184752,18.0,4.0,9.0,29.0
09034900,6.7996615568370995,14.98764705399245,14.19905056327709,13.81085712205514,0.0013816628905799905,0.003669211003921471,0.003066649288721937,0.0027626651381820453,3.0,30.0,30.0,30.0
09035800,9.0,13.114016522111417,14.364379803661373,13.421008131797256,0.0012705724894204,0.002734605415498409,0.0028908056416939902,0.0026061707464696705,1.0,27.0,30.0,28.0
09035900,21.489322975626017,14.28973850644616,14.309485617532763,14.057925563468192,0.0016965051036667792,0.0033832444423534344,0.003297429679340091,0.0027412112847839325,5.0,30.0,30.0,30.0
09047700,17.08216137287593,14.197992277878937,13.227981453538264,13.024445201919853,0.001102647516637948,0.001991917576206113,0.0016665753280408558,0.0017143343568380455,7.0,29.0,24.0,19.0
09065500,15.705877356174108,14.460767339762999,14.190311638712787,13.399667091758422,0.0020764526547896144,0.004366481897133397,0.003847749818964186,0.003537202855378625,8.0,30.0,30.0,28.0
09066000,10.430318631893488,13.048936355760485,14.338243849903817,14.146726712987133,0.0015823544303425524,0.002666273375745918,0.003342292872397297,0.002420679643403343,8.0,28.0,30.0,29.0
09066200,16.349912690484942,14.20077247356056,14.14900315384464,13.32063413203718,0.0019227468067481253,0.004025304174139146,0.004553526167521657,0.0037560920625694812,7.0,30.0,30.0,30.0
09066300,12.469407622508065,14.028180428210169,14.072081685410936,13.332749536228022,0.001226275285638882,0.0024236283284524134,0.0025061042949563054,0.0021192604426229157,4.0,30.0,29.0,28.0
09081600,1.3419807717240275,13.503713611430449,14.358753062792067,13.986589324779008,0.0025862481773257667,0.0042460423308091745,0.0033507343793700867,0.002696223706158054,2.0,30.0,30.0,30.0
09107000,9.370101173702729,14.208604326496664,14.35598736810856,13.758497647409643,0.00197577493382376,0.003961402182736084,0.0037463831559992624,0.0028061595091673852,4.0,30.0,30.0,24.0
09210500,12.10339246789286,13.63885489215645,14.576256180916758,14.192614273793588,0.0017288250962105719,0.003589160975657307,0.0033595089665451436,0.0021039051774413386,16.0,30.0,30.0,23.0
09223000,20.904550435079038,14.934742999152768,14.362295574700479,10.761250731088785,0.0015703449005126,0.0027596609113152712,0.002334365433401655,0.0017373659461003637,6.0,29.0,30.0,18.0
09306242,19.0726991419078,10.518909137577095,,20.978949222516956,0.0007227910936147168,0.0011297778554021194,,0.0009879565752810655,12.0,5.0,,4.0
09312600,22.915865705168095,10.699316787240052,14.255792771402778,4.0,0.0011701500182476911,0.0020388026481917877,0.0020268784666644855,0.0017372450966018,2.0,13.0,10.0,1.0
09352900,2.218739681191452,14.715298338232689,14.41729611049837,14.54363202936102,0.0031855727135198797,0.005530863151301418,0.00563083941509056,0.005205572761105458,4.0,30.0,30.0,30.0
09378170,6.8305432224876155,11.68806162836782,8.0,,0.0014611923506307667,0.0030112739987520312,0.0023044465340488,,7.0,23.0,1.0,
09378630,8.895138819544766,8.049668719302922,15.324919752145146,11.165330786130895,0.0012395281779041308,0.0022602665416965933,0.0021548260687081263,0.0022841109463296954,4.0,12.0,15.0,2.0
09386900,8.403232104226142,7.516565661202227,18.64072498047769,,0.0008709963260054353,0.00169444626464894,0.001427378305818371,,6.0,2.0,20.0,
09404450,10.51999358386156,13.487628553950728,22.912352176627667,,0.0009240687386607092,0.0015009221188635625,0.001419425060306239,,10.0,15.0,3.0,
09430500,8.742193251237744,5.706322649520554,,14.825755851010287,0.0010451051846946662,0.0014348814955760763,,0.0013415367395990378,6.0,6.0,,13.0
09430600,10.864549573257653,10.481222769456375,18.242512060402603,12.214123628906702,0.0007949384806771732,0.0009564715876232675,0.000993949799992837,0.0010141190084316225,7.0,11.0,3.0,5.0
09447800,8.082612631069255,7.815299183071272,27.0,,0.0004333489618879907,0.0006057356644343935,0.000545742012666,,12.0,13.0,1.0,
09480000,12.278536765040554,1.8561615723040756,,11.680306103515715,0.0010617195679701,0.0013134774135235333,,0.0013129649188750217,24.0,3.0,,21.0
09484000,5.695362881498051,14.571156142106851,19.888456826573044,28.0,0.001090652526142141,0.002152214802036549,0.002081276458073608,0.0018759403426746,6.0,16.0,19.0,1.0
09484600,11.873296275840838,11.782203624238562,15.938675229592404,11.809267628474693,0.002401893395875973,0.0032617447693595696,0.004351168045972247,0.003796867876567728,27.0,14.0,30.0,23.0
09492400,5.648242882021364,12.889270299298182,17.024961037111893,15.009301699116785,0.0008798965267513481,0.0014316980428049455,0.0012325850740675616,0.0012218578294860224,8.0,27.0,21.0,26.0
09494000,10.175424400394425,8.004929988181141,16.457044284821535,18.504271914447454,0.0011786110242686027,0.0020476663709339594,0.0022314870557131046,0.001753706545999457,14.0,9.0,28.0,4.0
09497800,8.073213860817695,14.631625354633597,16.47927155437626,,0.0012773985483383705,0.002019887684067395,0.0017928034227003003,,15.0,29.0,23.0,
09497980,8.556369111080079,14.61768838811242,11.931301418934886,,0.0011040638036632822,0.0018691334315221065,0.0016642932522914111,,15.0,21.0,16.0,
09505200,10.324144140885053,11.603993467217363,20.518427264700637,,0.0012721109088898001,0.0016611771796900415,0.001507261034731716,,13.0,8.0,12.0,
09505350,11.086625976720772,15.155295729671183,15.218726761706456,10.0,0.0014375183018268663,0.0026325666320514327,0.0025067967081303863,0.0020975377675458,17.0,17.0,29.0,1.0
09505800,12.02498274012435,13.638949971213682,17.416237042753238,26.498005210509245,0.0010105542815065224,0.001247264067483074,0.001134007481878394,0.0009471517186826887,12.0,19.0,26.0,2.0
09508300,9.475395208944569,14.289962393842071,10.914778771554785,,0.0012705218826579044,0.0024589777365186184,0.0020722322848035837,,12.0,26.0,6.0,
09510200,9.607052031522525,15.244971063176743,16.77507848307122,,0.0014507513908543635,0.002453639515088384,0.002248942706267975,,17.0,30.0,27.0,
09512280,10.791872759738272,18.107814626638707,23.405197612218036,,0.0007033350638675472,0.0011276384229160898,0.0011133353506737054,,6.0,13.0,8.0,
09513780,9.218055639386492,16.152419083534358,16.74858077001653,,0.0007309054802519207,0.001139963867277781,0.0010864035643238547,,8.0,23.0,16.0,
10023000,18.533363915126728,13.999227320513826,1.0,15.552846772553519,0.0014810367914971393,0.002406786444028598,0.0022775434155624,0.0020379647275957117,8.0,10.0,1.0,20.0
10166430,14.547813889812154,12.22233687119883,11.070369296159157,13.398400750628287,0.0019283607539614487,0.0030447383316850917,0.002788865159597121,0.002584750884538487,13.0,14.0,11.0,20.0
10172700,13.910675288420089,9.973346028082105,,,0.0013065075262647515,0.002624226509605562,,,6.0,9.0,,
10172800,17.56102303752785,15.015317842293632,13.720609618308666,11.157920490957764,0.0015472253234553627,0.003992210948548467,0.0024399607506299047,0.0022561061021875843,14.0,30.0,26.0,20.0
10173450,30.0,13.437362277779517,13.54400794556242,11.613783685055786,0.0008722464153351,0.002548362123983293,0.0019179523620294534,0.001639278363627835,1.0,28.0,29.0,3.0
10205030,16.51129427153901,15.473529094822627,7.34285128472571,5.97391442075809,0.001263576074210992,0.0022363219242995053,0.0018250919448352582,0.0020078486458703702,3.0,26.0,12.0,5.0
10234500,12.45203255265654,14.070368567173967,14.041717956035162,12.818466652892104,0.0014073234163310213,0.002649690654941018,0.0021576636449972897,0.0016000123311701638,8.0,29.0,25.0,8.0
10242000,14.191406227582059,14.64290702324425,10.436675649933967,10.44495373631869,0.0014426424555087412,0.002393734664928335,0.0022593058841483965,0.0018008133824439071,3.0,22.0,18.0,12.0
10244950,17.739080045674836,13.29099137058147,18.43395866708843,2.930161960669472,0.001188047439841997,0.0021773918340765104,0.0017098818164755765,0.0014198559678270555,10.0,23.0,14.0,3.0
10249300,23.48374419334439,18.611965166923547,2.01152754571655,1.5085507568404963,0.0009611692916393092,0.0017542295253109674,0.00157557640439605,0.0010586668040207334,6.0,8.0,3.0,2.0
10258000,10.997573047935816,11.714020761058004,3.5511468348427826,1.0,0.0008828939976376669,0.001666150340720294,0.0017043722957609145,0.0011668735976198,21.0,11.0,2.0,1.0
10258500,9.442254357608363,12.756396579571584,14.114302365341208,10.034394895215945,0.0008678430065209209,0.0014882224391955237,0.001513421242280516,0.0010485957807544733,20.0,12.0,5.0,8.0
10259000,10.305525518322447,13.9862441293575,16.44754367056521,13.471182201127807,0.0010875466441567607,0.002080358053968445,0.0018126824456276525,0.0013011377662183446,24.0,19.0,6.0,2.0
10259200,11.549391279856458,12.524341552055406,18.209103442565684,8.720732690643183,0.0010389140035228916,0.0021546376272477998,0.002036625542917772,0.001324845816177152,23.0,12.0,3.0,3.0
10263500,11.770300181327194,10.907493181736337,19.233688659742732,12.0,0.001218752425984758,0.0020539338728127834,0.0022324565534671517,0.0016070177770066,24.0,14.0,5.0,1.0
10310500,14.70313788417297,25.45602391199417,12.0,23.41075303836379,0.0009295842867882244,0.001300310424290659,0.0012139129065126,0.0009331686038720814,20.0,5.0,1.0,3.0
10316500,14.3164827726107,14.850402593028797,14.290496166353112,12.088846353691553,0.0015821607226395745,0.004421770524639342,0.0029323304031937977,0.002531819138370057,13.0,30.0,30.0,27.0
10329500,13.638129287716563,14.04736119837583,15.396932137406003,9.310176836922215,0.0014656848623101828,0.0022959393609639695,0.002153525103041023,0.0016572108361221157,24.0,23.0,26.0,9.0
10336645,13.690385962775705,13.759296886049295,14.957818503118627,11.424198145320476,0.0018646214834941216,0.0035736393716127896,0.002751622243350293,0.002178648807574123,23.0,30.0,30.0,19.0
10336660,13.538544789775644,11.630477075118735,26.98240321787476,,0.0010192233692575673,0.0015216021640959598,0.0012633341874699333,,18.0,11.0,2.0,
10336740,12.616171097788436,12.251695473070294,17.015126125752065,1.0,0.0020189221652221158,0.003379865094682176,0.0029174787656689907,0.0024546855096905,15.0,24.0,17.0,1.0
10343500,13.077049832133742,12.981158335710948,13.880213467165227,7.993034560059627,0.0007570645113906551,0.0012363373161755982,0.001125821898267326,0.0008280773989206624,20.0,21.0,13.0,3.0
10348850,12.24126808059113,20.0,,,0.0006348984295537112,0.0007390184282842,,,16.0,1.0,,
10396000,13.050192411681552,13.768021101512394,15.064175658988626,11.53510918613905,0.0019892147768138524,0.0032540838587188127,0.003426304561163349,0.0021737566430369516,24.0,28.0,30.0,24.0
11098000,9.073194101000896,14.823754130467275,14.535413858195122,,0.0010078725004530815,0.0017541287042965278,0.0016127173755981071,,20.0,29.0,23.0,
11124500,12.005765908038072,15.135745298605176,16.384035182420227,9.92393903677162,0.0015248031678751516,0.002614429473342502,0.0023918821661526534,0.001954423830402869,26.0,29.0,24.0,8.0
11141280,12.085398198442755,15.64005170380881,15.627897910578598,13.903275308746576,0.002229828238265124,0.004087330508125979,0.0025924118629833863,0.002461415652009337,27.0,30.0,29.0,27.0
11143000,11.68210366497522,15.495318522012024,12.840361699250922,14.537853310854256,0.002158760399869383,0.004316773596182854,0.002103177327283187,0.0021370137024027645,29.0,30.0,17.0,29.0
11148900,9.208832308164892,14.696228898577084,14.128861920396158,14.252797724211872,0.0013691268111905405,0.0030063266762888536,0.0014826919275776446,0.0017403965494183476,20.0,30.0,21.0,27.0
11151300,9.791122605771402,16.161919486780942,19.752124621208317,7.6801889022826995,0.0005303218724857788,0.0009160802885188618,0.0008209929525079681,0.000628339979692429,16.0,24.0,10.0,8.0
11162500,11.119894725931568,14.682907631387797,15.308049808910766,13.985078408891386,0.001981207738670505,0.003396990260010148,0.002440632878052232,0.0021932497163269244,26.0,30.0,30.0,27.0
11176400,11.438861259444806,15.322051348629934,15.414347168802852,10.047156640997796,0.0020008910046514913,0.003583484893114943,0.002818574880745574,0.002124083157825636,25.0,30.0,30.0,9.0
11180500,9.96313209572172,15.1847174902031,15.506518057716937,13.916836180987413,0.0013167446460929269,0.002711167383631123,0.0020843425835654445,0.001460684072052969,25.0,30.0,30.0,25.0
11180960,11.21380256675608,15.606975590313496,15.66853882997863,12.168234113651529,0.0017740233057974813,0.0029333819009641224,0.0022780030293430764,0.0019910248263256378,25.0,30.0,30.0,15.0
11224500,8.957070339038935,13.27581116907511,7.3068632214271085,5.847547776947226,0.0005598595935099508,0.0007263721803954375,0.0006770230364291131,0.0005945687832418393,13.0,17.0,3.0,5.0
11230500,1.9089743013105278,14.202872212433519,11.714641637543282,14.75333170443333,0.0009562485462335001,0.002593647510351046,0.0015259553911913782,0.0014579374890352082,3.0,30.0,19.0,30.0
11237500,15.351704705509286,12.606935886205926,16.09176421500455,4.307953720955449,0.0012304371933084324,0.00204815567046139,0.0016516729539778976,0.0013524222046555445,16.0,26.0,12.0,8.0
11253310,7.248769156841996,15.52082401366822,15.951352845578436,8.030825624886202,0.0007044369030612855,0.0010940679281404456,0.0008624515957185612,0.0007433798205828711,14.0,30.0,23.0,7.0
11264500,4.8528938759331455,13.544102774416006,13.630068246314448,7.74227768765936,0.0009736338634312406,0.0030519701931511632,0.0015902679921544376,0.0013188176761859348,5.0,30.0,26.0,17.0
11266500,11.132164596699718,13.211005200828131,13.625200073674103,8.168109460176478,0.0009664168700352994,0.0016614646697389276,0.0012684492130168937,0.001083815363850056,13.0,30.0,25.0,16.0
11274500,12.231453006374224,16.13915837715681,15.143190312705403,9.024170776982059,0.0015269150653089536,0.0024881549085509626,0.002075362559258525,0.0015978390632635118,23.0,28.0,28.0,7.0
11274630,10.68525332898561,15.330696974070534,14.084205415564334,1.0,0.001010794267105858,0.0018828536870479592,0.001539012865917065,0.0015014318072466,22.0,29.0,25.0,1.0
11284400,12.227849487087338,16.293943746327074,15.551712872742279,7.618148462725684,0.0018241171860167292,0.0033696245055763224,0.0030803572730637853,0.0015339322955725773,25.0,30.0,30.0,7.0
11299600,12.553616760888735,15.494888505940184,15.60993089598,2.7683168582050657,0.001885280748587777,0.003972528744975858,0.0028968473641635918,0.00178753852251655,28.0,30.0,30.0,3.0
11381500,9.93056948310584,15.105434665760198,15.387369838849907,,0.0009822402286261,0.0017147087593259662,0.0017247974139144972,,23.0,29.0,30.0,
11383500,10.157707370439484,15.073676464252763,15.451510222530935,,0.0008805799875211669,0.0016209630460611417,0.0016564444184113388,,23.0,30.0,30.0,
11451100,12.516701740559615,15.19966282674351,15.150730714615952,,0.0018665966709477894,0.0036057173588574572,0.003044704127564842,,29.0,30.0,30.0,
11468500,12.246560796641292,14.892293700269938,15.35204901326025,13.11836057282694,0.001925413813034886,0.0033202360185351294,0.002685414104823641,0.0021185682391912765,29.0,30.0,30.0,11.0
11473900,12.006582638421351,15.548521940145399,15.469355576304771,1.0,0.0019294260009834383,0.0037115390839048607,0.0031960835363806124,0.0018480514866717,28.0,30.0,30.0,1.0
11475560,11.918867493084852,15.15566534194246,15.057663468028956,2.0252226202387367,0.001303761100009448,0.0024018127409686425,0.0017647324115969947,0.0012308317206676002,27.0,30.0,30.0,2.0
11476600,12.975792188590841,15.286100662212277,15.839395965942105,2.9364172648777846,0.0030127000746377444,0.005448978412898801,0.003663603721583596,0.0028016278957541667,30.0,30.0,30.0,2.0
11478500,12.562225262071697,15.333285934463742,15.286119098598075,3.026270199688891,0.00358897145091193,0.007774355531849066,0.006112187869842261,0.0030030283134837,30.0,30.0,30.0,4.0
11480390,12.432168467668477,15.335054150652159,15.422359069637364,6.507473867821726,0.00310119280311613,0.005849544895752918,0.005418663356894835,0.0017623827284859502,30.0,30.0,30.0,2.0
11481200,11.764457774506488,15.200467669276595,15.45270138053421,17.20512484390463,0.002258100728508817,0.005375111621524998,0.0030877111965997507,0.0022958052791333724,30.0,30.0,30.0,20.0
11482500,12.024661023956787,15.017079512590627,14.819582395102865,14.529110121163331,0.003050428315549284,0.0069666167341095545,0.004150584392962131,0.0024779387884085466,30.0,30.0,30.0,11.0
11522500,12.740182123940489,15.598192571556137,15.187228359586133,8.300500722163287,0.001369498013545952,0.002170247577467473,0.0016185211300299113,0.00119593428129836,26.0,30.0,26.0,3.0
11523200,11.074001221465986,14.71212866780268,16.344334680359587,11.799997302083082,0.0010795835244155811,0.0020273475515782935,0.0021136895294282757,0.0012345838876411288,24.0,30.0,30.0,9.0
11528700,13.477699786888609,15.24527819953354,15.843455730646877,5.794927896224924,0.0025493467899806495,0.0034079113981830235,0.0032478866130251044,0.001792852337189128,30.0,30.0,30.0,3.0
11532500,12.224584535534024,14.837797332174011,14.160201541462792,10.255180832709149,0.0035373382353778215,0.008183369821159433,0.005160768602498492,0.002850166116206916,30.0,30.0,30.0,11.0
12010000,10.062659727817232,14.015111709145604,14.09349482099188,14.948240291819834,0.002353215397052579,0.006999064861462785,0.004439414819656756,0.003219460899946774,27.0,30.0,30.0,30.0
12013500,10.50016603970706,14.209356664344785,14.470713648344523,14.974567936451303,0.0029687822694706456,0.00858957160222051,0.006395466843260563,0.004655337410305455,30.0,30.0,30.0,30.0
12020000,3.954849868977243,15.20839364245478,8.875852801807735,25.999999999999996,0.0007938434448168867,0.0008360347198419435,0.0006357131633393638,0.0006186875153257999,5.0,19.0,9.0,1.0
12025000,11.780591920564625,14.913289728694025,14.41331494899057,14.795869534665973,0.0027846606302505514,0.00838161226989984,0.0063834409844117646,0.004221657195456627,30.0,30.0,30.0,30.0
12025700,9.758071289695328,14.991144816778903,14.329323307803284,14.535094823067274,0.0015540241581830981,0.00475293649787545,0.0033252088195903076,0.002132411407237321,24.0,30.0,30.0,30.0
12035000,9.275944361009488,14.506656565503445,14.37711511748337,14.671798485506155,0.0022455173375735323,0.00724876549260065,0.005066032220256036,0.003395089053380948,27.0,30.0,30.0,30.0
12040500,10.285162186885215,14.308364995026157,14.235947195895799,14.60834267034649,0.0029538185614721157,0.008308843108762213,0.0055268306328781856,0.004232145255414846,26.0,30.0,30.0,30.0
12041200,10.954704150560021,14.389140890494643,13.797165716742265,13.227544859787765,0.00324964487329607,0.008673950625971838,0.005065917317920101,0.0038241062764910864,29.0,30.0,30.0,27.0
12043000,10.283414313524629,14.472880847572027,14.123900708570957,13.631127258361,0.0027379045386307903,0.008004522919655354,0.005026448738213909,0.0036509075639163404,27.0,30.0,30.0,28.0
12048000,8.620209983493263,14.136455932701091,14.51242156353828,13.565330507359029,0.002285333037120871,0.004464697271332807,0.0033921556852558,0.002608216989511899,19.0,30.0,30.0,23.0
12054000,9.397846230935448,14.457231652724083,13.392402235174107,9.487177937012268,0.0024869218535882565,0.005619820151799902,0.003482838643695118,0.0029054732911048724,20.0,30.0,28.0,13.0
12056500,9.515963743902176,14.587795147342353,13.599109344355712,10.01475676591468,0.0019165094101748917,0.004605859498315528,0.002494439789720288,0.0019841452103390427,21.0,30.0,30.0,19.0
12073500,11.596899017196376,15.435152029680355,15.073996310149393,16.808439311703555,0.0013923643325520411,0.00336366661168518,0.002366266924590868,0.002094122574895972,22.0,30.0,30.0,19.0
12082500,9.832958092069743,15.168339538658163,14.546349314032545,15.316380901545518,0.0018400139916911777,0.0034590113159193915,0.002610887283882086,0.0021712448334960774,16.0,30.0,30.0,30.0
12092000,9.82125654235522,14.58626171393445,14.32131387697839,18.087399687913305,0.0014615856017749559,0.002318951162776091,0.0016610164284641803,0.001372766033696034,16.0,30.0,24.0,10.0
12095000,4.853695299843216,12.790861645490436,15.778120637266898,16.248687778154856,0.0018178074747694489,0.002555849499324889,0.0022672960469696172,0.002128175182458263,8.0,14.0,28.0,14.0
12114500,9.095381728808457,15.388022654831042,14.616620288375154,15.534293700925655,0.0017349314230750538,0.002790392074240822,0.0025809637406572967,0.0020257951210514635,15.0,29.0,30.0,28.0
12115000,8.026473174210427,15.948752826889262,14.18556711155358,15.709040291671732,0.001896193313919897,0.0032708158846293653,0.0029594048784954835,0.002389387982994913,14.0,29.0,29.0,29.0
12115500,9.872757460894135,15.205609338613346,14.57124751198717,15.128885119561746,0.002032398545296355,0.004325636122344733,0.003585382283254394,0.0029032745267468236,17.0,30.0,30.0,30.0
12117000,8.970536104666193,15.359701405435805,15.200064005512248,15.558355060142311,0.0012947149720238013,0.003122661851206268,0.0026601289359187616,0.0020769142241926475,17.0,30.0,30.0,30.0
12141300,5.429833037014621,14.9023764784608,13.193493085427473,13.715332882243997,0.002730265513111366,0.004256413990758688,0.0035180067490198563,0.002849582479082704,11.0,30.0,27.0,26.0
12143600,5.56056177624749,14.954264070104786,14.165820074611158,15.320182364228181,0.002019901550395339,0.00345871974879657,0.002877971447913416,0.0023522658402236403,11.0,29.0,28.0,19.0
12144000,8.586509165872389,14.777902993976525,14.055308148135467,14.497263376944744,0.0023249490083186233,0.004210601529476376,0.0036350921277766113,0.0029519812839042744,17.0,30.0,29.0,29.0
12145500,8.95035977480239,15.16734759540149,14.830744060404058,14.843136432616284,0.00228996067029778,0.005743971832828415,0.004965289816520932,0.0038823868959197067,17.0,30.0,30.0,30.0
12147500,8.760891752925499,15.105716425889439,14.015670087927964,14.00515534345616,0.0018089294861502673,0.003937602919685166,0.0031974292770500278,0.0026180508360267225,15.0,30.0,30.0,30.0
12147600,9.890631682726083,14.825511753202445,13.384972567793437,13.054251424877853,0.0023457036427002842,0.004256165839405481,0.0032572935264231205,0.0026557701800845428,17.0,30.0,28.0,27.0
12167000,11.484362870790013,14.545283614705589,14.065476489251642,14.47166747282943,0.002654795930372735,0.006577834812114174,0.005001451122918353,0.003982355636272949,25.0,30.0,30.0,30.0
12175500,4.97465800615377,13.782447410284295,13.396431199214744,12.448543988235603,0.0018385820187297537,0.00392518975453706,0.0026656998946328167,0.0023900461071157614,8.0,30.0,30.0,23.0
12178100,7.309853370459033,6.605885506748187,9.115256657922428,1.0,0.0010505797963805733,0.0016089513684555,0.0012443813093764916,0.0013618149237719,7.0,5.0,4.0,1.0
12186000,6.93723667557699,14.850928674704923,12.586773589149612,12.708747101831488,0.0010955763161292268,0.0016152361556255794,0.0013506806394415654,0.001282410008830869,7.0,11.0,14.0,6.0
12189500,9.316911130074892,14.300414157104438,13.742018597630585,13.85425593564561,0.002277908143237408,0.003379273499338571,0.0027261504584627665,0.0025351331438516673,14.0,28.0,26.0,19.0
12358500,8.686236919775377,13.74295355484357,13.295063167141649,14.035839464741834,0.0017994375222228011,0.005523097985944024,0.004063433604704249,0.0036471798350208623,11.0,30.0,30.0,30.0
12374250,9.421411823441797,11.578041696307201,12.75143583231815,16.828852090492244,0.0016914178311574434,0.002473871267077276,0.0022549985711125117,0.0021030834055130697,5.0,20.0,17.0,5.0
12375900,8.950266106801767,14.940143910877623,14.395778223881731,13.846513879729686,0.0020993310566885114,0.004677410620486166,0.00382176765117854,0.0032182009062658974,7.0,30.0,30.0,30.0
12377150,11.117697215006295,14.58756918980027,12.550735387411404,12.362748229060685,0.0025636398991059875,0.007205064368601852,0.004352392346221467,0.0044716803907566835,8.0,30.0,30.0,29.0
12381400,6.840013605520607,14.216023812991853,13.176255431120023,13.921549849861805,0.00145382819644792,0.0035578862243491197,0.002215508006347881,0.002365644005310276,3.0,30.0,29.0,28.0
12383500,9.655380945803788,15.056161601667368,13.482270993435298,13.735939849460133,0.002091490977982212,0.005954048008725288,0.003724512330249606,0.0037300186404982854,7.0,30.0,30.0,30.0
12388400,8.875962189601744,14.506359502491817,12.979081555142988,14.964244292892765,0.0021253228212096725,0.0047661497521019214,0.0031093706707298117,0.0031069633688443547,5.0,30.0,27.0,26.0
12390700,10.995422764521733,13.593472684473108,13.91106144403917,14.46747346742325,0.0012097279656394122,0.002440224260261447,0.0021161280100036213,0.0018849756725091392,11.0,30.0,30.0,30.0
12411000,10.542058623568852,13.64850536788164,15.521725289709236,15.05656829287954,0.0017325419104838704,0.002832224146246637,0.004187059421969322,0.0034261895624596267,15.0,27.0,30.0,30.0
12414500,13.021049586198128,13.807892711935814,13.947037603798249,14.882653189084056,0.0018263723450054825,0.004875347208883422,0.003978728735420783,0.003674538687013199,22.0,30.0,30.0,30.0
12447390,1.4855891495113036,14.639081532695892,8.611834662342302,12.541985495957922,0.0015749085703353333,0.0037508022101622952,0.0022252893229821992,0.0020595308262043015,2.0,30.0,18.0,25.0
12451000,8.639039773903908,13.975149565322488,12.597716623119606,13.593746685392007,0.0015522456608542507,0.00636439104718727,0.0038114143992975806,0.003233943758128011,13.0,30.0,30.0,30.0
12488500,8.3503320375901,13.785161875908525,14.094459322774263,12.855225035927772,0.0017715629917641246,0.003960007413917048,0.002799983544777485,0.002386463692344424,14.0,30.0,30.0,30.0
13011500,11.939604283180877,14.157458629397482,13.577432748235982,13.585545804975805,0.0014513418401290864,0.003276082834847025,0.003389763909855874,0.0023931559071682343,9.0,30.0,30.0,29.0
13011900,8.864483206903431,14.005660715281739,13.70716843748115,13.288993157840757,0.001436729322188679,0.004547230408919503,0.0044090746011731735,0.0030953679534460915,4.0,30.0,30.0,29.0
13018300,,15.172857345123798,14.47594171758985,13.37234673434913,,0.0028133864149929287,0.002976799168425336,0.002141955620550044,,28.0,30.0,27.0
13023000,13.221204247317312,13.836278226300434,13.289128995137764,13.125238408510798,0.0015978283013469289,0.004204829832632676,0.0033681029345586965,0.002441521292639584,12.0,30.0,30.0,28.0
13083000,15.775897266815859,9.758447740847037,15.859639290773194,11.986574670025506,0.0013228521947977931,0.0019590504993848624,0.0016911667713372263,0.001336001434714273,12.0,16.0,12.0,4.0
13161500,14.294738146129534,11.545854341728031,14.815592912918657,2.8402021395394206,0.0014383508678103344,0.0021849968183092093,0.002075096777517085,0.0021797581065189863,20.0,15.0,26.0,5.0
13235000,9.73465868633513,12.90437963400364,12.79721396026308,12.5165003439818,0.0017170573851553093,0.0036800451990837884,0.003008646602038658,0.0023901432263204784,10.0,30.0,30.0,26.0
13240000,7.204790869942628,13.537273894988736,12.186905655310936,12.705111577326718,0.0009450642662209236,0.0024537671315373066,0.0018478649704163112,0.0015479206873571163,9.0,30.0,30.0,29.0
13310700,11.136094369226539,12.675995157753274,13.623128416242977,12.615706918078898,0.002096405047413241,0.0031529726925554804,0.003207906416728151,0.0027510682011117715,14.0,28.0,28.0,23.0
13313000,9.945310580578527,14.330962578543945,13.790798599758824,12.576342311350887,0.0017531064801854293,0.002952727210558676,0.002611337898189809,0.002338959328014668,8.0,29.0,30.0,24.0
13331500,8.399826739033703,13.438307526132672,12.979955838747122,11.934054301755436,0.0019012455580893484,0.004211512872762353,0.003710609164084328,0.0026374064438023782,9.0,30.0,30.0,26.0
13337000,13.109329569089898,12.578550885492541,12.584086249468612,14.874002605115738,0.0016758156466388052,0.0033173885706140336,0.0031050165651633657,0.003001041506512357,20.0,30.0,30.0,30.0
13338500,16.957497852986062,13.515961080488752,14.07062902417504,15.171198493247125,0.0018954746173547293,0.003621870853738693,0.0032688733550298157,0.00261983312057892,21.0,30.0,30.0,30.0
13340000,13.596303125846898,12.834679946011109,13.086552223004494,15.002846481113524,0.001883155605822663,0.003257672351993228,0.0032739899863761745,0.0032618718830141275,20.0,30.0,30.0,30.0
13340600,13.202241159618277,13.502225095267884,13.560422977129525,14.710048569695804,0.00197211134253272,0.003857935906851573,0.003977645301444462,0.003602464964415324,25.0,30.0,30.0,30.0
14020000,12.673855440290302,15.786841310075035,15.561107908031628,14.867487404746646,0.002031942906728681,0.002445628044306516,0.0037356555167149925,0.0022126071911319502,26.0,11.0,30.0,28.0
14092750,9.06560887041718,9.46144656957839,11.618236857800104,,0.0013608904463781075,0.0020516073209338923,0.001682649590496975,,15.0,12.0,13.0,
14096850,7.327930324254826,14.996159944401755,13.396016767487902,30.0,0.001099313340794008,0.0020109471643646746,0.0018644516324553423,0.0013205843360076,12.0,21.0,20.0,1.0
14137000,7.814462819417238,14.742320639897411,13.841068992715787,14.724219538423714,0.0015906332822789085,0.0033347079003558378,0.0025921445134409775,0.0019416014605761651,17.0,30.0,30.0,27.0
14138800,8.982291959749077,14.84725998474157,14.028399468344418,14.752908431846702,0.0017322533571207182,0.004390639258435234,0.0037163160571855127,0.002834245429997332,22.0,30.0,30.0,30.0
14138870,8.966822783621973,14.362815309766102,13.784271728710543,14.684241497345905,0.0014728988858746612,0.003456065025722881,0.0027888243713149437,0.0023941711136074985,22.0,30.0,30.0,30.0
14138900,11.007661303237414,14.804047922353295,13.866125536235824,14.335442748285756,0.0021530713422226867,0.004953254760464207,0.004022029512765503,0.0029825147332605433,26.0,30.0,30.0,30.0
14139800,9.734426066236114,14.939630345096958,13.915776325395392,14.510288007841112,0.0021560351438462528,0.005069452711199287,0.00400199994809186,0.0030002226773299433,23.0,30.0,30.0,30.0
14141500,9.38255586351789,14.675441670240803,14.132849231768189,14.922954699375369,0.0019934725893141062,0.0053712911814361095,0.004483204847250173,0.0034176973944973904,25.0,30.0,30.0,30.0
14154500,11.986001210582685,14.95410424440922,14.278942368792167,14.320840219754738,0.0026385636047697113,0.006439605468722579,0.005091622211352588,0.002878869779969466,30.0,30.0,30.0,29.0
14158500,11.99580314396019,14.886944676664692,14.96280026859407,14.83720266769724,0.0027821794653208986,0.004737929084750997,0.005248496202061987,0.0030793841499119384,30.0,30.0,30.0,30.0
14158790,11.81216634322686,14.965366978105315,14.6892843845271,14.850630396910004,0.002489044278697723,0.004844982950072638,0.004581909740345071,0.0025152294969676406,28.0,30.0,30.0,29.0
14166500,11.403130260971508,15.485602483817019,14.989731404954794,13.775061787620059,0.0033812703823156176,0.008122241560673645,0.0061214471346381135,0.0030705340788968662,30.0,30.0,30.0,27.0
14182500,8.530908616045956,14.56359568368011,14.363444992889454,13.537138134033599,0.0013784945290749998,0.0023131648608366077,0.0017171917894951633,0.0012572410694604856,12.0,30.0,30.0,20.0
14185000,10.45698897980914,14.583119212778183,14.47577854666761,14.962341043606513,0.002082138082781427,0.005143223618598823,0.003753046827200217,0.002248578918643155,26.0,30.0,30.0,29.0
14185900,10.473387027051757,14.524254773475523,14.15696446916691,14.47328699724346,0.0025839378849517283,0.006936052830931968,0.005431386644908381,0.003101158348163821,29.0,30.0,30.0,30.0
14187000,10.249351755886362,14.613811667009049,14.611940776682655,14.70948509494097,0.0022870422610997707,0.005534591024097658,0.004612127355944241,0.002570574215249929,25.0,30.0,30.0,29.0
14216500,8.125413520872783,14.811984452037963,14.613868102984346,14.704220695090816,0.0016189633889074381,0.0024691292851464724,0.002193619550607887,0.0016709708088497282,17.0,30.0,30.0,29.0
14222500,9.458108361196164,14.944057072723027,14.358418040792136,14.333535548448342,0.0014863659803997149,0.0037410305795047725,0.0031813408315642085,0.0020750364449631346,21.0,30.0,30.0,30.0
14236200,11.073150346751047,15.170306990017972,14.468026606681152,14.608401043723735,0.0020386443740843417,0.004734631423822434,0.0035916095065428068,0.002650649401812692,20.0,30.0,30.0,30.0
14301000,9.638268893524153,14.60070952355218,13.866637345153501,14.27068721435452,0.002111752184031089,0.007487592866167716,0.004816997419869627,0.0030068729468220074,27.0,30.0,30.0,30.0
14303200,9.9513291444719,14.397374377555588,14.026529754922489,13.41737891503531,0.0026781171802131437,0.00673739929637467,0.004330859842039198,0.0027574617687939965,27.0,30.0,30.0,27.0
14305500,11.091791362653707,14.567098013561168,13.949872510895673,13.775801683226499,0.0026000601574446432,0.007218500594753094,0.004646883609925885,0.002881160269478169,27.0,30.0,30.0,29.0
14306340,10.481986467331286,14.718043157327788,14.826829759351044,14.870001832386999,0.00312127318784812,0.006691716069456655,0.004804043170401226,0.0028994375099547255,27.0,30.0,30.0,27.0
14306500,10.237876799277192,14.79940987225617,14.486273809293241,14.36590049895358,0.003583256156910025,0.010209405312567444,0.007219812203908949,0.0036224175163236142,29.0,30.0,30.0,30.0
14308990,12.069649982016628,15.235951444342193,15.160805782855435,11.432024358565487,0.0022022522886312413,0.0040308611555812356,0.003278660437388409,0.002081453041273137,27.0,30.0,30.0,8.0
14309500,12.326257514749331,15.177084332550772,14.00613610976134,9.882591491755463,0.0031140335020636836,0.009077225969883218,0.005687747962033203,0.00284311337522408,30.0,30.0,30.0,19.0
14316700,11.7953197622096,14.971285036351446,14.280182134253124,14.431953589406529,0.0032127272524527083,0.008748585029057567,0.00712914364630219,0.0038272567848786666,30.0,30.0,30.0,30.0
14325000,11.527790605582828,14.965688422252887,13.787168385793118,14.230447915664906,0.003360727406740506,0.00925612830036978,0.0056452670035215735,0.0034122757376363615,29.0,30.0,30.0,29.0
14362250,12.419889484621194,10.957684325553807,9.483915002873031,,0.0008188845489133758,0.0011712981502737699,0.0009945544906283632,,23.0,3.0,2.0,
14400000,10.570271219571845,14.45972698677153,13.76867261955445,11.427391279869635,0.003261833933929264,0.007893379683377826,0.004862375386451243,0.002271926355150446,28.0,30.0,30.0,19.0
